wavelength_nm,diameter_mm,myopia_d,d50_arcmin,log_mar,mtf50_cpd,first_dark_ring_arcmin,theory_airy_radius_arcmin,theory_geometric_diameter_arcmin,angular_pixel_arcmin,retinal_pixel_m,retinal_window_mm,psf_total
650.0,0.3,0.0,6.603627402141366,0.21772256966512393,0.15246084905001814,9.226579036964228,9.087110630774857,0.0,0.9310564170875878,6.770833333333334e-06,13.866666666666667,1.00000000028744
650.0,0.3,0.5,6.605230118704104,0.21782796121190526,0.15247421612538983,9.226623089153456,9.087110630774857,0.5156620156177409,0.9310564170875878,6.770833333333334e-06,13.866666666666667,1.0000000007882246
650.0,0.3,1.0,6.610040795540578,0.21814414852431716,0.15251433323959018,9.226755683712849,9.087110630774857,1.0313240312354819,0.9310564170875878,6.770833333333334e-06,13.866666666666667,0.9999999986178215
650.0,0.3,1.5,6.618067280445505,0.2186711866330276,0.15258133072097202,9.226977275597507,9.087110630774857,1.5469860468532226,0.9310564170875878,6.770833333333334e-06,13.866666666666667,1.0000000038670738
650.0,0.3,2.0,6.6293224472285885,0.21940915208938028,0.15267538635767314,9.227289058927274,9.087110630774857,2.0626480624709638,0.9310564170875878,6.770833333333334e-06,13.866666666666667,0.9999999960857245
650.0,0.3,2.5,6.643825516352405,0.2203582269305673,0.15279675803726198,9.227692613390754,9.087110630774857,2.578310078088705,0.9310564170875878,6.770833333333334e-06,13.866666666666667,1.0000000007079233
650.0,0.3,3.0,6.661599727255485,0.22151854254104922,0.15294578681176432,9.22818997610128,9.087110630774857,3.093972093706445,0.9310564170875878,6.770833333333334e-06,13.866666666666667,1.0000000022789395
650.0,0.3,3.5,6.68267447956474,0.22289031534834045,0.15312290371480192,9.228783485730833,9.087110630774857,3.609634109324187,0.9310564170875878,6.770833333333334e-06,13.866666666666667,1.0000000028567508
650.0,0.3,4.0,6.7070851340157125,0.2244738276112566,0.15332859651807912,9.229476565448268,9.087110630774857,4.1252961249419275,0.9310564170875878,6.770833333333334e-06,13.866666666666667,1.000000000168702
650.0,0.3,4.5,6.734871747119054,0.2262693384936514,0.1535634538973055,9.230272569416975,9.087110630774857,4.640958140559668,0.9310564170875878,6.770833333333334e-06,13.866666666666667,1.000000000225516
650.0,0.3,5.0,6.766080814942714,0.22827718942433498,0.15382813532413628,9.23117594386467,9.087110630774857,5.15662015617741,0.9310564170875878,6.770833333333334e-06,13.866666666666667,0.9999999993778188
650.0,0.3,5.5,6.800764764160766,0.23049776169881284,0.15412341665936322,9.232191740348211,9.087110630774857,5.672282171795151,0.9310564170875878,6.770833333333334e-06,13.866666666666667,0.9999999982325847
650.0,0.3,6.0,6.8389819792766176,0.2329314680402428,0.15445015895354228,9.233325298253284,9.087110630774857,6.18794418741289,0.9310564170875878,6.770833333333334e-06,13.866666666666667,1.000000002604196
650.0,0.3315885423378064,0.0,5.974537620253997,0.1742443087955588,0.16851423566693283,8.347615667218653,8.22143361773702,0.0,0.8423600018173177,6.125814799507338e-06,12.545668709391027,1.00000000028744
650.0,0.3315885423378064,0.5,5.976701995844729,0.1744016107016859,0.168536275520008,8.347675140786494,8.22143361773702,0.5699587203255395,0.8423600018173177,6.125814799507338e-06,12.545668709391027,0.999999997738115
650.0,0.3315885423378064,1.0,5.983199893034307,0.17487352112324225,0.16860250882169436,8.347854391464038,8.22143361773702,1.139917440651079,0.8423600018173177,6.125814799507338e-06,12.545668709391027,1.0000000047019588
650.0,0.3315885423378064,1.5,5.994047593594592,0.1756601956556117,0.1687131968211632,8.348154404750488,8.22143361773702,1.7098761609766187,0.8423600018173177,6.125814799507338e-06,12.545668709391027,0.9999999985051995
650.0,0.3315885423378064,2.0,6.009271460066914,0.17676183174772295,0.16886879951315936,8.34857755721519,8.22143361773702,2.279834881302158,0.8423600018173177,6.125814799507338e-06,12.545668709391027,1.0000000021985909
650.0,0.3315885423378064,2.5,6.0289090223106845,0.1781787389784981,0.1690699453664738,8.349127020380372,8.22143361773702,2.8497936016276983,0.8423600018173177,6.125814799507338e-06,12.545668709391027,1.0000000026794924
650.0,0.3315885423378064,3.0,6.053008467263065,0.17991129009872378,0.16931751005074855,8.349807023668307,8.22143361773702,3.4197523219532373,0.8423600018173177,6.125814799507338e-06,12.545668709391027,0.9999999942011324
650.0,0.3315885423378064,3.5,6.081629694405742,0.18195998143966155,0.16961254027469747,8.350622705302,8.22143361773702,3.9897110422787776,0.8423600018173177,6.125814799507338e-06,12.545668709391027,1.0000000014668469
650.0,0.3315885423378064,4.0,6.114843569616674,0.18432536003268926,0.16995626333411673,8.35158073152457,8.22143361773702,4.559669762604316,0.8423600018173177,6.125814799507338e-06,12.545668709391027,1.0000000007410264
650.0,0.3315885423378064,4.5,6.152733154435017,0.18700808870896354,0.17035017454970156,8.352688806308315,8.22143361773702,5.1296284829298555,0.8423600018173177,6.125814799507338e-06,12.545668709391027,1.0000000003251484
650.0,0.3315885423378064,5.0,6.195393671531041,0.1900089164691203,0.17079598245230956,8.353956489761709,8.22143361773702,5.699587203255397,0.8423600018173177,6.125814799507338e-06,12.545668709391027,1.0000000002517082
650.0,0.3315885423378064,5.5,6.242933206120552,0.19332869706024675,0.17129565882200976,8.35539418724324,8.22143361773702,6.269545923580935,0.8423600018173177,6.125814799507338e-06,12.545668709391027,1.0000000065943535
650.0,0.3315885423378064,6.0,6.295472882789187,0.19696836625691447,0.17185141321661027,8.357015874149289,8.22143361773702,6.839504643906475,0.8423600018173177,6.125814799507338e-06,12.545668709391027,1.0000000003932092
650.0,0.3665032046990376,0.0,5.405377620829333,0.13076604792599356,0.1862579658932262,7.552386106315913,7.438224698392701,0.0,0.7621131863107276,5.542243489161321e-06,11.350514665802386,1.00000000028744
650.0,0.3665032046990376,0.5,5.408300415158027,0.13100081605490882,0.18629434060941433,7.552466503765799,7.438224698392701,0.6299726042182241,0.7621131863107276,5.542243489161321e-06,11.350514665802386,0.9999999989887484
650.0,0.3665032046990376,1.0,5.417078967065789,0.1317051752008975,0.1864036777817166,7.552708835809425,7.438224698392701,1.2599452084364482,0.7621131863107276,5.542243489161321e-06,11.350514665802386,0.9999999986658438
650.0,0.3665032046990376,1.5,5.431746008208065,0.13287946254156258,0.18658667490870087,7.553115539166679,7.438224698392701,1.8899178126546725,0.7621131863107276,5.542243489161321e-06,11.350514665802386,0.9999999986863174
650.0,0.3665032046990376,2.0,5.452354682214248,0.13452410813075538,0.1868444477754982,7.553691268207587,7.438224698392701,2.5198904168728964,0.7621131863107276,5.542243489161321e-06,11.350514665802386,1.000000000026247
650.0,0.3665032046990376,2.5,5.478981016335454,0.1366398043586106,0.1871786225119358,7.55444256319549,7.438224698392701,3.1498630210911203,0.7621131863107276,5.542243489161321e-06,11.350514665802386,1.000000002682197
650.0,0.3665032046990376,3.0,5.51172314492065,0.13922740341105647,0.18759128905631928,7.555378212092049,7.438224698392701,3.779835625309345,0.7621131863107276,5.542243489161321e-06,11.350514665802386,0.9999999977330838
650.0,0.3665032046990376,3.5,5.55070277322283,0.14228798120202388,0.1880850942903077,7.556509279156041,7.438224698392701,4.409808229527569,0.7621131863107276,5.542243489161321e-06,11.350514665802386,1.00000000777976
650.0,0.3665032046990376,4.0,5.596065690819996,0.1458228125964,0.18866320223353486,7.557849795213058,7.438224698392701,5.039780833745793,0.7621131863107276,5.542243489161321e-06,11.350514665802386,0.9999999996758444
650.0,0.3665032046990376,4.5,5.647982866631596,0.14983337926914178,0.1893293930058832,7.559416976734947,7.438224698392701,5.669753437964016,0.7621131863107276,5.542243489161321e-06,11.350514665802386,0.9999999986137212
650.0,0.3665032046990376,5.0,5.706651798047053,0.1543213827454026,0.19008813364303367,7.561231976352309,7.438224698392701,6.2997260421822405,0.7621131863107276,5.542243489161321e-06,11.350514665802386,0.9999999976598951
650.0,0.3665032046990376,5.5,5.772297832745069,0.1592887399259094,0.1909445414422506,7.563320331375488,7.438224698392701,6.929698646400464,0.7621131863107276,5.542243489161321e-06,11.350514665802386,1.000000007241454
650.0,0.3665032046990376,6.0,5.84517648159573,0.1647376368860834,0.19190454380496824,7.565713868557386,7.438224698392701,7.55967125061869,0.7621131863107276,5.542243489161321e-06,11.350514665802386,1.0000000003715444
650.0,0.4050942113609619,0.0,4.890438236544308,0.08728778705642833,0.2058700246977992,6.832913513599548,6.729627609522461,0.0,0.689511025565826,5.014265677052692e-06,10.269216106603912,1.00000000028744
650.0,0.4050942113609619,0.5,4.894385382299077,0.08763817123918378,0.2059300392713442,6.833022220581862,6.729627609522461,0.6963056584849092,0.689511025565826,5.014265677052692e-06,10.269216106603912,0.9999999949486307
650.0,0.4050942113609619,1.0,4.906248370607664,0.08868953852977958,0.20611065221104408,6.833350080963488,6.729627609522461,1.3926113169698184,0.689511025565826,5.014265677052692e-06,10.269216106603912,1.0000000027434275
650.0,0.4050942113609619,1.5,4.926091891705287,0.09044251761408109,0.20641351813250192,6.833902605756011,6.729627609522461,2.088916975454728,0.689511025565826,5.014265677052692e-06,10.269216106603912,1.0000000027325457
650.0,0.4050942113609619,2.0,4.954024675554394,0.09289817410926443,0.20684146934316858,6.834688953334418,6.729627609522461,2.785222633939637,0.689511025565826,5.014265677052692e-06,10.269216106603912,0.999999998508751
650.0,0.4050942113609619,2.5,4.990200367682433,0.09605799253827597,0.20739850249522693,6.835722719047019,6.729627609522461,3.4815282924245463,0.689511025565826,5.014265677052692e-06,10.269216106603912,0.9999999983543725
650.0,0.4050942113609619,3.0,5.034819805418745,0.09992394058000671,0.20808994566637698,6.837022489425206,6.729627609522461,4.177833950909456,0.689511025565826,5.014265677052692e-06,10.269216106603912,0.9999999962400772
650.0,0.4050942113609619,3.5,5.088132300857971,0.10449840391962,0.2089224568841271,6.838612494869896,6.729627609522461,4.874139609394366,0.689511025565826,5.014265677052692e-06,10.269216106603912,1.0000000041059365
650.0,0.4050942113609619,4.0,5.150439365843066,0.10978428742625905,0.20990422114193505,6.8405237881925585,6.729627609522461,5.570445267879274,0.689511025565826,5.014265677052692e-06,10.269216106603912,1.000000001420751
650.0,0.4050942113609619,4.5,5.2220971213103065,0.11578495330505881,0.21104514233989324,6.842796162797428,6.729627609522461,6.266750926364184,0.689511025565826,5.014265677052692e-06,10.269216106603912,1.0000000009998082
650.0,0.4050942113609619,5.0,5.303520872401699,0.12250429106139772,0.2123569936262366,6.845480528093204,6.729627609522461,6.963056584849093,0.689511025565826,5.014265677052692e-06,10.269216106603912,0.9999999977813449
650.0,0.4050942113609619,5.5,5.395189907446819,0.12994674486513955,0.21385361070806228,6.848641753701862,6.729627609522461,7.6593622433340025,0.689511025565826,5.014265677052692e-06,10.269216106603912,0.999999998331309
650.0,0.4050942113609619,6.0,5.4976529859072425,0.13811733220024958,0.2155513871900592,6.852363163016028,6.729627609522461,8.355667901818912,0.689511025565826,5.014265677052692e-06,10.269216106603912,1.00000000160872
650.0,0.4477486635155488,0.0,4.424554179766107,0.043809526186863124,0.2275471380019715,6.181980956361126,6.088534509132683,0.0,0.6238252570832667,4.536585288834618e-06,9.290926671533297,1.00000000028744
650.0,0.4477486635155488,0.5,4.429885308942875,0.04433249102647935,0.22764617556108777,6.182127829435751,6.088534509132683,0.7696232610619252,0.6238252570832667,4.536585288834618e-06,9.290926671533297,0.9999999952799392
650.0,0.4477486635155488,1.0,4.445921869858544,0.045901835054026605,0.22794468969493503,6.182571987498688,6.088534509132683,1.5392465221238505,0.6238252570832667,4.536585288834618e-06,9.290926671533297,0.9999999976569214
650.0,0.4477486635155488,1.5,4.4727949314296565,0.04851899578051076,0.22844678585081626,6.183324612503979,6.088534509132683,2.308869783185776,0.6238252570832667,4.536585288834618e-06,9.290926671533297,0.9999999959478506
650.0,0.4477486635155488,2.0,4.510724707288855,0.05218633127991389,0.22915947553829855,6.184404882322254,6.088534509132683,3.078493044247701,0.6238252570832667,4.536585288834618e-06,9.290926671533297,0.9999999959027552
650.0,0.4477486635155488,2.5,4.56002474218355,0.056907207776085336,0.2300928520168794,6.185841326479695,6.088534509132683,3.848116305309626,0.6238252570832667,4.536585288834618e-06,9.290926671533297,0.9999999968108821
650.0,0.4477486635155488,3.0,4.621106861498141,0.06268602021657388,0.23126039958379158,6.18767406155893,6.088534509132683,4.617739566371552,0.6238252570832667,4.536585288834618e-06,9.290926671533297,1.000000000481295
650.0,0.4477486635155488,3.5,4.6944877663529825,0.0695282203151363,0.2326793663900169,6.189957398879424,6.088534509132683,5.387362827433476,0.6238252570832667,4.536585288834618e-06,9.290926671533297,1.000000002463576
650.0,0.4477486635155488,4.0,4.780797543566032,0.07744036132540832,0.23437130285453212,6.192765027896365,6.088534509132683,6.156986088495402,0.6238252570832667,4.536585288834618e-06,9.290926671533297,0.9999999994632396
650.0,0.4477486635155488,4.5,4.880790876927998,0.08643020888298494,0.23636272181098655,6.196195615539255,6.088534509132683,6.926609349557327,0.6238252570832667,4.536585288834618e-06,9.290926671533297,1.000000000536976
650.0,0.4477486635155488,5.0,4.9951242277121315,0.09648630218278595,0.2386860024864345,6.200383679414995,6.088534509132683,7.696232610619252,0.6238252570832667,4.536585288834618e-06,9.290926671533297,0.9999999977122835
650.0,0.4477486635155488,5.5,5.118456253218988,0.10707900445214967,0.24138037664747417,6.205514641380342,6.088534509132683,8.465855871681176,0.6238252570832667,4.536585288834618e-06,9.290926671533297,0.9999999976423083
650.0,0.4477486635155488,6.0,5.2568159683352516,0.11866278208850811,0.24449344256695138,6.211850432075983,6.088534509132683,9.235479132743103,0.6238252570832667,4.536585288834618e-06,9.290926671533297,0.9999999961583479
650.0,0.4884268966112874,0.0,4.056058817373136,0.006044252796967874,0.2482199311874077,5.667119747691022,5.581455911102371,0.0,0.571870482694915,4.158759507498135e-06,8.51713947135618,1.00000000028744
650.0,0.4884268966112874,0.5,4.062980905782303,0.006784790010787981,0.24837299024866358,5.667310540715696,5.581455911102371,0.8395439932949814,0.571870482694915,4.158759507498135e-06,8.51713947135618,1.0000000022971773
650.0,0.4884268966112874,1.0,4.08382679499812,0.009007322994915818,0.2488351792965922,5.667889615394165,5.581455911102371,1.6790879865899628,0.571870482694915,4.158759507498135e-06,8.51713947135618,0.9999999960507798
650.0,0.4884268966112874,1.5,4.118837793016475,0.012714697694493533,0.24961556491246467,5.6688776190901615,5.581455911102371,2.518631979884944,0.571870482694915,4.158759507498135e-06,8.51713947135618,1.0000000059716971
650.0,0.4884268966112874,2.0,4.168422357938035,0.017911725304393385,0.2507296939100484,5.6703108095087575,5.581455911102371,3.3581759731799257,0.571870482694915,4.158759507498135e-06,8.51713947135618,0.9999999998317264
650.0,0.4884268966112874,2.5,4.233164932686429,0.024605198469027086,0.2522002150536534,5.672244907987477,5.581455911102371,4.1977199664749065,0.571870482694915,4.158759507498135e-06,8.51713947135618,1.0000000004746252
650.0,0.4884268966112874,3.0,4.313839944761388,0.03280403622659378,0.254057826651134,5.67476093431085,5.581455911102371,5.037263959769888,0.571870482694915,4.158759507498135e-06,8.51713947135618,0.9999999970863368
650.0,0.4884268966112874,3.5,4.411430125524505,0.04251941331844127,0.25634257498583235,5.67797412150274,5.581455911102371,5.87680795306487,0.571870482694915,4.158759507498135e-06,8.51713947135618,0.9999999963408319
650.0,0.4884268966112874,4.0,4.52714984709838,0.05376487840274782,0.25910565351525067,5.682049420017106,5.581455911102371,6.716351946359851,0.571870482694915,4.158759507498135e-06,8.51713947135618,0.9999999970125691
650.0,0.4884268966112874,4.5,4.65795499190838,0.06613529646445905,0.2624118060850825,5.687225743819701,5.581455911102371,7.555895939654833,0.571870482694915,4.158759507498135e-06,8.51713947135618,0.9999999995092315
650.0,0.4884268966112874,5.0,4.805617724875732,0.07968922945117465,0.26634235688065755,5.693859271079336,5.581455911102371,8.395439932949813,0.571870482694915,4.158759507498135e-06,8.51713947135618,1.0000000029490355
650.0,0.4884268966112874,5.5,4.973961765776124,0.0946424512512566,0.27099937890701115,5.7024998044344875,5.581455911102371,9.234983926244796,0.571870482694915,4.158759507498135e-06,8.51713947135618,0.9999999942741447
650.0,0.4884268966112874,6.0,5.164760912003167,0.11099023055845308,0.2765110241131469,5.714035258744838,5.581455911102371,10.074527919539776,0.571870482694915,4.158759507498135e-06,8.51713947135618,0.9999999988725109
650.0,0.4948944222294061,0.0,4.003052230247374,0.00033126531729787577,0.2515067460107114,5.593059017759926,5.5085146786495205,0.0,0.5643969957632705,4.104410776847315e-06,8.405833270983301,1.00000000028744
650.0,0.4948944222294061,0.5,4.010253349420661,0.0011118188931607809,0.2516702259808079,5.59325756316938,5.5085146786495205,0.8506608509493097,0.5643969957632705,4.104410776847315e-06,8.405833270983301,0.9999999973500096
650.0,0.4948944222294061,1.0,4.031943911153633,0.0034544906298676252,0.2521640446167519,5.593860463573347,5.5085146786495205,1.7013217018986193,0.5643969957632705,4.104410776847315e-06,8.405833270983301,0.9999999943955139
650.0,0.4948944222294061,1.5,4.0683889123763635,0.007362470726513846,0.2529984413269197,5.594890212495286,5.5085146786495205,2.551982552847929,0.5643969957632705,4.104410776847315e-06,8.405833270983301,0.9999999985466504
650.0,0.4948944222294061,2.0,4.120036473424409,0.012841069398580556,0.25419094504426926,5.596387183532961,5.5085146786495205,3.4026434037972386,0.5643969957632705,4.104410776847315e-06,8.405833270983301,1.000000000086593
650.0,0.4948944222294061,2.5,4.187529372974534,0.019897875039570346,0.2557671828823928,5.598412887153389,5.5085146786495205,4.253304254746548,0.5643969957632705,4.104410776847315e-06,8.405833270983301,1.0000000019162922
650.0,0.4948944222294061,3.0,4.271720268996391,0.028542814113674247,0.2577619565187429,5.601057792895352,5.5085146786495205,5.103965105695858,0.5643969957632705,4.104410776847315e-06,8.405833270983301,0.9999999985662841
650.0,0.4948944222294061,3.5,4.37369356105964,0.03878835998386125,0.2602208484747727,5.604451654111652,5.5085146786495205,5.954625956645168,0.5643969957632705,4.104410776847315e-06,8.405833270983301,0.9999999994174006
650.0,0.4948944222294061,4.0,4.4947922841522265,0.050649635346207623,0.2632023858732664,5.608782183362572,5.5085146786495205,6.805286807594477,0.5643969957632705,4.104410776847315e-06,8.405833270983301,0.9999999988843165
650.0,0.4948944222294061,4.5,4.630270715258857,0.06354639206711171,0.2667808698313942,5.6143254473487465,5.5085146786495205,7.655947658543787,0.5643969957632705,4.104410776847315e-06,8.405833270983301,0.9999999988716048
650.0,0.4948944222294061,5.0,4.7850440827385965,0.07782595178843857,0.2710502838951271,5.621500384184079,5.5085146786495205,8.506608509493097,0.5643969957632705,4.104410776847315e-06,8.405833270983301,1.00000000118887
650.0,0.4948944222294061,5.5,4.961797068603117,0.09357900686133318,0.27612916236523294,5.63096711603948,5.5085146786495205,9.357269360442405,0.5643969957632705,4.104410776847315e-06,8.405833270983301,0.9999999995669655
650.0,0.4948944222294061,6.0,5.1625071863706795,0.11080067788835146,0.2821673931423374,5.643827782366681,5.5085146786495205,10.207930211391716,0.5643969957632705,4.104410776847315e-06,8.405833270983301,1.0000000005677643
650.0,0.5141335753803026,0.0,3.8532558765044786,-0.016232141914184376,0.2612841380920081,5.38376376030647,5.3023831155472525,0.0,0.5432769585601692,3.950821532123227e-06,8.09128249778837,1.00000000028744
650.0,0.5141335753803026,0.5,3.861331214046994,-0.01532293555641828,0.26148202146100735,5.38398644581999,5.3023831155472525,0.8837305192578753,0.5432769585601692,3.950821532123227e-06,8.09128249778837,0.9999999998273064
650.0,0.5141335753803026,1.0,3.885671408933068,-0.012593919542048368,0.26208042779388935,5.384664095607912,5.3023831155472525,1.7674610385157505,0.5432769585601692,3.950821532123227e-06,8.09128249778837,0.9999999954468122
650.0,0.5141335753803026,1.5,3.9266230315169004,-0.008040781728134995,0.26309384145007225,5.385826590146413,5.3023831155472525,2.6511915577736254,0.5432769585601692,3.950821532123227e-06,8.09128249778837,0.9999999982627981
650.0,0.5141335753803026,2.0,3.984774188857857,-0.001656275711673228,0.2645471950155216,5.387526863738301,5.3023831155472525,3.534922077031501,0.5432769585601692,3.950821532123227e-06,8.09128249778837,0.9999999961257368
650.0,0.5141335753803026,2.5,4.060971237025372,0.006569922159759466,0.2664770891533,5.389849062352911,5.3023831155472525,4.418652596289377,0.5432769585601692,3.950821532123227e-06,8.09128249778837,1.000000005683723
650.0,0.5141335753803026,3.0,4.156343340713095,0.016651424558663683,0.26893384353521793,5.392917337937877,5.3023831155472525,5.302383115547251,0.5432769585601692,3.950821532123227e-06,8.09128249778837,1.0000000056851732
650.0,0.5141335753803026,3.5,4.272335444146295,0.028605352838242275,0.27198399917424354,5.396916975521546,5.3023831155472525,6.186113634805127,0.5432769585601692,3.950821532123227e-06,8.09128249778837,1.000000001354798
650.0,0.5141335753803026,4.0,4.40744921900617,0.0421273258924151,0.27571415123860044,5.4021248821711625,5.3023831155472525,7.069844154063002,0.5432769585601692,3.950821532123227e-06,8.09128249778837,0.9999999969588121
650.0,0.5141335753803026,4.5,4.561193611508675,0.05701851604238537,0.28023602587239343,5.408968905205762,5.3023831155472525,7.953574673320877,0.5432769585601692,3.950821532123227e-06,8.09128249778837,1.0000000019519713
650.0,0.5141335753803026,5.0,4.739012354068446,0.07362784952943874,0.28569331353405836,5.418139095135043,5.3023831155472525,8.837305192578754,0.5432769585601692,3.950821532123227e-06,8.09128249778837,1.0000000015237747
650.0,0.5141335753803026,5.5,4.9432087452405,0.09194895920804895,0.2922709556773502,5.430809604948314,5.3023831155472525,9.72103571183663,0.5432769585601692,3.950821532123227e-06,8.09128249778837,0.9999999986995854
650.0,0.5141335753803026,6.0,5.176509047526994,0.11197698608181839,0.3002076671432973,5.44915866787654,5.3023831155472525,10.604766231094501,0.5432769585601692,3.950821532123227e-06,8.09128249778837,1.00000000225397
650.0,0.5398402541493177,0.0,3.6697675014328377,-0.03742144098412234,0.27434834499660854,5.127394057434734,5.049888681473575,0.0,0.5174066272001613,3.762687173450693e-06,7.705983331227019,1.00000000028744
650.0,0.5398402541493177,0.5,3.679118069506004,-0.03631626598334115,0.2746010120350064,5.127652069700308,5.049888681473575,0.927917045220769,0.5174066272001613,3.762687173450693e-06,7.705983331227019,0.9999999965582097
650.0,0.5398402541493177,1.0,3.707330644722385,-0.032998670263402766,0.27536639402018603,5.128439529646162,5.049888681473575,1.855834090441538,0.5174066272001613,3.762687173450693e-06,7.705983331227019,0.9999999989817706
650.0,0.5398402541493177,1.5,3.75489447284003,-0.02746225518278417,0.27666706765141247,5.129798956965979,5.049888681473575,2.783751135662307,0.5174066272001613,3.762687173450693e-06,7.705983331227019,1.0000000020726878
650.0,0.5398402541493177,2.0,3.822642679415299,-0.01969628698165115,0.278542204017337,5.131807526922443,5.049888681473575,3.711668180883076,0.5174066272001613,3.762687173450693e-06,7.705983331227019,1.0000000077829772
650.0,0.5398402541493177,2.5,3.9117818390253687,-0.009685365240365335,0.2810499301481626,5.134588955018667,5.049888681473575,4.639585226103844,0.5174066272001613,3.762687173450693e-06,7.705983331227019,0.9999999985252753
650.0,0.5398402541493177,3.0,4.023934158585684,0.0025908746570717446,0.28427112266865007,5.13833494512972,5.049888681473575,5.567502271324614,0.5174066272001613,3.762687173450693e-06,7.705983331227019,1.0000000051665603
650.0,0.5398402541493177,3.5,4.160097528229687,0.01704352090346494,0.28831477036498243,5.143342749711122,5.049888681473575,6.495419316545384,0.5174066272001613,3.762687173450693e-06,7.705983331227019,0.9999999986718434
650.0,0.5398402541493177,4.0,4.316003604896643,0.033021807422963075,0.29332558792792957,5.150085834766786,5.049888681473575,7.423336361766152,0.5174066272001613,3.762687173450693e-06,7.705983331227019,1.0000000024344822
650.0,0.5398402541493177,4.5,4.499352933315887,0.051090069625961715,0.2994946629809913,5.159354679784323,5.049888681473575,8.35125340698692,0.5174066272001613,3.762687173450693e-06,7.705983331227019,0.9999999969146532
650.0,0.5398402541493177,5.0,4.713023082721275,0.07123957545775618,0.30707428121754476,5.172558795552314,5.049888681473575,9.279170452207689,0.5174066272001613,3.762687173450693e-06,7.705983331227019,0.9999999960327765
650.0,0.5398402541493177,5.5,4.960480922924933,0.09346379242987778,0.3163987611944092,5.192470682730767,5.049888681473575,10.20708749742846,0.5174066272001613,3.762687173450693e-06,7.705983331227019,1.0000000001932812
650.0,0.5398402541493177,6.0,5.303584100890431,0.12250946868221411,0.3284757327813605,5.225363744940348,5.049888681473575,11.135004542649227,0.5174066272001613,3.762687173450693e-06,7.705983331227019,1.0000000019995974
650.0,0.5470044002605323,0.0,3.621704358683109,-0.04314699555226735,0.2779891843260557,5.060240301121731,4.983750017246716,0.0,0.5106301247179011,3.7134070567486065e-06,7.605057652221146,1.00000000028744
650.0,0.5470044002605323,0.5,3.631432837822069,-0.0419819748925046,0.27825910026245676,5.060508728370981,4.983750017246716,0.9402313053003988,0.5106301247179011,3.7134070567486065e-06,7.605057652221146,1.0000000000525855
650.0,0.5470044002605323,1.0,3.6607951330758297,-0.03848456593296646,0.2790771794422909,5.0613289970486885,4.983750017246716,1.8804626106007976,0.5106301247179011,3.7134070567486065e-06,7.605057652221146,1.0000000044429187
650.0,0.5470044002605323,1.5,3.7103277788410627,-0.0326477134504102,0.2804688560921512,5.062747677370843,4.983750017246716,2.8206939159011966,0.5106301247179011,3.7134070567486065e-06,7.605057652221146,1.0000000065922379
650.0,0.5470044002605323,2.0,3.7809468545743963,-0.024459418415913498,0.28247842451136873,5.064850145507034,4.983750017246716,3.760925221201595,0.5106301247179011,3.7134070567486065e-06,7.605057652221146,0.9999999996243453
650.0,0.5470044002605323,2.5,3.873980548731318,-0.013902555533373788,0.2851717866006747,5.067774600909912,4.983750017246716,4.701156526501994,0.5106301247179011,3.7134070567486065e-06,7.605057652221146,0.999999996578512
650.0,0.5470044002605323,3.0,3.991219446925364,-0.0009543843235258471,0.2886410457408628,5.071736831564172,4.983750017246716,5.641387831802393,0.5106301247179011,3.7134070567486065e-06,7.605057652221146,1.000000000868756
650.0,0.5470044002605323,3.5,4.132443728938227,0.014146957212436384,0.2930109351334054,5.077076570968936,4.983750017246716,6.581619137102791,0.5106301247179011,3.7134070567486065e-06,7.605057652221146,0.9999999972787789
650.0,0.5470044002605323,4.0,4.295788671232459,0.03098291703041806,0.2984481104312145,5.084345621116555,4.983750017246716,7.52185044240319,0.5106301247179011,3.7134070567486065e-06,7.605057652221146,1.0000000010792818
650.0,0.5470044002605323,4.5,4.488279473332234,0.05001990013474576,0.30517425199355247,5.094488950534703,4.983750017246716,8.46208174770359,0.5106301247179011,3.7134070567486065e-06,7.605057652221146,1.0000000029270157
650.0,0.5470044002605323,5.0,4.713124725817833,0.07124894153960787,0.31348433610097787,5.109250752424151,4.983750017246716,9.402313053003988,0.5106301247179011,3.7134070567486065e-06,7.605057652221146,1.0000000015124235
650.0,0.5470044002605323,5.5,4.974205415205227,0.09466372463773559,0.3237726776944483,5.132234507026534,4.983750017246716,10.342544358304387,0.5106301247179011,3.7134070567486065e-06,7.605057652221146,1.0000000004099794
650.0,0.5470044002605323,6.0,5.410614177772027,0.13118657486507096,0.3378252970431227,5.172241858751394,4.983750017246716,11.282775663604786,0.5106301247179011,3.7134070567486065e-06,7.605057652221146,1.0000000025980922
650.0,0.5981983366743842,0.0,3.3117581564269214,-0.08200137673087271,0.3040060876989507,4.627183897697716,4.557239668013932,0.0,0.4669302938538864,3.3956129187729004e-06,6.9542152576469,1.00000000028744
650.0,0.5981983366743842,0.5,3.3244900289487833,-0.08033495660605634,0.30442873334810006,4.627535714129523,4.557239668013932,1.0282272000956432,0.4669302938538864,3.3956129187729004e-06,6.9542152576469,0.9999999997069787
650.0,0.5981983366743842,1.0,3.3630169753938524,-0.07533093183334712,0.30571538294605544,4.628619193684824,4.557239668013932,2.0564544001912863,0.4669302938538864,3.3956129187729004e-06,6.9542152576469,1.0000000059716971
650.0,0.5981983366743842,1.5,3.4283508579509046,-0.0669747300386837,0.3079237366858782,4.630524276888002,4.557239668013932,3.0846816002869297,0.4669302938538864,3.3956129187729004e-06,6.9542152576469,1.000000001056297
650.0,0.5981983366743842,2.0,3.522235565567124,-0.05524159330124681,0.31115602022786976,4.633422900447037,4.557239668013932,4.112908800382573,0.4669302938538864,3.3956129187729004e-06,6.9542152576469,0.9999999970863368
650.0,0.5981983366743842,2.5,3.647239687941158,-0.04009568627310468,0.31556855704694936,4.637611703701815,4.557239668013932,5.141136000478216,0.4669302938538864,3.3956129187729004e-06,6.9542152576469,0.9999999985203438
650.0,0.5981983366743842,3.0,3.803204325008425,-0.021910333063381637,0.321387513695309,4.643600374792928,4.557239668013932,6.1693632005738595,0.4669302938538864,3.3956129187729004e-06,6.9542152576469,0.9999999995092315
650.0,0.5981983366743842,3.5,3.9903005289509363,-0.0010543855785712735,0.32893307772783015,4.652302188705004,4.557239668013932,7.197590400669502,0.4669302938538864,3.3956129187729004e-06,6.9542152576469,0.9999999986151384
650.0,0.5981983366743842,4.0,4.217009625959749,0.0229446010306124,0.3386554586658127,4.665490252065634,4.557239668013932,8.225817600765145,0.4669302938538864,3.3956129187729004e-06,6.9542152576469,0.9999999988725109
650.0,0.5981983366743842,4.5,4.488831209828016,0.0500732839292296,0.3511896668511717,4.687070461938826,4.557239668013932,9.25404480086079,0.4669302938538864,3.3956129187729004e-06,6.9542152576469,0.9999999991876095
650.0,0.5981983366743842,5.0,4.92629428788227,0.09046036091442121,0.36871114378895825,4.727601247007726,4.557239668013932,10.282272000956432,0.4669302938538864,3.3956129187729004e-06,6.9542152576469,1.0000000014960317
650.0,0.5981983366743842,5.5,5.589593105444179,0.1453202032325159,0.3932491688294729,4.828774394047349,4.557239668013932,11.310499201052075,0.4669302938538864,3.3956129187729004e-06,6.9542152576469,0.9999999993708591
650.0,0.5981983366743842,6.0,6.40433915663691,0.20441433160007708,0.4262721217682241,8.410656681684946,4.557239668013932,12.338726401147719,0.4669302938538864,3.3956129187729004e-06,6.9542152576469,1.000000001072438
650.0,0.6046013057825199,0.0,3.2766853159179634,-0.08662525642183266,0.3072600947211754,4.578180173638148,4.50897668125955,0.0,0.4619853157028227,3.359652022866549e-06,6.880567342830692,1.00000000028744
650.0,0.6046013057825199,0.5,3.289831660492059,-0.084886315502557,0.3077059360205564,4.578543510772663,4.50897668125955,1.0392330932831078,0.4619853157028227,3.359652022866549e-06,6.880567342830692,0.9999999966579377
650.0,0.6046013057825199,1.0,3.329627843565055,-0.07966429671602708,0.30906398910294247,4.579663755469736,4.50897668125955,2.0784661865662155,0.4619853157028227,3.359652022866549e-06,6.880567342830692,0.9999999970429757
650.0,0.6046013057825199,1.5,3.3971650387765258,-0.07094334534434205,0.3113979838203697,4.581638275235193,4.50897668125955,3.1176992798493233,0.4619853157028227,3.359652022866549e-06,6.880567342830692,0.9999999971830578
650.0,0.6046013057825199,2.0,3.4943270968615816,-0.05869643535391186,0.31482084496007673,4.584654272205186,4.50897668125955,4.156932373132431,0.4619853157028227,3.359652022866549e-06,6.880567342830692,1.0000000015358521
650.0,0.6046013057825199,2.5,3.6238945004237366,-0.04288444541113885,0.3195061046692064,4.589037996209029,4.50897668125955,5.19616546641554,0.4619853157028227,3.359652022866549e-06,6.880567342830692,0.999999999965294
650.0,0.6046013057825199,3.0,3.7847887797822675,-0.02401834377579369,0.32570613386132147,4.595357868282057,4.50897668125955,6.2353985596986465,0.4619853157028227,3.359652022866549e-06,6.880567342830692,1.0000000019277397
650.0,0.6046013057825199,3.5,3.9792074502747696,-0.0022634102712732894,0.33378023458767514,4.604653634679446,4.50897668125955,7.274631652981755,0.4619853157028227,3.359652022866549e-06,6.880567342830692,1.0000000018234856
650.0,0.6046013057825199,4.0,4.215303809676843,0.02276888967581825,0.344237628746608,4.619001776426429,4.50897668125955,8.313864746264862,0.4619853157028227,3.359652022866549e-06,6.880567342830692,0.9999999978765679
650.0,0.6046013057825199,4.5,4.499096549424284,0.05106532178254361,0.3578023963101366,4.643186591601269,4.50897668125955,9.35309783954797,0.4619853157028227,3.359652022866549e-06,6.880567342830692,0.9999999967691641
650.0,0.6046013057825199,5.0,5.008982863522423,0.09768955457788622,0.3774534901110469,4.691138360501013,4.50897668125955,10.39233093283108,0.4619853157028227,3.359652022866549e-06,6.880567342830692,1.0000000024038256
650.0,0.6046013057825199,5.5,5.71958738372089,0.15530470819290756,0.4043736699786559,4.827626223926597,4.50897668125955,11.431564026114188,0.4619853157028227,3.359652022866549e-06,6.880567342830692,1.0000000013291968
650.0,0.6046013057825199,6.0,6.552314034702533,0.21433471248394437,0.44210149516768593,8.322956388867478,4.50897668125955,12.470797119397293,0.4619853157028227,3.359652022866549e-06,6.880567342830692,0.9999999952943744
650.0,0.6296824596572466,0.0,3.146170248605575,-0.104277771442025,0.3200064081041587,4.39582470281283,4.329377684613235,0.0,0.44358377916119207,3.225832272834255e-06,6.606504494764554,1.00000000028744
650.0,0.6296824596572466,0.5,3.161027379445514,-0.1022317338020151,0.32055308219353823,4.396235651533432,4.329377684613235,1.0823444211533089,0.44358377916119207,3.225832272834255e-06,6.606504494764554,0.9999999991905593
650.0,0.6296824596572466,1.0,3.2060742798256117,-0.09608641125597564,0.32222283301068794,4.39750899632418,4.329377684613235,2.1646888423066177,0.44358377916119207,3.225832272834255e-06,6.606504494764554,0.9999999982627981
650.0,0.6296824596572466,1.5,3.282768021642281,-0.08581979713966977,0.3251082404850005,4.39977640416679,4.329377684613235,3.2470332634599264,0.44358377916119207,3.225832272834255e-06,6.606504494764554,0.9999999980101957
650.0,0.6296824596572466,2.0,3.393640126853964,-0.07139420496917698,0.32937534561338633,4.403298567652131,4.329377684613235,4.3293776846132355,0.44358377916119207,3.225832272834255e-06,6.606504494764554,1.0000000056851732
650.0,0.6296824596572466,2.5,3.542462023659535,-0.05275478816104338,0.33528338767927834,4.408549016619149,4.329377684613235,5.411722105766543,0.44358377916119207,3.225832272834255e-06,6.606504494764554,1.000000004529754
650.0,0.6296824596572466,3.0,3.7241989887462195,-0.0310271134854553,0.34321763546637457,4.41640461744489,4.329377684613235,6.494066526919853,0.44358377916119207,3.225832272834255e-06,6.606504494764554,1.0000000019519713
650.0,0.6296824596572466,3.5,3.9499275751171936,-0.005470858743354657,0.3537413627789124,4.428623008033482,4.329377684613235,7.576410948073161,0.44358377916119207,3.225832272834255e-06,6.606504494764554,0.9999999997698662
650.0,0.6296824596572466,4.0,4.226601938447231,0.0239313565539778,0.3676778006861866,4.449219421253877,4.329377684613235,8.658755369226471,0.44358377916119207,3.225832272834255e-06,6.606504494764554,1.00000000225397
650.0,0.6296824596572466,4.5,4.6635521329640035,0.0666568446936171,0.3874943404921287,4.489712134211261,4.329377684613235,9.741099790379778,0.44358377916119207,3.225832272834255e-06,6.606504494764554,0.999999998503826
650.0,0.6296824596572466,5.0,5.370365143853395,0.1279438240865642,0.4163384068977327,4.601624512136579,4.329377684613235,10.823444211533086,0.44358377916119207,3.225832272834255e-06,6.606504494764554,1.000000001022848
650.0,0.6296824596572466,5.5,6.23216147322601,0.19257870590755669,0.45718937236131957,7.991078334031738,4.329377684613235,11.905788632686395,0.44358377916119207,3.225832272834255e-06,6.606504494764554,1.0000000016235995
650.0,0.6296824596572466,6.0,7.111678185828762,0.24991210459806681,0.5186894859975417,7.997454803919129,4.329377684613235,12.988133053839706,0.44358377916119207,3.225832272834255e-06,6.606504494764554,1.00000000065351
650.0,0.661166582640109,0.0,2.996352617719596,-0.12546707051196299,0.33600672850936664,4.186499716964601,4.123216842488795,0.0,0.4224607420582782,3.0722212122231003e-06,6.291909042632909,1.00000000028744
650.0,0.661166582640109,0.5,3.0135613919864883,-0.12297994802796987,0.3367051149479336,4.1869762094786545,4.123216842488795,1.1364616422109743,0.4224607420582782,3.0722212122231003e-06,6.291909042632909,0.9999999999564586
650.0,0.661166582640109,1.0,3.0658584988183004,-0.11550788471062484,0.3388465721890173,4.188463309209337,4.123216842488795,2.2729232844219487,0.4224607420582782,3.0722212122231003e-06,6.291909042632909,1.0000000020726878
650.0,0.661166582640109,1.5,3.1553080689643513,-0.10301822327249442,0.3425764820430809,4.191151720173665,4.123216842488795,3.4093849266329226,0.4224607420582782,3.0722212122231003e-06,6.291909042632909,1.0000000054500038
650.0,0.661166582640109,2.0,3.2855284823634965,-0.08545475487076894,0.34815959957315845,4.195432914359871,4.123216842488795,4.545846568843897,0.4224607420582782,3.0722212122231003e-06,6.291909042632909,1.0000000051665603
650.0,0.661166582640109,2.5,3.4576829045590776,-0.06327482862333923,0.35601936530286804,4.2020651421453685,4.123216842488795,5.682308211054871,0.4224607420582782,3.0722212122231003e-06,6.291909042632909,1.0000000005797343
650.0,0.661166582640109,3.0,3.673706286439556,-0.03695555990187894,0.36680455249512156,4.212595455837362,4.123216842488795,6.818769853265845,0.4224607420582782,3.0722212122231003e-06,6.291909042632909,0.9999999969146532
650.0,0.661166582640109,3.5,3.945544981794348,-0.005952992340374352,0.38150016650260604,4.230603938507345,4.123216842488795,7.955231495476819,0.4224607420582782,3.0722212122231003e-06,6.291909042632909,1.0000000008587555
650.0,0.661166582640109,4.0,4.330358285039685,0.03446383915437347,0.4022989691005654,4.266491631847492,4.123216842488795,9.091693137687795,0.4224607420582782,3.0722212122231003e-06,6.291909042632909,1.0000000019995974
650.0,0.661166582640109,4.5,5.053732501670173,0.10155225929054441,0.4344726797085665,4.368014050897014,4.123216842488795,10.22815477989877,0.4224607420582782,3.0722212122231003e-06,6.291909042632909,1.00000000115665
650.0,0.661166582640109,5.0,5.957784854346005,0.17302482472840527,0.48139488517762186,7.610687337155426,4.123216842488795,11.364616422109743,0.4224607420582782,3.0722212122231003e-06,6.291909042632909,1.0000000011682904
650.0,0.661166582640109,5.5,6.87623511467674,0.23529072649232136,0.5556709093902733,7.617502672735522,4.123216842488795,12.501078064320717,0.4224607420582782,3.0722212122231003e-06,6.291909042632909,1.000000000546213
650.0,0.661166582640109,6.0,7.6690841669199,0.2826835127773439,0.6674058313944187,4.004217260279917,4.123216842488795,13.63753970653169,0.4224607420582782,3.0722212122231003e-06,6.291909042632909,0.9999999995456461
650.0,0.6682628855998672,0.0,2.9645342623869984,-0.13010351729139785,0.33961308975723636,4.142043155074506,4.079432283277769,0.0,0.417974619188296,3.039597206085514e-06,6.2250950780631324,1.00000000028744
650.0,0.6682628855998672,0.5,2.9823056343306513,-0.12750784231778658,0.34034994422711246,4.1425353692732,4.079432283277769,1.1486592885031846,0.417974619188296,3.039597206085514e-06,6.2250950780631324,1.0000000051088214
650.0,0.6682628855998672,1.0,3.0363428652013007,-0.11970918060733074,0.3426115232741304,4.144074210911191,4.079432283277769,2.297318577006369,0.417974619188296,3.039597206085514e-06,6.2250950780631324,1.0000000006185037
650.0,0.6682628855998672,1.5,3.1288741128608937,-0.10667190123695615,0.3465583430801023,4.146866701881653,4.079432283277769,3.445977865509554,0.417974619188296,3.039597206085514e-06,6.2250950780631324,0.9999999989472946
650.0,0.6682628855998672,2.0,3.2638134877964067,-0.08833465850570109,0.35248384579179237,4.151341557134525,4.079432283277769,4.594637154012738,0.417974619188296,3.039597206085514e-06,6.2250950780631324,1.0000000009976682
650.0,0.6682628855998672,2.5,3.4416162938845134,-0.06529754216899454,0.3608601630085999,4.158343005267133,4.079432283277769,5.7432964425159225,0.417974619188296,3.039597206085514e-06,6.2250950780631324,0.9999999999803504
650.0,0.6682628855998672,3.0,3.666224138550248,-0.037840978830532716,0.3724159434480715,4.169636297320201,4.079432283277769,6.891955731019108,0.417974619188296,3.039597206085514e-06,6.2250950780631324,1.0000000029506666
650.0,0.6682628855998672,3.5,3.9496611958969283,-0.005500148122549494,0.38826802481422146,4.18947146792538,4.079432283277769,8.040615019522292,0.417974619188296,3.039597206085514e-06,6.2250950780631324,1.0000000001253828
650.0,0.6682628855998672,4.0,4.400713506629717,0.04146310490147271,0.4115088710528383,4.231093517132244,4.079432283277769,9.189274308025476,0.417974619188296,3.039597206085514e-06,6.2250950780631324,1.00000000026591
650.0,0.6682628855998672,4.5,5.171051446562978,0.11151886724226427,0.4467853719551042,4.366571831985406,4.079432283277769,10.33793359652866,0.417974619188296,3.039597206085514e-06,6.2250950780631324,0.9999999999708759
650.0,0.6682628855998672,5.0,6.101388562777889,0.18336869229363514,0.5000011713625457,7.53118888656228,4.079432283277769,11.486592885031845,0.417974619188296,3.039597206085514e-06,6.2250950780631324,1.0000000013029178
650.0,0.6682628855998672,5.5,7.005714835102408,0.24339246422551183,0.5854899696955739,7.538485653436833,4.079432283277769,12.635252173535031,0.417974619188296,3.039597206085514e-06,6.2250950780631324,0.9999999994348866
650.0,0.6682628855998672,6.0,7.742159188221353,0.2868021053702112,0.7067722738531422,3.937489330238398,4.079432283277769,13.783911462038215,0.417974619188296,3.039597206085514e-06,6.2250950780631324,0.9999999986033125
650.0,0.6907399414154842,0.0,2.8680666946560334,-0.14447074503502258,0.3510359931365483,4.007258803388519,3.9466853236342265,0.0,0.40437349627399866,2.9406870490759577e-06,6.022527076507561,1.00000000028744
650.0,0.6907399414154842,0.5,2.8877016199344956,-0.14150767483707474,0.35190608535678153,4.007803182062027,3.9466853236342265,1.1872945015266296,0.40437349627399866,2.9406870490759577e-06,6.022527076507561,0.9999999960507798
650.0,0.6907399414154842,1.0,2.9475197161476037,-0.13260327252759707,0.3545853336172452,4.009515224839025,3.9466853236342265,2.3745890030532593,0.40437349627399866,2.9406870490759577e-06,6.022527076507561,0.9999999998317264
650.0,0.6907399414154842,1.5,3.05034547789418,-0.1177109616053967,0.35929202407706645,4.012661938263711,3.9466853236342265,3.5618835045798893,0.40437349627399866,2.9406870490759577e-06,6.022527076507561,0.9999999970863368
650.0,0.6907399414154842,2.0,3.201178356330907,-0.0967501194292427,0.3664307292888115,4.017815675931185,3.9466853236342265,4.7491780061065185,0.40437349627399866,2.9406870490759577e-06,6.022527076507561,0.9999999970125691
650.0,0.6907399414154842,2.5,3.398084881049899,-0.07082576838081585,0.37666497333504095,4.026166501702091,3.9466853236342265,5.936472507633148,0.40437349627399866,2.9406870490759577e-06,6.022527076507561,1.0000000029490355
650.0,0.6907399414154842,3.0,3.6520374640846573,-0.03952476727353744,0.3910456404464862,4.040433079397505,3.9466853236342265,7.123767009159779,0.40437349627399866,2.9406870490759577e-06,6.022527076507561,0.9999999988725109
650.0,0.6907399414154842,3.5,3.975583642328464,-0.002659096313836813,0.41123354990550265,4.0681987361895375,3.9466853236342265,8.311061510686407,0.40437349627399866,2.9406870490759577e-06,6.022527076507561,0.9999999998676542
650.0,0.6907399414154842,4.0,4.641834082456808,0.06462962166370587,0.44378782597952054,4.1410527950313405,3.9466853236342265,9.498356012213037,0.40437349627399866,2.9406870490759577e-06,6.022527076507561,0.9999999990459424
650.0,0.6907399414154842,4.5,5.546320404098973,0.1419449632959272,0.4922166485018342,7.283842348848493,3.9466853236342265,10.685650513739667,0.40437349627399866,2.9406870490759577e-06,6.022527076507561,1.000000001072438
650.0,0.6907399414154842,5.0,6.509095346607682,0.21146064189809693,0.5719725089861883,7.290742811099819,3.9466853236342265,11.872945015266296,0.40437349627399866,2.9406870490759577e-06,6.022527076507561,1.0000000024816942
650.0,0.6907399414154842,5.5,7.344295987747578,0.26389018003177317,0.6980372863559875,3.832334889696472,3.9466853236342265,13.060239516792926,0.40437349627399866,2.9406870490759577e-06,6.022527076507561,1.0000000006526777
650.0,0.6907399414154842,6.0,7.940485900930231,0.297787087627602,0.8307900061397063,7.3132498046799785,3.9466853236342265,14.247534018319557,0.40437349627399866,2.9406870490759577e-06,6.022527076507561,0.9999999971954336
650.0,0.7270946751741939,0.0,2.724663359923231,-0.16674713974617497,0.36951157172268256,3.8068958632190912,3.7493510574525146,0.0,0.3841548214602986,2.7936526966221592e-06,5.721400722682182,1.00000000028744
650.0,0.7270946751741939,0.5,2.7475846027192588,-0.163108917374039,0.370637695418661,3.8075324964160826,3.7493510574525146,1.2497836858175049,0.3841548214602986,2.7936526966221592e-06,5.721400722682182,0.9999999954468122
650.0,0.7270946751741939,1.0,2.817660850438515,-0.15217127354366383,0.3741262310787107,3.8095567791740454,3.7493510574525146,2.4995673716350097,0.3841548214602986,2.7936526966221592e-06,5.721400722682182,0.9999999961257368
650.0,0.7270946751741939,1.5,2.938978561157778,-0.13386357327332693,0.3803298889086292,3.8133684200343767,3.7493510574525146,3.7493510574525146,0.3841548214602986,2.7936526966221592e-06,5.721400722682182,1.0000000056851732
650.0,0.7270946751741939,2.0,3.116537230494616,-0.10838767193957548,0.3899186920198155,3.819879136999808,3.7493510574525146,4.9991347432700195,0.3841548214602986,2.7936526966221592e-06,5.721400722682182,0.9999999969588121
650.0,0.7270946751741939,2.5,3.3509877716886223,-0.07688714830255187,0.4040313586791743,3.8312028955819333,3.7493510574525146,6.248918429087524,0.3841548214602986,2.7936526966221592e-06,5.721400722682182,1.0000000015237747
650.0,0.7270946751741939,3.0,3.660344650379854,-0.038538011750172206,0.42455775440243876,3.853137045816955,3.7493510574525146,7.498702114905029,0.3841548214602986,2.7936526966221592e-06,5.721400722682182,1.00000000225397
650.0,0.7270946751741939,3.5,4.232334118845677,0.02451995414604285,0.45746971505181394,3.908607405927724,3.7493510574525146,8.748485800722534,0.3841548214602986,2.7936526966221592e-06,5.721400722682182,1.0000000028232914
650.0,0.7270946751741939,4.0,5.147414867674112,0.10952918128991532,0.509219696832413,6.9188821078247225,3.7493510574525146,9.998269486540039,0.3841548214602986,2.7936526966221592e-06,5.721400722682182,1.0000000000188285
650.0,0.7270946751741939,4.5,6.158893972467337,0.1874427362939168,0.5989310287330186,6.925999025811862,3.7493510574525146,11.248053172357544,0.3841548214602986,2.7936526966221592e-06,5.721400722682182,1.00000000065351
650.0,0.7270946751741939,5.0,7.025724154106763,0.24463110307466615,0.7466569965757759,3.634132465687933,3.7493510574525146,12.497836858175049,0.3841548214602986,2.7936526966221592e-06,5.721400722682182,1.0000000019467234
650.0,0.7270946751741939,5.5,7.64226990712525,0.281162380562133,0.8962384074117248,6.9506180938761695,3.7493510574525146,13.747620543992555,0.3841548214602986,2.7936526966221592e-06,5.721400722682182,1.0000000003259841
650.0,0.7270946751741939,6.0,8.265458372392459,0.31520695164674983,1.018557375730492,6.975940178453976,3.7493510574525146,14.997404229810058,0.3841548214602986,2.7936526966221592e-06,5.721400722682182,1.0000000026264786
650.0,0.7386277204483878,0.0,2.682120052899964,-0.17358177816096312,0.3753726979714688,3.7474544137186667,3.690808121278665,0.0,0.3781565698031419,2.750032179630246e-06,5.632065903882744,1.00000000028744
650.0,0.7386277204483878,0.5,2.7061567470664456,-0.16970704296345424,0.37659166737610084,3.748122429152222,3.690808121278665,1.269607530391843,0.3781565698031419,2.750032179630246e-06,5.632065903882744,0.999999996261198
650.0,0.7386277204483878,1.0,2.7797340699202158,-0.15805674126976288,0.3803756491392969,3.750254982177016,3.690808121278665,2.539215060783686,0.3781565698031419,2.750032179630246e-06,5.632065903882744,0.9999999978515323
650.0,0.7386277204483878,1.5,2.907431028541057,-0.13855057034512575,0.38713383961919184,3.7543049149518004,3.690808121278665,3.8088225911755296,0.3781565698031419,2.750032179630246e-06,5.632065903882744,0.999999992907196
650.0,0.7386277204483878,2.0,3.0937337897723802,-0.11157705061584552,0.3976496768214426,3.7613300228223987,3.690808121278665,5.078430121567372,0.3781565698031419,2.750032179630246e-06,5.632065903882744,1.000000000188628
650.0,0.7386277204483878,2.5,3.3420313436770273,-0.07804947266402416,0.4132719080588808,3.773883395229898,3.690808121278665,6.348037651959215,0.3781565698031419,2.750032179630246e-06,5.632065903882744,0.9999999970299029
650.0,0.7386277204483878,3.0,3.671340060387782,-0.0372353781369852,0.43627525837900877,3.7994932579940244,3.690808121278665,7.617645182351059,0.3781565698031419,2.750032179630246e-06,5.632065903882744,1.0000000000138705
650.0,0.7386277204483878,3.5,4.343984345894651,0.035828260219720034,0.4747334540386127,3.8730968167269335,3.690808121278665,8.887252712742901,0.3781565698031419,2.750032179630246e-06,5.632065903882744,0.9999999981213819
650.0,0.7386277204483878,4.0,5.3191480159033215,0.1237820842709867,0.5367547755078398,6.812457527384408,3.690808121278665,10.156860243134744,0.3781565698031419,2.750032179630246e-06,5.632065903882744,0.9999999991703616
650.0,0.7386277204483878,4.5,6.334539424652203,0.19965505210560172,0.6465681706407564,6.820300197748391,3.690808121278665,11.42646777352659,0.3781565698031419,2.750032179630246e-06,5.632065903882744,1.0000000012026673
650.0,0.7386277204483878,5.0,7.120150588501608,0.2504291875706484,0.8114801079402028,6.831495078894385,3.690808121278665,12.69607530391843,0.3781565698031419,2.750032179630246e-06,5.632065903882744,0.9999999991868121
650.0,0.7386277204483878,5.5,7.740263497362209,0.28669575404518227,0.9546674636920297,6.849194151470879,3.690808121278665,13.965682834310273,0.3781565698031419,2.750032179630246e-06,5.632065903882744,1.0000000006824168
650.0,0.7386277204483878,6.0,8.362630595996768,0.3202829217113417,1.0851146358036883,6.882187508214503,3.690808121278665,15.235290364702118,0.3781565698031419,2.750032179630246e-06,5.632065903882744,0.9999999989266731
650.0,0.7634494089329036,0.0,2.5949174856411727,-0.18793643881611294,0.3879871503088166,3.6256151078277066,3.5708105309071576,0.0,0.365861734724094,2.660621615830628e-06,5.448953069221126,1.00000000028744
650.0,0.7634494089329036,0.5,2.6214786389838935,-0.18351366809539338,0.38942688904512057,3.626354368317949,3.5708105309071576,1.31227287010838,0.365861734724094,2.660621615830628e-06,5.448953069221126,0.9999999989817706
650.0,0.7634494089329036,1.0,2.7030165606676713,-0.17021128481364178,0.39391816261461154,3.6287359020310253,3.5708105309071576,2.62454574021676,0.365861734724094,2.660621615830628e-06,5.448953069221126,1.0000000077829772
650.0,0.7634494089329036,1.5,2.845351130584121,-0.14792412317491893,0.4020200770690307,3.6333514837090313,3.5708105309071576,3.9368186103251404,0.365861734724094,2.660621615830628e-06,5.448953069221126,1.0000000051665603
650.0,0.7634494089329036,2.0,3.0518754166480004,-0.1174931904090276,0.41482502463873977,3.641660617456376,3.5708105309071576,5.24909148043352,0.365861734724094,2.660621615830628e-06,5.448953069221126,1.0000000024344822
650.0,0.7634494089329036,2.5,3.33261058168094,-0.07927542237423442,0.43426861315382154,3.657551400421162,3.5708105309071576,6.561364350541901,0.365861734724094,2.660621615830628e-06,5.448953069221126,0.9999999960327765
650.0,0.7634494089329036,3.0,3.7502002823327825,-0.028005529149776477,0.4645348362098407,3.6948901382136534,3.5708105309071576,7.873637220650281,0.365861734724094,2.660621615830628e-06,5.448953069221126,1.0000000019995974
650.0,0.7634494089329036,3.5,4.635124711479022,0.0640014323259159,0.5170421966148988,6.587810345040539,3.5708105309071576,9.185910090758663,0.365861734724094,2.660621615830628e-06,5.448953069221126,0.9999999999264315
650.0,0.7634494089329036,4.0,5.699975099670509,0.1538129671341227,0.6068380253781159,6.594817557231813,3.5708105309071576,10.49818296086704,0.365861734724094,2.660621615830628e-06,5.448953069221126,1.000000002925019
650.0,0.7634494089329036,4.5,6.641621712313652,0.22021414447319396,0.7706538728285871,3.467753869674534,3.5708105309071576,11.81045583097542,0.365861734724094,2.660621615830628e-06,5.448953069221126,0.9999999995456461
650.0,0.7634494089329036,5.0,7.2920324601609225,0.26078860190201325,0.9443627041707221,6.62008205830992,3.5708105309071576,13.122728701083801,0.365861734724094,2.660621615830628e-06,5.448953069221126,1.0000000002650609
650.0,0.7634494089329036,5.5,7.945769804245424,0.29807598769063864,1.0869083052661987,6.648148855943072,3.5708105309071576,14.435001571192181,0.365861734724094,2.660621615830628e-06,5.448953069221126,1.000000001001905
650.0,0.7634494089329036,6.0,8.548306560436313,0.3298200971662378,1.2389820012940338,6.717689967658662,3.5708105309071576,15.747274441300561,0.365861734724094,2.660621615830628e-06,5.448953069221126,1.0000000007941885
650.0,0.8164016305125923,0.0,2.4266098285454767,-0.21706003903052834,0.41489761917923007,3.3904558830331415,3.3392059586172134,0.0,0.3421317580550423,2.488052355707133e-06,5.095531224488209,1.00000000028744
650.0,0.8164016305125923,0.5,2.4591473928777843,-0.21127543168435392,0.4169169254715639,3.391364765426254,3.3392059586172134,1.4032910344791119,0.3421317580550423,2.488052355707133e-06,5.095531224488209,1.0000000001531386
650.0,0.8164016305125923,1.0,2.559746123038078,-0.1938630974345331,0.4232933713623111,3.3943607925665558,3.3392059586172134,2.8065820689582237,0.3421317580550423,2.488052355707133e-06,5.095531224488209,0.9999999983534826
650.0,0.8164016305125923,1.5,2.737867897674796,-0.1646475017648142,0.4350883311176512,3.400482345332556,3.3392059586172134,4.209873103437335,0.3421317580550423,2.488052355707133e-06,5.095531224488209,1.0000000012205548
650.0,0.8164016305125923,2.0,2.9947947311013774,-0.12569293094823006,0.4544802360052683,3.412689042887378,3.3392059586172134,5.613164137916447,0.3421317580550423,2.488052355707133e-06,5.095531224488209,1.000000000638601
650.0,0.8164016305125923,2.5,3.3589710216883755,-0.0758537341892216,0.4856164477144473,3.4414967887713077,3.3392059586172134,7.01645517239556,0.3421317580550423,2.488052355707133e-06,5.095531224488209,1.000000000421253
650.0,0.8164016305125923,3.0,4.199105655638836,0.021096810931708256,0.5435593419964867,3.564193214725685,3.3392059586172134,8.41974620687467,0.3421317580550423,2.488052355707133e-06,5.095531224488209,0.9999999991699348
650.0,0.8164016305125923,3.5,5.334787181039152,0.12505710760705704,0.6494964089857456,6.167110125785508,3.3392059586172134,9.823037241353783,0.3421317580550423,2.488052355707133e-06,5.095531224488209,0.9999999993857638
650.0,0.8164016305125923,4.0,6.307795854753528,0.19781763806753402,0.854148501220439,3.2285029317449574,3.3392059586172134,11.226328275832895,0.3421317580550423,2.488052355707133e-06,5.095531224488209,0.9999999990399007
650.0,0.8164016305125923,4.5,7.000034797388906,0.24304020758292655,1.0545002396017755,6.196609199541704,3.3392059586172134,12.629619310312005,0.3421317580550423,2.488052355707133e-06,5.095531224488209,1.0000000006810554
650.0,0.8164016305125923,5.0,7.678891289801976,0.2832385279899652,1.2315476361228375,6.236865951656523,3.3392059586172134,14.03291034479112,0.3421317580550423,2.488052355707133e-06,5.095531224488209,1.0000000016512574
650.0,0.8164016305125923,5.5,8.336148349601382,0.3189054433750872,1.4180079891858974,8.915772684829033,3.3392059586172134,15.43620137927023,0.3421317580550423,2.488052355707133e-06,5.095531224488209,0.9999999984200925
650.0,0.8164016305125923,6.0,9.170682197945805,0.36034165227917553,1.5753995127704996,8.925622104414272,3.3392059586172134,16.83949241374934,0.3421317580550423,2.488052355707133e-06,5.095531224488209,1.0000000016341384
650.0,0.8459802007139411,0.0,2.341766650059335,-0.23251637456286334,0.4299295322678408,3.271913111859255,3.222455072744981,0.0,0.33016957712551037,2.401060921148963e-06,4.9173727665130755,1.00000000028744
650.0,0.8459802007139411,0.5,2.3780121085464656,-0.22584592966533773,0.432346840788396,3.272928019384749,3.222455072744981,1.454132851576173,0.33016957712551037,2.401060921148963e-06,4.9173727665130755,1.0000000059716971
650.0,0.8459802007139411,1.0,2.4905966533489474,-0.2057565911332375,0.4400410638202906,3.2763247530111412,3.222455072744981,2.908265703152346,0.33016957712551037,2.401060921148963e-06,4.9173727665130755,0.9999999970863368
650.0,0.8459802007139411,1.5,2.6892715684514634,-0.17242533089537226,0.45451058064527494,3.283521314136473,3.222455072744981,4.362398554728519,0.33016957712551037,2.401060921148963e-06,4.9173727665130755,0.9999999995092315
650.0,0.8459802007139411,2.0,2.981876102845085,-0.12757039680137816,0.47893114261687353,3.298999794795345,3.222455072744981,5.816531406304692,0.33016957712551037,2.401060921148963e-06,4.9173727665130755,0.9999999988725109
650.0,0.8459802007139411,2.5,3.4834160970821073,-0.06005463691756941,0.5214363001444412,3.342918900505141,3.222455072744981,7.270664257880865,0.33016957712551037,2.401060921148963e-06,4.9173727665130755,1.0000000014960317
650.0,0.8459802007139411,3.0,4.528551646676494,0.053899333768086484,0.6028398158661781,5.947232373851371,3.222455072744981,8.724797109457038,0.33016957712551037,2.401060921148963e-06,4.9173727665130755,1.000000001072438
650.0,0.8459802007139411,3.5,5.677867759000812,0.15212528199660108,0.7717614911487207,5.956338653507964,3.222455072744981,10.17892996103321,0.33016957712551037,2.401060921148963e-06,4.9173727665130755,0.9999999991728602
650.0,0.8459802007139411,4.0,6.483379589014346,0.20974145809976125,1.0175057992229926,5.971243460991561,3.222455072744981,11.633062812609383,0.33016957712551037,2.401060921148963e-06,4.9173727665130755,0.9999999971954336
650.0,0.8459802007139411,4.5,7.199938741320169,0.255268810045001,1.2129112838483658,6.0014554901015975,3.222455072744981,13.087195664185558,0.33016957712551037,2.401060921148963e-06,4.9173727665130755,1.000000001133577
650.0,0.8459802007139411,5.0,7.866143852875496,0.29370189302122646,1.4204611072808846,6.101049360411817,3.222455072744981,14.54132851576173,0.33016957712551037,2.401060921148963e-06,4.9173727665130755,1.0000000000737992
650.0,0.8459802007139411,5.5,8.65676761731429,0.3352957681238697,1.6046457149408027,8.611471341168702,3.222455072744981,15.995461367337903,0.33016957712551037,2.401060921148963e-06,4.9173727665130755,1.0000000009548375
650.0,0.8459802007139411,6.0,9.810973497679791,0.38965211122979426,1.744142026896537,8.626071736159675,3.222455072744981,17.449594218914076,0.33016957712551037,2.401060921148963e-06,4.9173727665130755,0.9999999994196668
650.0,0.8905054744357275,0.0,2.2246783175563682,-0.25479276927401556,0.4525574023872007,3.1083174562662923,3.0613323191077324,0.0,0.3136610982692349,2.281007875091515e-06,4.671504128187422,1.00000000028744
650.0,0.8905054744357275,0.5,2.267036864252467,-0.24660140908796618,0.45569190054999587,3.1095084316296764,3.0613323191077324,1.5306661595538664,0.3136610982692349,2.281007875091515e-06,4.671504128187422,0.9999999982627981
650.0,0.8905054744357275,1.0,2.399665946605214,-0.2219092028011675,0.46580708087777634,3.1136022767758336,3.0613323191077324,3.061332319107733,0.3136610982692349,2.281007875091515e-06,4.671504128187422,1.0000000056851732
650.0,0.8905054744357275,1.5,2.633406359430535,-0.18154211131744583,0.4853830349221719,3.122869653458862,3.0613323191077324,4.5919984786615995,0.3136610982692349,2.281007875091515e-06,4.671504128187422,1.0000000019519713
650.0,0.8905054744357275,2.0,2.9886588920522437,-0.12658364127801278,0.5199749323139168,3.146073223755503,3.0613323191077324,6.122664638215466,0.3136610982692349,2.281007875091515e-06,4.671504128187422,1.00000000225397
650.0,0.8905054744357275,2.5,3.7974216106666043,-0.02257117374542635,0.5887914215715818,3.253839897006013,3.0613323191077324,7.653330797769331,0.3136610982692349,2.281007875091515e-06,4.671504128187422,1.000000001022848
650.0,0.8905054744357275,3.0,5.028715870815962,0.09939710676607624,0.7335377057580531,5.655054524084147,3.0613323191077324,9.183996957323199,0.3136610982692349,2.281007875091515e-06,4.671504128187422,1.00000000065351
650.0,0.8905054744357275,3.5,5.997447268212848,0.17590644685007034,1.0118003174375987,5.6684299383850245,3.0613323191077324,10.714663116877066,0.3136610982692349,2.281007875091515e-06,4.671504128187422,1.0000000007477603
650.0,0.8905054744357275,4.0,6.7487185008588915,0.22716132211890933,1.2474729221439955,5.695831304464023,3.0613323191077324,12.245329276430931,0.3136610982692349,2.281007875091515e-06,4.671504128187422,1.0000000026264786
650.0,0.8905054744357275,4.5,7.455162677201292,0.27039713319344955,1.4892100860938458,5.790497266711483,3.0613323191077324,13.775995435984797,0.3136610982692349,2.281007875091515e-06,4.671504128187422,1.0000000004507135
650.0,0.8905054744357275,5.0,8.307885418254482,0.31743050681880614,1.7026958337315536,8.181782194309942,3.0613323191077324,15.306661595538662,0.3136610982692349,2.281007875091515e-06,4.671504128187422,1.0000000001549096
650.0,0.8905054744357275,5.5,9.540592233027178,0.37751534307766044,1.8598844120308784,8.198332505155474,3.0613323191077324,16.83732775509253,0.3136610982692349,2.281007875091515e-06,4.671504128187422,0.9999999988884348
650.0,0.8905054744357275,6.0,10.62374712227538,0.42421773327999207,2.019309697433776,8.232702183623774,3.0613323191077324,18.367993914646398,0.3136610982692349,2.281007875091515e-06,4.671504128187422,1.0000000004032377
650.0,0.9023647554129298,0.0,2.1954406006646914,-0.2605382999000934,0.45858432254355747,3.0674665588225682,3.0210989213391377,0.0,0.30953882390769855,2.2510298499751165e-06,4.610109132749039,1.00000000028744
650.0,0.9023647554129298,0.5,2.2395396028309733,-0.25190124464598895,0.4619364768334771,3.0687078935680754,3.0210989213391377,1.5510507619954705,0.30953882390769855,2.2510298499751165e-06,4.610109132749039,0.9999999994792634
650.0,0.9023647554129298,1.0,2.377943133704585,-0.22585852666917616,0.47279787087923114,3.0730093766967386,3.0210989213391377,3.102101523990941,0.30953882390769855,2.2510298499751165e-06,4.610109132749039,1.0000000022344018
650.0,0.9023647554129298,1.5,2.621943631474827,-0.18343664066443252,0.4939971851319539,3.082947710629282,3.0210989213391377,4.653152285986412,0.30953882390769855,2.2510298499751165e-06,4.610109132749039,0.9999999987338445
650.0,0.9023647554129298,2.0,2.995968367296543,-0.12552276774148285,0.5319740391722103,3.10913695575457,3.0210989213391377,6.204203047981882,0.30953882390769855,2.2510298499751165e-06,4.610109132749039,0.9999999981251588
650.0,0.9023647554129298,2.5,3.9084351276250415,-0.010057083413560559,0.6099836279019186,5.573568084468708,3.0210989213391377,7.755253809977353,0.30953882390769855,2.2510298499751165e-06,4.610109132749039,1.0000000027101787
650.0,0.9023647554129298,3.0,5.150198499889488,0.1097639766929045,0.7821256210442358,5.58239812897994,3.0210989213391377,9.306304571972824,0.30953882390769855,2.2510298499751165e-06,4.610109132749039,0.9999999997417142
650.0,0.9023647554129298,3.5,6.055255594719818,0.18007248827887737,1.076702824969024,5.5974695813867905,3.0210989213391377,10.857355333968295,0.30953882390769855,2.2510298499751165e-06,4.610109132749039,0.9999999990134176
650.0,0.9023647554129298,4.0,6.816872412122339,0.23152517428120684,1.3158272842597563,5.631118046050587,3.0210989213391377,12.408406095963764,0.30953882390769855,2.2510298499751165e-06,4.610109132749039,0.9999999982576291
650.0,0.9023647554129298,4.5,7.538736868455958,0.2752385936646156,1.5663712705742021,8.066381758497245,3.0210989213391377,13.959456857959236,0.30953882390769855,2.2510298499751165e-06,4.610109132749039,0.9999999994329688
650.0,0.9023647554129298,5.0,8.506248357406657,0.327678067355313,1.7737179785475965,8.077770340808211,3.0210989213391377,15.510507619954707,0.30953882390769855,2.2510298499751165e-06,4.610109132749039,1.0000000006599084
650.0,0.9023647554129298,5.5,9.788778261619907,0.3886684995204067,1.9282105921703467,8.097791561661927,3.0210989213391377,17.061558381950178,0.30953882390769855,2.2510298499751165e-06,4.610109132749039,1.000000000457631
650.0,0.9023647554129298,6.0,10.75921165891869,0.429720459860755,2.1099867855821457,8.145293453545586,3.0210989213391377,18.612609143945647,0.30953882390769855,2.2510298499751165e-06,4.610109132749039,0.9999999991263783
650.0,0.9350307481575139,0.0,2.1187412548155886,-0.27598206834395367,0.47518527250656084,2.9603023393012307,2.9155545896264115,0.0,0.2987248554945094,2.172388452468109e-06,4.449051550654687,1.00000000028744
650.0,0.9350307481575139,0.5,2.1678893346728287,-0.26602288254261547,0.47920141795334226,2.961690808692969,2.9155545896264115,1.6071994675315597,0.2987248554945094,2.172388452468109e-06,4.449051550654687,1.0000000020726878
650.0,0.9350307481575139,1.0,2.323219469660774,-0.23596975270275958,0.4923720275867468,2.9666190637571037,2.9155545896264115,3.2143989350631195,0.2987248554945094,2.172388452468109e-06,4.449051550654687,1.0000000051665603
650.0,0.9350307481575139,1.5,2.5977026272290593,-0.18747055773386956,0.5187399728787949,2.9787548132182335,2.9155545896264115,4.821598402594679,0.2987248554945094,2.172388452468109e-06,4.449051550654687,0.9999999969146532
650.0,0.9350307481575139,2.0,3.062025708318909,-0.11605115867761719,0.5689366582307344,3.0168651647550204,2.9155545896264115,6.428797870126239,0.2987248554945094,2.172388452468109e-06,4.449051550654687,1.0000000019995974
650.0,0.9350307481575139,2.5,4.212790071358567,0.022509826896414644,0.6807951754752319,5.381568625593189,2.9155545896264115,8.035997337657799,0.2987248554945094,2.172388452468109e-06,4.449051550654687,1.0000000011682904
650.0,0.9350307481575139,3.0,5.422861419919445,0.13216851494535325,0.9438543783648782,2.8314091780881476,2.9155545896264115,9.643196805189358,0.2987248554945094,2.172388452468109e-06,4.449051550654687,0.9999999995456461
650.0,0.9350307481575139,3.5,6.224213608739475,0.19202449745845016,1.244159196091723,5.414748457769247,2.9155545896264115,11.250396272720918,0.2987248554945094,2.172388452468109e-06,4.449051550654687,0.9999999975141373
650.0,0.9350307481575139,4.0,6.979663079318297,0.24177446763839702,1.5174368518313555,5.4849708903257826,2.9155545896264115,12.857595740252478,0.2987248554945094,2.172388452468109e-06,4.449051550654687,1.0000000007941885
650.0,0.9350307481575139,4.5,7.826802330265666,0.29152437431012657,1.7725592506778323,7.7912742845003935,2.9155545896264115,14.464795207784036,0.2987248554945094,2.172388452468109e-06,4.449051550654687,0.9999999991312195
650.0,0.9350307481575139,5.0,9.117587048921544,0.3578199270451133,1.956577834585681,7.808468775501331,2.9155545896264115,16.071994675315597,0.2987248554945094,2.172388452468109e-06,4.449051550654687,0.9999999993508084
650.0,0.9350307481575139,5.5,10.225247666905698,0.4076138445756584,2.1455911157356824,7.847676112992679,2.9155545896264115,17.679194142847155,0.2987248554945094,2.172388452468109e-06,4.449051550654687,1.0000000006331458
650.0,0.9350307481575139,6.0,11.101297250362109,0.44331374022941816,2.394104385833949,10.186211923748663,2.9155545896264115,19.286393610378717,0.2987248554945094,2.172388452468109e-06,4.449051550654687,1.0000000010232022
650.0,0.9973793796812823,0.0,1.9862935418571381,-0.3040165607696587,0.5068710235039623,2.7752465786627636,2.7332961205831294,0.0,0.28005083202695996,2.036587121591682e-06,4.1709304250197645,1.00000000028744
650.0,0.9973793796812823,0.5,2.0461720143421687,-0.291117850837726,0.5124532536011155,2.7769519323543848,2.7332961205831294,1.7143688708734073,0.28005083202695996,2.036587121591682e-06,4.1709304250197645,1.0000000049411217
650.0,0.9973793796812823,1.0,2.2383881156974534,-0.2521245999793159,0.5312615826956606,2.7833511219073563,2.7332961205831294,3.4287377417468146,0.28005083202695996,2.036587121591682e-06,4.1709304250197645,0.9999999991470904
650.0,0.9973793796812823,1.5,2.5813988925838744,-0.19020487192063637,0.5711515349617143,2.801868510921023,2.7332961205831294,5.143106612620222,0.28005083202695996,2.036587121591682e-06,4.1709304250197645,0.999999998298312
650.0,0.9973793796812823,2.0,3.4097657283421587,-0.06933544998454519,0.6613388845421706,2.9100162049260527,2.7332961205831294,6.857475483493629,0.28005083202695996,2.036587121591682e-06,4.1709304250197645,0.999999999490491
650.0,0.9973793796812823,2.5,4.771544595039569,0.07659899578700524,0.8958488598834641,5.051710887701911,2.7332961205831294,8.571844354367036,0.28005083202695996,2.036587121591682e-06,4.1709304250197645,0.9999999984718285
650.0,0.9973793796812823,3.0,5.703546084294026,0.15408496364162752,1.2787823866907027,5.071296094536418,2.7332961205831294,10.286213225240443,0.28005083202695996,2.036587121591682e-06,4.1709304250197645,0.9999999997074064
650.0,0.9973793796812823,3.5,6.519021184748398,0.2121224010336513,1.607739887922307,5.13734595908863,2.7332961205831294,12.00058209611385,0.28005083202695996,2.036587121591682e-06,4.1709304250197645,1.0000000008472811
650.0,0.9973793796812823,4.0,7.454361920645806,0.27035048326152883,1.9143611125666438,7.30546253668804,2.7332961205831294,13.714950966987258,0.28005083202695996,2.036587121591682e-06,4.1709304250197645,1.0000000002617433
650.0,0.9973793796812823,4.5,8.850631966477959,0.34491429064163703,2.1303987406837335,7.326237499331883,2.7332961205831294,15.429319837860664,0.28005083202695996,2.036587121591682e-06,4.1709304250197645,1.0000000001347855
650.0,0.9973793796812823,5.0,9.89946783979736,0.39355185776945384,2.3850110640632627,7.388183299696658,2.7332961205831294,17.14368870873407,0.28005083202695996,2.036587121591682e-06,4.1709304250197645,1.0000000007860275
650.0,0.9973793796812823,5.5,10.845941444109052,0.4332072640758285,2.6973521281990376,9.555689774095201,2.7332961205831294,18.85805757960748,0.28005083202695996,2.036587121591682e-06,4.1709304250197645,1.0000000001378726
650.0,0.9973793796812823,6.0,11.94681178567064,0.47519203038887975,2.9865673759243654,9.57853431415741,2.7332961205831294,20.572426450480886,0.28005083202695996,2.036587121591682e-06,4.1709304250197645,0.9999999992100871
650.0,1.102398582221007,0.0,1.7970707261352814,-0.34749482163922396,0.5602420794565031,2.510864723276966,2.472910645204301,0.0,0.25337199233650626,1.842573124420781e-06,3.7735897588137597,1.00000000028744
650.0,1.102398582221007,0.5,1.8785997376839096,-0.32822573396960436,0.5695823028984818,2.513228844120802,2.472910645204301,1.8948835830740811,0.25337199233650626,1.842573124420781e-06,3.7735897588137597,1.0000000004482774
650.0,1.102398582221007,1.0,2.1425020735703364,-0.27113874041080405,0.6029926669314372,2.5233560167918276,2.472910645204301,3.7897671661481622,0.25337199233650626,1.842573124420781e-06,3.7735897588137597,1.0000000048344173
650.0,1.102398582221007,1.5,2.73783223555292,-0.16465315870817018,0.6871142439308149,2.5718064232555355,2.472910645204301,5.684650749222244,0.25337199233650626,1.842573124420781e-06,3.7735897588137597,1.0000000011025367
650.0,1.102398582221007,2.0,4.186934168287675,0.01983614114813539,0.9461753673832674,4.5691844591007165,2.472910645204301,7.5795343322963245,0.25337199233650626,1.842573124420781e-06,3.7735897588137597,0.9999999972696544
650.0,1.102398582221007,2.5,5.245238699629942,0.11770526546725252,1.4514011265281586,4.591300252091624,2.472910645204301,9.474417915370404,0.25337199233650626,1.842573124420781e-06,3.7735897588137597,0.99999999762934
650.0,1.102398582221007,3.0,6.140783714761313,0.1861638099884436,1.9005483381670494,6.602379618555268,2.472910645204301,11.369301498444488,0.25337199233650626,1.842573124420781e-06,3.7735897588137597,1.0000000002762457
650.0,1.102398582221007,3.5,7.425069130594799,0.26864051014897616,2.2548457965363884,6.618058998265991,2.472910645204301,13.264185081518571,0.25337199233650626,1.842573124420781e-06,3.7735897588137597,0.999999999254626
650.0,1.102398582221007,4.0,8.764761563815329,0.34068011473473425,2.5621528711810395,6.663478066472534,2.472910645204301,15.159068664592649,0.25337199233650626,1.842573124420781e-06,3.7735897588137597,1.0000000003704441
650.0,1.102398582221007,4.5,9.808193948682796,0.3895290537348265,2.9796415941930965,8.645304609296394,2.472910645204301,17.05395224766673,0.25337199233650626,1.842573124420781e-06,3.7735897588137597,1.0000000006676293
650.0,1.102398582221007,5.0,11.07863965799555,0.44242644548178334,3.360726352594609,8.673408257476074,2.472910645204301,18.94883583074081,0.25337199233650626,1.842573124420781e-06,3.7735897588137597,1.0000000000251505
650.0,1.102398582221007,5.5,12.512202677577546,0.4952737793175278,3.619552986238254,10.672517456724204,2.472910645204301,20.843719413814895,0.25337199233650626,1.842573124420781e-06,3.7735897588137597,0.9999999997413712
650.0,1.102398582221007,6.0,13.632848217941675,0.5325266081685575,3.821448198443247,2.4731102722216507,2.472910645204301,22.738602996888975,0.25337199233650626,1.842573124420781e-06,3.7735897588137597,0.9999999997460363
650.0,1.1963966733487683,0.0,1.6558790782134607,-0.3830313723948539,0.6080121753979014,2.313591948848858,2.278619834006966,0.0,0.2334651469269432,1.6978064593864502e-06,3.47710762882345,1.00000000028744
650.0,1.1963966733487683,0.5,1.761117782783562,-0.35627158896522804,0.6223120404557395,2.3167114502235187,2.278619834006966,2.0564544001912863,0.2334651469269432,1.6978064593864502e-06,3.47710762882345,0.9999999970863368
650.0,1.1963966733487683,1.0,2.1085048129798745,-0.2780853946333688,0.6773109173316254,2.332745126032817,2.278619834006966,4.112908800382573,0.2334651469269432,1.6978064593864502e-06,3.47710762882345,0.9999999988725109
650.0,1.1963966733487683,1.5,3.202169578318455,-0.09661566406390412,0.8525442435364482,4.205328340842473,2.278619834006966,6.1693632005738595,0.2334651469269432,1.6978064593864502e-06,3.47710762882345,1.000000001072438
650.0,1.1963966733487683,2.0,4.584441672398496,0.05922646026777068,1.4389705010544311,4.222306743382963,2.278619834006966,8.225817600765145,0.2334651469269432,1.6978064593864502e-06,3.47710762882345,0.9999999971954336
650.0,1.1963966733487683,2.5,5.562203660157139,0.14318689518923586,2.0088353627401303,4.314093375101044,2.278619834006966,10.282272000956432,0.2334651469269432,1.6978064593864502e-06,3.47710762882345,1.0000000000737992
650.0,1.1963966733487683,3.0,6.937405890250881,0.2391371133978037,2.4665893091419817,6.099553819640121,2.278619834006966,12.338726401147719,0.2334651469269432,1.6978064593864502e-06,3.47710762882345,0.9999999994196668
650.0,1.1963966733487683,3.5,8.30781613040271,0.3174268847831551,2.887339351884358,6.167374036563244,2.278619834006966,14.395180801339004,0.2334651469269432,1.6978064593864502e-06,3.47710762882345,0.9999999988726374
650.0,1.1963966733487683,4.0,9.484614621978924,0.37495969804029455,3.4222847969048265,7.974055745797144,2.278619834006966,16.45163520153029,0.2334651469269432,1.6978064593864502e-06,3.47710762882345,0.9999999996746876
650.0,1.1963966733487683,4.5,11.062900336013708,0.441809008588161,3.833891561434821,9.829345250241609,2.278619834006966,18.50808960172158,0.2334651469269432,1.6978064593864502e-06,3.47710762882345,1.000000000954772
650.0,1.1963966733487683,5.0,12.322888886414395,0.4886525412045321,4.089676381693729,2.2769367532758755,2.278619834006966,20.564544001912864,0.2334651469269432,1.6978064593864502e-06,3.47710762882345,1.0000000003850713
650.0,1.1963966733487683,5.5,13.717913679863605,0.5352280743998664,4.497660775008964,2.2857991881706425,2.278619834006966,22.62099840210415,0.2334651469269432,1.6978064593864502e-06,3.47710762882345,0.9999999993197178
650.0,1.1963966733487683,6.0,15.255116960340205,0.5813555503807571,5.014670644322188,11.720429602255402,2.278619834006966,24.677452802295438,0.2334651469269432,1.6978064593864502e-06,3.47710762882345,1.0000000001481095
650.0,1.218475796513094,0.0,1.6258740849113948,-0.3909730825087892,0.6192328482776114,2.2716690138699223,2.237330603557181,0.0,0.22923469298741606,1.6670417301786526e-06,3.4141014634058804,1.00000000028744
650.0,1.218475796513094,0.5,1.737344863773391,-0.3621739566644797,0.6349739781352497,2.2749936659788497,2.237330603557181,2.094405617371248,0.22923469298741606,1.6670417301786526e-06,3.4141014634058804,1.0000000017947843
650.0,1.218475796513094,1.0,2.1076102506706134,-0.278269689167363,0.6967488181943577,2.293065472086626,2.237330603557181,4.188811234742496,0.22923469298741606,1.6670417301786526e-06,3.4141014634058804,1.000000004828874
650.0,1.218475796513094,1.5,3.3323917122911824,-0.07930394562571162,0.9085461260819294,4.13032599674234,2.237330603557181,6.2832168521137435,0.22923469298741606,1.6670417301786526e-06,3.4141014634058804,1.000000001347034
650.0,1.218475796513094,2.0,4.647092173979334,0.06512129536515134,1.5506663505265244,4.15036808748551,2.237330603557181,8.377622469484992,0.22923469298741606,1.6670417301786526e-06,3.4141014634058804,0.9999999994818985
650.0,1.218475796513094,2.5,5.65371822913336,0.15027416893061837,2.151688024157792,5.9745091221499464,2.237330603557181,10.47202808685624,0.22923469298741606,1.6670417301786526e-06,3.4141014634058804,0.9999999983530599
650.0,1.218475796513094,3.0,7.1927325092863095,0.2548339182845145,2.5911515853670437,5.99575584061083,2.237330603557181,12.566433704227487,0.22923469298741606,1.6670417301786526e-06,3.4141014634058804,1.0000000004969403
650.0,1.218475796513094,3.5,8.443089774273432,0.3244414157664457,3.0825667206184844,7.815709496548696,2.237330603557181,14.660839321598736,0.22923469298741606,1.6670417301786526e-06,3.4141014634058804,0.999999999869521
650.0,1.218475796513094,4.0,9.711300243437242,0.38521739004711114,3.629409455659038,7.838871479719184,2.237330603557181,16.755244938969984,0.22923469298741606,1.6670417301786526e-06,3.4141014634058804,0.9999999993681287
650.0,1.218475796513094,4.5,11.31501648256706,0.4515951995993478,3.9996091578454367,9.655744640694115,2.237330603557181,18.849650556341228,0.22923469298741606,1.6670417301786526e-06,3.4141014634058804,0.9999999999936563
650.0,1.218475796513094,5.0,12.578869867025672,0.49758163288446433,4.290132748218791,2.239036508667367,2.237330603557181,20.94405617371248,0.22923469298741606,1.6670417301786526e-06,3.4141014634058804,1.000000000596787
650.0,1.218475796513094,5.5,14.113773631060813,0.5475831562345458,4.7948520248749515,2.252575603534347,2.237330603557181,23.038461791083726,0.22923469298741606,1.6670417301786526e-06,3.4141014634058804,1.0000000002823475
650.0,1.218475796513094,6.0,15.527158536129106,0.5890319959533031,5.3178045141809696,11.524626510456928,2.237330603557181,25.132867408454974,0.22923469298741606,1.6670417301786526e-06,3.4141014634058804,1.0000000001123461
650.0,1.2593649193144931,0.0,1.5730851243027875,-0.4053077671060062,0.6400128162083174,2.197912351406415,2.1646888423066173,0.0,0.22179188958059604,1.6129161364171274e-06,3.303252247382277,1.00000000028744
650.0,1.2593649193144931,0.5,1.696820063426982,-0.3724242006331582,0.6587506912267727,2.2016492838260655,2.1646888423066173,2.1646888423066177,0.22179188958059604,1.6129161364171274e-06,3.303252247382277,1.0000000056851732
650.0,1.2593649193144931,1.0,2.1133009692236153,-0.2770986391100034,0.7353556013723732,2.2246097106269387,2.1646888423066173,4.3293776846132355,0.22179188958059604,1.6129161364171274e-06,3.303252247382277,1.00000000225397
650.0,1.2593649193144931,1.5,3.555839092914381,-0.05111789106591437,1.0373789719950834,3.9987274019595644,2.1646888423066173,6.494066526919853,0.22179188958059604,1.6129161364171274e-06,3.303252247382277,1.00000000065351
650.0,1.2593649193144931,2.0,4.772064616276433,0.07664632428691869,1.7641931251892349,4.027560939881129,2.1646888423066173,8.658755369226471,0.22179188958059604,1.6129161364171274e-06,3.303252247382277,1.0000000026264786
650.0,1.2593649193144931,2.5,5.874562116568581,0.1669155089868155,2.407975540659328,5.785393671787911,2.1646888423066173,10.823444211533086,0.22179188958059604,1.6129161364171274e-06,3.303252247382277,1.0000000001549096
650.0,1.2593649193144931,3.0,7.512123631771991,0.27370273544800144,2.855735160742357,5.821399541529668,2.1646888423066173,12.988133053839706,0.22179188958059604,1.6129161364171274e-06,3.303252247382277,1.0000000004032377
650.0,1.2593649193144931,3.5,8.719227546674366,0.3384180203160177,3.469872002530871,7.569912677937405,2.1646888423066173,15.152821896146323,0.22179188958059604,1.6129161364171274e-06,3.303252247382277,0.9999999994531913
650.0,1.2593649193144931,4.0,10.306827253630578,0.4110650058373083,3.989151303987663,9.336362609436797,2.1646888423066173,17.317510738452942,0.22179188958059604,1.6129161364171274e-06,3.303252247382277,0.9999999997603551
650.0,1.2593649193144931,4.5,11.673278131025969,0.4651328419493031,4.296715841639254,2.162793360951258,2.1646888423066173,19.482199580759556,0.22179188958059604,1.6129161364171274e-06,3.303252247382277,0.9999999992706962
650.0,1.2593649193144931,5.0,13.157792721831784,0.5171230492319331,4.77634359692411,2.1724500995451574,2.1646888423066173,21.646888423066173,0.22179188958059604,1.6129161364171274e-06,3.303252247382277,0.9999999998043795
650.0,1.2593649193144931,5.5,14.726268623440342,0.5660327268970492,5.373758094494319,11.140159532478783,2.1646888423066173,23.81157726537279,0.22179188958059604,1.6129161364171274e-06,3.303252247382277,1.0000000000504425
650.0,1.2593649193144931,6.0,16.137038687387516,0.6057638488645212,5.838322747285385,12.896876141355795,2.1646888423066173,25.97626610767941,0.22179188958059604,1.6129161364171274e-06,3.303252247382277,1.0000000006450185
650.0,1.322333165280218,0.0,1.498176308859798,-0.4264970661759442,0.6720134570187333,2.0932498584823005,2.0616084212443977,0.0,0.2112303710291391,1.5361106061115501e-06,3.1459545213164546,1.00000000028744
650.0,1.322333165280218,0.5,1.6427642411817482,-0.3864847505347501,0.6963191991463169,2.0977164571799354,2.0616084212443977,2.2729232844219487,0.2112303710291391,1.5361106061115501e-06,3.1459545213164546,1.0000000051665603
650.0,1.322333165280218,1.0,2.1651791425198423,-0.26656615650960774,0.8045979382011308,2.133245815923746,2.0616084212443977,4.545846568843897,0.2112303710291391,1.5361106061115501e-06,3.1459545213164546,1.0000000019995974
650.0,1.322333165280218,1.5,3.83454208345995,-0.0183464828866373,1.3348116627888373,2.0021086301399587,2.0616084212443977,6.818769853265845,0.2112303710291391,1.5361106061115501e-06,3.1459545213164546,0.9999999995456461
650.0,1.322333165280218,2.0,4.9353670937833485,0.09125946980640648,2.145979775904635,3.8784601111601766,2.0616084212443977,9.091693137687795,0.2112303710291391,1.5361106061115501e-06,3.1459545213164546,1.0000000007941885
650.0,1.322333165280218,2.5,6.447107630351066,0.20730492921312269,2.7670189095096513,5.521421221840409,2.0616084212443977,11.364616422109743,0.2112303710291391,1.5361106061115501e-06,3.1459545213164546,0.9999999993508084
650.0,1.322333165280218,3.0,7.849802565698623,0.29279874239742765,3.385774892183279,7.202739525885948,2.0616084212443977,13.63753970653169,0.2112303710291391,1.5361106061115501e-06,3.1459545213164546,1.0000000010232022
650.0,1.322333165280218,3.5,9.329516290161504,0.36779913602417,4.058755778685734,7.233732767305786,2.0616084212443977,15.910462990953638,0.2112303710291391,1.5361106061115501e-06,3.1459545213164546,0.9999999997923436
650.0,1.322333165280218,4.0,10.897803424513645,0.4352789784707234,4.4551530229574166,2.057352797215735,2.0616084212443977,18.18338627537559,0.2112303710291391,1.5361106061115501e-06,3.1459545213164546,0.9999999999382081
650.0,1.322333165280218,4.5,12.403176846342063,0.491472944651239,4.9680737973770865,2.0680470628525147,2.0616084212443977,20.45630955979754,0.2112303710291391,1.5361106061115501e-06,3.1459545213164546,1.0000000004372973
650.0,1.322333165280218,5.0,14.055614820714748,0.545789855940566,5.656629007893116,10.610583002503866,2.0616084212443977,22.729232844219485,0.2112303710291391,1.5361106061115501e-06,3.1459545213164546,0.9999999998545321
650.0,1.322333165280218,5.5,15.570002689772203,0.590228696266049,6.185666783614509,12.28496697698016,2.0616084212443977,25.002156128641435,0.2112303710291391,1.5361106061115501e-06,3.1459545213164546,1.0000000005785337
650.0,1.322333165280218,6.0,17.263745311115045,0.6350750289908754,6.793954460460837,13.96754802490555,2.0616084212443977,27.27507941306338,0.2112303710291391,1.5361106061115501e-06,3.1459545213164546,0.9999999996083004
650.0,1.3467753774655815,0.0,1.4709863677271147,-0.43445134337835434,0.6844350584268707,2.055260110485653,2.0241929239622785,0.0,0.20739681597974166,1.5082322070830339e-06,3.0888595601060533,1.00000000028744
650.0,1.3467753774655815,0.5,1.6243587063520617,-0.39137805079030347,0.7112588450340435,2.0600457497938023,2.0241929239622785,2.3149363524274853,0.20739681597974166,1.5082322070830339e-06,3.0888595601060533,0.9999999978708909
650.0,1.3467753774655815,1.0,2.226610948188159,-0.25441565117560627,0.8368651747262879,2.103626112984253,2.0241929239622785,4.629872704854971,0.20739681597974166,1.5082322070830339e-06,3.0888595601060533,0.9999999983746222
650.0,1.3467753774655815,1.5,3.895747081310569,-0.011469237360771972,1.4714709726749127,3.7464811008676695,2.0241929239622785,6.944809057282457,0.20739681597974166,1.5082322070830339e-06,3.0888595601060533,0.9999999987717775
650.0,1.3467753774655815,2.0,5.002124034058993,0.097094465086819,2.3057929194047504,5.404091690893805,2.0241929239622785,9.259745409709941,0.20739681597974166,1.5082322070830339e-06,3.0888595601060533,0.9999999999758027
650.0,1.3467753774655815,2.5,6.667782811374839,0.2219214538535572,2.910180754096884,5.428406372321265,2.0241929239622785,11.574681762137427,0.20739681597974166,1.5082322070830339e-06,3.0888595601060533,0.9999999993867665
650.0,1.3467753774655815,3.0,7.9870110585204666,0.3003242944130219,3.6164455173119316,7.075960129540868,2.0241929239622785,13.889618114564914,0.20739681597974166,1.5082322070830339e-06,3.0888595601060533,0.999999999766513
650.0,1.3467753774655815,3.5,9.646436188687641,0.38230690445582427,4.268346329645926,8.730460395210935,2.0241929239622785,16.2045544669924,0.20739681597974166,1.5082322070830339e-06,3.0888595601060533,1.0000000002452452
650.0,1.3467753774655815,4.0,11.101797533526344,0.4433333113945885,4.650096654730245,2.023939761045247,2.0241929239622785,18.519490819419882,0.20739681597974166,1.5082322070830339e-06,3.0888595601060533,1.0000000006165766
650.0,1.3467753774655815,4.5,12.762250637164566,0.5038672781284989,5.296598567699405,2.037809928480443,2.0241929239622785,20.83442717184737,0.20739681597974166,1.5082322070830339e-06,3.0888595601060533,1.0000000002512048
650.0,1.3467753774655815,5.0,14.313473312977267,0.5536850412875615,5.983616501778514,10.438392108691597,2.0241929239622785,23.149363524274854,0.20739681597974166,1.5082322070830339e-06,3.0888595601060533,1.0000000003710847
650.0,1.3467753774655815,5.5,15.990636653061099,0.6018057638133347,6.52124462780306,12.072127967987356,2.0241929239622785,25.46429987670234,0.20739681597974166,1.5082322070830339e-06,3.0888595601060533,0.9999999998627322
650.0,1.3467753774655815,6.0,17.584802304650868,0.6430774988409587,7.240779264919937,13.720725182291647,2.0241929239622785,27.77923622912983,0.20739681597974166,1.5082322070830339e-06,3.0888595601060533,0.9999999999658657
650.0,1.4885842809008711,0.0,1.3308539167452995,-0.47792960424791964,0.7565027444955251,1.8594672445513987,1.8313596510522316,0.0,0.18763930850945,1.364551558189715e-06,2.794601591172536,1.00000000028744
650.0,1.4885842809008711,0.5,1.541659360773032,-0.4140715670807739,0.8030043005214776,1.8666368540757117,1.8313596510522316,2.5586879023540954,0.18763930850945,1.364551558189715e-06,2.794601591172536,0.9999999968823984
650.0,1.4885842809008711,1.0,2.705976885868416,-0.16973590874214312,1.1027566152050843,3.3807230920342457,1.8313596510522316,5.117375804708191,0.18763930850945,1.364551558189715e-06,2.794601591172536,0.9999999980900226
650.0,1.4885842809008711,1.5,4.202281628218736,0.021425163234781032,2.2363486907371852,3.41964756227422,1.8313596510522316,7.676063707062287,0.18763930850945,1.364551558189715e-06,2.794601591172536,0.9999999984826947
650.0,1.4885842809008711,2.0,5.844886220518409,0.16471607005835456,3.1516512392277205,4.906940264354381,1.8313596510522316,10.234751609416382,0.18763930850945,1.364551558189715e-06,2.794601591172536,1.0000000011135064
650.0,1.4885842809008711,2.5,7.361055836771585,0.264880120726434,4.090749231453243,6.403999597098946,1.8313596510522316,12.793439511770478,0.18763930850945,1.364551558189715e-06,2.794601591172536,0.9999999995178217
650.0,1.4885842809008711,3.0,9.213681372225716,0.36237319806505774,4.871451830220718,7.90311173838265,1.8313596510522316,15.352127414124574,0.18763930850945,1.364551558189715e-06,2.794601591172536,1.000000000219925
650.0,1.4885842809008711,3.5,10.81869943630114,0.43211506412034867,5.496574082257185,1.8357940076602852,1.8313596510522316,17.91081531647867,0.18763930850945,1.364551558189715e-06,2.794601591172536,1.0000000005069813
650.0,1.4885842809008711,4.0,12.64973579763646,0.5000214636046784,6.462814913389548,9.431080224427157,1.8313596510522316,20.469503218832763,0.18763930850945,1.364551558189715e-06,2.794601591172536,1.0000000007214398
650.0,1.4885842809008711,4.5,14.459183859188313,0.5580837888052367,7.204490701299136,10.92194502540164,1.8313596510522316,23.02819112118686,0.18763930850945,1.364551558189715e-06,2.794601591172536,0.9999999997847312
650.0,1.4885842809008711,5.0,16.196337790386934,0.6073568344969441,8.16781088853127,12.417588901542919,1.8313596510522316,25.586879023540956,0.18763930850945,1.364551558189715e-06,2.794601591172536,0.9999999992884908
650.0,1.4885842809008711,5.5,18.13649039798837,0.6564932589676536,8.929033189957968,1.8272846029087182,1.8313596510522316,28.145566925895046,0.18763930850945,1.364551558189715e-06,2.794601591172536,0.999999999791057
650.0,1.4885842809008711,6.0,19.914662838205935,0.6971129667311581,9.763294864164818,1.836296441881527,1.8313596510522316,30.704254828249148,0.18763930850945,1.364551558189715e-06,2.794601591172536,0.999999999886194
650.0,1.645324972836306,0.0,1.2040710822174512,-0.5214078651174849,0.8361588077394041,1.6823264441903385,1.656896500229369,0.0,0.16976398567923862,1.2345585422546733e-06,2.5283758945375707,1.00000000028744
650.0,1.645324972836306,0.5,1.4954606307691982,-0.4272850069694849,0.9189964704716708,1.6939041647171247,1.656896500229369,2.8281053061299146,0.16976398567923862,1.2345585422546733e-06,2.5283758945375707,1.0000000059052083
650.0,1.645324972836306,1.0,3.174358054160526,-0.10040407956575406,1.778708752643457,3.066370519998234,1.656896500229369,5.656210612259829,0.16976398567923862,1.2345585422546733e-06,2.5283758945375707,1.0000000019886195
650.0,1.645324972836306,1.5,4.648198699229468,0.06522469348771573,3.2255514458525005,4.429979938697226,1.656896500229369,8.484315918389745,0.16976398567923862,1.2345585422546733e-06,2.5283758945375707,0.9999999987884403
650.0,1.645324972836306,2.0,6.503993183051218,0.21112008606666086,4.389282391415702,5.791511225611157,1.656896500229369,11.312421224519658,0.16976398567923862,1.2345585422546733e-06,2.5283758945375707,1.000000001285665
650.0,1.645324972836306,2.5,8.490534806125641,0.32687505533932826,5.441473946760427,7.152154863818343,1.656896500229369,14.140526530649572,0.16976398567923862,1.2345585422546733e-06,2.5283758945375707,0.9999999997865305
650.0,1.645324972836306,3.0,10.382133734343515,0.41422662748508166,6.4277114363774706,1.6666380687986884,1.656896500229369,16.96863183677949,0.16976398567923862,1.2345585422546733e-06,2.5283758945375707,0.9999999998832301
650.0,1.645324972836306,3.5,12.285994987276293,0.48735034246213516,7.59965440339286,9.870850874171905,1.656896500229369,19.796737142909404,0.16976398567923862,1.2345585422546733e-06,2.5283758945375707,0.9999999994768497
650.0,1.645324972836306,4.0,14.324184129748414,0.5540099036717553,8.792954557059977,11.230178698154484,1.656896500229369,22.624842449039317,0.16976398567923862,1.2345585422546733e-06,2.5283758945375707,1.0000000000183205
650.0,1.645324972836306,4.5,16.400843904645786,0.6128062038966596,9.865783533667665,1.6531043422135765,1.656896500229369,25.452947755169234,0.16976398567923862,1.2345585422546733e-06,2.5283758945375707,1.00000000005724
650.0,1.645324972836306,5.0,18.42760365804296,0.6634088715224887,11.028520465234891,1.6651746950090986,1.656896500229369,28.281053061299144,0.16976398567923862,1.2345585422546733e-06,2.5283758945375707,1.0000000003888936
650.0,1.645324972836306,5.5,20.419444292820295,0.7079839274295077,12.073236025997996,15.310034249784511,1.656896500229369,31.10915836742906,0.16976398567923862,1.2345585422546733e-06,2.5283758945375707,0.9999999997091374
650.0,1.645324972836306,6.0,22.505997011842876,0.7502382655444367,13.242134487032624,16.671007148176663,1.656896500229369,33.93726367355898,0.16976398567923862,1.2345585422546733e-06,2.5283758945375707,1.0000000000935696
650.0,1.8185696980492723,0.0,1.0893661226003415,-0.5648861259870501,0.9242022674040906,1.5220608338841202,1.4990534551173387,0.0,0.1535915425325142,1.116949216837201e-06,2.287511996082588,1.00000000028744
650.0,1.8185696980492723,0.5,1.500670291086369,-0.42577470647358834,1.0784396348180896,1.544188560687372,1.4990534551173387,3.125891053458114,0.1535915425325142,1.116949216837201e-06,2.287511996082588,1.0000000004833343
650.0,1.8185696980492723,1.0,3.425513403907858,-0.0673343200909139,2.7122382994754646,2.797786517606896,1.4990534551173387,6.251782106916228,0.1535915425325142,1.116949216837201e-06,2.287511996082588,1.00000000084289
650.0,1.8185696980492723,1.5,5.416048894268667,0.1316225850314057,4.3341123562098485,4.050227788847328,1.4990534551173387,9.377673160374343,0.1535915425325142,1.116949216837201e-06,2.287511996082588,1.0000000003024014
650.0,1.8185696980492723,2.0,7.50217229170569,0.27312704242407143,5.9329250242420715,6.4686197585167005,1.4990534551173387,12.503564213832457,0.1535915425325142,1.116949216837201e-06,2.287511996082588,1.0000000001142126
650.0,1.8185696980492723,2.5,9.603530478441327,0.38037092769482067,7.2735651189054344,1.5151259663827095,1.4990534551173387,15.62945526729057,0.1535915425325142,1.116949216837201e-06,2.287511996082588,1.0000000003527216
650.0,1.8185696980492723,3.0,11.76069407060096,0.4683729615462753,8.755439408173464,8.93887879004578,1.4990534551173387,18.755346320748686,0.1535915425325142,1.116949216837201e-06,2.287511996082588,0.9999999999311874
650.0,1.8185696980492723,3.5,13.972218530967911,0.5432053782264884,10.448775694244683,11.383962668647943,1.4990534551173387,21.8812373742068,0.1535915425325142,1.116949216837201e-06,2.287511996082588,0.99999999995532
650.0,1.8185696980492723,4.0,16.20335140001475,0.6075448592640499,11.854427139461889,1.5026134131768505,1.4990534551173387,25.007128427664913,0.1535915425325142,1.116949216837201e-06,2.287511996082588,0.9999999997861545
650.0,1.8185696980492723,4.5,18.464466116268635,0.6642767635991634,13.339513611871348,13.851441692778428,1.4990534551173387,28.13301948112303,0.1535915425325142,1.116949216837201e-06,2.287511996082588,0.9999999996434638
650.0,1.8185696980492723,5.0,20.75123234838325,0.7149839018266723,14.914382675493247,15.087843923940941,1.4990534551173387,31.25891053458114,0.1535915425325142,1.116949216837201e-06,2.287511996082588,0.9999999995995226
650.0,1.8185696980492723,5.5,23.05228277693668,0.7606539470024031,16.300916384030128,1.5009728559222324,1.4990534551173387,34.38480158803926,0.1535915425325142,1.116949216837201e-06,2.287511996082588,1.0000000000100966
650.0,1.8185696980492723,6.0,25.367793678380394,0.8022227054967591,17.916658765326762,18.765378220542846,1.4990534551173387,37.51069264149737,0.1535915425325142,1.116949216837201e-06,2.287511996082588,0.9999999999172958
650.0,2.0100562510528768,0.0,0.9855884478878172,-0.6083643868566153,1.0215162755793934,1.3770628108737706,1.3562472133824592,0.0,0.13895975546951425,1.0105438586288427e-06,2.06959382247187,1.00000000028744
650.0,2.0100562510528768,0.5,1.7335382784767785,-0.3631265555185873,1.3498450694163115,1.4564684097012484,1.3562472133824592,3.4550321930765544,0.13895975546951425,1.0105438586288427e-06,2.06959382247187,1.0000000000830715
650.0,2.0100562510528768,1.0,3.7783299753152146,-0.024760107567281968,3.920484107073131,3.6258315011224074,1.3562472133824592,6.910064386153109,0.13895975546951425,1.0105438586288427e-06,2.06959382247187,1.0000000003005063
650.0,2.0100562510528768,1.5,6.054129900212412,0.1799917438159171,6.112172987192583,4.756203549237017,1.3562472133824592,10.365096579229663,0.13895975546951425,1.0105438586288427e-06,2.06959382247187,1.0000000005981757
650.0,2.0100562510528768,2.0,8.445481436160845,0.3245644203183741,7.803988656420241,1.3633208556749763,1.3562472133824592,13.820128772306218,0.13895975546951425,1.0105438586288427e-06,2.06959382247187,1.000000000243477
650.0,2.0100562510528768,2.5,10.882955513568557,0.4346868625753633,9.866438276455307,8.091757100042482,1.3562472133824592,17.275160965382774,0.13895975546951425,1.0105438586288427e-06,2.06959382247187,0.9999999998664983
650.0,2.0100562510528768,3.0,13.352123017834808,0.5234903336704235,12.006018380094485,9.237406666455374,1.3562472133824592,20.730193158459326,0.13895975546951425,1.0105438586288427e-06,2.06959382247187,1.0000000001155032
650.0,2.0100562510528768,3.5,15.826938463778225,0.5973369224682178,14.120713750497108,11.430343933347107,1.3562472133824592,24.185225351535884,0.13895975546951425,1.0105438586288427e-06,2.06959382247187,1.0000000006303047
650.0,2.0100562510528768,4.0,18.325724506149072,0.6610011621245075,16.087939921321123,13.644932658514007,1.3562472133824592,27.640257544612435,0.13895975546951425,1.0105438586288427e-06,2.06959382247187,0.9999999999547231
650.0,2.0100562510528768,4.5,20.84585978508767,0.7169598209296847,18.007901480308632,1.3579592443694832,1.3562472133824592,31.09528973768899,0.13895975546951425,1.0105438586288427e-06,2.06959382247187,1.0000000004435057
650.0,2.0100562510528768,5.0,23.416082702531078,0.767454251971597,20.11829513556393,16.981785796720605,1.3562472133824592,34.55032193076555,0.13895975546951425,1.0105438586288427e-06,2.06959382247187,1.000000000071335
650.0,2.0100562510528768,5.5,26.0028065472329,0.812960233650408,22.178372823927308,18.109927594700824,1.3562472133824592,38.0053541238421,0.13895975546951425,1.0105438586288427e-06,2.06959382247187,0.9999999998134276
650.0,2.0100562510528768,6.0,28.584812092516696,0.854075350317612,24.195392361009535,20.322180306278725,1.3562472133824592,41.46038631691865,0.13895975546951425,1.0105438586288427e-06,2.06959382247187,1.000000000012833
650.0,2.2217054076787313,0.0,0.8916970781973648,-0.6518426477261804,1.1290769759790535,1.245877919512869,1.2270453048411845,0.0,0.12572185500421973,9.142751298077265e-07,1.8724354658462237,1.00000000028744
650.0,2.2217054076787313,0.5,2.1207357756550396,-0.2755734285743327,1.965187421061165,2.2676215953482513,1.2270453048411845,3.818830295441498,0.12572185500421973,9.142751298077265e-07,1.8724354658462237,1.0000000007468588
650.0,2.2217054076787313,1.0,4.412552031973877,0.042629848215997204,5.2613630888402865,3.3127596711376324,1.2270453048411845,7.637660590882996,0.12572185500421973,9.142751298077265e-07,1.8724354658462237,1.0000000002926923
650.0,2.2217054076787313,1.5,6.878613978822259,0.23544094661831097,7.8032768732236075,1.2278625914101442,1.2270453048411845,11.456490886324493,0.12572185500421973,9.142751298077265e-07,1.8724354658462237,1.000000000377156
650.0,2.2217054076787313,2.0,9.56527823094648,0.3786376158014105,10.643300690533072,7.315941286644506,1.2270453048411845,15.275321181765992,0.12572185500421973,9.142751298077265e-07,1.8724354658462237,0.9999999998432891
650.0,2.2217054076787313,2.5,12.314408754369284,0.4883535737810638,13.45771439992633,1.2259244903381457,1.2270453048411845,19.094151477207493,0.12572185500421973,9.142751298077265e-07,1.8724354658462237,1.0000000002856564
650.0,2.2217054076787313,3.0,15.029378694011328,0.5748810361425332,16.229469251369455,11.337214362095914,1.2270453048411845,22.912981772648987,0.12572185500421973,9.142751298077265e-07,1.8724354658462237,1.0000000002242146
650.0,2.2217054076787313,3.5,17.891328865430154,0.6505826073439624,18.94143534317542,3.258657620733616,1.2270453048411845,26.731812068090488,0.12572185500421973,9.142751298077265e-07,1.8724354658462237,0.9999999998130288
650.0,2.2217054076787313,4.0,20.650254877332145,0.7128654250100167,21.792150996723965,15.359460073672333,1.2270453048411845,30.550642363531985,0.12572185500421973,9.142751298077265e-07,1.8724354658462237,0.9999999997655488
650.0,2.2217054076787313,4.5,23.513836840228784,0.7692635090254846,24.50474807862175,16.384485291648204,1.2270453048411845,34.36947265897348,0.12572185500421973,9.142751298077265e-07,1.8724354658462237,1.0000000001533385
650.0,2.2217054076787313,5.0,26.342141048884443,0.8185910795228124,27.240414073608473,18.39301142449174,1.2270453048411845,38.188302954414986,0.12572185500421973,9.142751298077265e-07,1.8724354658462237,1.0000000000936502
650.0,2.2217054076787313,5.5,29.17459240106714,0.8629448058931669,30.030296491895236,20.403363075974678,1.2270453048411845,42.00713324985648,0.12572185500421973,9.142751298077265e-07,1.8724354658462237,1.0000000000396896
650.0,2.2217054076787313,6.0,32.022878548447785,0.9034003769023332,32.73275539417362,22.415299518671013,1.2270453048411845,45.825963545297974,0.12572185500421973,9.142751298077265e-07,1.8724354658462237,0.9999999999955647
650.0,2.455640192120709,0.0,0.8067502018410634,-0.6953209085957458,1.2479632955069098,1.1271902618187828,1.1101517225445592,0.0,0.11374505353940154,8.271773717165778e-07,1.6940592572755513,1.00000000028744
650.0,2.455640192120709,0.5,2.338417762221517,-0.23313789013942143,3.1961964203097355,2.0605291688931406,1.1101517225445592,4.220934570336338,0.11374505353940154,8.271773717165778e-07,1.6940592572755513,1.000000001170994
650.0,2.455640192120709,1.0,4.921521045913105,0.09003935529234726,7.430308652230894,3.892202440473152,1.1101517225445592,8.441869140672676,0.11374505353940154,8.271773717165778e-07,1.6940592572755513,0.9999999997422488
650.0,2.455640192120709,1.5,7.827976447645342,0.2915895189802991,10.882221182053984,5.7237611724088415,1.1101517225445592,12.662803711009014,0.11374505353940154,8.271773717165778e-07,1.6940592572755513,0.9999999999998355
650.0,2.455640192120709,2.0,10.86950438800243,0.43414975087583235,14.610939053554924,7.556767511894622,1.1101517225445592,16.88373828134535,0.11374505353940154,8.271773717165778e-07,1.6940592572755513,1.000000000099087
650.0,2.455640192120709,2.5,13.885470562446535,0.5405006107425471,18.21497639637672,10.260142997211913,1.1101517225445592,21.10467285168169,0.11374505353940154,8.271773717165778e-07,1.6940592572755513,0.9999999996187324
650.0,2.455640192120709,3.0,16.972494267137733,0.6276856793252349,21.872658994718414,1.1113288148005496,1.1101517225445592,25.325607422018027,0.11374505353940154,8.271773717165778e-07,1.6940592572755513,0.9999999998286221
650.0,2.455640192120709,3.5,20.124460338825585,0.7016642517485849,25.745509719813416,14.809617785909792,1.1101517225445592,29.546541992354367,0.11374505353940154,8.271773717165778e-07,1.6940592572755513,0.9999999998366959
650.0,2.455640192120709,4.0,23.26549499415166,0.7646523056419793,29.39686540243373,15.749841407973927,1.1101517225445592,33.7674765626907,0.11374505353940154,8.271773717165778e-07,1.6940592572755513,1.0000000004057266
650.0,2.455640192120709,4.5,26.381734906546964,0.8192433607453493,33.178327095939935,18.45949109012756,1.1101517225445592,37.98841113302704,0.11374505353940154,8.271773717165778e-07,1.6940592572755513,0.9999999997881489
650.0,2.455640192120709,5.0,29.500093891291378,0.8677634069012126,36.778917624347585,21.185974084505915,1.1101517225445592,42.20934570336338,0.11374505353940154,8.271773717165778e-07,1.6940592572755513,0.9999999998475457
650.0,2.455640192120709,5.5,32.634370096229404,0.9116152430972665,40.41938949665438,1.109769045763891,1.1101517225445592,46.43028027369972,0.11374505353940154,8.271773717165778e-07,1.6940592572755513,0.9999999999461578
650.0,2.455640192120709,6.0,35.72344568544129,0.9508933505459358,44.12948016696133,24.839157416686273,1.1101517225445592,50.651214844036055,0.11374505353940154,8.271773717165778e-07,1.6940592572755513,1.0000000001366962
650.0,2.714207172704789,0.0,0.7298957281393502,-0.738799169465311,1.3793677668274047,1.0198092978771767,1.0043939227070064,0.0,0.10290921339211132,7.483769184707437e-07,1.532675929028083,1.00000000028744
650.0,2.714207172704789,0.5,2.5191868925807768,-0.20079960334327043,4.744836503549446,2.681891491781025,1.0043939227070064,4.6653784716036055,0.10290921339211132,7.483769184707437e-07,1.532675929028083,0.9999999996741642
650.0,2.714207172704789,1.0,5.599074968849687,0.14605629119466224,9.490272175969771,1.0048752232700882,1.0043939227070064,9.330756943207211,0.10290921339211132,7.483769184707437e-07,1.532675929028083,0.9999999997872819
650.0,2.714207172704789,1.5,8.856895676633743,0.3452215379237178,14.849772992093426,6.809973970682056,1.0043939227070064,13.996135414810816,0.10290921339211132,7.483769184707437e-07,1.532675929028083,1.0000000006990588
650.0,2.714207172704789,2.0,12.235490837704527,0.4855614048225194,19.74783697621456,9.279396789371566,1.0043939227070064,18.661513886414422,0.10290921339211132,7.483769184707437e-07,1.532675929028083,0.9999999997080202
650.0,2.714207172704789,2.5,15.664288586610438,0.5928506843069142,24.697969824738298,1.0062337890087922,1.0043939227070064,23.326892358018025,0.10290921339211132,7.483769184707437e-07,1.532675929028083,1.0000000000170337
650.0,2.714207172704789,3.0,19.138722776156595,0.6798529604108973,29.812321445504594,13.409617047444845,1.0043939227070064,27.99227082962163,0.10290921339211132,7.483769184707437e-07,1.532675929028083,1.000000000041685
650.0,2.714207172704789,3.5,22.621768857400603,0.7524665692514634,34.68395046375046,15.87620066135008,1.0043939227070064,32.657649301225234,0.10290921339211132,7.483769184707437e-07,1.532675929028083,1.000000000462167
650.0,2.714207172704789,4.0,26.081082245769544,0.814265617342884,39.78452091790859,18.34639966640884,1.0043939227070064,37.323027772828844,0.10290921339211132,7.483769184707437e-07,1.532675929028083,0.9999999998638599
650.0,2.714207172704789,4.5,29.512599247855775,0.8679474692492447,44.65719084627029,1.0039660099314434,1.0043939227070064,41.98840624443245,0.10290921339211132,7.483769184707437e-07,1.532675929028083,1.0000000000790805
650.0,2.714207172704789,5.0,32.90846869271117,0.9152476827081831,49.727545573160064,22.481634361857335,1.0043939227070064,46.65378471603605,0.10290921339211132,7.483769184707437e-07,1.532675929028083,1.0000000002721565
650.0,2.714207172704789,5.5,36.241374321415215,0.9571446670170443,54.70814123721126,25.75716800841909,1.0043939227070064,51.31916318763966,0.10290921339211132,7.483769184707437e-07,1.532675929028083,1.0000000000631404
650.0,2.714207172704789,6.0,39.49921256762236,0.9945284465530501,59.606434351544095,1.005736315590642,1.0043939227070064,55.98454165924326,0.10290921339211132,7.483769184707437e-07,1.532675929028083,1.000000000055088
650.0,3.0000000000000004,0.0,0.6603627402141364,-0.7822774303348762,1.5246084905001815,0.9226579036964226,0.9087110630774855,0.0,0.09310564170875876,6.770833333333332e-07,1.3866666666666665,1.00000000028744
650.0,3.0000000000000004,0.5,2.9644447186807903,-0.1301166353468413,6.438025412760672,2.436175831869785,0.9087110630774855,5.156620156177411,0.09310564170875876,6.770833333333332e-07,1.3866666666666665,0.9999999996132588
650.0,3.0000000000000004,1.0,6.373050455512971,0.2022873654798689,13.228013192067419,4.683594062718565,0.9087110630774855,10.313240312354822,0.09310564170875876,6.770833333333332e-07,1.3866666666666665,1.000000000131232
650.0,3.0000000000000004,1.5,10.076883345262143,0.4012662396654191,20.04569273175446,0.9127337298962005,0.9087110630774855,15.469860468532232,0.09310564170875876,6.770833333333332e-07,1.3866666666666665,0.9999999997361897
650.0,3.0000000000000004,2.0,13.819676681576963,0.5384378912869499,26.572330000175068,0.9094865304074627,0.9087110630774855,20.626480624709643,0.09310564170875876,6.770833333333332e-07,1.3866666666666665,1.0000000001094431
650.0,3.0000000000000004,2.5,17.670529699989295,0.6451895769866343,33.43163756435979,2.4122764738617533,0.9087110630774855,25.78310078088705,0.09310564170875876,6.770833333333332e-07,1.3866666666666665,0.999999999905031
650.0,3.0000000000000004,3.0,21.46973855307547,0.7297667645359539,40.336961815114954,15.108557693574456,0.9087110630774855,30.939720937064465,0.09310564170875876,6.770833333333332e-07,1.3866666666666665,1.0000000001433547
650.0,3.0000000000000004,3.5,25.303199427088348,0.8011154470683991,46.94211297637973,17.35687966504073,0.9087110630774855,36.09634109324187,0.09310564170875876,6.770833333333332e-07,1.3866666666666665,0.9999999999458051
650.0,3.0000000000000004,4.0,29.087994816425383,0.8616537928212387,53.64524875473556,20.33030091833035,0.9087110630774855,41.252961249419286,0.09310564170875876,6.770833333333332e-07,1.3866666666666665,1.0000000001288474
650.0,3.0000000000000004,4.5,32.77448514362464,0.913475886729383,60.44302556072129,23.3032960561411,0.9087110630774855,46.40958140559669,0.09310564170875876,6.770833333333332e-07,1.3866666666666665,1.0000000000822178
650.0,3.0000000000000004,5.0,36.38145654576159,0.9588200908960428,67.17967431130022,26.28984094372422,0.9087110630774855,51.5662015617741,0.09310564170875876,6.770833333333332e-07,1.3866666666666665,1.0000000000763043
650.0,3.0000000000000004,5.5,39.81770854618279,0.9980162720383906,73.84211158645277,0.9101095355501372,0.9087110630774855,56.72282171795151,0.09310564170875876,6.770833333333332e-07,1.3866666666666665,0.9999999999682154
650.0,3.0000000000000004,6.0,43.18960506301276,1.0333192414359413,80.5348902940884,0.9088876213988436,0.9087110630774855,61.87944187412893,0.09310564170875876,6.770833333333332e-07,1.3866666666666665,1.000000000043431
