wavelength_nm,diameter_mm,myopia_d,d50_arcmin,log_mar,mtf50_cpd,first_dark_ring_arcmin,theory_airy_radius_arcmin,theory_geometric_diameter_arcmin,angular_pixel_arcmin,retinal_pixel_m,retinal_window_mm,psf_total
400.0,0.3,0.0,4.063770709010072,0.006869204350230809,0.2477488797062794,5.677894791977987,5.592068080476836,0.0,0.5729577951308233,4.166666666666668e-06,8.533333333333335,1.00000000028744
400.0,0.3,0.5,4.066375665440666,0.007147506410246503,0.24780624908937046,5.677966498970303,5.592068080476836,0.5156620156177409,0.5729577951308233,4.166666666666668e-06,8.533333333333335,0.9999999989870518
400.0,0.3,1.0,4.074201633636238,0.00798252725092374,0.24797873136818657,5.678182668157722,5.592068080476836,1.0313240312354819,0.5729577951308233,4.166666666666668e-06,8.533333333333335,1.000000003357351
400.0,0.3,1.5,4.087282651597888,0.009374680585907826,0.24826764625276818,5.67854586898873,5.592068080476836,1.5469860468532226,0.5729577951308233,4.166666666666668e-06,8.533333333333335,1.0000000029021838
400.0,0.3,2.0,4.105675410403021,0.01132462028160799,0.24867506573110218,5.679061209148188,5.592068080476836,2.0626480624709638,0.5729577951308233,4.166666666666668e-06,8.533333333333335,0.9999999969463019
400.0,0.3,2.5,4.12946013545993,0.013833286595720964,0.24920404863936838,5.679735553047156,5.592068080476836,2.578310078088705,0.5729577951308233,4.166666666666668e-06,8.533333333333335,1.0000000023701296
400.0,0.3,3.0,4.158741464152058,0.016901931157160852,0.24985857178673582,5.680578322262524,5.592068080476836,3.093972093706445,0.5729577951308233,4.166666666666668e-06,8.533333333333335,0.999999999892755
400.0,0.3,3.5,4.193648504148826,0.020532035396072724,0.25064359289077925,5.68160163197208,5.592068080476836,3.609634109324187,0.5729577951308233,4.166666666666668e-06,8.533333333333335,0.9999999998104344
400.0,0.3,4.0,4.23433672349572,0.024725399753026178,0.25156515306899296,5.6828208126782815,5.592068080476836,4.1252961249419275,0.5729577951308233,4.166666666666668e-06,8.533333333333335,1.0000000008630403
400.0,0.3,4.5,4.280989080997684,0.029484128805225485,0.2526304971080353,5.684254908503108,5.592068080476836,4.640958140559668,0.5729577951308233,4.166666666666668e-06,8.533333333333335,0.9999999988694752
400.0,0.3,5.0,4.333817695435381,0.0348106471898322,0.2538481621304323,5.685927912852673,5.592068080476836,5.15662015617741,0.5729577951308233,4.166666666666668e-06,8.533333333333335,0.9999999974048946
400.0,0.3,5.5,4.393065476033051,0.04070768488703707,0.2552280706378553,5.687869618643234,5.592068080476836,5.672282171795151,0.5729577951308233,4.166666666666668e-06,8.533333333333335,1.0000000003253624
400.0,0.3,6.0,4.459008809006313,0.047178338994072325,0.2567817858182741,5.690116213775338,5.592068080476836,6.18794418741289,0.5729577951308233,4.166666666666668e-06,8.533333333333335,0.9999999972564622
450.0,0.3,0.0,4.571742047636331,0.0580217267976121,0.22022122640558167,6.387631640975235,6.291076590536441,0.0,0.6445775195221762,4.687500000000001e-06,9.600000000000003,1.00000000028744
450.0,0.3,0.5,4.574057380017388,0.05824161705571374,0.22026150981060863,6.387695357928856,6.291076590536441,0.5156620156177409,0.6445775195221762,4.687500000000001e-06,9.600000000000003,0.9999999996243532
450.0,0.3,1.0,4.581011079412274,0.058901350813062234,0.22038257842426448,6.387887232514711,6.291076590536441,1.0313240312354819,0.6445775195221762,4.687500000000001e-06,9.600000000000003,1.0000000050307294
450.0,0.3,1.5,4.592627259291071,0.06000120788878437,0.2205851431706663,6.388209181384765,6.291076590536441,1.5469860468532226,0.6445775195221762,4.687500000000001e-06,9.600000000000003,0.9999999911774058
450.0,0.3,2.0,4.608945504145557,0.06154158175885114,0.22087037787948083,6.388664668285785,6.291076590536441,2.0626480624709638,0.6445775195221762,4.687500000000001e-06,9.600000000000003,1.0000000011497334
450.0,0.3,2.5,4.630022025491652,0.06352306567848608,0.22123995904024388,6.38925834990426,6.291076590536441,2.578310078088705,0.6445775195221762,4.687500000000001e-06,9.600000000000003,1.0000000003168772
450.0,0.3,3.0,4.655929530302673,0.0659464071110568,0.22169605302414602,6.389996943018373,6.291076590536441,3.093972093706445,0.6445775195221762,4.687500000000001e-06,9.600000000000003,1.0000000056780456
450.0,0.3,3.5,4.6867583204526415,0.06881256773951243,0.22224137726732096,6.390888303064392,6.291076590536441,3.609634109324187,0.6445775195221762,4.687500000000001e-06,9.600000000000003,1.000000002859935
450.0,0.3,4.0,4.722615933070662,0.07212263666873707,0.22287921662063592,6.391942911000337,6.291076590536441,4.1252961249419275,0.6445775195221762,4.687500000000001e-06,9.600000000000003,0.9999999985171125
450.0,0.3,4.5,4.7636288139326854,0.0758779222004075,0.22361346939466042,6.3931734142630665,6.291076590536441,4.640958140559668,0.6445775195221762,4.687500000000001e-06,9.600000000000003,1.0000000008630403
450.0,0.3,5.0,4.809942729154039,0.08007991403538098,0.22444869058688602,6.3945949151273185,6.291076590536441,5.15662015617741,0.6445775195221762,4.687500000000001e-06,9.600000000000003,0.9999999985999689
450.0,0.3,5.5,4.8617238601815576,0.08473029649791851,0.22539015357889708,6.396225956363211,6.291076590536441,5.672282171795151,0.6445775195221762,4.687500000000001e-06,9.600000000000003,1.0000000009658492
450.0,0.3,6.0,4.9191599257321,0.08983095071377133,0.22644389400096113,6.398089147116738,6.291076590536441,6.18794418741289,0.6445775195221762,4.687500000000001e-06,9.600000000000003,1.0000000060970788
500.0,0.3,0.0,5.07971338626259,0.10377921735828723,0.19819910376502353,7.097368489972484,6.990085100596045,0.0,0.7161972439135292,5.208333333333335e-06,10.66666666666667,1.00000000028744
500.0,0.3,0.5,5.081797015248612,0.10395732249185302,0.19822846368667874,7.097425809551869,6.990085100596045,0.5156620156177409,0.7161972439135292,5.208333333333335e-06,10.66666666666667,0.999999999335036
500.0,0.3,1.0,5.088053777183455,0.10449170152674306,0.19831668874924133,7.097598356532227,6.990085100596045,1.0313240312354819,0.7161972439135292,5.208333333333335e-06,10.66666666666667,0.9999999999864756
500.0,0.3,1.5,5.098500955923745,0.1053825137371527,0.19846418691675263,7.09788753684704,6.990085100596045,1.5469860468532226,0.7161972439135292,5.208333333333335e-06,10.66666666666667,1.0000000017940909
500.0,0.3,2.0,5.113167480701946,0.10663002685397105,0.19867164021216052,7.0982957292828965,6.990085100596045,2.0626480624709638,0.7161972439135292,5.208333333333335e-06,10.66666666666667,1.0000000008034062
500.0,0.3,2.5,5.1320942630037765,0.10823463328966446,0.19894005258488173,7.098826511435235,6.990085100596045,2.578310078088705,0.7161972439135292,5.208333333333335e-06,10.66666666666667,0.9999999969463019
500.0,0.3,3.0,5.155334043482519,0.1101968196186362,0.19927068152033334,7.099484396442328,6.990085100596045,3.093972093706445,0.7161972439135292,5.208333333333335e-06,10.66666666666667,1.0000000048211473
500.0,0.3,3.5,5.1829520952297425,0.11251720345146343,0.19966513889304383,7.100275357351124,6.990085100596045,3.609634109324187,0.7161972439135292,5.208333333333335e-06,10.66666666666667,0.9999999966155091
500.0,0.3,4.0,5.215026370166545,0.11519651748230779,0.20012528788074688,7.1012065057206035,6.990085100596045,4.1252961249419275,0.7161972439135292,5.208333333333335e-06,10.66666666666667,0.9999999983151947
500.0,0.3,4.5,5.251647871581886,0.11823560717177851,0.20065342329833313,7.102286581381113,6.990085100596045,4.640958140559668,0.7161972439135292,5.208333333333335e-06,10.66666666666667,0.9999999944374711
500.0,0.3,5.0,5.292920904369651,0.12163541276108264,0.20125212245519436,7.103526015847853,6.990085100596045,5.15662015617741,0.7161972439135292,5.208333333333335e-06,10.66666666666667,1.0000000008630403
500.0,0.3,5.5,5.338964693182123,0.1253970575301566,0.2019244414902714,7.104937354706508,6.990085100596045,5.672282171795151,0.7161972439135292,5.208333333333335e-06,10.66666666666667,0.9999999993331006
500.0,0.3,6.0,5.389912894502379,0.12952175535364896,0.20267377439588596,7.106535368097608,6.990085100596045,6.18794418741289,0.7161972439135292,5.208333333333335e-06,10.66666666666667,1.000000000269594
550.0,0.3,0.0,5.587684724888848,0.14517190251651219,0.1801810034227487,7.807105338969731,7.6890936106556484,0.0,0.787816968304882,5.729166666666668e-06,11.733333333333334,1.00000000028744
550.0,0.3,0.5,5.5895789540651135,0.14531910371176304,0.18020305299256723,7.807157414511007,7.6890936106556484,0.5156620156177409,0.787816968304882,5.729166666666668e-06,11.733333333333334,0.999999999941042
550.0,0.3,1.0,5.595265794056446,0.14576073048372856,0.18026932333274295,7.807314217964549,7.6890936106556484,1.0313240312354819,0.787816968304882,5.729166666666668e-06,11.733333333333334,0.9999999934510871
550.0,0.3,1.5,5.604758169604511,0.14649688735645108,0.18038003331870253,7.80757665319598,7.6890936106556484,1.5469860468532226,0.787816968304882,5.729166666666668e-06,11.733333333333334,0.9999999990635562
550.0,0.3,2.0,5.61807802300086,0.14752777499424324,0.18053564859070662,7.807946616676122,7.6890936106556484,2.0626480624709638,0.787816968304882,5.729166666666668e-06,11.733333333333334,1.0000000045442283
550.0,0.3,2.5,5.635255879247315,0.1488536494485093,0.18073674314057347,7.8084267659210544,7.6890936106556484,2.578310078088705,0.787816968304882,5.729166666666668e-06,11.733333333333334,1.0000000006267742
550.0,0.3,3.0,5.656331308952527,0.1504748481871695,0.18098413141748834,7.8090204241702965,7.6890936106556484,3.093972093706445,0.787816968304882,5.729166666666668e-06,11.733333333333334,1.0000000025129847
550.0,0.3,3.5,5.681353249440638,0.15239180191220528,0.18127876232239853,7.809732049288661,7.6890936106556484,3.609634109324187,0.787816968304882,5.729166666666668e-06,11.733333333333334,1.0000000023619664
550.0,0.3,4.0,5.7103796205486,0.15460498935733383,0.18162183583440844,7.810566629565285,7.6890936106556484,4.1252961249419275,0.787816968304882,5.729166666666668e-06,11.733333333333334,1.0000000004468745
550.0,0.3,4.5,5.7434781013733565,0.1571149782086278,0.18201471297558092,7.811530662451925,7.6890936106556484,4.640958140559668,0.787816968304882,5.729166666666668e-06,11.733333333333334,0.999999992258365
550.0,0.3,5.0,5.780726517546596,0.15992243234054898,0.1824589901028234,7.812631518427799,7.6890936106556484,5.15662015617741,0.787816968304882,5.729166666666668e-06,11.733333333333334,1.000000002229133
550.0,0.3,5.5,5.822212994806615,0.16302809791930764,0.18295647495926765,7.8138786174326365,7.6890936106556484,5.672282171795151,0.787816968304882,5.729166666666668e-06,11.733333333333334,1.0000000008630403
550.0,0.3,6.0,5.868036204803768,0.16643279337600062,0.18350926635824474,7.815281826439041,7.6890936106556484,6.18794418741289,0.787816968304882,5.729166666666668e-06,11.733333333333334,1.0000000007062044
600.0,0.3,0.0,6.095656063515107,0.182960463405912,0.16516591980418627,8.51684218796698,8.388102120715255,0.0,0.8594366926962349,6.250000000000001e-06,12.800000000000002,1.00000000028744
600.0,0.3,0.5,6.097392364723758,0.18308415126680652,0.1651829112762753,8.516889918007484,8.388102120715255,0.5156620156177409,0.8594366926962349,6.250000000000001e-06,12.800000000000002,0.9999999934909758
600.0,0.3,1.0,6.102604539846009,0.1834552364481774,0.16523393553749846,8.51703356893737,8.388102120715255,1.0313240312354819,0.8594366926962349,6.250000000000001e-06,12.800000000000002,1.000000005626644
600.0,0.3,1.5,6.111302450454357,0.18407378630660495,0.16531915424545776,8.517274002236581,8.388102120715255,1.5469860468532226,0.8594366926962349,6.250000000000001e-06,12.800000000000002,1.000000003357351
600.0,0.3,2.0,6.123503012388094,0.18493994449708429,0.16543885737799977,8.517612241846352,8.388102120715255,2.0626480624709638,0.8594366926962349,6.250000000000001e-06,12.800000000000002,0.9999999911774058
600.0,0.3,2.5,6.139229708746063,0.1860538921540578,0.1655934276926357,8.518050697290528,8.388102120715255,2.578310078088705,0.8594366926962349,6.250000000000001e-06,12.800000000000002,0.9999999993278895
600.0,0.3,3.0,6.1585131156045305,0.1874158793372892,0.16578337715406816,8.518591813722281,8.388102120715255,3.093972093706445,0.8594366926962349,6.250000000000001e-06,12.800000000000002,0.9999999969463019
600.0,0.3,3.5,6.181390289936111,0.18902617426910254,0.1660093295906442,8.519238894090917,8.388102120715255,3.609634109324187,0.8594366926962349,6.250000000000001e-06,12.800000000000002,1.0000000005670988
600.0,0.3,4.0,6.207906040403564,0.19088514371935675,0.16627203976810953,8.519995924024496,8.388102120715255,4.1252961249419275,0.8594366926962349,6.250000000000001e-06,12.800000000000002,1.0000000056780456
600.0,0.3,4.5,6.238112196228086,0.19299319021284203,0.16657238119115725,8.520867483393785,8.388102120715255,4.640958140559668,0.8594366926962349,6.250000000000001e-06,12.800000000000002,0.999999999892755
600.0,0.3,5.0,6.272068069851706,0.1953507717094785,0.16691137625293223,8.521859317064699,8.388102120715255,5.15662015617741,0.8594366926962349,6.250000000000001e-06,12.800000000000002,0.9999999926063485
600.0,0.3,5.5,6.309840733187497,0.197958406019063,0.16729019214358515,8.522978001297,8.388102120715255,5.672282171795151,0.8594366926962349,6.250000000000001e-06,12.800000000000002,0.9999999998219458
600.0,0.3,6.0,6.35150508524358,0.2008166588087074,0.16771010204599532,8.524231219017421,8.388102120715255,6.18794418741289,0.8594366926962349,6.250000000000001e-06,12.800000000000002,1.0000000008630403
650.0,0.3,0.0,6.603627402141366,0.21772256966512393,0.15246084905001814,9.226579036964228,9.087110630774857,0.0,0.9310564170875878,6.770833333333334e-06,13.866666666666667,1.00000000028744
650.0,0.3,0.5,6.605230118704104,0.21782796121190526,0.15247421612538983,9.226623089153456,9.087110630774857,0.5156620156177409,0.9310564170875878,6.770833333333334e-06,13.866666666666667,1.0000000007882246
650.0,0.3,1.0,6.610040795540578,0.21814414852431716,0.15251433323959018,9.226755683712849,9.087110630774857,1.0313240312354819,0.9310564170875878,6.770833333333334e-06,13.866666666666667,0.9999999986178215
650.0,0.3,1.5,6.618067280445505,0.2186711866330276,0.15258133072097202,9.226977275597507,9.087110630774857,1.5469860468532226,0.9310564170875878,6.770833333333334e-06,13.866666666666667,1.0000000038670738
650.0,0.3,2.0,6.6293224472285885,0.21940915208938028,0.15267538635767314,9.227289058927274,9.087110630774857,2.0626480624709638,0.9310564170875878,6.770833333333334e-06,13.866666666666667,0.9999999960857245
650.0,0.3,2.5,6.643825516352405,0.2203582269305673,0.15279675803726198,9.227692613390754,9.087110630774857,2.578310078088705,0.9310564170875878,6.770833333333334e-06,13.866666666666667,1.0000000007079233
650.0,0.3,3.0,6.661599727255485,0.22151854254104922,0.15294578681176432,9.22818997610128,9.087110630774857,3.093972093706445,0.9310564170875878,6.770833333333334e-06,13.866666666666667,1.0000000022789395
650.0,0.3,3.5,6.68267447956474,0.22289031534834045,0.15312290371480192,9.228783485730833,9.087110630774857,3.609634109324187,0.9310564170875878,6.770833333333334e-06,13.866666666666667,1.0000000028567508
650.0,0.3,4.0,6.7070851340157125,0.2244738276112566,0.15332859651807912,9.229476565448268,9.087110630774857,4.1252961249419275,0.9310564170875878,6.770833333333334e-06,13.866666666666667,1.000000000168702
650.0,0.3,4.5,6.734871747119054,0.2262693384936514,0.1535634538973055,9.230272569416975,9.087110630774857,4.640958140559668,0.9310564170875878,6.770833333333334e-06,13.866666666666667,1.000000000225516
650.0,0.3,5.0,6.766080814942714,0.22827718942433498,0.15382813532413628,9.23117594386467,9.087110630774857,5.15662015617741,0.9310564170875878,6.770833333333334e-06,13.866666666666667,0.9999999993778188
650.0,0.3,5.5,6.800764764160766,0.23049776169881284,0.15412341665936322,9.232191740348211,9.087110630774857,5.672282171795151,0.9310564170875878,6.770833333333334e-06,13.866666666666667,0.9999999982325847
650.0,0.3,6.0,6.8389819792766176,0.2329314680402428,0.15445015895354228,9.233325298253284,9.087110630774857,6.18794418741289,0.9310564170875878,6.770833333333334e-06,13.866666666666667,1.000000002604196
700.0,0.3,0.0,7.111598740767626,0.24990725303652525,0.14157078840358828,9.936315885961477,9.786119140834463,0.0,1.002676141478941,7.2916666666666674e-06,14.933333333333335,1.00000000028744
700.0,0.3,0.5,7.1130870121562,0.24999812999018417,0.14158148684582703,9.936356915875928,9.786119140834463,0.5156620156177409,1.002676141478941,7.2916666666666674e-06,14.933333333333335,1.0000000027485985
700.0,0.3,1.0,7.117553388986104,0.25027074215946693,0.14161360817750823,9.936479822663085,9.786119140834463,1.0313240312354819,1.002676141478941,7.2916666666666674e-06,14.933333333333335,1.0000000016023458
700.0,0.3,1.5,7.125004791056529,0.2507251693846856,0.14166722629474918,9.936685389944625,9.786119140834463,1.5469860468532226,1.002676141478941,7.2916666666666674e-06,14.933333333333335,1.00000000483264
700.0,0.3,2.0,7.135451213486185,0.25136144979912733,0.14174247318241737,9.936974644829014,9.786119140834463,2.0626480624709638,1.002676141478941,7.2916666666666674e-06,14.933333333333335,0.9999999968455449
700.0,0.3,2.5,7.148908014687335,0.25217971768797903,0.14183952915840342,9.937348492543038,9.786119140834463,2.578310078088705,1.002676141478941,7.2916666666666674e-06,14.933333333333335,0.9999999956347937
700.0,0.3,3.0,7.165393690812647,0.253180065659466,0.14195862203894133,9.937808653156058,9.786119140834463,3.093972093706445,1.002676141478941,7.2916666666666674e-06,14.933333333333335,1.0000000007506407
700.0,0.3,3.5,7.184931968205286,0.25436266896790244,0.14210003756062983,9.93835711600933,9.786119140834463,3.609634109324187,1.002676141478941,7.2916666666666674e-06,14.933333333333335,0.9999999969463019
700.0,0.3,4.0,7.2075506192674,0.2557277098316674,0.1422641321055232,9.938996444882061,9.786119140834463,4.1252961249419275,1.002676141478941,7.2916666666666674e-06,14.933333333333335,0.9999999981672977
700.0,0.3,4.5,7.233281862100836,0.2572753974204738,0.14245129256696515,9.93972952965625,9.786119140834463,4.640958140559668,1.002676141478941,7.2916666666666674e-06,14.933333333333335,1.0000000006521659
700.0,0.3,5.0,7.262163055938921,0.25900600448817296,0.1426619987131964,9.94055950223564,9.786119140834463,5.15662015617741,1.002676141478941,7.2916666666666674e-06,14.933333333333335,0.9999999990371642
700.0,0.3,5.5,7.294235377480464,0.26091978211259065,0.14289674030953758,9.94149042279831,9.786119140834463,5.672282171795151,1.002676141478941,7.2916666666666674e-06,14.933333333333335,1.0000000049216677
700.0,0.3,6.0,7.32954548842578,0.2630170531646335,0.143156134943239,9.942526904506957,9.786119140834463,6.18794418741289,1.002676141478941,7.2916666666666674e-06,14.933333333333335,1.0000000001526936
400.0,0.3315885423378064,0.0,3.6766385355409223,-0.03660905651933428,0.2738356329587658,5.136994256749941,5.059343764761244,0.0,0.5183753857337341,3.7697321843122087e-06,7.7204115134714035,1.00000000028744
400.0,0.3315885423378064,0.5,3.680156557721078,-0.03619369691854413,0.27393029188986795,5.1370911010624045,5.059343764761244,0.5699587203255395,0.5183753857337341,3.7697321843122087e-06,7.7204115134714035,0.9999999967936714
400.0,0.3315885423378064,1.0,3.6907335692398817,-0.034947296331521584,0.27421527575389215,5.13738369709503,5.059343764761244,1.139917440651079,0.5183753857337341,3.7697321843122087e-06,7.7204115134714035,0.9999999983041659
400.0,0.3315885423378064,1.5,3.708437790217308,-0.03286899329549312,0.27469372232060785,5.137877702158525,5.059343764761244,1.7098761609766187,0.5183753857337341,3.7697321843122087e-06,7.7204115134714035,0.9999999985895737
400.0,0.3315885423378064,2.0,3.7333844513540186,-0.029957276916106397,0.2753709271614631,5.138583094538746,5.059343764761244,2.279834881302158,0.5183753857337341,3.7697321843122087e-06,7.7204115134714035,0.9999999959582652
400.0,0.3315885423378064,2.5,3.7657367637681896,-0.026210033065942266,0.2762544376022355,5.139514370857352,5.059343764761244,2.8497936016276983,0.5183753857337341,3.7697321843122087e-06,7.7204115134714035,1.0000000027749232
400.0,0.3315885423378064,3.0,3.805708083078088,-0.0216245186671571,0.27735429451302285,5.140691674639725,5.059343764761244,3.4197523219532373,0.5183753857337341,3.7697321843122087e-06,7.7204115134714035,0.9999999983732141
400.0,0.3315885423378064,3.5,3.8535647506998876,-0.01619733057881562,0.2786832331872471,5.142141485268751,5.059343764761244,3.9897110422787776,0.5183753857337341,3.7697321843122087e-06,7.7204115134714035,0.9999999982927714
400.0,0.3315885423378064,4.0,3.9096294322717884,-0.00992439586209447,0.28025688178719743,5.143899163995307,5.059343764761244,4.559669762604316,0.5183753857337341,3.7697321843122087e-06,7.7204115134714035,0.9999999980085386
400.0,0.3315885423378064,4.5,3.9742858781686348,-0.00280088777770398,0.2820944022941603,5.14600946881371,5.059343764761244,5.1296284829298555,0.5183753857337341,3.7697321843122087e-06,7.7204115134714035,0.9999999991170361
400.0,0.3315885423378064,5.0,4.0479833826953895,0.005178729692883764,0.2842186628877212,5.1485325746403765,5.059343764761244,5.699587203255397,0.5183753857337341,3.7697321843122087e-06,7.7204115134714035,0.999999999730798
400.0,0.3315885423378064,5.5,4.131243549169753,0.014020807362650533,0.2866570524983256,5.151545621844041,5.059343764761244,6.269545923580935,0.5183753857337341,3.7697321843122087e-06,7.7204115134714035,1.0000000009281087
400.0,0.3315885423378064,6.0,4.220658998277465,0.023320274081878818,0.2894420942754992,5.155152902195877,5.059343764761244,6.839504643906475,0.5183753857337341,3.7697321843122087e-06,7.7204115134714035,1.0000000047420272
450.0,0.3315885423378064,0.0,4.136218352483537,0.014543465928046943,0.24340945151890298,5.779118538843683,5.6917617353564,0.0,0.5831723089504508,4.240948707351234e-06,8.685462952655328,1.00000000028744
450.0,0.3315885423378064,0.5,4.139345195532544,0.0148716540299702,0.24347591084117456,5.779204639025105,5.6917617353564,0.5699587203255395,0.5831723089504508,4.240948707351234e-06,8.685462952655328,0.9999999983959182
450.0,0.3315885423378064,1.0,4.148741622671416,0.0158563971423285,0.24367588067475,5.779464297038529,5.6917617353564,1.139917440651079,0.5831723089504508,4.240948707351234e-06,8.685462952655328,0.9999999981481236
450.0,0.3315885423378064,1.5,4.164455584019946,0.017498243151956784,0.24401108104810873,5.779901408630746,5.6917617353564,1.7098761609766187,0.5831723089504508,4.240948707351234e-06,8.685462952655328,1.000000005407365
450.0,0.3315885423378064,2.0,4.18656780374615,0.019798137909016925,0.24448442876066245,5.780523005019479,5.6917617353564,2.279834881302158,0.5831723089504508,4.240948707351234e-06,8.685462952655328,0.9999999969976978
450.0,0.3315885423378064,2.5,4.21519220562157,0.02275739117673153,0.24510006951436075,5.781339088972687,5.6917617353564,2.8497936016276983,0.5831723089504508,4.240948707351234e-06,8.685462952655328,1.0000000042123076
450.0,0.3315885423378064,3.0,4.250477170216482,0.02637769654806049,0.2458635118158373,5.782363146340157,5.6917617353564,3.4197523219532373,0.5831723089504508,4.240948707351234e-06,8.685462952655328,0.9999999985355774
450.0,0.3315885423378064,3.5,4.292607307121889,0.030661169187206776,0.24678160555930212,5.783612818205469,5.6917617353564,3.9897110422787776,0.5831723089504508,4.240948707351234e-06,8.685462952655328,0.9999999982700728
450.0,0.3315885423378064,4.0,4.341805182525505,0.035610341366598755,0.24786281931049825,5.785111087089549,5.6917617353564,4.559669762604316,0.5831723089504508,4.240948707351234e-06,8.685462952655328,1.0000000013560466
450.0,0.3315885423378064,4.5,4.398333111305761,0.04122812658528674,0.24911722825528662,5.78688655949472,5.6917617353564,5.1296284829298555,0.5831723089504508,4.240948707351234e-06,8.685462952655328,0.9999999980085386
450.0,0.3315885423378064,5.0,4.462497194036966,0.047517964713375126,0.25055691320569423,5.788975447011132,5.6917617353564,5.699587203255397,0.5831723089504508,4.240948707351234e-06,8.685462952655328,0.9999999954202433
450.0,0.3315885423378064,5.5,4.534649133349534,0.05448369800747284,0.2521959998152086,5.791424031707392,5.6917617353564,6.269545923580935,0.5831723089504508,4.240948707351234e-06,8.685462952655328,1.000000003700942
450.0,0.3315885423378064,6.0,4.615191248448127,0.062129711092419465,0.25405107892694667,5.794290988969587,5.6917617353564,6.839504643906475,0.5831723089504508,4.240948707351234e-06,8.685462952655328,0.999999998745766
500.0,0.3315885423378064,0.0,4.5957981694261525,0.0603009564887221,0.21906850636701267,6.421242820937427,6.324179705951555,0.0,0.6479692321671676,4.712165230390261e-06,9.650514391839254,1.00000000028744
500.0,0.3315885423378064,0.5,4.598612078075495,0.060566784313290975,0.21911694524520547,6.421320270376863,6.324179705951555,0.5699587203255395,0.6479692321671676,4.712165230390261e-06,9.650514391839254,1.0000000018950364
500.0,0.3315885423378064,1.0,4.607065463073293,0.06136439197952776,0.2192626258826208,6.421553679441539,6.324179705951555,1.139917440651079,0.6479692321671676,4.712165230390261e-06,9.650514391839254,1.0000000024029227
500.0,0.3315885423378064,1.5,4.621193166499167,0.06269413113822622,0.21950654474124198,6.421945882505184,6.324179705951555,1.7098761609766187,0.6479692321671676,4.712165230390261e-06,9.650514391839254,1.0000000045850137
500.0,0.3315885423378064,2.0,4.641054006462562,0.06455663086659216,0.21985043145681132,6.422501863213184,6.324179705951555,2.279834881302158,0.6479692321671676,4.712165230390261e-06,9.650514391839254,0.999999997486077
500.0,0.3315885423378064,2.5,4.666730564192523,0.06695273609195,0.2202967417291705,6.423228868173433,6.324179705951555,2.8497936016276983,0.6479692321671676,4.712165230390261e-06,9.650514391839254,0.9999999959582652
500.0,0.3315885423378064,3.0,4.698330520038735,0.06988357411061302,0.22084864424971903,6.424136452657925,6.324179705951555,3.4197523219532373,0.6479692321671676,4.712165230390261e-06,9.650514391839254,1.0000000000590707
500.0,0.3315885423378064,3.5,4.735986790314107,0.07335049104786134,0.2215101190212066,6.425237098532917,6.324179705951555,3.9897110422787776,0.6479692321671676,4.712165230390261e-06,9.650514391839254,1.000000002204119
500.0,0.3315885423378064,4.0,4.779859684582694,0.07735515651723375,0.22228605795823272,6.426546524826577,6.324179705951555,4.559669762604316,0.6479692321671676,4.712165230390261e-06,9.650514391839254,0.9999999954995229
500.0,0.3315885423378064,4.5,4.830137068354514,0.08189946389256954,0.22318224250877977,6.428083967305237,6.324179705951555,5.1296284829298555,0.6479692321671676,4.712165230390261e-06,9.650514391839254,1.0000000019917676
500.0,0.3315885423378064,5.0,4.887036790339735,0.08698561714596191,0.22420550542975795,6.429873954994133,6.324179705951555,5.699587203255397,0.6479692321671676,4.712165230390261e-06,9.650514391839254,0.9999999980085386
500.0,0.3315885423378064,5.5,4.950808349266642,0.09261612335598728,0.22536379316280478,6.431945840771394,6.324179705951555,6.269545923580935,0.6479692321671676,4.712165230390261e-06,9.650514391839254,0.9999999984145497
500.0,0.3315885423378064,6.0,5.0217346387272555,0.09879376842661379,0.22666632588598706,6.434336721764351,6.324179705951555,6.839504643906475,0.6479692321671676,4.712165230390261e-06,9.650514391839254,1.000000003712929
550.0,0.3315885423378064,0.0,5.055377986368767,0.10169364164694708,0.19915318760637518,7.063367103031168,6.95659767654671,0.0,0.7127661553838842,5.183381753429286e-06,10.615565831023178,1.00000000028744
550.0,0.3315885423378064,0.5,5.057935926010706,0.10191333206788118,0.1991895761484645,7.063437507585,6.95659767654671,0.5699587203255395,0.7127661553838842,5.183381753429286e-06,10.615565831023178,0.9999999977631749
550.0,0.3315885423378064,1.0,5.065618584027339,0.10257249513559295,0.19929896679876294,7.0636494710426065,6.95659767654671,1.139917440651079,0.7127661553838842,5.183381753429286e-06,10.615565831023178,1.0000000044589652
550.0,0.3315885423378064,1.5,5.078451955520133,0.1036713568549117,0.1994819971176342,7.064005212729484,6.95659767654671,1.7098761609766187,0.7127661553838842,5.183381753429286e-06,10.615565831023178,1.0000000008478394
550.0,0.3315885423378064,2.0,5.096480282656294,0.10521035701793202,0.19973971819823608,7.064508300966716,6.95659767654671,2.279834881302158,0.7127661553838842,5.183381753429286e-06,10.615565831023178,1.0000000018585193
550.0,0.3315885423378064,2.5,5.119765471708386,0.10719007576588498,0.20007363762122346,7.065164307211463,6.95659767654671,2.8497936016276983,0.7127661553838842,5.183381753429286e-06,10.615565831023178,0.999999997377407
550.0,0.3315885423378064,3.0,5.148387722823579,0.10961125466314654,0.20048570997752305,7.0659801761840315,6.95659767654671,3.4197523219532373,0.7127661553838842,5.183381753429286e-06,10.615565831023178,1.0000000002636125
550.0,0.3315885423378064,3.5,5.182446615431647,0.11247484577795207,0.20097840671355047,7.066964913744005,6.95659767654671,3.9897110422787776,0.7127661553838842,5.183381753429286e-06,10.615565831023178,0.999999995480766
550.0,0.3315885423378064,4.0,5.222061079995376,0.11578195592721498,0.20155468489831457,7.06812999853438,6.95659767654671,4.559669762604316,0.7127661553838842,5.183381753429286e-06,10.615565831023178,0.999999997539017
550.0,0.3315885423378064,4.5,5.267370398782428,0.11953386746834663,0.20221805715216365,7.069489140781835,6.95659767654671,5.1296284829298555,0.7127661553838842,5.183381753429286e-06,10.615565831023178,1.0000000020405735
550.0,0.3315885423378064,5.0,5.318535863513132,0.12373210075794941,0.2029726526452892,7.071059421532008,6.95659767654671,5.699587203255397,0.7127661553838842,5.183381753429286e-06,10.615565831023178,1.0000000080478566
550.0,0.3315885423378064,5.5,5.375740469373707,0.12837830230418684,0.20382318675432545,7.072861350493546,6.95659767654671,6.269545923580935,0.7127661553838842,5.183381753429286e-06,10.615565831023178,0.9999999980085386
550.0,0.3315885423378064,6.0,5.439191682922568,0.13347437275815477,0.20477517465804856,7.0749190699134115,6.95659767654671,6.839504643906475,0.7127661553838842,5.183381753429286e-06,10.615565831023178,1.0000000004357736
600.0,0.3315885423378064,0.0,5.514957803311383,0.13948220253634688,0.18255708863917722,7.705491385124911,7.589015647141866,0.0,0.777563078600601,5.654598276468313e-06,11.580617270207105,1.00000000028744
600.0,0.3315885423378064,0.5,5.517302548259311,0.13966680836964623,0.1825851163507887,7.7055559263302955,7.589015647141866,0.5699587203255395,0.777563078600601,5.654598276468313e-06,11.580617270207105,1.0000000045724142
600.0,0.3315885423378064,1.0,5.524343080237816,0.14022065056042068,0.18266933664923088,7.705750039947665,7.589015647141866,1.139917440651079,0.777563078600601,5.654598276468313e-06,11.580617270207105,1.0000000040186927
600.0,0.3315885423378064,1.5,5.536100353859822,0.14114396272415958,0.1828101838359281,7.706075545642545,7.589015647141866,1.7098761609766187,0.777563078600601,5.654598276468313e-06,11.580617270207105,0.9999999983041659
600.0,0.3315885423378064,2.0,5.552607445359929,0.14243697976025674,0.18300831078608154,7.70653521150766,7.589015647141866,2.279834881302158,0.777563078600601,5.654598276468313e-06,11.580617270207105,1.000000005407365
600.0,0.3315885423378064,2.5,5.573912426644767,0.14410014977632177,0.1832646973731257,7.70713303332381,7.589015647141866,2.8497936016276983,0.777563078600601,5.654598276468313e-06,11.580617270207105,0.9999999969944067
600.0,0.3315885423378064,3.0,5.600076677031027,0.1461339821395748,0.18358061810764212,7.707874641808118,7.589015647141866,3.4197523219532373,0.777563078600601,5.654598276468313e-06,11.580617270207105,0.9999999959582652
600.0,0.3315885423378064,3.5,5.631176510775411,0.14853914930630108,0.1839576291419965,7.708766605656915,7.589015647141866,3.9897110422787776,0.777563078600601,5.654598276468313e-06,11.580617270207105,1.000000004145661
600.0,0.3315885423378064,4.0,5.667302893621975,0.15131643315636037,0.18439763386187794,7.709817528453543,7.589015647141866,4.559669762604316,0.777563078600601,5.654598276468313e-06,11.580617270207105,0.9999999985355774
600.0,0.3315885423378064,4.5,5.708562124617131,0.1544667403885241,0.18490286300868192,7.711037511959586,7.589015647141866,5.1296284829298555,0.777563078600601,5.654598276468313e-06,11.580617270207105,0.9999999983732141
600.0,0.3315885423378064,5.0,5.755076452255748,0.157991105981421,0.18547592519510625,7.712439032080567,7.589015647141866,5.699587203255397,0.777563078600601,5.654598276468313e-06,11.580617270207105,0.9999999968679135
600.0,0.3315885423378064,5.5,5.806984969741364,0.16189071061945945,0.1861198094231507,7.714036944814578,7.589015647141866,6.269545923580935,0.777563078600601,5.654598276468313e-06,11.580617270207105,0.9999999972406368
600.0,0.3315885423378064,6.0,5.8644441484076815,0.1661668631935867,0.18683792119146497,7.715848745992959,7.589015647141866,6.839504643906475,0.777563078600601,5.654598276468313e-06,11.580617270207105,0.9999999980085386
650.0,0.3315885423378064,0.0,5.974537620253997,0.1742443087955588,0.16851423566693283,8.347615667218653,8.22143361773702,0.0,0.8423600018173177,6.125814799507338e-06,12.545668709391027,1.00000000028744
650.0,0.3315885423378064,0.5,5.976701995844729,0.1744016107016859,0.168536275520008,8.347675140786494,8.22143361773702,0.5699587203255395,0.8423600018173177,6.125814799507338e-06,12.545668709391027,0.999999997738115
650.0,0.3315885423378064,1.0,5.983199893034307,0.17487352112324225,0.16860250882169436,8.347854391464038,8.22143361773702,1.139917440651079,0.8423600018173177,6.125814799507338e-06,12.545668709391027,1.0000000047019588
650.0,0.3315885423378064,1.5,5.994047593594592,0.1756601956556117,0.1687131968211632,8.348154404750488,8.22143361773702,1.7098761609766187,0.8423600018173177,6.125814799507338e-06,12.545668709391027,0.9999999985051995
650.0,0.3315885423378064,2.0,6.009271460066914,0.17676183174772295,0.16886879951315936,8.34857755721519,8.22143361773702,2.279834881302158,0.8423600018173177,6.125814799507338e-06,12.545668709391027,1.0000000021985909
650.0,0.3315885423378064,2.5,6.0289090223106845,0.1781787389784981,0.1690699453664738,8.349127020380372,8.22143361773702,2.8497936016276983,0.8423600018173177,6.125814799507338e-06,12.545668709391027,1.0000000026794924
650.0,0.3315885423378064,3.0,6.053008467263065,0.17991129009872378,0.16931751005074855,8.349807023668307,8.22143361773702,3.4197523219532373,0.8423600018173177,6.125814799507338e-06,12.545668709391027,0.9999999942011324
650.0,0.3315885423378064,3.5,6.081629694405742,0.18195998143966155,0.16961254027469747,8.350622705302,8.22143361773702,3.9897110422787776,0.8423600018173177,6.125814799507338e-06,12.545668709391027,1.0000000014668469
650.0,0.3315885423378064,4.0,6.114843569616674,0.18432536003268926,0.16995626333411673,8.35158073152457,8.22143361773702,4.559669762604316,0.8423600018173177,6.125814799507338e-06,12.545668709391027,1.0000000007410264
650.0,0.3315885423378064,4.5,6.152733154435017,0.18700808870896354,0.17035017454970156,8.352688806308315,8.22143361773702,5.1296284829298555,0.8423600018173177,6.125814799507338e-06,12.545668709391027,1.0000000003251484
650.0,0.3315885423378064,5.0,6.195393671531041,0.1900089164691203,0.17079598245230956,8.353956489761709,8.22143361773702,5.699587203255397,0.8423600018173177,6.125814799507338e-06,12.545668709391027,1.0000000002517082
650.0,0.3315885423378064,5.5,6.242933206120552,0.19332869706024675,0.17129565882200976,8.35539418724324,8.22143361773702,6.269545923580935,0.8423600018173177,6.125814799507338e-06,12.545668709391027,1.0000000065943535
650.0,0.3315885423378064,6.0,6.295472882789187,0.19696836625691447,0.17185141321661027,8.357015874149289,8.22143361773702,6.839504643906475,0.8423600018173177,6.125814799507338e-06,12.545668709391027,1.0000000003932092
700.0,0.3315885423378064,0.0,6.434117437196613,0.20642899216696006,0.1564775045478662,8.989739949312394,8.853851588332178,0.0,0.9071569250340344,6.597031322546365e-06,13.510720148574954,1.00000000028744
700.0,0.3315885423378064,0.5,6.436126969883044,0.2065646118081121,0.15649515586512724,8.989795295299956,8.853851588332178,0.5699587203255395,0.9071569250340344,6.597031322546365e-06,13.510720148574954,1.0000000007062577
700.0,0.3315885423378064,1.0,6.442160240424071,0.20697153180495656,0.15654816122313178,8.989961455182547,8.853851588332178,1.139917440651079,0.9071569250340344,6.597031322546365e-06,13.510720148574954,0.999999998115617
700.0,0.3315885423378064,1.5,6.452229142994146,0.2076497910980157,0.15663673136552825,8.99023972954774,8.853851588332178,1.7098761609766187,0.9071569250340344,6.597031322546365e-06,13.510720148574954,1.0000000084309986
700.0,0.3315885423378064,2.0,6.4663557672679675,0.20859960370644784,0.15676116695341807,8.990631838982363,8.853851588332178,2.279834881302158,0.9071569250340344,6.597031322546365e-06,13.510720148574954,1.0000000032048533
700.0,0.3315885423378064,2.5,6.48456957880226,0.20982116322401412,0.1569219152971615,8.991140407069198,8.853851588332178,2.8497936016276983,0.9071569250340344,6.597031322546365e-06,13.510720148574954,1.0000000044826525
700.0,0.3315885423378064,3.0,6.506909536133247,0.21131477756491496,0.1571195485210257,8.991768525391974,8.853851588332178,3.4197523219532373,0.9071569250340344,6.597031322546365e-06,13.510720148574954,0.9999999946101086
700.0,0.3315885423378064,3.5,6.5334227898695305,0.21308077177018792,0.15735481552083608,8.992520415442803,8.853851588332178,3.9897110422787776,0.9071569250340344,6.597031322546365e-06,13.510720148574954,0.9999999959582652
700.0,0.3315885423378064,4.0,6.564166301228541,0.21511958391582905,0.15762853581726483,8.993401230165645,8.853851588332178,4.559669762604316,0.9071569250340344,6.597031322546365e-06,13.510720148574954,0.9999999931636132
700.0,0.3315885423378064,4.5,6.599206002019185,0.21743169426158743,0.15794173686697346,8.994417116108202,8.853851588332178,5.1296284829298555,0.9071569250340344,6.597031322546365e-06,13.510720148574954,0.9999999996965859
700.0,0.3315885423378064,5.0,6.638617493739687,0.22001765470352694,0.15829559593390743,8.995575261413737,8.853851588332178,5.699587203255397,0.9071569250340344,6.597031322546365e-06,13.510720148574954,1.0000000001674783
700.0,0.3315885423378064,5.5,6.682486555397274,0.2228781023374027,0.15869141864339023,8.996884291096837,8.853851588332178,6.269545923580935,0.9071569250340344,6.597031322546365e-06,13.510720148574954,0.9999999997425022
700.0,0.3315885423378064,6.0,6.730908893051114,0.22601372082840523,0.1591307350826011,8.99835380915289,8.853851588332178,6.839504643906475,0.9071569250340344,6.597031322546365e-06,13.510720148574954,1.000000005396048
400.0,0.3665032046990376,0.0,3.3263862282026673,-0.08008731738889956,0.30266919457649255,4.647622219271332,4.5773690451647395,0.0,0.4689927300373709,3.410611377945429e-06,6.984932102032238,1.00000000028744
400.0,0.3665032046990376,0.5,3.3311379623704673,-0.07946737152917802,0.30282539425076177,4.647753134067745,4.5773690451647395,0.6299726042182241,0.4689927300373709,3.410611377945429e-06,6.984932102032238,1.0000000013777794
400.0,0.3665032046990376,1.0,3.3454390507420513,-0.0776068692833465,0.30329660477072196,4.648149808936107,4.5773690451647395,1.2599452084364482,0.4689927300373709,3.410611377945429e-06,6.984932102032238,1.000000003354385
400.0,0.3665032046990376,1.5,3.369427875227116,-0.07450382687372642,0.30409046629701425,4.6488238643327255,4.5773690451647395,1.8899178126546725,0.4689927300373709,3.410611377945429e-06,6.984932102032238,1.0000000058329492
400.0,0.3665032046990376,2.0,3.403338320387823,-0.07015486757031526,0.30522027933978607,4.649795904484811,4.5773690451647395,2.5198904168728964,0.4689927300373709,3.410611377945429e-06,6.984932102032238,0.9999999971861735
400.0,0.3665032046990376,2.5,3.4475034348555167,-0.06455528377868158,0.30670504633837103,4.651097150260594,4.5773690451647395,3.1498630210911203,0.4689927300373709,3.410611377945429e-06,6.984932102032238,0.9999999988330125
400.0,0.3665032046990376,3.0,3.5023628522403154,-0.057698853417663294,0.3085704415099247,4.652771392459275,4.5773690451647395,3.779835625309345,0.4689927300373709,3.410611377945429e-06,6.984932102032238,0.9999999987406412
400.0,0.3665032046990376,3.5,3.5684708743074722,-0.049577834911816665,0.3108495871486934,4.654880151151666,4.5773690451647395,4.409808229527569,0.4689927300373709,3.410611377945429e-06,6.984932102032238,1.0000000001727214
400.0,0.3665032046990376,4.0,3.6465073699565753,-0.04018289567541791,0.3135842757526022,4.657508006379811,4.5773690451647395,5.039780833745793,0.4689927300373709,3.410611377945429e-06,6.984932102032238,1.0000000025015792
400.0,0.3665032046990376,4.5,3.737292233408795,-0.029502932976656224,0.3168265183357107,4.660772801360617,4.5773690451647395,5.669753437964016,0.4689927300373709,3.410611377945429e-06,6.984932102032238,1.0000000059750147
400.0,0.3665032046990376,5.0,3.8371103279847683,-0.018055704731644223,0.32064077685172926,4.664841035485134,4.5773690451647395,6.2997260421822405,0.4689927300373709,3.410611377945429e-06,6.984932102032238,0.999999998991566
400.0,0.3665032046990376,5.5,3.9495115679847363,-0.005516601130618535,0.32510624297944535,4.669954458398354,4.5773690451647395,6.929698646400464,0.4689927300373709,3.410611377945429e-06,6.984932102032238,0.9999999996644716
400.0,0.3665032046990376,6.0,4.07618277161415,0.008193657736520728,0.3303205444878362,4.6764729174559605,4.5773690451647395,7.55967125061869,0.4689927300373709,3.410611377945429e-06,6.984932102032238,0.9999999979971512
450.0,0.3665032046990376,0.0,3.7421845067279995,-0.028934794941518405,0.2690392840679934,5.228574996680247,5.1495401758103325,0.0,0.5276168212920421,3.8369378001886075e-06,7.858048614786268,1.00000000028744
450.0,0.3665032046990376,0.5,3.7464076079337145,-0.028444964619207907,0.2691489627384739,5.228691271554997,5.1495401758103325,0.6299726042182241,0.5276168212920421,3.8369378001886075e-06,7.858048614786268,1.0000000063794707
450.0,0.3665032046990376,1.0,3.759109000889921,-0.0269750724248219,0.2694794127527472,5.22904301563722,5.1495401758103325,1.2599452084364482,0.5276168212920421,3.8369378001886075e-06,7.858048614786268,0.999999997390308
450.0,0.3665032046990376,1.5,3.780385715381071,-0.02452387786229639,0.2700349270493356,5.229638213532264,5.1495401758103325,1.8899178126546725,0.5276168212920421,3.8369378001886075e-06,7.858048614786268,0.999999996588323
450.0,0.3665032046990376,2.0,3.8104011450971127,-0.021089292310759792,0.270822759152091,5.230491082152517,5.1495401758103325,2.5198904168728964,0.5276168212920421,3.8369378001886075e-06,7.858048614786268,0.9999999989017976
450.0,0.3665032046990376,2.5,3.849387415716794,-0.016668369128938133,0.27185331540101587,5.231622819365564,5.1495401758103325,3.1498630210911203,0.5276168212920421,3.8369378001886075e-06,7.858048614786268,1.0000000008186338
450.0,0.3665032046990376,3.0,3.8976488270522025,-0.011257284135841747,0.2731405050251697,5.233062469627453,5.1495401758103325,3.779835625309345,0.5276168212920421,3.8369378001886075e-06,7.858048614786268,1.0000000023999713
450.0,0.3665032046990376,3.5,3.9555669862663665,-0.004851247777920263,0.27470208215005076,5.234849925805989,5.1495401758103325,4.409808229527569,0.5276168212920421,3.8369378001886075e-06,7.858048614786268,0.9999999986714961
450.0,0.3665032046990376,4.0,4.023606103943107,0.0025554669880287354,0.27656007505965097,5.237037641683157,5.1495401758103325,5.039780833745793,0.5276168212920421,3.8369378001886075e-06,7.858048614786268,1.0000000011116132
450.0,0.3665032046990376,4.5,4.102320791201146,0.01096962677196326,0.2787415784467575,5.239696507177285,5.1495401758103325,5.669753437964016,0.5276168212920421,3.8369378001886075e-06,7.858048614786268,1.0000000025015792
450.0,0.3665032046990376,5.0,4.192364931826968,0.020399088225139608,0.281279409644253,5.242920768816007,5.1495401758103325,6.2997260421822405,0.5276168212920421,3.8369378001886075e-06,7.858048614786268,1.0000000038575965
450.0,0.3665032046990376,5.5,4.290716267131246,0.030469805494768076,0.2842132836653911,5.246838811301751,5.1495401758103325,6.929698646400464,0.5276168212920421,3.8369378001886075e-06,7.858048614786268,0.9999999937650438
450.0,0.3665032046990376,6.0,4.399323302580837,0.041325887759030955,0.28759092730297325,5.251628875587371,5.1495401758103325,7.55967125061869,0.5276168212920421,3.8369378001886075e-06,7.858048614786268,1.0000000007673153
500.0,0.3665032046990376,0.0,4.157982785253334,0.016822695619156842,0.24213535566119404,5.809527774089164,5.721711306455925,0.0,0.5862409125467136,4.263264222431786e-06,8.731165127540299,1.00000000028744
500.0,0.3665032046990376,0.5,4.161783164687872,0.017219457725755484,0.2422152869062491,5.809632407535836,5.721711306455925,0.6299726042182241,0.5862409125467136,4.263264222431786e-06,8.731165127540299,0.9999999980022581
500.0,0.3665032046990376,1.0,4.173207462826185,0.01840998401902172,0.24245594413761823,5.809948355459087,5.721711306455925,1.2599452084364482,0.5862409125467136,4.263264222431786e-06,8.731165127540299,1.0000000067447734
500.0,0.3665032046990376,1.5,4.192326538013201,0.020395110924002535,0.2428598432190279,5.810481452483325,5.721711306455925,1.8899178126546725,0.5862409125467136,4.263264222431786e-06,8.731165127540299,0.9999999973132221
500.0,0.3665032046990376,2.0,4.2192589528712166,0.023176189268864195,0.2434312421849795,5.8112421478600185,5.721711306455925,2.5198904168728964,0.5862409125467136,4.263264222431786e-06,8.731165127540299,1.0000000002899625
500.0,0.3665032046990376,2.5,4.254172900484779,0.026755145437741143,0.24417622347182882,5.812244880606014,5.721711306455925,3.1498630210911203,0.5862409125467136,4.263264222431786e-06,8.731165127540299,0.9999999971861735
500.0,0.3665032046990376,3.0,4.29728813999154,0.031134483466694843,0.2451028502874017,5.813510823089624,5.721711306455925,3.779835625309345,0.5862409125467136,4.263264222431786e-06,8.731165127540299,1.0000000042741763
500.0,0.3665032046990376,3.5,4.348878814602661,0.036317314501862444,0.24622133586376319,5.815066810912462,5.721711306455925,4.409808229527569,0.5862409125467136,4.263264222431786e-06,8.731165127540299,1.0000000008104115
500.0,0.3665032046990376,4.0,4.409276358771545,0.0423073284845629,0.2475442632161299,5.816948285373899,5.721711306455925,5.039780833745793,0.5862409125467136,4.263264222431786e-06,8.731165127540299,0.999999999692238
500.0,0.3665032046990376,4.5,4.478874621248416,0.04910891392492118,0.2490868688469817,5.819201163033654,5.721711306455925,5.669753437964016,0.5862409125467136,4.263264222431786e-06,8.731165127540299,0.9999999994556278
500.0,0.3665032046990376,5.0,4.55813421244572,0.05672711733263855,0.2508674206020817,5.821885007974763,5.721711306455925,6.2997260421822405,0.5862409125467136,4.263264222431786e-06,8.731165127540299,1.0000000025015792
500.0,0.3665032046990376,5.5,4.647588635310521,0.06516768973226132,0.2529076661227667,5.825077086403797,5.721711306455925,6.929698646400464,0.5862409125467136,4.263264222431786e-06,8.731165127540299,1.0000000027165457
500.0,0.3665032046990376,6.0,4.744904695426222,0.07416750242878126,0.25523338805058426,5.828880084470276,5.721711306455925,7.55967125061869,0.5862409125467136,4.263264222431786e-06,8.731165127540299,0.9999999975198962
550.0,0.3665032046990376,0.0,4.573781063778667,0.05821538077738186,0.22012305060108553,6.39048055149808,6.293882437101516,0.0,0.6448650038013849,4.6895906446749645e-06,9.604281640294326,1.00000000028744
550.0,0.3665032046990376,0.5,4.5772355313380295,0.05854326921570227,0.22018309087344085,6.390575695082899,6.293882437101516,0.6299726042182241,0.6448650038013849,4.6895906446749645e-06,9.604281640294326,1.0000000066941004
550.0,0.3665032046990376,1.0,4.587616746019639,0.05952713803179571,0.2203637805638577,6.390862457845348,6.293882437101516,1.2599452084364482,0.6448650038013849,4.6895906446749645e-06,9.604281640294326,1.000000003475458
550.0,0.3665032046990376,1.5,4.604977574599257,0.061167528275152615,0.22066662889641664,6.391345495512397,6.293882437101516,1.8899178126546725,0.6448650038013849,4.6895906446749645e-06,9.604281640294326,0.9999999997495121
550.0,0.3665032046990376,2.0,4.629406886579257,0.06346536202566103,0.22109431072176652,6.392032197820767,6.293882437101516,2.5198904168728964,0.6448650038013849,4.6895906446749645e-06,9.604281640294326,1.0000000029919853
550.0,0.3665032046990376,2.5,4.661030690857439,0.06642197125408647,0.2216505472305642,6.392933694166939,6.293882437101516,3.1498630210911203,0.6448650038013849,4.6895906446749645e-06,9.604281640294326,1.0000000043337125
550.0,0.3665032046990376,3.0,4.700012755201581,0.07003904522608392,0.22234029833763921,6.394064960795917,6.293882437101516,3.779835625309345,0.6448650038013849,4.6895906446749645e-06,9.604281640294326,1.000000001429734
550.0,0.3665032046990376,3.5,4.746556888549215,0.07431869902948453,0.22316979620301194,6.395445582687722,6.293882437101516,4.409808229527569,0.6448650038013849,4.6895906446749645e-06,9.604281640294326,0.9999999934353792
550.0,0.3665032046990376,4.0,4.800908201706025,0.07926341056420423,0.2241466111693145,6.397100503984055,6.293882437101516,5.039780833745793,0.6448650038013849,4.6895906446749645e-06,9.604281640294326,1.0000000037372134
550.0,0.3665032046990376,4.5,4.863357136830164,0.08487617148709299,0.22527989956620048,6.39906171588986,6.293882437101516,5.669753437964016,0.6448650038013849,4.6895906446749645e-06,9.604281640294326,1.0000000021144733
550.0,0.3665032046990376,5.0,4.934240692942923,0.09116033928732142,0.22658053665917893,6.401368984019284,6.293882437101516,6.2997260421822405,0.6448650038013849,4.6895906446749645e-06,9.604281640294326,0.9999999984298156
550.0,0.3665032046990376,5.5,5.01394763369029,0.09811980249086348,0.22806129145643794,6.404073508772239,6.293882437101516,6.929698646400464,0.6448650038013849,4.6895906446749645e-06,9.604281640294326,1.0000000025015792
550.0,0.3665032046990376,6.0,5.102921625851756,0.10575890686484317,0.22973710255497073,6.407239804331389,6.293882437101516,7.55967125061869,0.6448650038013849,4.6895906446749645e-06,9.604281640294326,0.9999999998939353
600.0,0.3665032046990376,0.0,4.989579342304,0.09600394166678163,0.20177946305099503,6.971433328906997,6.866053567747109,0.0,0.7034890950560563,5.115917066918143e-06,10.477398153048357,1.00000000028744
600.0,0.3665032046990376,0.5,4.992745830218188,0.09627946630668316,0.20182571503859925,6.97152048462261,6.866053567747109,0.6299726042182241,0.7034890950560563,5.115917066918143e-06,10.477398153048357,0.9999999958388635
600.0,0.3665032046990376,1.0,5.002258579273487,0.09710614641618898,0.20196480021219365,6.971783150638766,6.866053567747109,1.2599452084364482,0.7034890950560563,5.115917066918143e-06,10.477398153048357,1.0000000006023293
600.0,0.3665032046990376,1.5,5.018158576113076,0.09848438977233467,0.20219773651381465,6.972224713404159,6.866053567747109,1.8899178126546725,0.7034890950560563,5.115917066918143e-06,10.477398153048357,1.000000003354385
600.0,0.3665032046990376,2.0,5.040514287174762,0.10041485874600362,0.2025261952870017,6.972850951376353,6.866053567747109,2.5198904168728964,0.7034890950560563,5.115917066918143e-06,10.477398153048357,0.999999996588323
600.0,0.3665032046990376,2.5,5.069422087713376,0.10289846141314272,0.2029526335710027,6.973670346222268,6.866053567747109,3.1498630210911203,0.7034890950560563,5.115917066918143e-06,10.477398153048357,1.0000000014738226
600.0,0.3665032046990376,3.0,5.105007480581734,0.10593639148536592,0.20348018622652403,6.974693856727216,6.866053567747109,3.779835625309345,0.7034890950560563,5.115917066918143e-06,10.477398153048357,0.9999999971861735
600.0,0.3665032046990376,3.5,5.147426102998246,0.10953012922865236,0.20411282816657342,6.975936716151985,6.866053567747109,4.409808229527569,0.7034890950560563,5.115917066918143e-06,10.477398153048357,0.9999999977790182
600.0,0.3665032046990376,4.0,5.196865102736271,0.11368145247245828,0.20485537876887724,6.977416626169939,6.866053567747109,5.039780833745793,0.7034890950560563,5.115917066918143e-06,10.477398153048357,1.0000000023999713
600.0,0.3665032046990376,4.5,5.253544278360472,0.11839240563801788,0.2057136276732831,6.979157088688912,6.866053567747109,5.669753437964016,0.7034890950560563,5.115917066918143e-06,10.477398153048357,0.9999999987406412
600.0,0.3665032046990376,5.0,5.317718633062172,0.12366536322809658,0.20669433656806777,6.981186477452152,6.866053567747109,6.2997260421822405,0.7034890950560563,5.115917066918143e-06,10.477398153048357,0.9999999953786715
600.0,0.3665032046990376,5.5,5.3896803282835295,0.12950301582916943,0.20780546775907452,6.983539955851855,6.866053567747109,6.929698646400464,0.7034890950560563,5.115917066918143e-06,10.477398153048357,1.0000000002729412
600.0,0.3665032046990376,6.0,5.469761054934862,0.13590836338026327,0.20905618383506813,6.986262009569716,6.866053567747109,7.55967125061869,0.7034890950560563,5.115917066918143e-06,10.477398153048357,1.0000000025015792
650.0,0.3665032046990376,0.0,5.405377620829333,0.13076604792599356,0.1862579658932262,7.552386106315913,7.438224698392701,0.0,0.7621131863107276,5.542243489161321e-06,11.350514665802386,1.00000000028744
650.0,0.3665032046990376,0.5,5.408300415158027,0.13100081605490882,0.18629434060941433,7.552466503765799,7.438224698392701,0.6299726042182241,0.7621131863107276,5.542243489161321e-06,11.350514665802386,0.9999999989887484
650.0,0.3665032046990376,1.0,5.417078967065789,0.1317051752008975,0.1864036777817166,7.552708835809425,7.438224698392701,1.2599452084364482,0.7621131863107276,5.542243489161321e-06,11.350514665802386,0.9999999986658438
650.0,0.3665032046990376,1.5,5.431746008208065,0.13287946254156258,0.18658667490870087,7.553115539166679,7.438224698392701,1.8899178126546725,0.7621131863107276,5.542243489161321e-06,11.350514665802386,0.9999999986863174
650.0,0.3665032046990376,2.0,5.452354682214248,0.13452410813075538,0.1868444477754982,7.553691268207587,7.438224698392701,2.5198904168728964,0.7621131863107276,5.542243489161321e-06,11.350514665802386,1.000000000026247
650.0,0.3665032046990376,2.5,5.478981016335454,0.1366398043586106,0.1871786225119358,7.55444256319549,7.438224698392701,3.1498630210911203,0.7621131863107276,5.542243489161321e-06,11.350514665802386,1.000000002682197
650.0,0.3665032046990376,3.0,5.51172314492065,0.13922740341105647,0.18759128905631928,7.555378212092049,7.438224698392701,3.779835625309345,0.7621131863107276,5.542243489161321e-06,11.350514665802386,0.9999999977330838
650.0,0.3665032046990376,3.5,5.55070277322283,0.14228798120202388,0.1880850942903077,7.556509279156041,7.438224698392701,4.409808229527569,0.7621131863107276,5.542243489161321e-06,11.350514665802386,1.00000000777976
650.0,0.3665032046990376,4.0,5.596065690819996,0.1458228125964,0.18866320223353486,7.557849795213058,7.438224698392701,5.039780833745793,0.7621131863107276,5.542243489161321e-06,11.350514665802386,0.9999999996758444
650.0,0.3665032046990376,4.5,5.647982866631596,0.14983337926914178,0.1893293930058832,7.559416976734947,7.438224698392701,5.669753437964016,0.7621131863107276,5.542243489161321e-06,11.350514665802386,0.9999999986137212
650.0,0.3665032046990376,5.0,5.706651798047053,0.1543213827454026,0.19008813364303367,7.561231976352309,7.438224698392701,6.2997260421822405,0.7621131863107276,5.542243489161321e-06,11.350514665802386,0.9999999976598951
650.0,0.3665032046990376,5.5,5.772297832745069,0.1592887399259094,0.1909445414422506,7.563320331375488,7.438224698392701,6.929698646400464,0.7621131863107276,5.542243489161321e-06,11.350514665802386,1.000000007241454
650.0,0.3665032046990376,6.0,5.84517648159573,0.1647376368860834,0.19190454380496824,7.565713868557386,7.438224698392701,7.55967125061869,0.7621131863107276,5.542243489161321e-06,11.350514665802386,1.0000000003715444
700.0,0.3665032046990376,0.0,5.8211758993546665,0.1629507312973948,0.17295382547228147,8.133338883724829,8.010395829038293,0.0,0.8207372775653989,5.9685699114045e-06,12.223631178556417,1.00000000028744
700.0,0.3665032046990376,0.5,5.82388982412324,0.1631531591068411,0.1729829502445486,8.133413594700265,8.010395829038293,0.6299726042182241,0.8207372775653989,5.9685699114045e-06,12.223631178556417,0.9999999954150439
700.0,0.3665032046990376,1.0,5.832039688365242,0.1637604794653871,0.17307045936221357,8.133638414822855,8.010395829038293,1.2599452084364482,0.8207372775653989,5.9685699114045e-06,12.223631178556417,1.0000000052096314
700.0,0.3665032046990376,1.5,5.845651602192159,0.1647729367385665,0.17321684181906793,8.134015491780206,8.010395829038293,1.8899178126546725,0.8207372775653989,5.9685699114045e-06,12.223631178556417,0.9999999989364037
700.0,0.3665032046990376,2.0,5.864768185969598,0.1661908593019516,0.17342286844128052,8.134548391078821,8.010395829038293,2.5198904168728964,0.8207372775653989,5.9685699114045e-06,12.223631178556417,1.0000000000903568
700.0,0.3665032046990376,2.5,5.889450051375758,0.16801475153999693,0.17368964346651547,8.135242495448828,8.010395829038293,3.1498630210911203,0.8207372775653989,5.9685699114045e-06,12.223631178556417,1.0000000039471044
700.0,0.3665032046990376,3.0,5.919775685729937,0.17024525926398026,0.1740186173982208,8.136104367188556,8.010395829038293,3.779835625309345,0.8207372775653989,5.9685699114045e-06,12.223631178556417,1.0000000018377826
700.0,0.3665032046990376,3.5,5.955842060678689,0.17288318111597908,0.1744115881941635,8.137142832848419,8.010395829038293,4.409808229527569,0.8207372775653989,5.9685699114045e-06,12.223631178556417,0.9999999971861735
700.0,0.3665032046990376,4.0,5.9977646323114415,0.17592942759904728,0.17487071263146872,8.138369369327208,8.010395829038293,5.039780833745793,0.8207372775653989,5.9685699114045e-06,12.223631178556417,1.000000003808369
700.0,0.3665032046990376,4.5,6.045679755991532,0.17938514723178756,0.17539860149488176,8.139796356682076,8.010395829038293,5.669753437964016,0.8207372775653989,5.9685699114045e-06,12.223631178556417,1.0000000053701141
700.0,0.3665032046990376,5.0,6.099743099876686,0.18325155308355862,0.1759982020285977,8.141440639860765,8.010395829038293,6.2997260421822405,0.8207372775653989,5.9685699114045e-06,12.223631178556417,1.000000002689235
700.0,0.3665032046990376,5.5,6.1601326206586275,0.18753007080403306,0.17667300855600002,8.143321159159603,8.010395829038293,6.929698646400464,0.8207372775653989,5.9685699114045e-06,12.223631178556417,0.9999999969513065
700.0,0.3665032046990376,6.0,6.227049141865998,0.19222230171911947,0.1774269545176549,8.145461419612808,8.010395829038293,7.55967125061869,0.8207372775653989,5.9685699114045e-06,12.223631178556417,0.9999999987331037
400.0,0.3831535810437724,0.0,3.181834316625492,-0.0993824298604786,0.31641956819681255,4.445654489129776,4.378454246918275,0.0,0.448612115462938,3.2623993663188473e-06,6.681393902220999,1.00000000028744
400.0,0.3831535810437724,0.5,3.1872644495290543,-0.09864189264665857,0.3166146809818315,4.4458041594922175,4.378454246918275,0.658592492973957,0.448612115462938,3.2623993663188473e-06,6.681393902220999,1.0000000022971773
400.0,0.3831535810437724,1.0,3.2036173104351535,-0.09641935966253072,0.3172038587254208,4.446258423043808,4.378454246918275,1.317184985947914,0.448612115462938,3.2623993663188473e-06,6.681393902220999,0.9999999960507798
400.0,0.3831535810437724,1.5,3.231082196909915,-0.09271198496295302,0.3181986590962859,4.447033476909253,4.378454246918275,1.9757774789218716,0.448612115462938,3.2623993663188473e-06,6.681393902220999,1.0000000059716971
400.0,0.3831535810437724,2.0,3.2699795298496146,-0.0875149573530531,0.3196189004711207,4.448157763972501,4.378454246918275,2.634369971895828,0.448612115462938,3.2623993663188473e-06,6.681393902220999,0.9999999998317264
400.0,0.3831535810437724,2.5,3.320767784003814,-0.08082148418841947,0.3214934544727189,4.449674995646994,4.378454246918275,3.2929624648697855,0.448612115462938,3.2623993663188473e-06,6.681393902220999,1.0000000004746252
400.0,0.3831535810437724,3.0,3.3840544702852835,-0.07262264643085273,0.32386145391877635,4.451648729080778,4.378454246918275,3.951554957843743,0.448612115462938,3.2623993663188473e-06,6.681393902220999,0.9999999970863368
400.0,0.3831535810437724,3.5,3.4606105066000796,-0.06290726933900533,0.3267739480043452,4.454169360494973,4.378454246918275,4.6101474508177,0.448612115462938,3.2623993663188473e-06,6.681393902220999,0.9999999963408319
400.0,0.3831535810437724,4.0,3.5513885248174213,-0.051661804254698684,0.3302961958391185,4.45736628767166,4.378454246918275,5.268739943791656,0.448612115462938,3.2623993663188473e-06,6.681393902220999,0.9999999970125691
400.0,0.3831535810437724,4.5,3.654000522642731,-0.03929138619298753,0.33451072995624037,4.4614269301452145,4.378454246918275,5.927332436765615,0.448612115462938,3.2623993663188473e-06,6.681393902220999,0.9999999995092315
400.0,0.3831535810437724,5.0,3.7698367006167266,-0.025737453206271868,0.33952121875769165,4.4666306970591885,4.378454246918275,6.585924929739571,0.448612115462938,3.2623993663188473e-06,6.681393902220999,1.0000000029490355
400.0,0.3831535810437724,5.5,3.901896631316444,-0.010784231406189957,0.34545778030459373,4.473408889087768,4.378454246918275,7.244517422713527,0.448612115462938,3.2623993663188473e-06,6.681393902220999,0.9999999942741447
400.0,0.3831535810437724,6.0,4.051571795899295,0.005563547901006546,0.3524837769191153,4.482458043953405,4.378454246918275,7.903109915687486,0.448612115462938,3.2623993663188473e-06,6.681393902220999,0.9999999988725109
400.0,0.4033195589934446,0.0,3.022742600794217,-0.12165882457163087,0.3330732296808553,4.223371764673287,4.159531534572361,0.0,0.42618150968979107,3.099279398002905e-06,6.347324207109949,1.00000000028744
400.0,0.4033195589934446,0.5,3.0290774167493146,-0.12074961821386479,0.3333254824708409,4.223546453562338,4.159531534572361,0.69325525576206,0.42618150968979107,3.099279398002905e-06,6.347324207109949,0.9999999998273064
400.0,0.4033195589934446,1.0,3.0481714365475825,-0.11802060219949491,0.33408830386294663,4.224078045791876,4.159531534572361,1.38651051152412,0.42618150968979107,3.099279398002905e-06,6.347324207109949,0.9999999954468122
400.0,0.4033195589934446,1.5,3.0802965323426976,-0.11346746438558153,0.33538015786500114,4.224989981535916,4.159531534572361,2.07976576728618,0.42618150968979107,3.099279398002905e-06,6.347324207109949,0.9999999982627981
400.0,0.4033195589934446,2.0,3.1259140532687812,-0.10708295836911974,0.337232827412595,4.22632378587799,4.159531534572361,2.77302102304824,0.42618150968979107,3.099279398002905e-06,6.347324207109949,0.9999999961257368
400.0,0.4033195589934446,2.5,3.1856879356509857,-0.09885676049768703,0.3396929693795201,4.228145468347273,4.159531534572361,3.4662762788103008,0.42618150968979107,3.099279398002905e-06,6.347324207109949,1.000000005683723
400.0,0.4033195589934446,3.0,3.2605039691519226,-0.08877525809878285,0.3428247290128963,4.2305524217443224,4.159531534572361,4.15953153457236,0.42618150968979107,3.099279398002905e-06,6.347324207109949,1.0000000056851732
400.0,0.4033195589934446,3.5,3.3514956612793934,-0.07682132981920428,0.34671292979361795,4.233689995603773,4.159531534572361,4.85278679033442,0.42618150968979107,3.099279398002905e-06,6.347324207109949,1.000000001354798
400.0,0.4033195589934446,4.0,3.457487626597192,-0.06329935676503139,0.35146795933482394,4.237775413700906,4.159531534572361,5.54604204609648,0.42618150968979107,3.099279398002905e-06,6.347324207109949,0.9999999969588121
400.0,0.4033195589934446,4.5,3.578094650824228,-0.04840816661506123,0.3572322410837566,4.243144307086275,4.159531534572361,6.2392973018585405,0.42618150968979107,3.099279398002905e-06,6.347324207109949,1.0000000019519713
400.0,0.4033195589934446,5.0,3.717587149008045,-0.03179883312800776,0.3641889451532863,4.250337995915929,4.159531534572361,6.9325525576206015,0.42618150968979107,3.099279398002905e-06,6.347324207109949,1.0000000015237747
400.0,0.4033195589934446,5.5,3.8777719771913564,-0.013477723449397598,0.3725738265638051,4.260277561575165,4.159531534572361,7.625807813382661,0.42618150968979107,3.099279398002905e-06,6.347324207109949,0.9999999986995854
400.0,0.4033195589934446,6.0,4.060787791635346,0.006550303424371899,0.38269118822346,4.27467175079473,4.159531534572361,8.31906306914472,0.42618150968979107,3.099279398002905e-06,6.347324207109949,1.00000000225397
400.0,0.4050942113609619,0.0,3.009500453258036,-0.12356557825846483,0.3345387901339237,4.2048698545228,4.141309298167669,0.0,0.4243144772712776,3.0857019551093494e-06,6.319517604063948,1.00000000028744
400.0,0.4050942113609619,0.5,3.015919371661264,-0.12264026451174556,0.33479663582559216,4.205046851832042,4.141309298167669,0.6963056584849092,0.4243144772712776,3.0857019551093494e-06,6.319517604063948,0.9999999984860864
400.0,0.4050942113609619,1.0,3.035268521629603,-0.1198628734114315,0.3355765403372086,4.205585656821855,4.141309298167669,1.3926113169698184,0.4243144772712776,3.0857019551093494e-06,6.319517604063948,0.9999999996522363
400.0,0.4050942113609619,1.5,3.0678283905561345,-0.11522892911457584,0.336897688065443,4.206510392638321,4.141309298167669,2.088916975454728,0.4243144772712776,3.0857019551093494e-06,6.319517604063948,0.9999999983333833
400.0,0.4050942113609619,2.0,3.1140750205031806,-0.1087309204760449,0.3387931425631822,4.207864331191979,4.141309298167669,2.785222633939637,0.4243144772712776,3.0857019551093494e-06,6.319517604063948,1.0000000096153747
400.0,0.4050942113609619,2.5,3.174693718427434,-0.10035815864897861,0.34131162330579884,4.209715144245529,4.141309298167669,3.4815282924245463,0.4243144772712776,3.0857019551093494e-06,6.319517604063948,1.0000000018050306
400.0,0.4050942113609619,3.0,3.25059951370735,-0.09009652527720456,0.34451995994836154,4.212164675118785,4.141309298167669,4.177833950909456,0.4243144772712776,3.0857019551093494e-06,6.319517604063948,1.0000000050489914
400.0,0.4050942113609619,3.5,3.3429641771996237,-0.07792826855767515,0.34850683229573154,4.215363967747225,4.141309298167669,4.874139609394366,0.4243144772712776,3.0857019551093494e-06,6.319517604063948,0.9999999983799918
400.0,0.4050942113609619,4.0,3.450230150735749,-0.06421192528056266,0.3533878023687334,4.2195408316108605,4.141309298167669,5.570445267879274,0.4243144772712776,3.0857019551093494e-06,6.319517604063948,0.9999999982070837
400.0,0.4050942113609619,4.5,3.572734771722662,-0.04905921454694665,0.35931222742109953,4.225048997320062,4.141309298167669,6.266750926364184,0.4243144772712776,3.0857019551093494e-06,6.319517604063948,0.9999999993221669
400.0,0.4050942113609619,5.0,3.7145097934694498,-0.032158483605117846,0.3664725930181373,4.232462889698163,4.141309298167669,6.963056584849093,0.4243144772712776,3.0857019551093494e-06,6.319517604063948,1.0000000005354222
400.0,0.4050942113609619,5.5,3.877428908367053,-0.013516147443721902,0.37511726966839076,4.242772979947039,4.141309298167669,7.6593622433340025,0.4243144772712776,3.0857019551093494e-06,6.319517604063948,0.9999999998566665
400.0,0.4050942113609619,6.0,4.063712319924138,0.006862964273755772,0.38556768364737776,4.257839092530393,4.141309298167669,8.355667901818912,0.4243144772712776,3.0857019551093494e-06,6.319517604063948,0.9999999998223134
450.0,0.4050942113609619,0.0,3.38568800991529,-0.07241305581108361,0.2973678134523766,4.730478586338148,4.658972960438628,0.0,0.4773537869301872,3.4714146994980177e-06,7.10945730457194,1.00000000028744
450.0,0.4050942113609619,0.5,3.3913923183727697,-0.0716819591879969,0.297548842013074,4.730635826965168,4.658972960438628,0.6963056584849092,0.4773537869301872,3.4714146994980177e-06,7.10945730457194,0.9999999960419964
450.0,0.4050942113609619,1.0,3.408569962071777,-0.06948777885826934,0.29809540885267205,4.731112949096501,4.658972960438628,1.3926113169698184,0.4773537869301872,3.4714146994980177e-06,7.10945730457194,0.9999999989367412
450.0,0.4050942113609619,1.5,3.4374173781673125,-0.06582772307502519,0.29901816627515737,4.73192667952105,4.658972960438628,2.088916975454728,0.4773537869301872,3.4714146994980177e-06,7.10945730457194,0.999999996778504
450.0,0.4050942113609619,2.0,3.4782664782034294,-0.06069714006149618,0.3003351857316774,4.733106652378686,4.658972960438628,2.785222633939637,0.4773537869301872,3.4714146994980177e-06,7.10945730457194,1.0000000048489333
450.0,0.4050942113609619,2.5,3.531592716985283,-0.05408937880207802,0.302072920162046,4.734697910868165,4.658972960438628,3.4815282924245463,0.4773537869301872,3.4714146994980177e-06,7.10945730457194,0.9999999969545058
450.0,0.4050942113609619,3.0,3.598025388548053,-0.045995767819424424,0.3042671258352038,4.736766282737514,4.658972960438628,4.177833950909456,0.4773537869301872,3.4714146994980177e-06,7.10945730457194,1.000000005089834
450.0,0.4050942113609619,3.5,3.6783629859594873,-0.036405407529559834,0.30696448654342906,4.739404800597232,4.658972960438628,4.874139609394366,0.4773537869301872,3.4714146994980177e-06,7.10945730457194,1.0000000020439104
450.0,0.4050942113609619,4.0,3.773591356709676,-0.025305122826799916,0.3102245360405225,4.742746355927308,4.658972960438628,5.570445267879274,0.4773537869301872,3.4714146994980177e-06,7.10945730457194,0.9999999977322969
450.0,0.4050942113609619,4.5,3.8815089195777173,-0.01305940283318142,0.3141224909944297,4.746983435562218,4.658972960438628,6.266750926364184,0.4773537869301872,3.4714146994980177e-06,7.10945730457194,0.9999999982070837
450.0,0.4050942113609619,5.0,4.002978082823915,0.0003232209268578618,0.3187527677235748,4.752400726425806,4.658972960438628,6.963056584849093,0.4773537869301872,3.4714146994980177e-06,7.10945730457194,0.9999999989417868
450.0,0.4050942113609619,5.5,4.14140401481747,0.015087608854923763,0.3242336720181512,4.759435371222403,4.658972960438628,7.6593622433340025,0.4773537869301872,3.4714146994980177e-06,7.10945730457194,1.0000000010750254
450.0,0.4050942113609619,6.0,4.298224192273641,0.031229072905178998,0.330713480599112,4.768791634806819,4.658972960438628,8.355667901818912,0.4773537869301872,3.4714146994980177e-06,7.10945730457194,1.0000000004190943
500.0,0.4050942113609619,0.0,3.7618755665725456,-0.026655565250408346,0.26763103210713884,5.2560873181535,5.176636622709587,0.0,0.5303930965890971,3.857127443886687e-06,7.899397005079935,1.00000000028744
500.0,0.4050942113609619,0.5,3.7670084934561596,-0.026063391921885094,0.26776296347256484,5.256228717454441,5.176636622709587,0.6963056584849092,0.5303930965890971,3.857127443886687e-06,7.899397005079935,1.0000000011159387
500.0,0.4050942113609619,1.0,3.7824544504827307,-0.02428628451327024,0.26816081345872295,5.256656981732579,5.176636622709587,1.3926113169698184,0.5303930965890971,3.857127443886687e-06,7.899397005079935,0.9999999970360721
500.0,0.4050942113609619,1.5,3.8083563000278886,-0.021322418239136394,0.26883081848876333,5.257384140124253,5.176636622709587,2.088916975454728,0.5303930965890971,3.857127443886687e-06,7.899397005079935,0.9999999931445638
500.0,0.4050942113609619,2.0,3.844954997862353,-0.017168730231976254,0.2697836032752471,5.25843134413446,5.176636622709587,2.785222633939637,0.5303930965890971,3.857127443886687e-06,7.899397005079935,0.99999999488035
500.0,0.4050942113609619,2.5,3.8925937756289763,-0.011820907467988428,0.2710345140505457,5.259830413989974,5.176636622709587,3.4815282924245463,0.5303930965890971,3.857127443886687e-06,7.899397005079935,1.0000000096153747
500.0,0.4050942113609619,3.0,3.9517247251562213,-0.005273307059504198,0.27260412994952216,5.2616262493499955,5.176636622709587,4.177833950909456,0.5303930965890971,3.857127443886687e-06,7.899397005079935,0.9999999978780845
500.0,0.4050942113609619,3.5,4.0229173867188,0.0024811228091580163,0.27451896898333294,5.263880856400671,5.176636622709587,4.874139609394366,0.5303930965890971,3.857127443886687e-06,7.899397005079935,1.0000000033494036
500.0,0.4050942113609619,4.0,4.106869151750922,0.011450874764598199,0.27681237369776907,5.266679736147414,5.176636622709587,5.570445267879274,0.5303930965890971,3.857127443886687e-06,7.899397005079935,1.0000000044327886
500.0,0.4050942113609619,4.5,4.204419236962845,0.021646023169476038,0.2795258019840078,5.270139843204127,5.176636622709587,6.266750926364184,0.5303930965890971,3.857127443886687e-06,7.899397005079935,0.9999999993510739
500.0,0.4050942113609619,5.0,4.312787688419688,0.032698087727493885,0.28271024189498667,5.2744260395135765,5.176636622709587,6.963056584849093,0.5303930965890971,3.857127443886687e-06,7.899397005079935,0.9999999982070837
500.0,0.4050942113609619,5.5,4.4334333355271065,0.04468019114001299,0.2864282800813825,5.2797719170980235,5.176636622709587,7.6593622433340025,0.5303930965890971,3.857127443886687e-06,7.899397005079935,1.0000000010870993
500.0,0.4050942113609619,6.0,4.569218279065733,0.05778191418438813,0.2907565398715554,5.286522895703491,5.176636622709587,8.355667901818912,0.5303930965890971,3.857127443886687e-06,7.899397005079935,0.9999999999243318
550.0,0.4050942113609619,0.0,4.1380631232297995,0.014737119907816626,0.2433009382792172,5.78169604996885,5.694300284980544,0.0,0.5834324062480067,4.242840188275355e-06,8.689336705587927,1.00000000028744
550.0,0.4050942113609619,0.5,4.142728766339762,0.015226508676094553,0.24340003893726306,5.781824524242699,5.694300284980544,0.6963056584849092,0.5834324062480067,4.242840188275355e-06,8.689336705587927,1.0000000022406776
550.0,0.4050942113609619,1.0,4.156761290949486,0.01669509379887427,0.2436986117353282,5.782213107871654,5.694300284980544,1.3926113169698184,0.5834324062480067,4.242840188275355e-06,8.689336705587927,1.000000000131463
550.0,0.4050942113609619,1.5,4.180267594324848,0.019144092126241203,0.2442005167134635,5.782870648321062,5.694300284980544,2.088916975454728,0.5834324062480067,4.242840188275355e-06,8.689336705587927,0.9999999978119384
550.0,0.4050942113609619,2.0,4.213428349658914,0.022575621712176343,0.24491231755111317,5.783812940231257,5.694300284980544,2.785222633939637,0.5834324062480067,4.242840188275355e-06,8.689336705587927,0.9999999958825657
550.0,0.4050942113609619,2.5,4.256499442336386,0.026992589501509234,0.24584343053741223,5.785063179969268,5.694300284980544,3.4815282924245463,0.5834324062480067,4.242840188275355e-06,8.689336705587927,1.000000001737161
550.0,0.4050942113609619,3.0,4.3098169817255325,0.03239883671807718,0.2470063692602648,5.786653508778577,5.694300284980544,4.177833950909456,0.5834324062480067,4.242840188275355e-06,8.689336705587927,1.0000000005518135
550.0,0.4050942113609619,3.5,4.373801972120376,0.03879912473939124,0.2484171837080909,5.788627955125336,5.694300284980544,4.874139609394366,0.5834324062480067,4.242840188275355e-06,8.689336705587927,0.9999999968618473
550.0,0.4050942113609619,4.0,4.448966857705967,0.04619917918316867,0.25009574144097896,5.791044506640321,5.694300284980544,5.570445267879274,0.5834324062480067,4.242840188275355e-06,8.689336705587927,1.0000000041108164
550.0,0.4050942113609619,4.5,4.535923784690776,0.054605757342092116,0.2520664872901104,5.7939811657376525,5.694300284980544,6.266750926364184,0.5834324062480067,4.242840188275355e-06,8.689336705587927,0.9999999992590962
550.0,0.4050942113609619,5.0,4.635394441579453,0.06402670432898702,0.25435907925750795,5.797541808480454,5.694300284980544,6.963056584849093,0.5834324062480067,4.242840188275355e-06,8.689336705587927,1.0000000000811178
550.0,0.4050942113609619,5.5,4.744066457261655,0.07409077288571883,0.2570093108136243,5.8018686434649345,5.694300284980544,7.6593622433340025,0.5834324062480067,4.242840188275355e-06,8.689336705587927,0.9999999982070837
550.0,0.4050942113609619,6.0,4.864041311301842,0.08493726350461102,0.2600602971551449,5.807157637145136,5.694300284980544,8.355667901818912,0.5834324062480067,4.242840188275355e-06,8.689336705587927,1.0000000012869061
600.0,0.4050942113609619,0.0,4.514250679887053,0.05252568079721631,0.2230258600892824,6.3073047817841985,6.211963947251504,0.0,0.6364717159069163,4.628552932664024e-06,9.47927640609592,1.00000000028744
600.0,0.4050942113609619,0.5,4.518527134633863,0.05293690331935681,0.22310218070251603,6.307422573552801,6.211963947251504,0.6963056584849092,0.6364717159069163,4.628552932664024e-06,9.47927640609592,0.999999998848957
600.0,0.4050942113609619,1.0,4.531383687095048,0.054170845544065836,0.2233319467425616,6.307778225906494,6.211963947251504,1.3926113169698184,0.6364717159069163,4.628552932664024e-06,9.47927640609592,0.9999999996425102
600.0,0.4050942113609619,1.5,4.552902782444404,0.0562283856442497,0.22371769355813906,6.308378485232782,6.211963947251504,2.088916975454728,0.6364717159069163,4.628552932664024e-06,9.47927640609592,0.9999999996522363
600.0,0.4050942113609619,2.0,4.583223170889751,0.05911101353327482,0.22426362470636801,6.309235572694734,6.211963947251504,2.785222633939637,0.6364717159069163,4.628552932664024e-06,9.47927640609592,0.999999996778504
600.0,0.4050942113609619,2.5,4.622540720224738,0.06282075424494937,0.22497574891500688,6.310366919804642,6.211963947251504,3.4815282924245463,0.6364717159069163,4.628552932664024e-06,9.47927640609592,1.0000000027484794
600.0,0.4050942113609619,3.0,4.671112530754771,0.06736033857963632,0.22586209504212146,6.311796496787967,6.211963947251504,4.177833950909456,0.6364717159069163,4.628552932664024e-06,9.47927640609592,1.0000000096153747
600.0,0.4050942113609619,3.5,4.729258716934765,0.07273308167747122,0.22693278896104915,6.313556285167849,6.211963947251504,4.874139609394366,0.6364717159069163,4.628552932664024e-06,9.47927640609592,0.9999999982157719
600.0,0.4050942113609619,4.0,4.797367184730738,0.07894296878887556,0.22820034437640282,6.315688376983352,6.211963947251504,5.570445267879274,0.6364717159069163,4.628552932664024e-06,9.47927640609592,1.000000005089834
600.0,0.4050942113609619,4.5,4.875899270561025,0.08599473377847669,0.22967997329890769,6.318247012678178,6.211963947251504,6.266750926364184,0.6364717159069163,4.628552932664024e-06,9.47927640609592,1.0000000050489914
600.0,0.4050942113609619,5.0,4.965394978939939,0.09389380940904207,0.23138991829482736,6.32130311313546,6.211963947251504,6.963056584849093,0.6364717159069163,4.628552932664024e-06,9.47927640609592,0.9999999999055227
600.0,0.4050942113609619,5.5,5.0664805298288265,0.10264638669586731,0.23335192005686203,6.324949915604439,6.211963947251504,7.6593622433340025,0.6364717159069163,4.628552932664024e-06,9.47927640609592,1.000000003209904
600.0,0.4050942113609619,6.0,5.175345226103623,0.11187933377511854,0.2355918682458223,6.329311247416291,6.211963947251504,8.355667901818912,0.6364717159069163,4.628552932664024e-06,9.47927640609592,0.9999999982070837
650.0,0.4050942113609619,0.0,4.890438236544308,0.08728778705642833,0.2058700246977992,6.832913513599548,6.729627609522461,0.0,0.689511025565826,5.014265677052692e-06,10.269216106603912,1.00000000028744
650.0,0.4050942113609619,0.5,4.894385382299077,0.08763817123918378,0.2059300392713442,6.833022220581862,6.729627609522461,0.6963056584849092,0.689511025565826,5.014265677052692e-06,10.269216106603912,0.9999999949486307
650.0,0.4050942113609619,1.0,4.906248370607664,0.08868953852977958,0.20611065221104408,6.833350080963488,6.729627609522461,1.3926113169698184,0.689511025565826,5.014265677052692e-06,10.269216106603912,1.0000000027434275
650.0,0.4050942113609619,1.5,4.926091891705287,0.09044251761408109,0.20641351813250192,6.833902605756011,6.729627609522461,2.088916975454728,0.689511025565826,5.014265677052692e-06,10.269216106603912,1.0000000027325457
650.0,0.4050942113609619,2.0,4.954024675554394,0.09289817410926443,0.20684146934316858,6.834688953334418,6.729627609522461,2.785222633939637,0.689511025565826,5.014265677052692e-06,10.269216106603912,0.999999998508751
650.0,0.4050942113609619,2.5,4.990200367682433,0.09605799253827597,0.20739850249522693,6.835722719047019,6.729627609522461,3.4815282924245463,0.689511025565826,5.014265677052692e-06,10.269216106603912,0.9999999983543725
650.0,0.4050942113609619,3.0,5.034819805418745,0.09992394058000671,0.20808994566637698,6.837022489425206,6.729627609522461,4.177833950909456,0.689511025565826,5.014265677052692e-06,10.269216106603912,0.9999999962400772
650.0,0.4050942113609619,3.5,5.088132300857971,0.10449840391962,0.2089224568841271,6.838612494869896,6.729627609522461,4.874139609394366,0.689511025565826,5.014265677052692e-06,10.269216106603912,1.0000000041059365
650.0,0.4050942113609619,4.0,5.150439365843066,0.10978428742625905,0.20990422114193505,6.8405237881925585,6.729627609522461,5.570445267879274,0.689511025565826,5.014265677052692e-06,10.269216106603912,1.000000001420751
650.0,0.4050942113609619,4.5,5.2220971213103065,0.11578495330505881,0.21104514233989324,6.842796162797428,6.729627609522461,6.266750926364184,0.689511025565826,5.014265677052692e-06,10.269216106603912,1.0000000009998082
650.0,0.4050942113609619,5.0,5.303520872401699,0.12250429106139772,0.2123569936262366,6.845480528093204,6.729627609522461,6.963056584849093,0.689511025565826,5.014265677052692e-06,10.269216106603912,0.9999999977813449
650.0,0.4050942113609619,5.5,5.395189907446819,0.12994674486513955,0.21385361070806228,6.848641753701862,6.729627609522461,7.6593622433340025,0.689511025565826,5.014265677052692e-06,10.269216106603912,0.999999998331309
650.0,0.4050942113609619,6.0,5.4976529859072425,0.13811733220024958,0.2155513871900592,6.852363163016028,6.729627609522461,8.355667901818912,0.689511025565826,5.014265677052692e-06,10.269216106603912,1.00000000160872
700.0,0.4050942113609619,0.0,5.2666257932015625,0.11947247042782957,0.1911650229336707,7.358522245414898,7.247291271793421,0.0,0.7425503352247357,5.3999784214413604e-06,11.059155807111907,1.00000000028744
700.0,0.4050942113609619,0.5,5.270290824866609,0.11977458975742382,0.19121307542759058,7.358623153550314,7.247291271793421,0.6963056584849092,0.7425503352247357,5.3999784214413604e-06,11.059155807111907,0.9999999986043051
700.0,0.4050942113609619,1.0,5.281303034389722,0.1206810961354452,0.19135759252446805,7.358927263102197,7.247291271793421,1.3926113169698184,0.7425503352247357,5.3999784214413604e-06,11.059155807111907,0.9999999933160548
700.0,0.4050942113609619,1.5,5.299714095554108,0.12219244995728662,0.19159976707325388,7.359439092898343,7.247291271793421,2.088916975454728,0.7425503352247357,5.3999784214413604e-06,11.059155807111907,0.9999999992534088
700.0,0.4050942113609619,2.0,5.32561098625329,0.12430944852677168,0.1919414898816204,7.360165792263683,7.247291271793421,2.785222633939637,0.7425503352247357,5.3999784214413604e-06,11.059155807111907,0.9999999968664264
700.0,0.4050942113609619,2.5,5.359116615736686,0.12703321617653984,0.19238554283254658,7.361118219913177,7.247291271793421,3.4815282924245463,0.7425503352247357,5.3999784214413604e-06,11.059155807111907,0.9999999982617066
700.0,0.4050942113609619,3.0,5.4003906338829255,0.13036518405128067,0.1929355662965389,7.362310961648204,7.247291271793421,4.177833950909456,0.7425503352247357,5.3999784214413604e-06,11.059155807111907,0.9999999997196418
700.0,0.4050942113609619,3.5,5.449631285880566,0.13430712821024948,0.1935960814646756,7.363762579585962,7.247291271793421,4.874139609394366,0.7425503352247357,5.3999784214413604e-06,11.059155807111907,1.0000000096153747
700.0,0.4050942113609619,4.0,5.507077325487406,0.1388611831734264,0.1943726596250033,7.3654969625017905,7.247291271793421,5.570445267879274,0.7425503352247357,5.3999784214413604e-06,11.059155807111907,1.0000000009178167
700.0,0.4050942113609619,4.5,5.573009911637581,0.14402982412473528,0.19527194950863008,7.367544704222873,7.247291271793421,6.266750926364184,0.7425503352247357,5.3999784214413604e-06,11.059155807111907,0.9999999987296211
700.0,0.4050942113609619,5.0,5.6477558577493,0.1498159233581398,0.19630182521434208,7.369943076480293,7.247291271793421,6.963056584849093,0.7425503352247357,5.3999784214413604e-06,11.059155807111907,1.000000004562936
700.0,0.4050942113609619,5.5,5.731690570715306,0.15622274534183017,0.19747150072703587,7.372739617590916,7.247291271793421,7.6593622433340025,0.7425503352247357,5.3999784214413604e-06,11.059155807111907,0.9999999995181189
700.0,0.4050942113609619,6.0,5.825241588607783,0.1632539501166263,0.19879175799171483,7.37599347162222,7.247291271793421,8.355667901818912,0.7425503352247357,5.3999784214413604e-06,11.059155807111907,0.9999999973650254
450.0,0.4063957430879413,0.0,3.3748449328469246,-0.07380616863678795,0.29832322982944715,4.7153286541141215,4.6440520336664255,0.0,0.47582500344942885,3.4602970722941285e-06,7.086688404058375,1.00000000028744
450.0,0.4063957430879413,0.5,3.3806044585452044,-0.0730656314229679,0.2985071839272913,4.715487403506459,4.6440520336664255,0.698542826730658,0.47582500344942885,3.4602970722941285e-06,7.086688404058375,1.0000000022971773
450.0,0.4063957430879413,1.0,3.397949286802959,-0.0708430984388401,0.29906266603104625,4.715969222763123,4.6440520336664255,1.397085653461316,0.47582500344942885,3.4602970722941285e-06,7.086688404058375,0.9999999960507798
450.0,0.4063957430879413,1.5,3.4270801980091927,-0.06713572373926237,0.3000005728152671,4.716791291529184,4.6440520336664255,2.0956284801919742,0.47582500344942885,3.4602970722941285e-06,7.086688404058375,1.0000000059716971
450.0,0.4063957430879413,2.0,3.468337049846791,-0.0619386961293625,0.3013395892246902,4.7179837780388185,4.6440520336664255,2.794171306922632,0.47582500344942885,3.4602970722941285e-06,7.086688404058375,0.9999999998317264
450.0,0.4063957430879413,2.5,3.5222061282223818,-0.055245222964728814,0.3031069356863308,4.719593045247316,4.6440520336664255,3.4927141336532905,0.47582500344942885,3.4602970722941285e-06,7.086688404058375,1.0000000004746252
450.0,0.4063957430879413,3.0,3.589331795765061,-0.04704638520716207,0.3053395069745351,4.72168650569024,4.6440520336664255,4.1912569603839485,0.47582500344942885,3.4602970722941285e-06,7.086688404058375,0.9999999970863368
450.0,0.4063957430879413,3.5,3.670531734393495,-0.03733100811531467,0.3080854327319637,4.724360039039015,4.6440520336664255,4.889799787114606,0.47582500344942885,3.4602970722941285e-06,7.086688404058375,0.9999999963408319
450.0,0.4063957430879413,4.0,3.766816362789732,-0.026085543031008063,0.31140623983728083,4.727750892367407,4.6440520336664255,5.588342613845264,0.47582500344942885,3.4602970722941285e-06,7.086688404058375,0.9999999970125691
450.0,0.4063957430879413,4.5,3.8756528220297954,-0.013715124969296904,0.3153797407089594,4.732057854110945,4.6440520336664255,6.286885440575922,0.47582500344942885,3.4602970722941285e-06,7.086688404058375,0.9999999995092315
450.0,0.4063957430879413,5.0,3.998515642458012,-0.00016119198258122326,0.32010367485371327,4.737577282419823,4.6440520336664255,6.985428267306581,0.47582500344942885,3.4602970722941285e-06,7.086688404058375,1.0000000029490355
450.0,0.4063957430879413,5.5,4.138586351239205,0.014792029817500647,0.325700718756041,4.7447666407412115,4.6440520336664255,7.683971094037239,0.47582500344942885,3.4602970722941285e-06,7.086688404058375,0.9999999942741447
450.0,0.4063957430879413,6.0,4.297340837016825,0.03113980912469716,0.3323248918903369,4.75436471889546,4.6440520336664255,8.382513920767897,0.47582500344942885,3.4602970722941285e-06,7.086688404058375,0.9999999988725109
400.0,0.42348553694311686,0.0,2.8788024769468734,-0.14284812364156893,0.349726891164898,4.022258823498369,3.9614586043546294,0.0,0.40588715208551535,2.9516946647646714e-06,6.045070673438047,1.00000000028744
400.0,0.42348553694311686,0.5,2.886137666034297,-0.14174294864078776,0.35004897970470616,4.022461224971739,3.9614586043546294,0.7279180185501631,0.40588715208551535,2.9516946647646714e-06,6.045070673438047,0.9999999965582097
400.0,0.42348553694311686,1.0,2.9082694308892245,-0.1384253529208494,0.35102465412415196,4.023078959376367,3.9614586043546294,1.4558360371003263,0.40588715208551535,2.9516946647646714e-06,6.045070673438047,0.9999999989817706
400.0,0.42348553694311686,1.5,2.9455815674604624,-0.13288893784023076,0.35268269418076176,4.024145381904222,3.9614586043546294,2.183754055650489,0.40588715208551535,2.9516946647646714e-06,6.045070673438047,1.0000000020726878
400.0,0.42348553694311686,2.0,2.9987276332048025,-0.12512296963909775,0.35507303341088586,4.025721033812287,3.9614586043546294,2.9116720742006525,0.40588715208551535,2.9516946647646714e-06,6.045070673438047,1.0000000077829772
400.0,0.42348553694311686,2.5,3.068654143093573,-0.11511204789781193,0.3582697695298426,4.027902965525872,3.9614586043546294,3.6395900927508156,0.40588715208551535,2.9516946647646714e-06,6.045070673438047,0.9999999985252753
400.0,0.42348553694311686,3.0,3.156633660929379,-0.10283580800037488,0.3623760004095937,4.030841561937255,3.9614586043546294,4.367508111300978,0.40588715208551535,2.9516946647646714e-06,6.045070673438047,1.0000000051665603
400.0,0.42348553694311686,3.5,3.263448996137275,-0.08838316175398163,0.36753066003701707,4.034770007057382,3.9614586043546294,5.095426129851142,0.40588715208551535,2.9516946647646714e-06,6.045070673438047,0.9999999986718434
400.0,0.42348553694311686,4.0,3.3857517849391976,-0.07240487523448358,0.3739182241701472,4.040059718177481,3.9614586043546294,5.823344148401305,0.40588715208551535,2.9516946647646714e-06,6.045070673438047,1.0000000024344822
400.0,0.42348553694311686,4.5,3.529582831618253,-0.054336613031484855,0.3817822826892423,4.047330798425618,3.9614586043546294,6.551262166951468,0.40588715208551535,2.9516946647646714e-06,6.045070673438047,0.9999999969146532
400.0,0.42348553694311686,5.0,3.697199487201385,-0.03418710719969042,0.39144443801268475,4.0576889590349605,3.9614586043546294,7.279180185501631,0.40588715208551535,2.9516946647646714e-06,6.045070673438047,0.9999999960327765
400.0,0.42348553694311686,5.5,3.8913213881229205,-0.011962890227568803,0.403330864351719,4.073309128461943,3.9614586043546294,8.007098204051795,0.40588715208551535,2.9516946647646714e-06,6.045070673438047,1.0000000001932812
400.0,0.42348553694311686,6.0,4.1604736649878085,0.01708278602476756,0.41872604279846165,4.099112569395555,3.9614586043546294,8.735016222601956,0.40588715208551535,2.9516946647646714e-06,6.045070673438047,1.0000000019995974
450.0,0.42778499272414877,0.0,3.206102686204578,-0.09608256334794023,0.3140244524520497,4.479562221408416,4.411849431983104,0.0,0.4520337532769574,3.287282218679422e-06,6.7323539838554565,1.00000000028744
450.0,0.42778499272414877,0.5,3.2128217731837054,-0.09517335699017414,0.3142622786632124,4.479747506955484,4.411849431983104,0.7353082386638508,0.4520337532769574,3.287282218679422e-06,6.7323539838554565,0.9999999998273064
450.0,0.42778499272414877,1.0,3.233074039502904,-0.09244434097580422,0.31498147356880185,4.480311345660983,4.411849431983104,1.4706164773277015,0.4520337532769574,3.287282218679422e-06,6.7323539838554565,0.9999999954468122
450.0,0.42778499272414877,1.5,3.2671478491273938,-0.08789120316189085,0.31619944520234283,4.481278599583909,4.411849431983104,2.205924715991552,0.4520337532769574,3.287282218679422e-06,6.7323539838554565,0.9999999982627981
450.0,0.42778499272414877,2.0,3.315532536709023,-0.08150669714542907,0.31794615880287813,4.482693312726494,4.411849431983104,2.941232954655403,0.4520337532769574,3.287282218679422e-06,6.7323539838554565,0.9999999961257368
450.0,0.42778499272414877,2.5,3.378932313064479,-0.07328049927399635,0.3202656028928706,4.484625498767292,4.411849431983104,3.6765411933192538,0.4520337532769574,3.287282218679422e-06,6.7323539838554565,1.000000005683723
450.0,0.42778499272414877,3.0,3.4582867000094675,-0.0631989968750922,0.3232182541912793,4.487178458370872,4.411849431983104,4.411849431983104,0.4520337532769574,3.287282218679422e-06,6.7323539838554565,1.0000000056851732
450.0,0.42778499272414877,3.5,3.5547979638119274,-0.0512450685955136,0.3268840850428302,4.4905063579996085,4.411849431983104,5.147157670646955,0.4520337532769574,3.287282218679422e-06,6.7323539838554565,1.000000001354798
450.0,0.42778499272414877,4.0,3.667219419953184,-0.037723095541340755,0.33136716988726905,4.494839598260306,4.411849431983104,5.882465909310806,0.4520337532769574,3.287282218679422e-06,6.7323539838554565,0.9999999969588121
450.0,0.42778499272414877,4.5,3.7951424869876855,-0.02283190539137055,0.33680178683838924,4.500534169640699,4.411849431983104,6.6177741479746555,0.4520337532769574,3.287282218679422e-06,6.7323539838554565,1.0000000019519713
450.0,0.42778499272414877,5.0,3.943096624073329,-0.006222571904317107,0.34336063033475256,4.508164228870491,4.411849431983104,7.3530823866385076,0.4520337532769574,3.287282218679422e-06,6.7323539838554565,1.0000000015237747
450.0,0.42778499272414877,5.5,4.1129982914507615,0.012098537774293067,0.35126597234118306,4.518706730290034,4.411849431983104,8.088390625302358,0.4520337532769574,3.287282218679422e-06,6.7323539838554565,0.9999999986995854
450.0,0.42778499272414877,6.0,4.307115876637347,0.03212656464806253,0.36080471239086137,4.533974073500288,4.411849431983104,8.823698863966207,0.4520337532769574,3.287282218679422e-06,6.7323539838554565,1.00000000225397
500.0,0.42837872651817493,0.0,3.557398912558095,-0.05092742335645035,0.28301426555968134,4.97039282108564,4.895260666240957,0.0,0.501563592852557,3.6474733764205906e-06,7.470025474909369,1.00000000028744
500.0,0.42837872651817493,0.5,3.563469985707707,-0.050186886142630296,0.283188779739914,4.970560157637958,4.895260666240957,0.7363287918804103,0.501563592852557,3.6474733764205906e-06,7.470025474909369,1.0000000022971773
500.0,0.42837872651817493,1.0,3.5817530400140254,-0.04796435315850244,0.2837157563341122,4.971068039728487,4.895260666240957,1.4726575837608207,0.501563592852557,3.6474733764205906e-06,7.470025474909369,0.9999999960507798
500.0,0.42837872651817493,1.5,3.612459716589966,-0.04425697845892474,0.28460553283543083,4.971934576293166,4.895260666240957,2.208986375641231,0.501563592852557,3.6474733764205906e-06,7.470025474909369,1.0000000059716971
500.0,0.42837872651817493,2.0,3.6559482568882706,-0.039059950849024874,0.2858758353388661,4.973191567442989,4.895260666240957,2.9453151675216414,0.501563592852557,3.6474733764205906e-06,7.470025474909369,0.9999999998317264
500.0,0.42837872651817493,2.5,3.7127312512619337,-0.032366477684391215,0.2875524874088932,4.974887884023881,4.895260666240957,3.6816439594020522,0.501563592852557,3.6474733764205906e-06,7.470025474909369,1.0000000004746252
500.0,0.42837872651817493,3.0,3.7834879175599685,-0.024167639926824462,0.28967049050171984,4.977094585087582,4.895260666240957,4.417972751282462,0.501563592852557,3.6474733764205906e-06,7.470025474909369,0.9999999970863368
500.0,0.42837872651817493,3.5,3.8690801682038822,-0.014452262834977017,0.29227550440547906,4.979912736681763,4.895260666240957,5.154301543162873,0.501563592852557,3.6474733764205906e-06,7.470025474909369,0.9999999963408319
500.0,0.42837872651817493,4.0,3.970573078002227,-0.0032067977506704376,0.29542589864234087,4.9834870099248585,4.895260666240957,5.890630335043283,0.501563592852557,3.6474733764205906e-06,7.470025474909369,0.9999999970125691
500.0,0.42837872651817493,4.5,4.0852967792244534,0.009163620311040748,0.2991954925540915,4.988026946226454,4.895260666240957,6.626959126923692,0.501563592852557,3.6474733764205906e-06,7.470025474909369,0.9999999995092315
500.0,0.42837872651817493,5.0,4.214805563326262,0.02271755329775636,0.30367700997831,4.993844934505809,4.895260666240957,7.3632879188041045,0.501563592852557,3.6474733764205906e-06,7.470025474909369,1.0000000029490355
500.0,0.42837872651817493,5.5,4.362453054400502,0.03767077509783832,0.30898683204690375,5.001423183576034,4.895260666240957,8.099616710684515,0.501563592852557,3.6474733764205906e-06,7.470025474909369,0.9999999942741447
500.0,0.42837872651817493,6.0,4.529794975675864,0.054018554405034835,0.31527107446280517,5.011540446285277,4.895260666240957,8.835945502564924,0.501563592852557,3.6474733764205906e-06,7.470025474909369,0.9999999988725109
400.0,0.4477486635155488,0.0,2.7228025721637583,-0.16704383912803009,0.36976409925320364,3.8042959731453085,3.746790467158575,0.0,0.38389246589739495,2.791744793128996e-06,5.717493336328183,1.00000000028744
400.0,0.4477486635155488,0.5,2.731475254421592,-0.16566272091515508,0.37018990662471774,3.8045354507998232,3.746790467158575,0.7696232610619252,0.38389246589739495,2.791744793128996e-06,5.717493336328183,0.999999996841838
400.0,0.4477486635155488,1.0,2.7576800421494077,-0.16151611527122542,0.3714829205309579,3.805269541856643,3.746790467158575,1.5392465221238505,0.38389246589739495,2.791744793128996e-06,5.717493336328183,1.0000000029262528
400.0,0.4477486635155488,1.5,2.80198611666152,-0.15459401222411298,0.37369099975863485,3.8065483553799675,3.746790467158575,2.308869783185776,0.38389246589739495,2.791744793128996e-06,5.717493336328183,0.9999999957111197
400.0,0.4477486635155488,2.0,2.8653681779326434,-0.14487955791416884,0.37689797430461736,3.808464832086255,3.746790467158575,3.078493044247701,0.38389246589739495,2.791744793128996e-06,5.717493336328183,0.9999999974647511
400.0,0.4477486635155488,2.5,2.949250095426748,-0.13234838918701713,0.3812302615515028,3.811173849876199,3.746790467158575,3.848116305309626,0.38389246589739495,2.791744793128996e-06,5.717493336328183,0.9999999999272349
400.0,0.4477486635155488,3.0,3.0555672715607374,-0.11696814171230425,0.3868670879532157,3.8149270117804375,3.746790467158575,4.617739566371552,0.38389246589739495,2.791744793128996e-06,5.717493336328183,0.9999999991152331
400.0,0.4477486635155488,3.5,3.180633164950184,-0.09954640823906301,0.3940557619723947,3.820142846643677,3.746790467158575,5.387362827433476,0.38389246589739495,2.791744793128996e-06,5.717493336328183,1.0000000000797626
400.0,0.4477486635155488,4.0,3.329975559577981,-0.07961894532295491,0.40313435697443517,3.8275517018107217,3.746790467158575,6.156986088495402,0.38389246589739495,2.791744793128996e-06,5.717493336328183,0.9999999996004805
400.0,0.4477486635155488,4.5,3.5072757105222503,-0.05709008377213187,0.4145639020474529,3.8385340012981306,3.746790467158575,6.926609349557327,0.38389246589739495,2.791744793128996e-06,5.717493336328183,0.9999999962249204
400.0,0.4477486635155488,5.0,3.7161317430310064,-0.03196888927406675,0.4289758321436443,3.856026866458699,3.746790467158575,7.696232610619252,0.38389246589739495,2.791744793128996e-06,5.717493336328183,1.0000000009975274
400.0,0.4477486635155488,5.5,4.057614038362509,0.006210743094051844,0.4488408262285298,3.8875447328653325,3.746790467158575,8.465855871681176,0.38389246589739495,2.791744793128996e-06,5.717493336328183,0.9999999995684795
400.0,0.4477486635155488,6.0,4.55231767628213,0.05617256966942412,0.47577726422103483,3.959717640459611,3.746790467158575,9.235479132743103,0.38389246589739495,2.791744793128996e-06,5.717493336328183,1.000000000400341
450.0,0.4477486635155488,0.0,3.0631528936842285,-0.11589131668064873,0.32867919933618095,4.2798329697884725,4.215139275553397,0.0,0.43187902413456936,3.1407128922701205e-06,6.432180003369207,1.00000000028744
450.0,0.4477486635155488,0.5,3.0708590218113105,-0.1148001121870067,0.32897806810834795,4.280045597564885,4.215139275553397,0.7696232610619252,0.43187902413456936,3.1407128922701205e-06,6.432180003369207,1.000000000556441
450.0,0.4477486635155488,1.0,3.0941084747173013,-0.11152445599650167,0.3298832845730836,4.280694421654179,4.215139275553397,1.5392465221238505,0.43187902413456936,3.1407128922701205e-06,6.432180003369207,1.0000000036786048
450.0,0.4477486635155488,1.5,3.133299019010972,-0.10605814859764552,0.33142126585843756,4.281813953909673,4.215139275553397,2.308869783185776,0.43187902413456936,3.1407128922701205e-06,6.432180003369207,0.9999999979995836
450.0,0.4477486635155488,2.0,3.1891085942488684,-0.09839068341141521,0.3336376304014955,4.283466949202175,4.215139275553397,3.078493044247701,0.43187902413456936,3.1407128922701205e-06,6.432180003369207,0.9999999986080353
450.0,0.4477486635155488,2.5,3.262517873076441,-0.0885070917763496,0.33660020340670704,4.2857536801827365,4.215139275553397,3.848116305309626,0.43187902413456936,3.1407128922701205e-06,6.432180003369207,0.9999999981224009
450.0,0.4477486635155488,3.0,3.354845048302402,-0.07638752530917758,0.34040322769739256,4.288829039456589,4.215139275553397,4.617739566371552,0.43187902413456936,3.1407128922701205e-06,6.432180003369207,1.0000000010442331
450.0,0.4477486635155488,3.5,3.4671558777119964,-0.06208662405622708,0.3451734812858232,4.2929328076941955,4.215139275553397,5.387362827433476,0.43187902413456936,3.1407128922701205e-06,6.432180003369207,1.0000000016777746
450.0,0.4477486635155488,4.0,3.595434976582937,-0.046308552380353696,0.35107907271438354,4.298444799135954,4.215139275553397,6.156986088495402,0.43187902413456936,3.1407128922701205e-06,6.432180003369207,1.0000000000720608
450.0,0.4477486635155488,4.5,3.7462225045252286,-0.02846642287557361,0.3583416506439424,4.305995664537062,4.215139275553397,6.926609349557327,0.43187902413456936,3.1407128922701205e-06,6.432180003369207,0.9999999996004805
450.0,0.4477486635155488,5.0,3.921850858122867,-0.008568917224607,0.3672533149712221,4.316700967228805,4.215139275553397,7.696232610619252,0.43187902413456936,3.1407128922701205e-06,6.432180003369207,1.0000000023676816
450.0,0.4477486635155488,5.5,4.125127961835056,0.013377433620262376,0.3782003019041914,4.332730293745761,4.215139275553397,8.465855871681176,0.43187902413456936,3.1407128922701205e-06,6.432180003369207,1.0000000002814466
450.0,0.4477486635155488,6.0,4.39217564038905,0.04061970762922689,0.3921840521605237,4.358914347013637,4.215139275553397,9.235479132743103,0.43187902413456936,3.1407128922701205e-06,6.432180003369207,1.000000000829995
500.0,0.4477486635155488,0.0,3.4035032152046982,-0.07013382611997361,0.29581127940256285,4.755369966431636,4.683488083948219,0.0,0.4798655823717437,3.489680991411245e-06,7.14686667041023,1.00000000028744
500.0,0.4477486635155488,0.5,3.410436843566442,-0.06924997990165685,0.2960290572309202,4.755561139894781,4.683488083948219,0.7696232610619252,0.4798655823717437,3.489680991411245e-06,7.14686667041023,0.9999999979208629
500.0,0.4477486635155488,1.0,3.4313332661989056,-0.06659709063049521,0.2966874753555619,4.756142755093399,4.683488083948219,1.5392465221238505,0.4798655823717437,3.489680991411245e-06,7.14686667041023,0.9999999977110035
500.0,0.4477486635155488,1.5,3.4664815017474293,-0.062171104321067816,0.29780200015966973,4.757139464287865,4.683488083948219,2.308869783185776,0.4798655823717437,3.489680991411245e-06,7.14686667041023,1.0000000041093764
500.0,0.4477486635155488,2.0,3.516371999323965,-0.05596517819478788,0.29939927490233637,4.758595894084001,4.683488083948219,3.078493044247701,0.4798655823717437,3.489680991411245e-06,7.14686667041023,1.000000001037899
500.0,0.4477486635155488,2.5,3.5817102224158046,-0.047969544906112396,0.30151837944369386,4.760581040107819,4.683488083948219,3.848116305309626,0.4798655823717437,3.489680991411245e-06,7.14686667041023,0.9999999974647511
500.0,0.4477486635155488,3.0,3.663436074524191,-0.03817137364963996,0.3042128426579209,4.763197947335296,4.683488083948219,4.617739566371552,0.4798655823717437,3.489680991411245e-06,7.14686667041023,0.9999999995402703
500.0,0.4477486635155488,3.5,3.7627507671656937,-0.02655453836268837,0.30755338281964956,4.766598350233577,4.683488083948219,5.387362827433476,0.4798655823717437,3.489680991411245e-06,7.14686667041023,0.9999999999658481
500.0,0.4477486635155488,4.0,3.879009777074135,-0.013339117083926832,0.31163176311054136,4.771007829026006,4.683488083948219,6.156986088495402,0.4798655823717437,3.489680991411245e-06,7.14686667041023,1.000000001340093
500.0,0.4477486635155488,4.5,4.0105175401761235,0.00114042875844382,0.3165660664547163,4.776772026808094,4.683488083948219,6.926609349557327,0.4798655823717437,3.489680991411245e-06,7.14686667041023,0.9999999999530164
500.0,0.4477486635155488,5.0,4.162469449472476,0.017291067685101476,0.3225074855795481,4.784439627263403,4.683488083948219,7.696232610619252,0.4798655823717437,3.489680991411245e-06,7.14686667041023,0.9999999996004805
500.0,0.4477486635155488,5.5,4.3367714844026315,0.035106547335070765,0.32965002260800325,4.79493243485456,4.683488083948219,8.465855871681176,0.4798655823717437,3.489680991411245e-06,7.14686667041023,1.0000000006489174
500.0,0.4477486635155488,6.0,4.535675384695563,0.05458197349863995,0.33824304179179093,4.80992101532407,4.683488083948219,9.235479132743103,0.4798655823717437,3.489680991411245e-06,7.14686667041023,0.9999999971143312
550.0,0.4477486635155488,0.0,3.743853536725167,-0.02874114096174869,0.26891934491142083,5.230906963074798,5.15183689234304,0.0,0.5278521406089179,3.838649090552369e-06,7.861553337451251,1.00000000028744
550.0,0.4477486635155488,0.5,3.7501555963399618,-0.028010704072250706,0.26908291154467195,5.231080636859927,5.15183689234304,0.7696232610619252,0.5278521406089179,3.838649090552369e-06,7.861553337451251,1.0000000029280867
550.0,0.4477486635155488,1.0,3.7691334932483134,-0.025818471985433456,0.2695767607390041,5.2316078039970275,5.15183689234304,1.5392465221238505,0.5278521406089179,3.838649090552369e-06,7.861553337451251,1.000000000471962
550.0,0.4477486635155488,1.5,3.80100382321725,-0.022161684892098875,0.2704104552754647,5.232506779856064,5.15183689234304,2.308869783185776,0.5278521406089179,3.838649090552369e-06,7.861553337451251,0.9999999983489455
550.0,0.4477486635155488,2.0,3.846133108211387,-0.017035680962327097,0.2716003811826537,5.233810309296387,5.15183689234304,3.078493044247701,0.5278521406089179,3.838649090552369e-06,7.861553337451251,0.9999999997639746
550.0,0.4477486635155488,2.5,3.905045932997208,-0.010433844707497898,0.27317038180024283,5.235568233332579,5.15183689234304,3.848116305309626,0.5278521406089179,3.838649090552369e-06,7.861553337451251,0.9999999968458595
550.0,0.4477486635155488,3.0,3.9784371619341385,-0.0023474884107624774,0.2751527274522286,5.237852877699092,5.15183689234304,4.617739566371552,0.5278521406089179,3.838649090552369e-06,7.861553337451251,0.9999999989872432
550.0,0.4477486635155488,3.5,4.067187840403986,0.007234239145739073,0.2775895616682057,5.2407672345634,5.15183689234304,5.387362827433476,0.5278521406089179,3.838649090552369e-06,7.861553337451251,0.9999999990014455
550.0,0.4477486635155488,4.0,4.17238616125592,0.018324504960931288,0.2805345988921124,5.244457850851169,5.15183689234304,6.156986088495402,0.5278521406089179,3.838649090552369e-06,7.861553337451251,1.0000000008667103
550.0,0.4477486635155488,4.5,4.291623284510339,0.030561601593448853,0.28405574102572945,5.249136469162612,5.15183689234304,6.926609349557327,0.5278521406089179,3.838649090552369e-06,7.861553337451251,1.0000000032010234
550.0,0.4477486635155488,5.0,4.425806239875548,0.04393240543118457,0.28823817455683653,5.2551177323356315,5.15183689234304,7.696232610619252,0.5278521406089179,3.838649090552369e-06,7.861553337451251,0.9999999990229936
550.0,0.4477486635155488,5.5,4.578716394419723,0.05868375284332644,0.2931886232541347,5.262883589989741,5.15183689234304,8.465855871681176,0.5278521406089179,3.838649090552369e-06,7.861553337451251,0.9999999996004805
550.0,0.4477486635155488,6.0,4.7519403224902,0.07481098656774565,0.29904087817154584,5.273208640302836,5.15183689234304,9.235479132743103,0.5278521406089179,3.838649090552369e-06,7.861553337451251,0.99999999856119
600.0,0.4477486635155488,0.0,4.084203858245639,0.009047419927651287,0.24650939950213577,5.706443959717963,5.620185700737862,0.0,0.5758386988460925,4.187617189693494e-06,8.576240004492275,1.00000000028744
600.0,0.4477486635155488,0.5,4.089979855976292,0.009661177691632812,0.24663535712118015,5.706603133687384,5.620185700737862,0.7696232610619252,0.5758386988460925,4.187617189693494e-06,8.576240004492275,0.9999999963627481
600.0,0.4477486635155488,1.0,4.10736319586026,0.011503115953228197,0.24701526240502517,5.707085148681652,5.620185700737862,1.5392465221238505,0.5758386988460925,4.187617189693494e-06,8.576240004492275,0.9999999933493977
600.0,0.4477486635155488,1.5,4.136520063224112,0.014575143784455903,0.24765528035397197,5.707904312784966,5.620185700737862,2.308869783185776,0.5758386988460925,4.187617189693494e-06,8.576240004492275,1.0000000029262528
600.0,0.4477486635155488,2.0,4.1777320253479635,0.018880588010654526,0.24856594939382823,5.709085271879564,5.620185700737862,3.078493044247701,0.5758386988460925,4.187617189693494e-06,8.576240004492275,0.9999999979995836
600.0,0.4477486635155488,2.5,4.231399922178633,0.024424082404990763,0.2497624681860397,5.710665211013649,5.620185700737862,3.848116305309626,0.5758386988460925,4.187617189693494e-06,8.576240004492275,1.0000000005639331
600.0,0.4477486635155488,3.0,4.298052266898966,0.031211701141512508,0.25126531620307824,5.712697248129383,5.620185700737862,4.617739566371552,0.5758386988460925,4.187617189693494e-06,8.576240004492275,0.9999999974647511
600.0,0.4477486635155488,3.5,4.378355445559801,0.03925102441904458,0.25310087735449605,5.715254567219772,5.620185700737862,5.387362827433476,0.5758386988460925,4.187617189693494e-06,8.576240004492275,0.999999999542195
600.0,0.4477486635155488,4.0,4.47312673106987,0.04855121129912242,0.25530242077304444,5.718438719275452,5.620185700737862,6.156986088495402,0.5758386988460925,4.187617189693494e-06,8.576240004492275,1.0000000010442331
600.0,0.4477486635155488,4.5,4.5833509073411065,0.059123117343377024,0.25791139196881047,5.722390517670657,5.620185700737862,6.926609349557327,0.5758386988460925,4.187617189693494e-06,8.576240004492275,0.9999999991152331
600.0,0.4477486635155488,5.0,4.704814824969106,0.07048254353909597,0.26097894756202233,5.7273082857244395,5.620185700737862,7.696232610619252,0.5758386988460925,4.187617189693494e-06,8.576240004492275,0.9999999965038504
600.0,0.4477486635155488,5.5,4.8412507497545505,0.08289758592447552,0.2645680919445317,5.733478320651381,5.620185700737862,8.465855871681176,0.5758386988460925,4.187617189693494e-06,8.576240004492275,1.0000000000808773
600.0,0.4477486635155488,6.0,4.994963339366972,0.0964723137327264,0.2687562379829568,5.741327552716084,5.620185700737862,9.235479132743103,0.5758386988460925,4.187617189693494e-06,8.576240004492275,0.9999999996004805
650.0,0.4477486635155488,0.0,4.424554179766107,0.043809526186863124,0.2275471380019715,6.181980956361126,6.088534509132683,0.0,0.6238252570832667,4.536585288834618e-06,9.290926671533297,1.00000000028744
650.0,0.4477486635155488,0.5,4.429885308942875,0.04433249102647935,0.22764617556108777,6.182127829435751,6.088534509132683,0.7696232610619252,0.6238252570832667,4.536585288834618e-06,9.290926671533297,0.9999999952799392
650.0,0.4477486635155488,1.0,4.445921869858544,0.045901835054026605,0.22794468969493503,6.182571987498688,6.088534509132683,1.5392465221238505,0.6238252570832667,4.536585288834618e-06,9.290926671533297,0.9999999976569214
650.0,0.4477486635155488,1.5,4.4727949314296565,0.04851899578051076,0.22844678585081626,6.183324612503979,6.088534509132683,2.308869783185776,0.6238252570832667,4.536585288834618e-06,9.290926671533297,0.9999999959478506
650.0,0.4477486635155488,2.0,4.510724707288855,0.05218633127991389,0.22915947553829855,6.184404882322254,6.088534509132683,3.078493044247701,0.6238252570832667,4.536585288834618e-06,9.290926671533297,0.9999999959027552
650.0,0.4477486635155488,2.5,4.56002474218355,0.056907207776085336,0.2300928520168794,6.185841326479695,6.088534509132683,3.848116305309626,0.6238252570832667,4.536585288834618e-06,9.290926671533297,0.9999999968108821
650.0,0.4477486635155488,3.0,4.621106861498141,0.06268602021657388,0.23126039958379158,6.18767406155893,6.088534509132683,4.617739566371552,0.6238252570832667,4.536585288834618e-06,9.290926671533297,1.000000000481295
650.0,0.4477486635155488,3.5,4.6944877663529825,0.0695282203151363,0.2326793663900169,6.189957398879424,6.088534509132683,5.387362827433476,0.6238252570832667,4.536585288834618e-06,9.290926671533297,1.000000002463576
650.0,0.4477486635155488,4.0,4.780797543566032,0.07744036132540832,0.23437130285453212,6.192765027896365,6.088534509132683,6.156986088495402,0.6238252570832667,4.536585288834618e-06,9.290926671533297,0.9999999994632396
650.0,0.4477486635155488,4.5,4.880790876927998,0.08643020888298494,0.23636272181098655,6.196195615539255,6.088534509132683,6.926609349557327,0.6238252570832667,4.536585288834618e-06,9.290926671533297,1.000000000536976
650.0,0.4477486635155488,5.0,4.9951242277121315,0.09648630218278595,0.2386860024864345,6.200383679414995,6.088534509132683,7.696232610619252,0.6238252570832667,4.536585288834618e-06,9.290926671533297,0.9999999977122835
650.0,0.4477486635155488,5.5,5.118456253218988,0.10707900445214967,0.24138037664747417,6.205514641380342,6.088534509132683,8.465855871681176,0.6238252570832667,4.536585288834618e-06,9.290926671533297,0.9999999976423083
650.0,0.4477486635155488,6.0,5.2568159683352516,0.11866278208850811,0.24449344256695138,6.211850432075983,6.088534509132683,9.235479132743103,0.6238252570832667,4.536585288834618e-06,9.290926671533297,0.9999999961583479
700.0,0.4477486635155488,0.0,4.764904501286577,0.07599420955826437,0.21129377100183067,6.65751795300429,6.5568833175275065,0.0,0.6718118153204412,4.885553387975743e-06,10.005613338574321,1.00000000028744
700.0,0.4477486635155488,0.5,4.769854303515903,0.07644512227285488,0.21137305676292056,6.65765425792056,6.5568833175275065,0.7696232610619252,0.6718118153204412,4.885553387975743e-06,10.005613338574321,0.9999999967697601
700.0,0.4477486635155488,1.0,4.784738593309092,0.07779822443494477,0.21161187015199828,6.658066149582832,6.5568833175275065,1.5392465221238505,0.6718118153204412,4.885553387975743e-06,10.005613338574321,0.9999999990113003
700.0,0.4477486635155488,1.5,4.80966174940805,0.08005454335542914,0.21201304696749215,6.6587624484886065,6.5568833175275065,2.308869783185776,0.6718118153204412,4.885553387975743e-06,10.005613338574321,1.0000000027094373
700.0,0.4477486635155488,2.0,4.844799983839539,0.08321586070735175,0.21258141287715426,6.659758365645268,6.5568833175275065,3.078493044247701,0.6718118153204412,4.885553387975743e-06,10.005613338574321,1.0000000044820547
700.0,0.4477486635155488,2.5,4.890403131009607,0.08728466950458749,0.2133238690711297,6.6610763524045895,6.5568833175275065,3.848116305309626,0.6718118153204412,4.885553387975743e-06,10.005613338574321,0.9999999984585302
700.0,0.4477486635155488,3.0,4.946798179897066,0.09226420099599612,0.21424960374849364,6.662747502782622,6.5568833175275065,4.617739566371552,0.6718118153204412,4.885553387975743e-06,10.005613338574321,0.9999999976498829
700.0,0.4477486635155488,3.5,5.0143943113821265,0.09815849077212564,0.21537027103120993,6.664813456150946,6.5568833175275065,5.387362827433476,0.6718118153204412,4.885553387975743e-06,10.005613338574321,0.9999999974647511
700.0,0.4477486635155488,4.0,5.093688348960348,0.10497237834021576,0.21670037401854925,6.667329288927611,6.5568833175275065,6.156986088495402,0.6718118153204412,4.885553387975743e-06,10.005613338574321,0.9999999949954593
700.0,0.4477486635155488,4.5,5.185271902085912,0.11271154326005324,0.2182575529122862,6.670367434378193,6.5568833175275065,6.926609349557327,0.6718118153204412,4.885553387975743e-06,10.005613338574321,0.9999999933797297
700.0,0.4477486635155488,5.0,5.289840826477233,0.12138261280124223,0.22006315331794526,6.674023869244431,6.5568833175275065,7.696232610619252,0.6718118153204412,4.885553387975743e-06,10.005613338574321,0.9999999952682794
700.0,0.4477486635155488,5.5,5.406512895524513,0.13085725187161756,0.2221427354975351,6.678426779268633,6.5568833175275065,8.465855871681176,0.6718118153204412,4.885553387975743e-06,10.005613338574321,0.9999999952758515
700.0,0.4477486635155488,6.0,5.532455254740404,0.14085791880898935,0.22452694760704434,6.683749297569946,6.5568833175275065,9.235479132743103,0.6718118153204412,4.885553387975743e-06,10.005613338574321,1.000000003651125
450.0,0.44917424236035625,0.0,3.0534311297186454,-0.11727186241787835,0.32972567507465217,4.26624973467468,4.201761363793432,0.0,0.4305083364542451,3.1307449701708777e-06,6.411765698909957,1.00000000028744
450.0,0.44917424236035625,0.5,3.0612112726361493,-0.11616668741709717,0.3300293430621733,4.266464413856194,4.201761363793432,0.7720736505970434,0.4305083364542451,3.1307449701708777e-06,6.411765698909957,0.9999999965582097
450.0,0.44917424236035625,1.0,3.0846855541489675,-0.11284909169715883,0.3309492177264671,4.2671196201359205,4.201761363793432,1.5441473011940867,0.4305083364542451,3.1307449701708777e-06,6.411765698909957,0.9999999989817706
450.0,0.44917424236035625,1.5,3.1242610513340887,-0.1073126766165402,0.3325124328831441,4.268250732037506,4.201761363793432,2.31622095179113,0.4305083364542451,3.1307449701708777e-06,6.411765698909957,1.0000000020726878
450.0,0.44917424236035625,2.0,3.1806309665559023,-0.09954670841540716,0.33476606632175343,4.2699219632609795,4.201761363793432,3.0882946023881734,0.4305083364542451,3.1307449701708777e-06,6.411765698909957,1.0000000077829772
450.0,0.44917424236035625,2.5,3.254799230546489,-0.08953578667412138,0.33777997803825766,4.272236251327122,4.201761363793432,3.860368252985216,0.4305083364542451,3.1307449701708777e-06,6.411765698909957,0.9999999985252753
450.0,0.44917424236035625,3.0,3.3481156010473208,-0.07725954677668431,0.3416513696385105,4.275353103501611,4.201761363793432,4.63244190358226,0.4305083364542451,3.1307449701708777e-06,6.411765698909957,1.0000000051665603
450.0,0.44917424236035625,3.5,3.4614103728376464,-0.06280690053029109,0.3465112293415233,4.279519848777553,4.201761363793432,5.404515554179303,0.4305083364542451,3.1307449701708777e-06,6.411765698909957,0.9999999986718434
450.0,0.44917424236035625,4.0,3.5911320698174456,-0.04682861401079297,0.3525334825599237,4.285130434682864,4.201761363793432,6.176589204776347,0.4305083364542451,3.1307449701708777e-06,6.411765698909957,1.0000000024344822
450.0,0.44917424236035625,4.5,3.7436879324953236,-0.02876035180779428,0.359947788035257,4.292842579907876,4.201761363793432,6.9486628553733905,0.4305083364542451,3.1307449701708777e-06,6.411765698909957,0.9999999969146532
450.0,0.44917424236035625,5.0,3.9214722431992874,-0.00861084597599985,0.36905735543536883,4.3038290683191045,4.201761363793432,7.720736505970432,0.4305083364542451,3.1307449701708777e-06,6.411765698909957,0.9999999960327765
450.0,0.44917424236035625,5.5,4.127369611976949,0.013613370996121787,0.3802639856599095,4.3203967599067585,4.201761363793432,8.492810156567476,0.4305083364542451,3.1307449701708777e-06,6.411765698909957,1.0000000001932812
450.0,0.44917424236035625,6.0,4.412848712191391,0.042659047248458114,0.3947786990962677,4.347765441999913,4.201761363793432,9.26488380716452,0.4305083364542451,3.1307449701708777e-06,6.411765698909957,1.0000000019995974
550.0,0.4492873987401234,0.0,3.731031455961805,-0.030231080777337858,0.2698435144339735,5.21299196963602,5.134192700852825,0.0,0.5260443341037732,3.825502350654973e-06,7.834628814141384,1.00000000028744
550.0,0.4492873987401234,0.5,3.737398851199006,-0.029490543563517824,0.27000990717611817,5.213167473692713,5.134192700852825,0.7722681520866125,0.5260443341037732,3.825502350654973e-06,7.834628814141384,1.0000000022971773
550.0,0.4492873987401234,1.0,3.7565742803270483,-0.027268010579389962,0.27051235964409426,5.213700144923087,5.134192700852825,1.544536304173225,0.5260443341037732,3.825502350654973e-06,7.834628814141384,0.9999999960507798
550.0,0.4492873987401234,1.5,3.7887797144177937,-0.02356063587981228,0.27136072825089136,5.2146089761393855,5.134192700852825,2.3168044562598373,0.5260443341037732,3.825502350654973e-06,7.834628814141384,1.0000000059716971
550.0,0.4492873987401234,2.0,3.8343908802766604,-0.018363608269912356,0.2725719141649419,5.215927319579392,5.134192700852825,3.08907260834645,0.5260443341037732,3.825502350654973e-06,7.834628814141384,0.9999999998317264
550.0,0.4492873987401234,2.5,3.893945387201354,-0.011670135105278708,0.27417053918889395,5.217706431418728,5.134192700852825,3.861340760433062,0.5260443341037732,3.825502350654973e-06,7.834628814141384,1.0000000004746252
550.0,0.4492873987401234,3.0,3.9681556048817557,-0.0034712973477119607,0.27618997590181055,5.220020839019605,5.134192700852825,4.633608912519675,0.5260443341037732,3.825502350654973e-06,7.834628814141384,0.9999999970863368
550.0,0.4492873987401234,3.5,4.057925514691889,0.006244079744135416,0.27867375920350956,5.222976541347068,5.134192700852825,5.405877064606287,0.5260443341037732,3.825502350654973e-06,7.834628814141384,0.9999999963408319
550.0,0.4492873987401234,4.0,4.164372176514929,0.017489544828442113,0.28167754224973224,5.226725270750203,5.134192700852825,6.1781452166929,0.5260443341037732,3.825502350654973e-06,7.834628814141384,0.9999999970125691
550.0,0.4492873987401234,4.5,4.284695409451628,0.029859962890153205,0.2852717090212344,5.231486796113445,5.134192700852825,6.950413368779511,0.5260443341037732,3.825502350654973e-06,7.834628814141384,0.9999999995092315
550.0,0.4492873987401234,5.0,4.420525368133363,0.043413895876868835,0.28954466822827907,5.237588753699383,5.134192700852825,7.722681520866124,0.5260443341037732,3.825502350654973e-06,7.834628814141384,1.0000000029490355
550.0,0.4492873987401234,5.5,4.57537936318215,0.05836711767695082,0.2946073849262339,5.245536888377872,5.134192700852825,8.494949672952737,0.5260443341037732,3.825502350654973e-06,7.834628814141384,0.9999999942741447
550.0,0.4492873987401234,6.0,4.750889050885543,0.07471489698414734,0.30059917497154626,5.256147963026589,5.134192700852825,9.26721782503935,0.5260443341037732,3.825502350654973e-06,7.834628814141384,0.9999999988725109
500.0,0.4509249752822894,0.0,3.37952896693019,-0.07320381806760264,0.2979097532207172,4.721873180031357,4.650497632928908,0.0,0.47648541320992915,3.465099707599561e-06,7.0965242011639,1.00000000028744
500.0,0.4509249752822894,0.5,3.386611506480464,-0.07229461170983656,0.2981353749750859,4.722068488146774,4.650497632928908,0.7750829388214846,0.47648541320992915,3.465099707599561e-06,7.0965242011639,0.9999999998273064
500.0,0.4509249752822894,1.0,3.4079592695967915,-0.0695655956954666,0.2988176631700617,4.722662826327553,4.650497632928908,1.5501658776429692,0.47648541320992915,3.465099707599561e-06,7.0965242011639,0.9999999954468122
500.0,0.4509249752822894,1.5,3.4438762185875764,-0.06501245788155323,0.2999731325163013,4.723682401484946,4.650497632928908,2.3252488164644536,0.47648541320992915,3.465099707599561e-06,7.0965242011639,0.9999999982627981
500.0,0.4509249752822894,2.0,3.4948781574654473,-0.058627951865091475,0.3016302105356068,4.725173640073727,4.650497632928908,3.1003317552859384,0.47648541320992915,3.465099707599561e-06,7.0965242011639,0.9999999961257368
500.0,0.4509249752822894,2.5,3.5617073896082907,-0.050401753993658725,0.3038306284045446,4.7272103429910945,4.650497632928908,3.8754146941074232,0.47648541320992915,3.465099707599561e-06,7.0965242011639,1.000000005683723
500.0,0.4509249752822894,3.0,3.645354257965789,-0.04032025159475456,0.30663175937631215,4.729901398698333,4.650497632928908,4.650497632928907,0.47648541320992915,3.465099707599561e-06,7.0965242011639,1.0000000056851732
500.0,0.4509249752822894,3.5,3.7470860624581674,-0.028366323315175978,0.3101094718786567,4.733409312915412,4.650497632928908,5.425580571750393,0.47648541320992915,3.465099707599561e-06,7.0965242011639,1.000000001354798
500.0,0.4509249752822894,4.0,3.865588682217866,-0.014844350261003118,0.3143624995943192,4.73797694920626,4.650497632928908,6.200663510571877,0.47648541320992915,3.465099707599561e-06,7.0965242011639,0.9999999969588121
500.0,0.4509249752822894,4.5,4.000431434585675,4.683988896709643e-05,0.3195182299271491,4.743979554493077,4.650497632928908,6.9757464493933625,0.47648541320992915,3.465099707599561e-06,7.0965242011639,1.0000000019519713
500.0,0.4509249752822894,5.0,4.156388788730815,0.016656173376020485,0.32574049520667625,4.752022343109122,4.650497632928908,7.7508293882148465,0.47648541320992915,3.465099707599561e-06,7.0965242011639,1.0000000015237747
500.0,0.4509249752822894,5.5,4.33548087112182,0.03497728305463073,0.3332401611335541,4.763135115349559,4.650497632928908,8.52591232703633,0.47648541320992915,3.465099707599561e-06,7.0965242011639,0.9999999986995854
500.0,0.4509249752822894,6.0,4.540098772148943,0.05500530992840016,0.34228940450312945,4.7792283081375295,4.650497632928908,9.300995265857814,0.47648541320992915,3.465099707599561e-06,7.0965242011639,1.00000000225397
400.0,0.4692653833386818,0.0,2.597956840603222,-0.1874280593883192,0.38753324335698724,3.629861690360459,3.574992922357253,0.0,0.3662902584382432,2.6637379282201192e-06,5.455335276994804,1.00000000028744
400.0,0.4692653833386818,0.5,2.6079445431314605,-0.1857616392635028,0.38807201296007404,3.6301376778759953,3.574992922357253,0.8066077781068551,0.3662902584382432,2.6637379282201192e-06,5.455335276994804,0.9999999997069787
400.0,0.4692653833386818,1.0,2.6381675664733915,-0.18075761449079358,0.3897121758118568,3.630987629167543,3.574992922357253,1.6132155562137103,0.3662902584382432,2.6637379282201192e-06,5.455335276994804,1.0000000059716971
400.0,0.4692653833386818,1.5,2.689419680636036,-0.17240141269613016,0.3925272855149248,3.6324820993872384,3.574992922357253,2.419823334320565,0.3662902584382432,2.6637379282201192e-06,5.455335276994804,1.000000001056297
400.0,0.4692653833386818,2.0,2.7630689046611216,-0.16066827595869324,0.3966476547284447,3.634755966785712,3.574992922357253,3.2264311124274205,0.3662902584382432,2.6637379282201192e-06,5.455335276994804,0.9999999970863368
400.0,0.4692653833386818,2.5,2.8611302060864663,-0.14552236893055112,0.402272557564678,3.6380419344064374,3.574992922357253,4.033038890534276,0.3662902584382432,2.6637379282201192e-06,5.455335276994804,0.9999999985203438
400.0,0.4692653833386818,3.0,2.983478933445914,-0.12733701572082806,0.4096903009393621,3.6427398345224495,3.574992922357253,4.83964666864113,0.3662902584382432,2.6637379282201192e-06,5.455335276994804,0.9999999995092315
400.0,0.4692653833386818,3.5,3.1302492711108374,-0.1064810682360177,0.4193090455000844,3.6495660989749608,3.574992922357253,5.646254446747986,0.3662902584382432,2.6637379282201192e-06,5.455335276994804,0.9999999986151384
400.0,0.4692653833386818,4.0,3.3080945187349817,-0.08248208162683397,0.4317026980304234,3.659911667039938,3.574992922357253,6.452862224854841,0.3662902584382432,2.6637379282201192e-06,5.455335276994804,0.9999999988725109
400.0,0.4692653833386818,4.5,3.5213289126365184,-0.05535339872821682,0.44768074106156835,3.6768405764631433,3.574992922357253,7.259470002961696,0.3662902584382432,2.6637379282201192e-06,5.455335276994804,0.9999999991876095
400.0,0.4692653833386818,5.0,3.864503185171135,-0.014966321743025241,0.47001632926475323,3.7086355401504596,3.574992922357253,8.066077781068552,0.3662902584382432,2.6637379282201192e-06,5.455335276994804,1.0000000014960317
400.0,0.4692653833386818,5.5,4.384837587339011,0.03989352057506948,0.5012962963914063,3.788002286459171,3.574992922357253,8.872685559175407,0.3662902584382432,2.6637379282201192e-06,5.455335276994804,0.9999999993708591
400.0,0.4692653833386818,6.0,5.023976974055073,0.09898764894263067,0.5433924667491935,6.597861929544783,3.574992922357253,9.67929333728226,0.3662902584382432,2.6637379282201192e-06,5.455335276994804,1.000000001072438
600.0,0.4692653833386818,0.0,3.896935260904833,-0.01133680033263796,0.2583554955713248,5.444792535540688,5.36248938353588,0.0,0.5494353876573648,3.995606892330179e-06,8.183002915492207,1.00000000028744
600.0,0.4692653833386818,0.5,3.903585788329446,-0.010596263118817908,0.2585148044931881,5.4449758435494875,5.36248938353588,0.8066077781068551,0.5494353876573648,3.995606892330179e-06,8.183002915492207,1.0000000022971773
600.0,0.4692653833386818,1.0,3.923613870856771,-0.008373730134690022,0.2589958661063875,5.445532200504559,5.36248938353588,1.6132155562137103,0.5494353876573648,3.995606892330179e-06,8.183002915492207,0.9999999960507798
600.0,0.4692653833386818,1.5,3.957251349710087,-0.004666355435112368,0.25980811720790453,5.446481443751314,5.36248938353588,2.419823334320565,0.5494353876573648,3.995606892330179e-06,8.183002915492207,1.0000000059716971
600.0,0.4692653833386818,2.0,4.004890658738796,0.0005306721747875739,0.26096773943454915,5.447858408566,5.36248938353588,3.2264311124274205,0.5494353876573648,3.995606892330179e-06,8.183002915492207,0.9999999998317264
600.0,0.4692653833386818,2.5,4.0670933125410835,0.007224145339421188,0.26249830636761845,5.449716630278048,5.36248938353588,4.033038890534276,0.5494353876573648,3.995606892330179e-06,8.183002915492207,1.0000000004746252
600.0,0.4692653833386818,3.0,4.1446033569916825,0.015422983096987995,0.26443176981896316,5.452133950178568,5.36248938353588,4.83964666864113,0.5494353876573648,3.995606892330179e-06,8.183002915492207,0.9999999970863368
600.0,0.4692653833386818,3.5,4.238364969842297,0.025138360188835356,0.2668098112818023,5.455221080575773,5.36248938353588,5.646254446747986,0.5494353876573648,3.995606892330179e-06,8.183002915492207,0.9999999963408319
600.0,0.4692653833386818,4.0,4.349544882089078,0.03638382527314197,0.2696857145960748,5.459136500739633,5.36248938353588,6.452862224854841,0.5494353876573648,3.995606892330179e-06,8.183002915492207,0.9999999970125691
600.0,0.4692653833386818,4.5,4.475218400168871,0.04875424333485317,0.2731268672929081,5.464109751783674,5.36248938353588,7.259470002961696,0.5494353876573648,3.995606892330179e-06,8.183002915492207,0.9999999995092315
600.0,0.4692653833386818,5.0,4.617088165064126,0.062308176321568806,0.27721791426806963,5.470483038623481,5.36248938353588,8.066077781068552,0.5494353876573648,3.995606892330179e-06,8.183002915492207,1.0000000029490355
600.0,0.4692653833386818,5.5,4.778827887904933,0.07726139812165073,0.28206509647358224,5.478784594547791,5.36248938353588,8.872685559175407,0.5494353876573648,3.995606892330179e-06,8.183002915492207,0.9999999942741447
600.0,0.4692653833386818,6.0,4.962141778102472,0.09360917742884722,0.2878017986869489,5.489867500559908,5.36248938353588,9.67929333728226,0.5494353876573648,3.995606892330179e-06,8.183002915492207,0.9999999988725109
550.0,0.47293410393697205,0.0,3.5444798831637137,-0.05250747548849022,0.2840458046673405,4.952342371154217,4.877483065810184,0.0,0.4997421173985844,3.6342272331222238e-06,7.442897373434314,1.00000000028744
550.0,0.47293410393697205,0.5,3.551908113311556,-0.051598269130724156,0.284260926569451,4.952547212033785,4.877483065810184,0.8129138443016973,0.4997421173985844,3.6342272331222238e-06,7.442897373434314,0.9999999998273064
550.0,0.47293410393697205,1.0,3.574297836156601,-0.0488692531163542,0.2849114628384443,4.953170559176591,4.877483065810184,1.6258276886033947,0.4997421173985844,3.6342272331222238e-06,7.442897373434314,0.9999999954468122
550.0,0.47293410393697205,1.5,3.611967850057412,-0.044316115302440846,0.28601315963310386,4.95423989862304,4.877483065810184,2.438741532905092,0.4997421173985844,3.6342272331222238e-06,7.442897373434314,0.9999999982627981
550.0,0.47293410393697205,2.0,3.6654591348263565,-0.037931609285979044,0.28759312153197286,4.955803922849686,4.877483065810184,3.2516553772067893,0.4997421173985844,3.6342272331222238e-06,7.442897373434314,0.9999999961257368
550.0,0.47293410393697205,2.5,3.7355502248141876,-0.029705411414546315,0.2896911376507125,4.957940034890515,4.877483065810184,4.064569221508487,0.4997421173985844,3.6342272331222238e-06,7.442897373434314,1.000000005683723
550.0,0.47293410393697205,3.0,3.823279800469255,-0.019623909015642198,0.29236191123987004,4.960762437927186,4.877483065810184,4.877483065810184,0.4997421173985844,3.6342272331222238e-06,7.442897373434314,1.0000000056851732
550.0,0.47293410393697205,3.5,3.929977017161178,-0.007669980736063599,0.29567778000700723,4.96444156939668,4.877483065810184,5.690396910111882,0.4997421173985844,3.6342272331222238e-06,7.442897373434314,1.000000001354798
550.0,0.47293410393697205,4.0,4.054263613296493,0.005851992318109327,0.2997328828249161,4.969232146753745,4.877483065810184,6.503310754413579,0.4997421173985844,3.6342272331222238e-06,7.442897373434314,0.9999999969588121
550.0,0.47293410393697205,4.5,4.195687885091467,0.02074318246807947,0.30464867881750823,4.975527732290631,4.877483065810184,7.316224598715276,0.4997421173985844,3.6342272331222238e-06,7.442897373434314,1.0000000019519713
550.0,0.47293410393697205,5.0,4.359257338056096,0.03735251595513294,0.310581375981899,4.983963080155101,4.877483065810184,8.129138443016974,0.4997421173985844,3.6342272331222238e-06,7.442897373434314,1.0000000015237747
550.0,0.47293410393697205,5.5,4.5470906987049995,0.05567362563374312,0.31773202687501695,4.995618254008572,4.877483065810184,8.94205228731867,0.4997421173985844,3.6342272331222238e-06,7.442897373434314,0.9999999986995854
550.0,0.47293410393697205,6.0,4.761695763796251,0.0757016525075125,0.32636014188888574,5.012496936999903,4.877483065810184,9.754966131620368,0.4997421173985844,3.6342272331222238e-06,7.442897373434314,1.00000000225397
500.0,0.4734712240464039,0.0,3.2185990161239904,-0.0943931171375407,0.31280524088175304,4.497022076220341,4.429045364694198,0.0,0.45379563162850395,3.3000949596186292e-06,6.758594477298953,1.00000000028744
500.0,0.4734712240464039,0.5,3.226800006837637,-0.09328794213675952,0.3130933256296669,4.497248367946941,4.429045364694198,0.8138370857625588,0.45379563162850395,3.3000949596186292e-06,6.758594477298953,0.9999999965582097
500.0,0.4734712240464039,1.0,3.2515440721764666,-0.08997034641682117,0.3139659953599823,4.497939016007336,4.429045364694198,1.6276741715251175,0.45379563162850395,3.3000949596186292e-06,6.758594477298953,0.9999999989817706
500.0,0.4734712240464039,1.5,3.2932603090559884,-0.08443393133620254,0.3154489914703812,4.499131312639847,4.429045364694198,2.4415112572876767,0.45379563162850395,3.3000949596186292e-06,6.758594477298953,1.0000000020726878
500.0,0.4734712240464039,2.0,3.352679416926497,-0.07666796313506953,0.317586975873518,4.500892945027502,4.429045364694198,3.255348343050235,0.45379563162850395,3.3000949596186292e-06,6.758594477298953,1.0000000077829772
500.0,0.4734712240464039,2.5,3.4308596316967983,-0.06665704139378369,0.32044622358076436,4.503332418844422,4.429045364694198,4.069185428812794,0.45379563162850395,3.3000949596186292e-06,6.758594477298953,0.9999999985252753
500.0,0.4734712240464039,3.0,3.529223722951057,-0.05438080149634667,0.3241189481321373,4.506617869511565,4.429045364694198,4.883022514575353,0.45379563162850395,3.3000949596186292e-06,6.758594477298953,1.0000000051665603
500.0,0.4734712240464039,3.5,3.6486468982331974,-0.03992815524995344,0.3287294158632542,4.511010004678806,4.429045364694198,5.696859600337912,0.45379563162850395,3.3000949596186292e-06,6.758594477298953,0.9999999986718434
500.0,0.4734712240464039,4.0,3.7853855730326478,-0.023949868730455313,0.3344426269081816,4.516924081501746,4.429045364694198,6.51069668610047,0.45379563162850395,3.3000949596186292e-06,6.758594477298953,1.0000000024344822
500.0,0.4734712240464039,4.5,3.9461935718573042,-0.005881606527456601,0.34147645467927484,4.525053396354091,4.429045364694198,7.32453377186303,0.45379563162850395,3.3000949596186292e-06,6.758594477298953,0.9999999969146532
500.0,0.4734712240464039,5.0,4.13359468987983,0.014267899304337781,0.35011854912422635,4.5366341719762655,4.429045364694198,8.138370857625588,0.45379563162850395,3.3000949596186292e-06,6.758594477298953,0.9999999960327765
500.0,0.4734712240464039,5.5,4.350629573070847,0.036492116276459485,0.36075009204567615,4.5540980523056644,4.429045364694198,8.952207943388146,0.45379563162850395,3.3000949596186292e-06,6.758594477298953,1.0000000001932812
500.0,0.4734712240464039,6.0,4.651550966755213,0.06553779252879575,0.3745199582587386,4.582947176296143,4.429045364694198,9.766045029150707,0.45379563162850395,3.3000949596186292e-06,6.758594477298953,1.0000000019995974
650.0,0.4884268966112874,0.0,4.056058817373136,0.006044252796967874,0.2482199311874077,5.667119747691022,5.581455911102371,0.0,0.571870482694915,4.158759507498135e-06,8.51713947135618,1.00000000028744
650.0,0.4884268966112874,0.5,4.062980905782303,0.006784790010787981,0.24837299024866358,5.667310540715696,5.581455911102371,0.8395439932949814,0.571870482694915,4.158759507498135e-06,8.51713947135618,1.0000000022971773
650.0,0.4884268966112874,1.0,4.08382679499812,0.009007322994915818,0.2488351792965922,5.667889615394165,5.581455911102371,1.6790879865899628,0.571870482694915,4.158759507498135e-06,8.51713947135618,0.9999999960507798
650.0,0.4884268966112874,1.5,4.118837793016475,0.012714697694493533,0.24961556491246467,5.6688776190901615,5.581455911102371,2.518631979884944,0.571870482694915,4.158759507498135e-06,8.51713947135618,1.0000000059716971
650.0,0.4884268966112874,2.0,4.168422357938035,0.017911725304393385,0.2507296939100484,5.6703108095087575,5.581455911102371,3.3581759731799257,0.571870482694915,4.158759507498135e-06,8.51713947135618,0.9999999998317264
650.0,0.4884268966112874,2.5,4.233164932686429,0.024605198469027086,0.2522002150536534,5.672244907987477,5.581455911102371,4.1977199664749065,0.571870482694915,4.158759507498135e-06,8.51713947135618,1.0000000004746252
650.0,0.4884268966112874,3.0,4.313839944761388,0.03280403622659378,0.254057826651134,5.67476093431085,5.581455911102371,5.037263959769888,0.571870482694915,4.158759507498135e-06,8.51713947135618,0.9999999970863368
650.0,0.4884268966112874,3.5,4.411430125524505,0.04251941331844127,0.25634257498583235,5.67797412150274,5.581455911102371,5.87680795306487,0.571870482694915,4.158759507498135e-06,8.51713947135618,0.9999999963408319
650.0,0.4884268966112874,4.0,4.52714984709838,0.05376487840274782,0.25910565351525067,5.682049420017106,5.581455911102371,6.716351946359851,0.571870482694915,4.158759507498135e-06,8.51713947135618,0.9999999970125691
650.0,0.4884268966112874,4.5,4.65795499190838,0.06613529646445905,0.2624118060850825,5.687225743819701,5.581455911102371,7.555895939654833,0.571870482694915,4.158759507498135e-06,8.51713947135618,0.9999999995092315
650.0,0.4884268966112874,5.0,4.805617724875732,0.07968922945117465,0.26634235688065755,5.693859271079336,5.581455911102371,8.395439932949813,0.571870482694915,4.158759507498135e-06,8.51713947135618,1.0000000029490355
650.0,0.4884268966112874,5.5,4.973961765776124,0.0946424512512566,0.27099937890701115,5.7024998044344875,5.581455911102371,9.234983926244796,0.571870482694915,4.158759507498135e-06,8.51713947135618,0.9999999942741447
650.0,0.4884268966112874,6.0,5.164760912003167,0.11099023055845308,0.2765110241131469,5.714035258744838,5.581455911102371,10.074527919539776,0.571870482694915,4.158759507498135e-06,8.51713947135618,0.9999999988725109
400.0,0.4939635614091387,0.0,2.468058998573061,-0.20970445409947136,0.40792972984946024,3.448368605842436,3.3962432762393906,0.0,0.34797574551633104,2.5305510318091133e-06,5.182568513145064,1.00000000028744
400.0,0.4939635614091387,0.5,2.4797138908913454,-0.20765841645946154,0.4086266053117906,3.448690980541734,3.3962432762393906,0.8490608190598474,0.34797574551633104,2.5305510318091133e-06,5.182568513145064,0.9999999991905593
400.0,0.4939635614091387,1.0,2.515051586901344,-0.201513093913422,0.4107551283116616,3.449689874377973,3.3962432762393906,1.6981216381196949,0.34797574551633104,2.5305510318091133e-06,5.182568513145064,0.9999999982627981
400.0,0.4939635614091387,1.5,2.5752151078388277,-0.19124647979711618,0.41443331556570817,3.451468575429472,3.3962432762393906,2.5471824571795425,0.34797574551633104,2.5305510318091133e-06,5.182568513145064,0.9999999980101957
400.0,0.4939635614091387,2.0,2.662190342913825,-0.1768208876266234,0.41987282864475595,3.454231587789751,3.3962432762393906,3.3962432762393897,0.34797574551633104,2.5305510318091133e-06,5.182568513145064,1.0000000056851732
400.0,0.4939635614091387,2.5,2.7789358438155944,-0.15818147081848977,0.42740413409003347,3.458350378826359,3.3962432762393906,4.245304095299238,0.34797574551633104,2.5305510318091133e-06,5.182568513145064,1.000000004529754
400.0,0.4939635614091387,3.0,2.921502048633769,-0.1364537961429017,0.4375183551630546,3.464512819118889,3.3962432762393906,5.094364914359085,0.34797574551633104,2.5305510318091133e-06,5.182568513145064,1.0000000019519713
400.0,0.4939635614091387,3.5,3.0985781204308935,-0.11089754140080109,0.4509335278936445,3.474097713278263,3.3962432762393906,5.943425733418932,0.34797574551633104,2.5305510318091133e-06,5.182568513145064,0.9999999997698662
400.0,0.4939635614091387,4.0,3.315619347743312,-0.08149532610346864,0.46869907010343587,3.4902548691122344,3.3962432762393906,6.792486552478779,0.34797574551633104,2.5305510318091133e-06,5.182568513145064,1.00000000225397
400.0,0.4939635614091387,4.5,3.658391281329341,-0.03876983796382931,0.49396030089403253,3.5220199665780823,3.3962432762393906,7.641547371538628,0.34797574551633104,2.5305510318091133e-06,5.182568513145064,0.999999998503826
400.0,0.4939635614091387,5.0,4.212861025173384,0.022517141429117808,0.5307294152574179,3.609811258709431,3.3962432762393906,8.490608190598476,0.34797574551633104,2.5305510318091133e-06,5.182568513145064,1.000000001022848
400.0,0.4939635614091387,5.5,4.888909686744707,0.08715202325011029,0.5828043827694014,6.268717593827134,3.3962432762393906,9.339669009658323,0.34797574551633104,2.5305510318091133e-06,5.182568513145064,1.0000000016235995
400.0,0.4939635614091387,6.0,5.578859360605078,0.14448542194062042,0.661201952649219,6.273719708347694,3.3962432762393906,10.18872982871817,0.34797574551633104,2.5305510318091133e-06,5.182568513145064,1.00000000065351
600.0,0.4939635614091387,0.0,3.7020884978595916,-0.03361319504379015,0.27195315323297353,5.172552908763654,5.094364914359086,0.0,0.5219636182744966,3.7958265477136697e-06,7.773852769717595,1.00000000028744
600.0,0.4939635614091387,0.5,3.709847031211807,-0.032703988686024095,0.2721591167735262,5.172766858084609,5.094364914359086,0.8490608190598474,0.5219636182744966,3.7958265477136697e-06,7.773852769717595,0.9999999998273064
600.0,0.4939635614091387,1.0,3.7332323340339855,-0.02997497267165414,0.27278195783203907,5.173417922941407,5.094364914359086,1.6981216381196949,0.5219636182744966,3.7958265477136697e-06,7.773852769717595,0.9999999954468122
600.0,0.4939635614091387,1.5,3.7725773803520157,-0.02542183485774081,0.2738367522077744,5.174534811566959,5.094364914359086,2.5471824571795425,0.5219636182744966,3.7958265477136697e-06,7.773852769717595,0.9999999982627981
600.0,0.4939635614091387,2.0,3.8284472051518352,-0.01903732884127902,0.27534945055897375,5.176168381594354,5.094364914359086,3.3962432762393897,0.5219636182744966,3.7958265477136697e-06,7.773852769717595,0.9999999961257368
600.0,0.4939635614091387,2.5,3.9016549610426043,-0.010811130969846294,0.27735814806356485,5.178399477855912,5.094364914359086,4.245304095299238,0.5219636182744966,3.7958265477136697e-06,7.773852769717595,1.000000005683723
600.0,0.4939635614091387,3.0,3.993285514370738,-0.0007296285709421214,0.2799152190965039,5.181347381684627,5.094364914359086,5.094364914359085,0.5219636182744966,3.7958265477136697e-06,7.773852769717595,1.0000000056851732
600.0,0.4939635614091387,3.5,4.104727122643101,0.01122429970863648,0.2830899217399237,5.185190109177601,5.094364914359086,5.943425733418932,0.5219636182744966,3.7958265477136697e-06,7.773852769717595,1.000000001354798
600.0,0.4939635614091387,4.0,4.234540238574789,0.02474627276280934,0.2869723871025288,5.1901937040395545,5.094364914359086,6.792486552478779,0.5219636182744966,3.7958265477136697e-06,7.773852769717595,0.9999999969588121
600.0,0.4939635614091387,4.5,4.382253072950653,0.03963746291277952,0.29167890344203634,5.196769228678334,5.094364914359086,7.641547371538628,0.5219636182744966,3.7958265477136697e-06,7.773852769717595,1.0000000019519713
600.0,0.4939635614091387,5.0,4.5530957946988835,0.056246796399832974,0.2973590285293334,5.205579662178841,5.094364914359086,8.490608190598476,0.5219636182744966,3.7958265477136697e-06,7.773852769717595,1.0000000015237747
600.0,0.4939635614091387,5.5,4.749281341491137,0.0745679060784431,0.30420525553250644,5.21775309424385,5.094364914359086,9.339669009658323,0.5219636182744966,3.7958265477136697e-06,7.773852769717595,0.9999999986995854
600.0,0.4939635614091387,6.0,4.973429021614968,0.09459593295221261,0.3124660467356239,5.235382303668351,5.094364914359086,10.18872982871817,0.5219636182744966,3.7958265477136697e-06,7.773852769717595,1.00000000225397
400.0,0.4948944222294061,0.0,2.4634167570753074,-0.2105220999975953,0.40869846226740597,3.4418824724676473,3.3898551868612437,0.0,0.34732122816201266,2.525791247290656e-06,5.172820474451264,1.00000000028744
400.0,0.4948944222294061,0.5,2.4751378739516237,-0.20846059564275796,0.4094019330752338,3.4422067084356205,3.3898551868612437,0.8506608509493097,0.34732122816201266,2.525791247290656e-06,5.172820474451264,1.0000000002082252
400.0,0.4948944222294061,1.0,2.5106793091846886,-0.2022687478089494,0.41155097940269175,3.4432114757268293,3.3898551868612437,1.7013217018986193,0.34732122816201266,2.525791247290656e-06,5.172820474451264,1.0000000029410043
400.0,0.4948944222294061,1.5,2.5711994883264344,-0.19192421833410853,0.41526562053002075,3.4450018819931536,3.3898551868612437,2.551982552847929,0.34732122816201266,2.525791247290656e-06,5.172820474451264,0.9999999960695996
400.0,0.4948944222294061,2.0,2.6587117549412134,-0.17738873561509091,0.4207613519357246,3.4477852057127056,3.3898551868612437,3.4026434037972386,0.34732122816201266,2.525791247290656e-06,5.172820474451264,1.0000000003017464
400.0,0.4948944222294061,2.5,2.7762168926541806,-0.15860659885232634,0.42837490328156347,3.4519395763959455,3.3898551868612437,4.253304254746548,0.34732122816201266,2.525791247290656e-06,5.172820474451264,0.9999999970593357
400.0,0.4948944222294061,3.0,2.9196065944682816,-0.13673565541447613,0.43860723726967954,3.4581679497056195,3.3898551868612437,5.103965105695858,0.34732122816201266,2.525791247290656e-06,5.172820474451264,1.0000000017555422
400.0,0.4948944222294061,3.5,3.097931980045927,-0.11098811341640105,0.4521917519107917,3.467883984297118,3.3898551868612437,5.954625956645168,0.34732122816201266,2.525791247290656e-06,5.172820474451264,0.9999999967211667
400.0,0.4948944222294061,4.0,3.316607102406308,-0.0813659648984466,0.47020195953594796,3.484344794986,3.3898551868612437,6.805286807594477,0.34732122816201266,2.525791247290656e-06,5.172820474451264,0.9999999963211109
400.0,0.4948944222294061,4.5,3.668988568230751,-0.03751363273691985,0.4959725407021429,3.517005768174438,3.3898551868612437,7.655947658543787,0.34732122816201266,2.525791247290656e-06,5.172820474451264,0.999999999669481
400.0,0.4948944222294061,5.0,4.230338858277262,0.02431516526356552,0.5333457771655544,3.6094162303510644,3.3898551868612437,8.506608509493097,0.34732122816201266,2.525791247290656e-06,5.172820474451264,0.9999999965741018
400.0,0.4948944222294061,5.5,4.910235290933459,0.08904231201816627,0.586626618038618,6.257113201773124,3.3898551868612437,9.357269360442405,0.34732122816201266,2.525791247290656e-06,5.172820474451264,1.000000002077998
400.0,0.4948944222294061,6.0,5.598718661982222,0.1460286532310494,0.6671784592885734,6.262173332705682,3.3898551868612437,10.207930211391716,0.34732122816201266,2.525791247290656e-06,5.172820474451264,0.9999999998380442
450.0,0.4948944222294061,0.0,2.771343851709721,-0.159369577550214,0.36328752201547204,3.872117781526103,3.8135870852188987,0.0,0.39073638168226427,2.8415151532019878e-06,5.819423033757671,1.00000000028744
450.0,0.4948944222294061,0.5,2.781756826532412,-0.1577408288318926,0.3637811294457213,3.872405471196054,3.8135870852188987,0.8506608509493097,0.39073638168226427,2.8415151532019878e-06,5.819423033757671,0.9999999943693343
450.0,0.4948944222294061,1.0,2.813260497511648,-0.1528500432388848,0.3652832966952264,3.8732909881559006,3.8135870852188987,1.7013217018986193,0.39073638168226427,2.8415151532019878e-06,5.819423033757671,1.0000000016699666
450.0,0.4948944222294061,1.5,2.866663376018425,-0.14468329333121766,0.36785985589427234,3.874846064655308,3.8135870852188987,2.551982552847929,0.39073638168226427,2.8415151532019878e-06,5.819423033757671,0.9999999975240841
450.0,0.4948944222294061,2.0,2.94335753924272,-0.13321697085635895,0.3716271757699896,3.8772073184839186,3.8135870852188987,3.4026434037972386,0.39073638168226427,2.8415151532019878e-06,5.819423033757671,1.0000000066572294
450.0,0.4948944222294061,2.5,3.04539147732413,-0.11841686332011875,0.37676296884038624,3.880609579072532,3.8135870852188987,4.253304254746548,0.39073638168226427,2.8415151532019878e-06,5.819423033757671,0.9999999952626661
450.0,0.4948944222294061,3.0,3.1730292826148982,-0.10058591127943023,0.3835236675057442,3.885452877705209,3.8135870852188987,5.103965105695858,0.39073638168226427,2.8415151532019878e-06,5.819423033757671,1.000000002669838
450.0,0.4948944222294061,3.5,3.3255446182754245,-0.08019721226234382,0.3922709179833271,3.892447178263855,3.8135870852188987,5.954625956645168,0.39073638168226427,2.8415151532019878e-06,5.819423033757671,1.000000000971482
450.0,0.4948944222294061,4.0,3.5101421547783165,-0.0567352863192153,0.40351159005552933,3.902949694456054,3.8135870852188987,6.805286807594477,0.39073638168226427,2.8415151532019878e-06,5.819423033757671,0.9999999986654986
450.0,0.4948944222294061,4.5,3.731182990207097,-0.03021344245106525,0.4179572973652872,3.91988789435925,3.8135870852188987,7.655947658543787,0.39073638168226427,2.8415151532019878e-06,5.819423033757671,0.9999999963211109
450.0,0.4948944222294061,5.0,4.0633517827046575,0.006824431459675213,0.4377422104727948,3.9508876099410597,3.8135870852188987,8.506608509493097,0.39073638168226427,2.8415151532019878e-06,5.819423033757671,0.9999999990039138
450.0,0.4948944222294061,5.5,4.60454087097155,0.061126340893422886,0.4658231860369775,4.023944462269072,3.8135870852188987,9.357269360442405,0.39073638168226427,2.8415151532019878e-06,5.819423033757671,0.9999999990578569
450.0,0.4948944222294061,6.0,5.2660772261483615,0.11942723234527149,0.5027045064417274,7.037610834077128,3.8135870852188987,10.207930211391716,0.39073638168226427,2.8415151532019878e-06,5.819423033757671,1.0000000017334396
500.0,0.4948944222294061,0.0,3.079270946344135,-0.1136120869895388,0.32695876981392474,4.3023530905845595,4.237318983576555,0.0,0.4341515352025159,3.1572390591133202e-06,6.46602559306408,1.00000000028744
500.0,0.4948944222294061,0.5,3.0886388536336686,-0.11229286096220915,0.327318357484186,4.302611735329548,4.237318983576555,0.8506608509493097,0.4341515352025159,3.1572390591133202e-06,6.46602559306408,0.9999999984656843
500.0,0.4948944222294061,1.0,3.1169353207021095,-0.10833220097079227,0.32840973192125333,4.3034037777610115,4.237318983576555,1.7013217018986193,0.4341515352025159,3.1572390591133202e-06,6.46602559306408,0.9999999984825294
500.0,0.4948944222294061,1.5,3.164746840000915,-0.1017210164336787,0.33027139756699125,4.304780639050509,4.237318983576555,2.551982552847929,0.4341515352025159,3.1572390591133202e-06,6.46602559306408,1.0000000054432332
500.0,0.4948944222294061,2.0,3.2330773098614127,-0.09244390167317194,0.3329707768816386,4.306837617411969,4.237318983576555,3.4026434037972386,0.4341515352025159,3.1572390591133202e-06,6.46602559306408,1.000000005027289
500.0,0.4948944222294061,2.5,3.3233896936765177,-0.08047872260703436,0.3366090815485797,4.309731507140883,4.237318983576555,4.253304254746548,0.4341515352025159,3.1572390591133202e-06,6.46602559306408,1.0000000003017464
500.0,0.4948944222294061,3.0,3.437667984523662,-0.06579606180771023,0.34132921828421803,4.313714873775816,4.237318983576555,5.103965105695858,0.4341515352025159,3.1572390591133202e-06,6.46602559306408,1.000000004358311
500.0,0.4948944222294061,3.5,3.572930045983121,-0.04903547804769579,0.3473274601048098,4.3192008985058035,4.237318983576555,5.954625956645168,0.4341515352025159,3.1572390591133202e-06,6.46602559306408,0.9999999986279153
500.0,0.4948944222294061,4.0,3.733079939910799,-0.029992701350647254,0.3548701880681546,4.326894811215421,4.237318983576555,6.805286807594477,0.4341515352025159,3.1572390591133202e-06,6.46602559306408,1.0000000026736984
500.0,0.4948944222294061,4.5,3.92280614155861,-0.008463144766521347,0.36431820554491057,4.3380921511505885,4.237318983576555,7.655947658543787,0.4341515352025159,3.1572390591133202e-06,6.46602559306408,1.00000000225369
500.0,0.4948944222294061,5.0,4.145758878007887,0.015544048109609966,0.37616156762875835,4.355430993732501,4.237318983576555,8.506608509493097,0.4341515352025159,3.1572390591133202e-06,6.46602559306408,0.9999999963211109
500.0,0.4948944222294061,5.5,4.45847258764475,0.047126109453392,0.3917842260246807,4.385215815347323,4.237318983576555,9.357269360442405,0.4341515352025159,3.1572390591133202e-06,6.46602559306408,1.0000000009344916
500.0,0.4948944222294061,6.0,4.990313069009849,0.09606780076405767,0.4136402283676672,4.447121377344226,4.237318983576555,10.207930211391716,0.4341515352025159,3.1572390591133202e-06,6.46602559306408,0.9999999997498029
550.0,0.4948944222294061,0.0,3.3871980409785474,-0.07221940183131387,0.2972352452853862,4.7325883996430145,4.66105088193421,0.0,0.47756668872276736,3.4729629650246515e-06,7.112628152370486,1.00000000028744
550.0,0.4948944222294061,0.5,3.395711745396012,-0.07112917450786936,0.2975052711257046,4.732823259062436,4.66105088193421,0.8506608509493097,0.47756668872276736,3.4729629650246515e-06,7.112628152370486,1.0000000000306606
550.0,0.4948944222294061,1.0,3.421397670565143,-0.06785643596932105,0.29832316926623287,4.733540120006588,4.66105088193421,1.7013217018986193,0.47756668872276736,3.4729629650246515e-06,7.112628152370486,0.9999999986043108
550.0,0.4948944222294061,1.5,3.464694798840917,-0.062395007219114174,0.2997127170781793,4.73477695648747,4.66105088193421,2.551982552847929,0.47756668872276736,3.4729629650246515e-06,7.112628152370486,0.9999999968725256
550.0,0.4948944222294061,2.0,3.5263513111128857,-0.05473441482310387,0.30171514875988137,4.736602899938733,4.66105088193421,3.4026434037972386,0.47756668872276736,3.4729629650246515e-06,7.112628152370486,0.9999999967699853
550.0,0.4948944222294061,2.5,3.6074497913592194,-0.044859696049576236,0.30439169043202374,4.739128863299846,4.66105088193421,4.253304254746548,0.47756668872276736,3.4729629650246515e-06,7.112628152370486,1.0000000002264813
550.0,0.4948944222294061,3.0,3.7094451879946826,-0.03275103314439067,0.30782735446381715,4.7425256433289,4.66105088193421,5.103965105695858,0.47756668872276736,3.4729629650246515e-06,7.112628152370486,1.000000001683349
550.0,0.4948944222294061,3.5,3.8335336904684456,-0.01846070698333018,0.3121365760083866,4.747057861930302,4.66105088193421,5.954625956645168,0.47756668872276736,3.4729629650246515e-06,7.112628152370486,0.9999999999477877
550.0,0.4948944222294061,4.0,3.975240517332635,-0.002696581054888003,0.3174710649837316,4.753144242810347,4.66105088193421,6.805286807594477,0.47756668872276736,3.4729629650246515e-06,7.112628152370486,1.000000000153035
550.0,0.4948944222294061,4.5,4.141806383023892,0.01512980174475435,0.3240308360474287,4.761479401939808,4.66105088193421,7.655947658543787,0.47756668872276736,3.4729629650246515e-06,7.112628152370486,0.9999999999104753
550.0,0.4948944222294061,5.0,4.3358049092826905,0.03500974144403725,0.33207936126999704,4.773292828346879,4.66105088193421,8.506608509493097,0.47756668872276736,3.4729629650246515e-06,7.112628152370486,1.0000000000094214
550.0,0.4948944222294061,5.5,4.5603347658086735,0.05693673326783483,0.34196506148068956,4.790974093105749,4.66105088193421,9.357269360442405,0.47756668872276736,3.4729629650246515e-06,7.112628152370486,0.9999999963211109
550.0,0.4948944222294061,6.0,4.854142186249471,0.08405250209340605,0.3545806812020665,4.819832577741046,4.66105088193421,10.207930211391716,0.47756668872276736,3.4729629650246515e-06,7.112628152370486,1.0000000006493128
600.0,0.4948944222294061,0.0,3.6951251356129613,-0.03443084094191402,0.272465641511604,5.162823708701471,5.0847827802918655,0.0,0.520981842243019,3.788686870935984e-06,7.759230711676895,1.00000000028744
600.0,0.4948944222294061,0.5,3.702927657663991,-0.03351476380032178,0.27267355703972485,5.163038883929314,5.0847827802918655,0.8506608509493097,0.520981842243019,3.788686870935984e-06,7.759230711676895,0.9999999966230703
600.0,0.4948944222294061,1.0,3.7264464485556643,-0.030765106809293095,0.2733023363541073,5.163693758799732,5.0847827802918655,1.7013217018986193,0.520981842243019,3.788686870935984e-06,7.759230711676895,0.9999999915717759
600.0,0.4948944222294061,1.5,3.766018963777033,-0.026177488753268145,0.27436731960179456,5.164817213590244,5.0847827802918655,2.551982552847929,0.520981842243019,3.788686870935984e-06,7.759230711676895,1.0000000029410043
600.0,0.4948944222294061,2.0,3.8222178346912328,-0.019744556722917733,0.27589489192070427,5.16646141954041,5.0847827802918655,3.4026434037972386,0.520981842243019,3.788686870935984e-06,7.759230711676895,0.9999999975240841
600.0,0.4948944222294061,2.5,3.8958672685243076,-0.011455839201832737,0.27792387847671135,5.168707722697786,5.0847827802918655,4.253304254746548,0.520981842243019,3.788686870935984e-06,7.759230711676895,1.0000000041125106
600.0,0.4948944222294061,3.0,3.9880676324118207,-0.0012974765594095927,0.28050756795714976,5.171677808569059,5.0847827802918655,5.103965105695858,0.520981842243019,3.788686870935984e-06,7.759230711676895,1.0000000003017464
600.0,0.4948944222294061,3.5,4.100226771136253,0.010747885569727517,0.28371653540227637,5.175552543754834,5.0847827802918655,5.954625956645168,0.520981842243019,3.788686870935984e-06,7.759230711676895,0.9999999993950018
600.0,0.4948944222294061,4.0,4.230705710153198,0.024352825328869752,0.28764275062930805,5.1806038369402785,5.0847827802918655,6.805286807594477,0.520981842243019,3.788686870935984e-06,7.759230711676895,1.000000002669838
600.0,0.4948944222294061,4.5,4.379409891702422,0.039355603641205064,0.292404824846453,5.18725192455843,5.0847827802918655,7.655947658543787,0.520981842243019,3.788686870935984e-06,7.759230711676895,1.0000000017555422
600.0,0.4948944222294061,5.0,4.551444723783677,0.056089281367831076,0.2981555742395826,5.19617594577775,5.0847827802918655,8.506608509493097,0.520981842243019,3.788686870935984e-06,7.759230711676895,1.0000000000963236
600.0,0.4948944222294061,5.5,4.749057482316564,0.0745474349611116,0.30509182809387664,5.208541287204264,5.0847827802918655,9.357269360442405,0.520981842243019,3.788686870935984e-06,7.759230711676895,1.0000000055216736
600.0,0.4948944222294061,6.0,4.974910653609463,0.0947252941572347,0.31346797302396534,5.226517192479,5.0847827802918655,10.207930211391716,0.520981842243019,3.788686870935984e-06,7.759230711676895,0.9999999963211109
650.0,0.4948944222294061,0.0,4.003052230247374,0.00033126531729787577,0.2515067460107114,5.593059017759926,5.5085146786495205,0.0,0.5643969957632705,4.104410776847315e-06,8.405833270983301,1.00000000028744
650.0,0.4948944222294061,0.5,4.010253349420661,0.0011118188931607809,0.2516702259808079,5.59325756316938,5.5085146786495205,0.8506608509493097,0.5643969957632705,4.104410776847315e-06,8.405833270983301,0.9999999973500096
650.0,0.4948944222294061,1.0,4.031943911153633,0.0034544906298676252,0.2521640446167519,5.593860463573347,5.5085146786495205,1.7013217018986193,0.5643969957632705,4.104410776847315e-06,8.405833270983301,0.9999999943955139
650.0,0.4948944222294061,1.5,4.0683889123763635,0.007362470726513846,0.2529984413269197,5.594890212495286,5.5085146786495205,2.551982552847929,0.5643969957632705,4.104410776847315e-06,8.405833270983301,0.9999999985466504
650.0,0.4948944222294061,2.0,4.120036473424409,0.012841069398580556,0.25419094504426926,5.596387183532961,5.5085146786495205,3.4026434037972386,0.5643969957632705,4.104410776847315e-06,8.405833270983301,1.000000000086593
650.0,0.4948944222294061,2.5,4.187529372974534,0.019897875039570346,0.2557671828823928,5.598412887153389,5.5085146786495205,4.253304254746548,0.5643969957632705,4.104410776847315e-06,8.405833270983301,1.0000000019162922
650.0,0.4948944222294061,3.0,4.271720268996391,0.028542814113674247,0.2577619565187429,5.601057792895352,5.5085146786495205,5.103965105695858,0.5643969957632705,4.104410776847315e-06,8.405833270983301,0.9999999985662841
650.0,0.4948944222294061,3.5,4.37369356105964,0.03878835998386125,0.2602208484747727,5.604451654111652,5.5085146786495205,5.954625956645168,0.5643969957632705,4.104410776847315e-06,8.405833270983301,0.9999999994174006
650.0,0.4948944222294061,4.0,4.4947922841522265,0.050649635346207623,0.2632023858732664,5.608782183362572,5.5085146786495205,6.805286807594477,0.5643969957632705,4.104410776847315e-06,8.405833270983301,0.9999999988843165
650.0,0.4948944222294061,4.5,4.630270715258857,0.06354639206711171,0.2667808698313942,5.6143254473487465,5.5085146786495205,7.655947658543787,0.5643969957632705,4.104410776847315e-06,8.405833270983301,0.9999999988716048
650.0,0.4948944222294061,5.0,4.7850440827385965,0.07782595178843857,0.2710502838951271,5.621500384184079,5.5085146786495205,8.506608509493097,0.5643969957632705,4.104410776847315e-06,8.405833270983301,1.00000000118887
650.0,0.4948944222294061,5.5,4.961797068603117,0.09357900686133318,0.27612916236523294,5.63096711603948,5.5085146786495205,9.357269360442405,0.5643969957632705,4.104410776847315e-06,8.405833270983301,0.9999999995669655
650.0,0.4948944222294061,6.0,5.1625071863706795,0.11080067788835146,0.2821673931423374,5.643827782366681,5.5085146786495205,10.207930211391716,0.5643969957632705,4.104410776847315e-06,8.405833270983301,1.0000000005677643
700.0,0.4948944222294061,0.0,4.310979324881788,0.03251594868869914,0.23354197843851773,6.023294326818382,5.932246577007176,0.0,0.6078121492835221,4.420134682758647e-06,9.05243583028971,1.00000000028744
700.0,0.4948944222294061,0.5,4.317665043318727,0.03318895619297965,0.23367284576037908,6.02347854127781,5.932246577007176,0.8506608509493097,0.6078121492835221,4.420134682758647e-06,9.05243583028971,1.0000000060498306
700.0,0.4948944222294061,1.0,4.337792398134789,0.03520877200213782,0.23406775583765135,6.024037219757794,5.932246577007176,1.7013217018986193,0.6078121492835221,4.420134682758647e-06,9.05243583028971,1.0000000052447697
700.0,0.4948944222294061,1.5,4.3715727321608435,0.03857771704287299,0.23473376506152127,6.024988235332004,5.932246577007176,2.551982552847929,0.6078121492835221,4.420134682758647e-06,9.05243583028971,1.0000000005097491
700.0,0.4948944222294061,2.0,4.419363946508514,0.04329977702587779,0.23568290628879876,6.02636319257644,5.932246577007176,3.4026434037972386,0.6078121492835221,4.420134682758647e-06,9.05243583028971,0.9999999980056066
700.0,0.4948944222294061,2.5,4.481676652166838,0.04938052815233351,0.23693261327353737,6.028210276500171,5.932246577007176,4.253304254746548,0.6078121492835221,4.420134682758647e-06,9.05243583028971,0.9999999994161278
700.0,0.4948944222294061,3.0,4.5591860404034925,0.056827322890265236,0.23850648477859718,6.030598159869092,5.932246577007176,5.103965105695858,0.6078121492835221,4.420134682758647e-06,9.05243583028971,1.0000000031579963
700.0,0.4948944222294061,3.5,4.652745571147124,0.06564931307120356,0.24043505824898556,6.033624109997235,5.932246577007176,5.954625956645168,0.6078121492835221,4.420134682758647e-06,9.05243583028971,1.0000000003017464
700.0,0.4948944222294061,4.0,4.763405972374453,0.07585760552029293,0.24275709198206705,6.037423766804454,5.932246577007176,6.805286807594477,0.6078121492835221,4.420134682758647e-06,9.05243583028971,1.0000000012594072
700.0,0.4948944222294061,4.5,4.8909366353004105,0.08733204501251035,0.24552121087328682,6.042189591875286,5.932246577007176,7.655947658543787,0.6078121492835221,4.420134682758647e-06,9.05243583028971,0.9999999959022237
700.0,0.4948944222294061,5.0,5.0317640344814585,0.0996602752655579,0.2487879766491141,6.048200120380954,5.932246577007176,8.506608509493097,0.6078121492835221,4.420134682758647e-06,9.05243583028971,1.0000000030277223
700.0,0.4948944222294061,5.5,5.1918534560718905,0.1132624343523484,0.25263260731852716,6.055869216758139,5.932246577007176,9.357269360442405,0.6078121492835221,4.420134682758647e-06,9.05243583028971,0.9999999972341177
700.0,0.4948944222294061,6.0,5.372718575209666,0.1281341013467335,0.25714841714647624,6.065836946276919,5.932246577007176,10.207930211391716,0.6078121492835221,4.420134682758647e-06,9.05243583028971,1.0000000049473634
550.0,0.4965808091338207,0.0,3.3756951268225848,-0.07369677455842825,0.2982480949007075,4.716516543956398,4.64522196743827,0.0,0.47594487371293753,3.461168793449737e-06,7.0884736889850615,1.00000000028744
550.0,0.4965808091338207,0.5,3.3842963984468186,-0.07259159955764707,0.29852277293037566,4.716753880721525,4.64522196743827,0.8535595365167823,0.47594487371293753,3.461168793449737e-06,7.0884736889850615,0.9999999965582097
550.0,0.4965808091338207,1.0,3.4102481931138837,-0.06927400383770868,0.2993548308709984,4.717478238518238,4.64522196743827,1.7071190730335646,0.47594487371293753,3.461168793449737e-06,7.0884736889850615,0.9999999989817706
550.0,0.4965808091338207,1.5,3.454000551465488,-0.06373758875709007,0.3007688121822604,4.718728729776059,4.64522196743827,2.560678609550347,0.47594487371293753,3.461168793449737e-06,7.0884736889850615,1.0000000020726878
550.0,0.4965808091338207,2.0,3.516319837550454,-0.05597162055595708,0.3028073003270419,4.720576345411454,4.64522196743827,3.414238146067129,0.47594487371293753,3.461168793449737e-06,7.0884736889850615,1.0000000077829772
550.0,0.4965808091338207,2.5,3.5983159385533887,-0.04596069881467125,0.3055334860492876,4.723134887135519,4.64522196743827,4.267797682583912,0.47594487371293753,3.461168793449737e-06,7.0884736889850615,0.9999999985252753
550.0,0.4965808091338207,3.0,3.7014810678030714,-0.03368445891723421,0.30903529150962544,4.726580696865446,4.64522196743827,5.121357219100694,0.47594487371293753,3.461168793449737e-06,7.0884736889850615,1.0000000051665603
550.0,0.4965808091338207,3.5,3.8267331507155555,-0.019231812670840964,0.3134312000101695,4.731187207091208,4.64522196743827,5.9749167556174765,0.47594487371293753,3.461168793449737e-06,7.0884736889850615,0.9999999986718434
550.0,0.4965808091338207,4.0,3.9701458827322798,-0.0032535261513428632,0.31887853300597246,4.737389943191865,4.64522196743827,6.828476292134258,0.47594487371293753,3.461168793449737e-06,7.0884736889850615,1.0000000024344822
550.0,0.4965808091338207,4.5,4.138802734756115,0.014814736051655845,0.3255850246449066,4.745916040538565,4.64522196743827,7.68203582865104,0.47594487371293753,3.461168793449737e-06,7.0884736889850615,0.9999999969146532
550.0,0.4965808091338207,5.0,4.335350685495119,0.03496424188345029,0.333824938390895,4.758062060479776,4.64522196743827,8.535595365167824,0.47594487371293753,3.461168793449737e-06,7.0884736889850615,0.9999999960327765
550.0,0.4965808091338207,5.5,4.562978791347432,0.05718845885557188,0.34396171683245613,4.776378332692634,4.64522196743827,9.389154901684604,0.47594487371293753,3.461168793449737e-06,7.0884736889850615,1.0000000001932812
550.0,0.4965808091338207,6.0,4.878587811647289,0.08623413510790823,0.35709076912552806,4.806635549195805,4.64522196743827,10.242714438201387,0.47594487371293753,3.461168793449737e-06,7.0884736889850615,1.0000000019995974
450.0,0.49773110210232996,0.0,2.7555493488307743,-0.1618517981646287,0.3653698457505898,3.850049724034715,3.791852607139089,0.0,0.388509488436382,2.825320728522376e-06,5.786256852013826,1.00000000028744
450.0,0.49773110210232996,0.5,2.7661429071100616,-0.1601853780398123,0.3658778026037096,3.850342453000353,3.791852607139089,0.8555367444857569,0.388509488436382,2.825320728522376e-06,5.786256852013826,0.9999999997069787
450.0,0.49773110210232996,1.0,2.7981992642396194,-0.1551813532671031,0.3674241629700374,3.8512439624832506,3.791852607139089,1.7110734889715138,0.388509488436382,2.825320728522376e-06,5.786256852013826,1.0000000059716971
450.0,0.49773110210232996,1.5,2.852560340451449,-0.14682515147243969,0.37007827385113523,3.8528290875231925,3.791852607139089,2.5666102334572707,0.388509488436382,2.825320728522376e-06,5.786256852013826,1.000000001056297
450.0,0.49773110210232996,2.0,2.9306771390573467,-0.1350920147350028,0.37396299520029835,3.8552408881086624,3.791852607139089,3.4221469779430276,0.388509488436382,2.825320728522376e-06,5.786256852013826,0.9999999970863368
450.0,0.49773110210232996,2.5,3.0346868558721054,-0.11994610770686069,0.3792662044523196,3.8587261830897237,3.791852607139089,4.277683722428785,0.388509488436382,2.825320728522376e-06,5.786256852013826,0.9999999985203438
450.0,0.49773110210232996,3.0,3.16445727805022,-0.10176075449713765,0.38625971997410724,3.8637090586337774,3.791852607139089,5.133220466914541,0.388509488436382,2.825320728522376e-06,5.786256852013826,0.9999999995092315
450.0,0.49773110210232996,3.5,3.3201307296100797,-0.08090480701232725,0.3953283593146245,3.8709494054605926,3.791852607139089,5.988757211400299,0.388509488436382,2.825320728522376e-06,5.786256852013826,0.9999999986151384
450.0,0.49773110210232996,4.0,3.508764100505329,-0.056905820403143556,0.4070132069784545,3.8819225374615516,3.791852607139089,6.844293955886055,0.388509488436382,2.825320728522376e-06,5.786256852013826,0.9999999988725109
450.0,0.49773110210232996,4.5,3.7349333293702993,-0.029777137504526357,0.4220774504150053,3.8998783574384133,3.791852607139089,7.699830700371813,0.388509488436382,2.825320728522376e-06,5.786256852013826,0.9999999991876095
450.0,0.49773110210232996,5.0,4.098924612227281,0.010609939480665215,0.4431356449220217,3.9336020090847352,3.791852607139089,8.55536744485757,0.388509488436382,2.825320728522376e-06,5.786256852013826,1.0000000014960317
450.0,0.49773110210232996,5.5,4.650822588613611,0.06546978179875995,0.47262668074942,4.0177831558581385,3.791852607139089,9.410904189343327,0.388509488436382,2.825320728522376e-06,5.786256852013826,0.9999999993708591
450.0,0.49773110210232996,6.0,5.328732280319119,0.12456391016632114,0.5123153307787206,6.99808936757051,3.791852607139089,10.266440933829083,0.388509488436382,2.825320728522376e-06,5.786256852013826,1.000000001072438
700.0,0.5068645446928268,0.0,4.2091711574011,0.022136594482668547,0.23919071068663098,5.881048096577643,5.792150532110175,0.0,0.5934580463227638,4.3157487003271894e-06,8.838653338270083,1.00000000028744
700.0,0.5068645446928268,0.5,4.216354548025527,0.02287713169648856,0.23933820208856507,5.881246091856471,5.792150532110175,0.871235975871572,0.5934580463227638,4.3157487003271894e-06,8.838653338270083,1.0000000022971773
700.0,0.5068645446928268,1.0,4.237987349616512,0.02509966468061647,0.23978357859929408,5.881847026050067,5.792150532110175,1.742471951743144,0.5934580463227638,4.3157487003271894e-06,8.838653338270083,0.9999999960507798
700.0,0.5068645446928268,1.5,4.274319979315932,0.028807039380194122,0.24053557699514097,5.882872325940389,5.792150532110175,2.613707927614716,0.5934580463227638,4.3157487003271894e-06,8.838653338270083,1.0000000059716971
700.0,0.5068645446928268,2.0,4.325776314126995,0.03400406699009404,0.24160917856071157,5.88435961792619,5.792150532110175,3.484943903486288,0.5934580463227638,4.3157487003271894e-06,8.838653338270083,0.9999999998317264
700.0,0.5068645446928268,2.5,4.392962859134572,0.04069754015472768,0.24302620819139437,5.886366726772179,5.792150532110175,4.356179879357861,0.5934580463227638,4.3157487003271894e-06,8.838653338270083,1.0000000004746252
700.0,0.5068645446928268,3.0,4.476683275735638,0.04889637791229445,0.2448162475168249,5.8889777306822415,5.792150532110175,5.227415855229432,0.5934580463227638,4.3157487003271894e-06,8.838653338270083,0.9999999970863368
700.0,0.5068645446928268,3.5,4.577957392460529,0.05861175500414187,0.24701788610121392,5.892312212616651,5.792150532110175,6.098651831101004,0.5934580463227638,4.3157487003271894e-06,8.838653338270083,0.9999999963408319
700.0,0.5068645446928268,4.0,4.698045422817716,0.06985722008844845,0.24968045519456988,5.8965413497512005,5.792150532110175,6.969887806972576,0.5934580463227638,4.3157487003271894e-06,8.838653338270083,0.9999999970125691
700.0,0.5068645446928268,4.5,4.833788336706352,0.08222763815015967,0.25286634352768467,5.901913074825286,5.792150532110175,7.841123782844149,0.5934580463227638,4.3157487003271894e-06,8.838653338270083,0.9999999995092315
700.0,0.5068645446928268,5.0,4.987025196578057,0.09578157113687531,0.25665391704640295,5.9087970113928465,5.792150532110175,8.712359758715722,0.5934580463227638,4.3157487003271894e-06,8.838653338270083,1.0000000029490355
700.0,0.5068645446928268,5.5,5.161724063971994,0.11073479293695718,0.2611415357595263,5.917763716615977,5.792150532110175,9.583595734587293,0.5934580463227638,4.3157487003271894e-06,8.838653338270083,0.9999999942741447
700.0,0.5068645446928268,6.0,5.359725695436438,0.12708257224415373,0.2664526899750708,5.929734623290869,5.792150532110175,10.454831710458864,0.5934580463227638,4.3157487003271894e-06,8.838653338270083,0.9999999988725109
650.0,0.5141335753803026,0.0,3.8532558765044786,-0.016232141914184376,0.2612841380920081,5.38376376030647,5.3023831155472525,0.0,0.5432769585601692,3.950821532123227e-06,8.09128249778837,1.00000000028744
650.0,0.5141335753803026,0.5,3.861331214046994,-0.01532293555641828,0.26148202146100735,5.38398644581999,5.3023831155472525,0.8837305192578753,0.5432769585601692,3.950821532123227e-06,8.09128249778837,0.9999999998273064
650.0,0.5141335753803026,1.0,3.885671408933068,-0.012593919542048368,0.26208042779388935,5.384664095607912,5.3023831155472525,1.7674610385157505,0.5432769585601692,3.950821532123227e-06,8.09128249778837,0.9999999954468122
650.0,0.5141335753803026,1.5,3.9266230315169004,-0.008040781728134995,0.26309384145007225,5.385826590146413,5.3023831155472525,2.6511915577736254,0.5432769585601692,3.950821532123227e-06,8.09128249778837,0.9999999982627981
650.0,0.5141335753803026,2.0,3.984774188857857,-0.001656275711673228,0.2645471950155216,5.387526863738301,5.3023831155472525,3.534922077031501,0.5432769585601692,3.950821532123227e-06,8.09128249778837,0.9999999961257368
650.0,0.5141335753803026,2.5,4.060971237025372,0.006569922159759466,0.2664770891533,5.389849062352911,5.3023831155472525,4.418652596289377,0.5432769585601692,3.950821532123227e-06,8.09128249778837,1.000000005683723
650.0,0.5141335753803026,3.0,4.156343340713095,0.016651424558663683,0.26893384353521793,5.392917337937877,5.3023831155472525,5.302383115547251,0.5432769585601692,3.950821532123227e-06,8.09128249778837,1.0000000056851732
650.0,0.5141335753803026,3.5,4.272335444146295,0.028605352838242275,0.27198399917424354,5.396916975521546,5.3023831155472525,6.186113634805127,0.5432769585601692,3.950821532123227e-06,8.09128249778837,1.000000001354798
650.0,0.5141335753803026,4.0,4.40744921900617,0.0421273258924151,0.27571415123860044,5.4021248821711625,5.3023831155472525,7.069844154063002,0.5432769585601692,3.950821532123227e-06,8.09128249778837,0.9999999969588121
650.0,0.5141335753803026,4.5,4.561193611508675,0.05701851604238537,0.28023602587239343,5.408968905205762,5.3023831155472525,7.953574673320877,0.5432769585601692,3.950821532123227e-06,8.09128249778837,1.0000000019519713
650.0,0.5141335753803026,5.0,4.739012354068446,0.07362784952943874,0.28569331353405836,5.418139095135043,5.3023831155472525,8.837305192578754,0.5432769585601692,3.950821532123227e-06,8.09128249778837,1.0000000015237747
650.0,0.5141335753803026,5.5,4.9432087452405,0.09194895920804895,0.2922709556773502,5.430809604948314,5.3023831155472525,9.72103571183663,0.5432769585601692,3.950821532123227e-06,8.09128249778837,0.9999999986995854
650.0,0.5141335753803026,6.0,5.176509047526994,0.11197698608181839,0.3002076671432973,5.44915866787654,5.3023831155472525,10.604766231094501,0.5432769585601692,3.950821532123227e-06,8.09128249778837,1.00000000225397
400.0,0.5186617394795957,0.0,2.350532379593391,-0.2308937531694096,0.42832621634193335,3.2841605769927953,3.234517405942276,0.0,0.33140547192031516,2.4100486017229645e-06,4.935779536328631,1.00000000028744
400.0,0.5186617394795957,0.5,2.3640320527921443,-0.2284066306854165,0.42921648786150374,3.2845343684739094,3.234517405942276,0.8915138600128399,0.33140547192031516,2.4100486017229645e-06,4.935779536328631,0.9999999999564586
400.0,0.5186617394795957,1.0,2.405057278675199,-0.22093456736807146,0.43194632092645635,3.285700945480895,3.234517405942276,1.7830277200256799,0.33140547192031516,2.4100486017229645e-06,4.935779536328631,1.0000000020726878
400.0,0.5186617394795957,1.5,2.475227294622461,-0.20844490592994103,0.43670104170890933,3.287809908552844,3.234517405942276,2.67454158003852,0.33140547192031516,2.4100486017229645e-06,4.935779536328631,1.0000000054500038
400.0,0.5186617394795957,2.0,2.577380591390208,-0.19088143752821563,0.44381814801704633,3.291168353583142,3.234517405942276,3.5660554400513598,0.33140547192031516,2.4100486017229645e-06,4.935779536328631,1.0000000051665603
400.0,0.5186617394795957,2.5,2.712429631101987,-0.16870151128078584,0.45383742272406047,3.296371101105734,3.234517405942276,4.4575693000642,0.33140547192031516,2.4100486017229645e-06,4.935779536328631,1.0000000005797343
400.0,0.5186617394795957,3.0,2.881892314117505,-0.14238224255932552,0.46758589271182344,3.3046317587979996,3.234517405942276,5.34908316007704,0.33140547192031516,2.4100486017229645e-06,4.935779536328631,0.9999999969146532
400.0,0.5186617394795957,3.5,3.095140131373457,-0.11137967499782095,0.4863191983589211,3.31875877488176,3.234517405942276,6.240597020089879,0.33140547192031516,2.4100486017229645e-06,4.935779536328631,1.0000000008587555
400.0,0.5186617394795957,4.0,3.3970125225023904,-0.07096284350307315,0.5128325734355109,3.346911397749336,3.234517405942276,7.1321108801027195,0.33140547192031516,2.4100486017229645e-06,4.935779536328631,1.0000000019995974
400.0,0.5186617394795957,4.5,3.9644739449991215,-0.003874423366902234,0.5538461679892321,3.4265521355648216,3.234517405942276,8.02362474011556,0.33140547192031516,2.4100486017229645e-06,4.935779536328631,1.00000000115665
400.0,0.5186617394795957,5.0,4.673670958476588,0.06759814207095866,0.613660478316113,5.970314345232158,3.234517405942276,8.9151386001284,0.33140547192031516,2.4100486017229645e-06,4.935779536328631,1.0000000011682904
400.0,0.5186617394795957,5.5,5.39416261996748,0.12986404383487474,0.708344202529213,5.975660734326711,3.234517405942276,9.806652460141239,0.33140547192031516,2.4100486017229645e-06,4.935779536328631,1.000000000546213
400.0,0.5186617394795957,6.0,6.016124587463082,0.1772568301198973,0.8507788394414391,3.1411664533588204,3.234517405942276,10.69816632015408,0.33140547192031516,2.4100486017229645e-06,4.935779536328631,0.9999999995456461
600.0,0.5186617394795957,0.0,3.525798569390086,-0.05480249411372835,0.28555081089462225,4.926240865489193,4.851776108913414,0.0,0.4971082078804728,3.6150729025844465e-06,7.403669304492946,1.00000000028744
600.0,0.5186617394795957,0.5,3.5347823046055953,-0.0536973191129472,0.28581379508613164,4.926488755655665,4.851776108913414,0.8915138600128399,0.4971082078804728,3.6150729025844465e-06,7.403669304492946,0.9999999965582097
600.0,0.5186617394795957,1.0,3.5618880701065128,-0.05037972339300883,0.2866104299137077,4.927245322699616,4.851776108913414,1.7830277200256799,0.4971082078804728,3.6150729025844465e-06,7.403669304492946,0.9999999989817706
600.0,0.5186617394795957,1.5,3.607585918012799,-0.044843308312390195,0.28796421395097094,4.928551418221343,4.851776108913414,2.67454158003852,0.4971082078804728,3.6150729025844465e-06,7.403669304492946,1.0000000020726878
600.0,0.5186617394795957,2.0,3.6726762894678195,-0.037077340111257184,0.2899159177596246,4.930481189814844,4.851776108913414,3.5660554400513598,0.4971082078804728,3.6150729025844465e-06,7.403669304492946,1.0000000077829772
600.0,0.5186617394795957,2.5,3.7583184238284044,-0.027066418369971375,0.2925260418708809,4.933153499490784,4.851776108913414,4.4575693000642,0.4971082078804728,3.6150729025844465e-06,7.403669304492946,0.9999999985252753
600.0,0.5186617394795957,3.0,3.866070887085313,-0.014790178472534303,0.29587876534469754,4.936752530374713,4.851776108913414,5.34908316007704,0.4971082078804728,3.6150729025844465e-06,7.403669304492946,1.0000000051665603
600.0,0.5186617394795957,3.5,3.996892421067156,-0.0003375322261411062,0.3000875273063349,4.941563873388134,4.851776108913414,6.240597020089879,0.4971082078804728,3.6150729025844465e-06,7.403669304492946,0.9999999986718434
600.0,0.5186617394795957,4.0,4.1466821344092,0.01564075429335702,0.30530295158149223,4.948042419953619,4.851776108913414,7.1321108801027195,0.4971082078804728,3.6150729025844465e-06,7.403669304492946,1.0000000024344822
600.0,0.5186617394795957,4.5,4.322838471176257,0.03370901649635568,0.31172392847454894,4.956947638197,4.851776108913414,8.02362474011556,0.4971082078804728,3.6150729025844465e-06,7.403669304492946,0.9999999969146532
600.0,0.5186617394795957,5.0,4.528126110461509,0.05385852232815016,0.31961304526053236,4.969633742280342,4.851776108913414,8.9151386001284,0.4971082078804728,3.6150729025844465e-06,7.403669304492946,0.9999999960327765
600.0,0.5186617394795957,5.5,4.765875913039945,0.07608273930027175,0.3293182717258031,4.988764464676308,4.851776108913414,9.806652460141239,0.4971082078804728,3.6150729025844465e-06,7.403669304492946,1.0000000001932812
600.0,0.5186617394795957,6.0,5.095518783753586,0.10512841555260811,0.34188838229034063,5.020367096624004,4.851776108913414,10.69816632015408,0.4971082078804728,3.6150729025844465e-06,7.403669304492946,1.0000000019995974
450.0,0.5239274758971895,0.0,2.617771881389236,-0.18412819287578083,0.38459983763219974,3.65754723783298,3.602259976782134,0.0,0.369084014014563,2.6840546920962575e-06,5.496944009413135,1.00000000028744
450.0,0.5239274758971895,0.5,2.630133761477623,-0.18208215523577095,0.38525685811894145,3.657889167836915,3.602259976782134,0.9005649941955337,0.369084014014563,2.6840546920962575e-06,5.496944009413135,0.9999999991905593
450.0,0.5239274758971895,1.0,2.667615048197891,-0.17593683268973148,0.3872636488484352,3.65894865474485,3.602259976782134,1.8011299883910674,0.369084014014563,2.6840546920962575e-06,5.496944009413135,0.9999999982627981
450.0,0.5239274758971895,1.5,2.7314280986503214,-0.16567021857342562,0.3907314770481822,3.660835252107678,3.602259976782134,2.701694982586601,0.369084014014563,2.6840546920962575e-06,5.496944009413135,0.9999999980101957
450.0,0.5239274758971895,2.0,2.8236792664255588,-0.15124462640293282,0.39585989916091235,3.663765869272362,3.602259976782134,3.602259976782135,0.369084014014563,2.6840546920962575e-06,5.496944009413135,1.0000000056851732
450.0,0.5239274758971895,2.5,2.9475065694665505,-0.13260520959479918,0.4029604820296363,3.668134506880775,3.602259976782134,4.502824970977669,0.369084014014563,2.6840546920962575e-06,5.496944009413135,1.000000004529754
450.0,0.5239274758971895,3.0,3.098720864758992,-0.1108775349192112,0.41249626110584037,3.674670761860033,3.602259976782134,5.403389965173202,0.369084014014563,2.6840546920962575e-06,5.496944009413135,1.0000000019519713
450.0,0.5239274758971895,3.5,3.2865384014894263,-0.08532128017711058,0.42514420725062574,3.684837077345606,3.602259976782134,6.303954959368736,0.369084014014563,2.6840546920962575e-06,5.496944009413135,0.9999999997698662
450.0,0.5239274758971895,4.0,3.5167453869339194,-0.055919064879778095,0.4418937210746248,3.7019743290279394,3.602259976782134,7.20451995356427,0.369084014014563,2.6840546920962575e-06,5.496944009413135,1.00000000225397
450.0,0.5239274758971895,4.5,3.8803099248925785,-0.013193576740138765,0.46571023786549054,3.7356663027626684,3.602259976782134,8.105084947759803,0.369084014014563,2.6840546920962575e-06,5.496944009413135,0.999999998503826
450.0,0.5239274758971895,5.0,4.468413898644914,0.048093402652808356,0.5003764913382551,3.828783029755477,3.602259976782134,9.005649941955339,0.369084014014563,2.6840546920962575e-06,5.496944009413135,1.000000001022848
450.0,0.5239274758971895,5.5,5.185471788158672,0.11272828447380083,0.5494732415486454,6.648979079907874,3.602259976782134,9.906214936150871,0.369084014014563,2.6840546920962575e-06,5.496944009413135,1.0000000016235995
450.0,0.5239274758971895,6.0,5.917273927754844,0.17006168316431095,0.6233871792693991,6.654284623554514,3.602259976782134,10.806779930346403,0.369084014014563,2.6840546920962575e-06,5.496944009413135,1.00000000065351
500.0,0.524654648316395,0.0,2.9046040490996945,-0.13897305288429107,0.34662027027487696,4.058308744284139,3.996963596735722,0.0,0.4095249586819388,2.9781495408723203e-06,6.099250259706512,1.00000000028744
500.0,0.524654648316395,0.5,2.9157706399957886,-0.13730663275947466,0.3471021604575621,4.058617307706979,3.996963596735722,0.9018149115134975,0.4095249586819388,2.9781495408723203e-06,6.099250259706512,0.9999999997069787
500.0,0.524654648316395,1.0,2.949561007334849,-0.13230260798676544,0.34856916670986454,4.059567582139711,3.996963596735722,1.803629823026995,0.4095249586819388,2.9781495408723203e-06,6.099250259706512,1.0000000059716971
500.0,0.524654648316395,1.5,3.006862612963975,-0.12394640619210202,0.3510870773739362,4.061238450640505,3.996963596735722,2.7054447345404924,0.4095249586819388,2.9781495408723203e-06,6.099250259706512,1.000000001056297
500.0,0.524654648316395,2.0,3.089204948669076,-0.11221326945466517,0.3547724476354674,4.063780711677909,3.996963596735722,3.60725964605399,0.4095249586819388,2.9781495408723203e-06,6.099250259706512,0.9999999970863368
500.0,0.524654648316395,2.5,3.19884081664366,-0.09706736242652302,0.35980351367892704,4.067454535163812,3.996963596735722,4.509074557567487,0.4095249586819388,2.9781495408723203e-06,6.099250259706512,0.9999999985203438
500.0,0.524654648316395,3.0,3.3356308523118168,-0.07888200921679996,0.366438145049104,4.072706947169265,3.996963596735722,5.410889469080985,0.4095249586819388,2.9781495408723203e-06,6.099250259706512,0.9999999995092315
500.0,0.524654648316395,3.5,3.4997250783614997,-0.0580260617319896,0.37504141172749644,4.080338942843368,3.996963596735722,6.312704380594482,0.4095249586819388,2.9781495408723203e-06,6.099250259706512,0.9999999986151384
500.0,0.524654648316395,4.0,3.698562109942934,-0.03402707512280591,0.38612663154643656,4.091905639572938,3.996963596735722,7.21451929210798,0.4095249586819388,2.9781495408723203e-06,6.099250259706512,0.9999999988725109
500.0,0.524654648316395,4.5,3.9369654098953357,-0.0068983922241887125,0.40041782769245937,4.1108327357005505,3.996963596735722,8.116334203621479,0.4095249586819388,2.9781495408723203e-06,6.099250259706512,0.9999999991876095
500.0,0.524654648316395,5.0,4.320645910653556,0.03348868476100282,0.4203953851083649,4.146380585774038,3.996963596735722,9.018149115134975,0.4095249586819388,2.9781495408723203e-06,6.099250259706512,1.0000000014960317
500.0,0.524654648316395,5.5,4.902397457793099,0.08834852707909759,0.448373038240027,4.235115305723668,3.996963596735722,9.919964026648472,0.4095249586819388,2.9781495408723203e-06,6.099250259706512,0.9999999993708591
500.0,0.524654648316395,6.0,5.616977015690419,0.14744265544665877,0.4860249976449965,7.37663389031003,3.996963596735722,10.82177893816197,0.4095249586819388,2.9781495408723203e-06,6.099250259706512,1.000000001072438
700.0,0.5335416259924494,0.0,3.998712599531044,-0.00013980022848374636,0.2517796954596116,5.5869956917487595,5.502543005504665,0.0,0.5637851440066255,4.099961265310829e-06,8.396720671356578,1.00000000028744
700.0,0.5335416259924494,0.5,4.00709277334032,0.0007694061292822782,0.25197038064527566,5.587226783427377,5.502543005504665,0.9170905009174444,0.5637851440066255,4.099961265310829e-06,8.396720671356578,0.9999999998273064
700.0,0.5335416259924494,1.0,4.032351787297701,0.0034984221436522626,0.2525470194162105,5.587930013846504,5.502543005504665,1.8341810018348887,0.5637851440066255,4.099961265310829e-06,8.396720671356578,0.9999999954468122
700.0,0.5335416259924494,1.5,4.074849294456701,0.008051559957565593,0.25352356925039327,5.589136391441704,5.502543005504665,2.751271502752333,0.5637851440066255,4.099961265310829e-06,8.396720671356578,0.9999999982627981
700.0,0.5335416259924494,2.0,4.1351956023555525,0.0144360659740274,0.25492405578882643,5.590900848735077,5.502543005504665,3.6683620036697775,0.5637851440066255,4.099961265310829e-06,8.396720671356578,0.9999999961257368
700.0,0.5335416259924494,2.5,4.2142690161956216,0.022662263845460114,0.2567837483129399,5.593310708125801,5.502543005504665,4.585452504587223,0.5637851440066255,4.099961265310829e-06,8.396720671356578,1.000000005683723
700.0,0.5335416259924494,3.0,4.3132413255575,0.03274376624436429,0.259151136071781,5.596494808178758,5.502543005504665,5.502543005504666,0.5637851440066255,4.099961265310829e-06,8.396720671356578,1.0000000056851732
700.0,0.5335416259924494,3.5,4.43361201992862,0.04469769452394282,0.2620903395898601,5.60064542825486,5.502543005504665,6.419633506422111,0.5637851440066255,4.099961265310829e-06,8.396720671356578,1.000000001354798
700.0,0.5335416259924494,4.0,4.573826210529559,0.058219667578115704,0.2656848040592306,5.606049928398228,5.502543005504665,7.336724007339555,0.5637851440066255,4.099961265310829e-06,8.396720671356578,0.9999999969588121
700.0,0.5335416259924494,4.5,4.733374306765699,0.07311085772808588,0.2700421914862547,5.6131523067548805,5.502543005504665,8.253814508257,0.5637851440066255,4.099961265310829e-06,8.396720671356578,1.0000000019519713
700.0,0.5335416259924494,5.0,4.917905536742453,0.08972019121513938,0.2753009654612965,5.622668662581106,5.502543005504665,9.170905009174446,0.5637851440066255,4.099961265310829e-06,8.396720671356578,1.0000000015237747
700.0,0.5335416259924494,5.5,5.12981014633178,0.10804130089374955,0.2816393400284397,5.6358174720182745,5.502543005504665,10.087995510091888,0.5637851440066255,4.099961265310829e-06,8.396720671356578,0.9999999986995854
700.0,0.5335416259924494,6.0,5.371917311837149,0.128069327767519,0.2892873465643102,5.654859194517962,5.502543005504665,11.005086011009332,0.5637851440066255,4.099961265310829e-06,8.396720671356578,1.00000000225397
650.0,0.5398402541493177,0.0,3.6697675014328377,-0.03742144098412234,0.27434834499660854,5.127394057434734,5.049888681473575,0.0,0.5174066272001613,3.762687173450693e-06,7.705983331227019,1.00000000028744
650.0,0.5398402541493177,0.5,3.679118069506004,-0.03631626598334115,0.2746010120350064,5.127652069700308,5.049888681473575,0.927917045220769,0.5174066272001613,3.762687173450693e-06,7.705983331227019,0.9999999965582097
650.0,0.5398402541493177,1.0,3.707330644722385,-0.032998670263402766,0.27536639402018603,5.128439529646162,5.049888681473575,1.855834090441538,0.5174066272001613,3.762687173450693e-06,7.705983331227019,0.9999999989817706
650.0,0.5398402541493177,1.5,3.75489447284003,-0.02746225518278417,0.27666706765141247,5.129798956965979,5.049888681473575,2.783751135662307,0.5174066272001613,3.762687173450693e-06,7.705983331227019,1.0000000020726878
650.0,0.5398402541493177,2.0,3.822642679415299,-0.01969628698165115,0.278542204017337,5.131807526922443,5.049888681473575,3.711668180883076,0.5174066272001613,3.762687173450693e-06,7.705983331227019,1.0000000077829772
650.0,0.5398402541493177,2.5,3.9117818390253687,-0.009685365240365335,0.2810499301481626,5.134588955018667,5.049888681473575,4.639585226103844,0.5174066272001613,3.762687173450693e-06,7.705983331227019,0.9999999985252753
650.0,0.5398402541493177,3.0,4.023934158585684,0.0025908746570717446,0.28427112266865007,5.13833494512972,5.049888681473575,5.567502271324614,0.5174066272001613,3.762687173450693e-06,7.705983331227019,1.0000000051665603
650.0,0.5398402541493177,3.5,4.160097528229687,0.01704352090346494,0.28831477036498243,5.143342749711122,5.049888681473575,6.495419316545384,0.5174066272001613,3.762687173450693e-06,7.705983331227019,0.9999999986718434
650.0,0.5398402541493177,4.0,4.316003604896643,0.033021807422963075,0.29332558792792957,5.150085834766786,5.049888681473575,7.423336361766152,0.5174066272001613,3.762687173450693e-06,7.705983331227019,1.0000000024344822
650.0,0.5398402541493177,4.5,4.499352933315887,0.051090069625961715,0.2994946629809913,5.159354679784323,5.049888681473575,8.35125340698692,0.5174066272001613,3.762687173450693e-06,7.705983331227019,0.9999999969146532
650.0,0.5398402541493177,5.0,4.713023082721275,0.07123957545775618,0.30707428121754476,5.172558795552314,5.049888681473575,9.279170452207689,0.5174066272001613,3.762687173450693e-06,7.705983331227019,0.9999999960327765
650.0,0.5398402541493177,5.5,4.960480922924933,0.09346379242987778,0.3163987611944092,5.192470682730767,5.049888681473575,10.20708749742846,0.5174066272001613,3.762687173450693e-06,7.705983331227019,1.0000000001932812
650.0,0.5398402541493177,6.0,5.303584100890431,0.12250946868221411,0.3284757327813605,5.225363744940348,5.049888681473575,11.135004542649227,0.5174066272001613,3.762687173450693e-06,7.705983331227019,1.0000000019995974
400.0,0.5418609907839217,0.0,2.2498966218979497,-0.2498974276924692,0.4474848447441707,3.143552436076081,3.09603468911095,0.0,0.3172166689662859,2.3068647148627526e-06,4.724458936038917,1.00000000028744
400.0,0.5418609907839217,0.5,2.265299524535306,-0.2469343574945213,0.4485939990465693,3.143979481842082,3.09603468911095,0.9313904356408774,0.3172166689662859,2.3068647148627526e-06,4.724458936038917,0.9999999960507798
400.0,0.5418609907839217,1.0,2.312224699897861,-0.2380299551850437,0.45200938383703526,3.145322518692546,3.09603468911095,1.8627808712817548,0.3172166689662859,2.3068647148627526e-06,4.724458936038917,0.9999999998317264
400.0,0.5418609907839217,1.5,2.392887863843374,-0.22313764426284327,0.4580092604618026,3.1477910037934937,3.09603468911095,2.794171306922632,0.3172166689662859,2.3068647148627526e-06,4.724458936038917,0.9999999970863368
400.0,0.5418609907839217,2.0,2.5112109085264884,-0.20217680208668923,0.4671093597559212,3.1518339282449386,3.09603468911095,3.7255617425635097,0.3172166689662859,2.3068647148627526e-06,4.724458936038917,0.9999999970125691
400.0,0.5418609907839217,2.5,2.665677094972008,-0.17625245103826245,0.4801555122805699,3.158384854946548,3.09603468911095,4.656952178204387,0.3172166689662859,2.3068647148627526e-06,4.724458936038917,1.0000000029490355
400.0,0.5418609907839217,3.0,2.8648938913445505,-0.144951449930984,0.4984873378355053,3.16957647926364,3.09603468911095,5.588342613845264,0.3172166689662859,2.3068647148627526e-06,4.724458936038917,0.9999999988725109
400.0,0.5418609907839217,3.5,3.118704395408172,-0.10808577897128335,0.5242219739030476,3.191357652462148,3.09603468911095,6.519733049486142,0.3172166689662859,2.3068647148627526e-06,4.724458936038917,0.9999999998676542
400.0,0.5418609907839217,4.0,3.641354240816512,-0.04079706099374065,0.5657206961411235,3.2485090782588846,3.09603468911095,7.451123485127019,0.3172166689662859,2.3068647148627526e-06,4.724458936038917,0.9999999990459424
400.0,0.5418609907839217,4.5,4.350891687559766,0.036518280638480616,0.6274555739065234,5.713916041647996,3.09603468911095,8.382513920767895,0.3172166689662859,2.3068647148627526e-06,4.724458936038917,1.000000001072438
400.0,0.5418609907839217,5.0,5.106154490490549,0.10603395924065037,0.7291247461397996,5.719329209597584,3.09603468911095,9.313904356408774,0.3172166689662859,2.3068647148627526e-06,4.724458936038917,1.0000000024816942
400.0,0.5418609907839217,5.5,5.761339777711707,0.1584634973743266,0.8898264360861338,3.006330828489964,3.09603468911095,10.24529479204965,0.3172166689662859,2.3068647148627526e-06,4.724458936038917,1.0000000006526777
400.0,0.5418609907839217,6.0,6.229029624038713,0.1923604049701554,1.0590536132510582,5.736985147975667,3.09603468911095,11.176685227690529,0.3172166689662859,2.3068647148627526e-06,4.724458936038917,0.9999999971954336
400.0,0.5470044002605323,0.0,2.22874114380499,-0.25400036086716055,0.45173242452984047,3.1139940314595274,3.0669230875364404,0.0,0.3142339229033238,2.2851735733837583e-06,4.680035478289937,1.00000000028744
400.0,0.5470044002605323,0.5,2.244589175673786,-0.25092312708652176,0.4528955240695247,3.1144335459390726,3.0669230875364404,0.9402313053003988,0.3142339229033238,2.2851735733837583e-06,4.680035478289937,1.0000000026626854
400.0,0.5470044002605323,1.0,2.292899232107025,-0.24167502246871722,0.4564806213256525,3.1158183644383373,3.0669230875364404,1.8804626106007976,0.3142339229033238,2.2851735733837583e-06,4.680035478289937,0.9999999944998722
400.0,0.5470044002605323,1.5,2.376042558825994,-0.2262057760214355,0.4627916572631149,3.1183739699757593,3.0669230875364404,2.8206939159011966,0.3142339229033238,2.2851735733837583e-06,4.680035478289937,0.9999999972114697
400.0,0.5470044002605323,2.0,2.4982263914592835,-0.20442819936092868,0.4723941704367695,3.1225886011011963,3.0669230875364404,3.760925221201595,0.3142339229033238,2.2851735733837583e-06,4.680035478289937,1.000000002656537
400.0,0.5470044002605323,2.5,2.657351472466945,-0.17761099150634974,0.4862213526594904,3.129495711909499,3.0669230875364404,4.701156526501994,0.3142339229033238,2.2851735733837583e-06,4.680035478289937,0.9999999995774239
400.0,0.5470044002605323,3.0,2.8638033882988556,-0.14511679274378975,0.5057629594752118,3.1415258823426506,3.0669230875364404,5.641387831802393,0.3142339229033238,2.2851735733837583e-06,4.680035478289937,0.9999999975028726
400.0,0.5470044002605323,3.5,3.1276178545431073,-0.10684630761849853,0.5333959152063052,3.1658086843351216,3.0669230875364404,6.581619137102791,0.3142339229033238,2.2851735733837583e-06,4.680035478289937,0.9999999985435296
400.0,0.5470044002605323,4.0,3.700757218863675,-0.033769396361542005,0.5790363765562427,3.235615288090921,3.0669230875364404,7.52185044240319,0.3142339229033238,2.2851735733837583e-06,4.680035478289937,0.9999999997866088
400.0,0.5470044002605323,4.5,4.439199085123636,0.045244630974227956,0.6480366264538511,5.661013699053479,3.0669230875364404,8.46208174770359,0.3142339229033238,2.2851735733837583e-06,4.680035478289937,1.0000000012669312
400.0,0.5470044002605323,5.0,5.19427220684158,0.11346471384817937,0.7632515367199594,5.666752670064816,3.0669230875364404,9.402313053003988,0.3142339229033238,2.2851735733837583e-06,4.680035478289937,0.9999999990004369
400.0,0.5470044002605323,5.5,5.810018899193326,0.16211755376495435,0.9361576515568594,2.9622376060596602,3.0669230875364404,10.342544358304387,0.3142339229033238,2.2851735733837583e-06,4.680035478289937,1.000000002052823
400.0,0.5470044002605323,6.0,6.26846129276984,0.1951009571471094,1.1013005230002517,5.686082331450601,3.0669230875364404,11.282775663604786,0.3142339229033238,2.2851735733837583e-06,4.680035478289937,0.9999999999405199
450.0,0.5470044002605323,0.0,2.507333786780614,-0.20284783841977921,0.4015399329154138,3.503243285391968,3.4502884734784955,0.0,0.35351316326623927,2.570820270056728e-06,5.265039913076179,1.00000000028744
450.0,0.5470044002605323,0.5,2.521409117013611,-0.200416672487705,0.40235565244897326,3.5036329682877456,3.4502884734784955,0.9402313053003988,0.35351316326623927,2.570820270056728e-06,5.265039913076179,1.000000001651604
450.0,0.5470044002605323,1.0,2.564171342286129,-0.19311294921631308,0.40485569625308426,3.5048480109011155,3.4502884734784955,1.8804626106007976,0.35351316326623927,2.570820270056728e-06,5.265039913076179,1.0000000009748824
450.0,0.5470044002605323,1.5,2.637269484203518,-0.18090548173823576,0.4092057352610105,3.507040376188552,3.4502884734784955,2.8206939159011966,0.35351316326623927,2.570820270056728e-06,5.265039913076179,1.0000000027987181
450.0,0.5470044002605323,2.0,2.7435909734305675,-0.16374062599256425,0.4157071369203545,3.5105204399897803,3.4502884734784955,3.760925221201595,0.35351316326623927,2.570820270056728e-06,5.265039913076179,1.0000000008554213
450.0,0.5470044002605323,2.5,2.8844079311612965,-0.14200331027223,0.42484017277372765,3.5158845105431307,3.4502884734784955,4.701156526501994,0.35351316326623927,2.570820270056728e-06,5.265039913076179,0.9999999974016304
450.0,0.5470044002605323,3.0,3.0604791298919074,-0.11627056903619196,0.43733807680803805,3.5243337822491956,3.4502884734784955,5.641387831802393,0.35351316326623927,2.570820270056728e-06,5.265039913076179,1.0000000014150825
450.0,0.5470044002605323,3.5,3.281722606427161,-0.08595812259058021,0.45430873153706397,3.53859378306477,3.4502884734784955,6.581619137102791,0.35351316326623927,2.570820270056728e-06,5.265039913076179,0.9999999995848265
450.0,0.5470044002605323,4.0,3.5730549624663537,-0.049020294545545094,0.4778548973803446,3.5663184776282693,3.4502884734784955,7.52185044240319,0.35351316326623927,2.570820270056728e-06,5.265039913076179,1.0000000023526838
450.0,0.5470044002605323,4.5,4.163351871221635,0.01738312608583933,0.5146990013833269,3.6400671991022864,3.4502884734784955,8.46208174770359,0.35351316326623927,2.570820270056728e-06,5.265039913076179,0.9999999997866088
450.0,0.5470044002605323,5.0,4.896887260413368,0.08786011417198268,0.5673733023533837,6.368024065732629,3.4502884734784955,9.402313053003988,0.35351316326623927,2.570820270056728e-06,5.265039913076179,0.999999996292818
450.0,0.5470044002605323,5.5,5.661020719945854,0.15083475312414277,0.6498602036576784,6.373500093297081,3.4502884734784955,10.342544358304387,0.35351316326623927,2.570820270056728e-06,5.265039913076179,1.0000000020748954
450.0,0.5470044002605323,6.0,6.34358273293012,0.20027461697499274,0.7778459369409038,6.380621023896983,3.4502884734784955,11.282775663604786,0.35351316326623927,2.570820270056728e-06,5.265039913076179,0.9999999991418719
500.0,0.5470044002605323,0.0,2.7859264297562385,-0.15709034785910397,0.36138593962387233,3.8924925393244103,3.833653859420551,0.0,0.39279240362915485,2.856466966729698e-06,5.850044347862421,1.00000000028744
500.0,0.5470044002605323,0.5,2.7985866537490827,-0.15512123264464547,0.3619800052551881,3.892842615953594,3.833653859420551,0.9402313053003988,0.39279240362915485,2.856466966729698e-06,5.850044347862421,0.9999999953050496
500.0,0.5470044002605323,1.0,2.8369572366694356,-0.14920720189039854,0.3637932507740452,3.8939261205420954,3.833653859420551,1.8804626106007976,0.39279240362915485,2.856466966729698e-06,5.850044347862421,1.0000000020231932
500.0,0.5470044002605323,1.5,2.9022320084715414,-0.13932786373231337,0.366922361191926,3.8958505934579453,3.833653859420551,2.8206939159011966,0.39279240362915485,2.856466966729698e-06,5.850044347862421,0.9999999995490667
500.0,0.5470044002605323,2.0,2.9964814421386423,-0.1254483989673228,0.3715401309284989,3.8988271026399315,3.833653859420551,3.760925221201595,0.39279240362915485,2.856466966729698e-06,5.850044347862421,0.9999999974057465
500.0,0.5470044002605323,2.5,3.1227829893241053,-0.10751818635287215,0.3779153363494156,3.9032357513764966,3.833653859420551,4.701156526501994,0.39279240362915485,2.856466966729698e-06,5.850044347862421,1.000000002656537
500.0,0.5470044002605323,3.0,3.277600004545198,-0.08650403978062043,0.38644525284851383,3.9097693152458834,3.833653859420551,5.641387831802393,0.39279240362915485,2.856466966729698e-06,5.850044347862421,1.0000000023509454
500.0,0.5470044002605323,3.5,3.4686535409716766,-0.061899067893629735,0.397706868699383,3.919782568394526,3.833653859420551,6.581619137102791,0.39279240362915485,2.856466966729698e-06,5.850044347862421,1.0000000010327794
500.0,0.5470044002605323,4.0,3.7022816111490804,-0.03359054138526378,0.4125369585989011,3.936265253631176,3.833653859420551,7.52185044240319,0.39279240362915485,2.856466966729698e-06,5.850044347862421,1.000000002146345
500.0,0.5470044002605323,4.5,4.031503210431732,0.0034070186519413884,0.432932096152454,3.967283276637779,3.833653859420551,8.46208174770359,0.39279240362915485,2.856466966729698e-06,5.850044347862421,1.0000000005469885
500.0,0.5470044002605323,5.0,4.625946523579595,0.06314061664651449,0.4632291012449941,4.044519110113653,3.833653859420551,9.402313053003988,0.39279240362915485,2.856466966729698e-06,5.850044347862421,0.9999999997866088
500.0,0.5470044002605323,5.5,5.358037251900147,0.12694573739895598,0.5046127453855298,7.075048044099815,3.833653859420551,10.342544358304387,0.39279240362915485,2.856466966729698e-06,5.850044347862421,1.000000000524903
500.0,0.5470044002605323,6.0,6.128798562330903,0.18531535612860284,0.566117117219899,7.080328410962498,3.833653859420551,11.282775663604786,0.39279240362915485,2.856466966729698e-06,5.850044347862421,0.9999999982962122
550.0,0.5470044002605323,0.0,3.0645190727318616,-0.11569766270087903,0.32853267238533856,4.281741793256851,4.217019245362605,0.0,0.43207164399207026,3.1421136634026673e-06,6.435048782648662,1.00000000028744
550.0,0.5470044002605323,0.5,3.076023262797929,-0.11407037578160802,0.3289786831949643,4.2820596458390865,4.217019245362605,0.9402313053003988,0.43207164399207026,3.1421136634026673e-06,6.435048782648662,1.0000000027641482
550.0,0.5470044002605323,1.0,3.1108283739976206,-0.10918393980840964,0.3303358936615323,4.283037880267781,4.217019245362605,1.8804626106007976,0.43207164399207026,3.1421136634026673e-06,6.435048782648662,1.0000000006445806
550.0,0.5470044002605323,1.5,3.169826453948521,-0.10102450581548184,0.33266376914083146,4.284755839801538,4.217019245362605,2.8206939159011966,0.43207164399207026,3.1421136634026673e-06,6.435048782648662,0.999999995853581
550.0,0.5470044002605323,2.0,3.2545543744594982,-0.08956845954886236,0.3360673636353411,4.287364158347418,4.217019245362605,3.760925221201595,0.43207164399207026,3.1421136634026673e-06,6.435048782648662,0.9999999973642288
550.0,0.5470044002605323,2.5,3.367272828839117,-0.07478168537675124,0.3407070516607165,4.291121862102163,4.217019245362605,4.701156526501994,0.43207164399207026,3.1421136634026673e-06,6.435048782648662,0.9999999995112628
550.0,0.5470044002605323,3.0,3.508290879788322,-0.056964396870623796,0.3468142693820254,4.2964705805838035,4.217019245362605,5.641387831802393,0.43207164399207026,3.1421136634026673e-06,6.435048782648662,1.0000000021255002
550.0,0.5470044002605323,3.5,3.676768456919628,-0.036593710126045606,0.354715385365739,4.304192599122216,4.217019245362605,6.581619137102791,0.43207164399207026,3.1421136634026673e-06,6.435048782648662,0.9999999995027574
550.0,0.5470044002605323,4.0,3.8806769441986684,-0.013152500917645004,0.3648676279324172,4.315784484161389,4.217019245362605,7.52185044240319,0.43207164399207026,3.1421136634026673e-06,6.435048782648662,1.0000000009488788
550.0,0.5470044002605323,4.5,4.1248289400445435,0.013345951391884742,0.377913030789256,4.334467966315276,4.217019245362605,8.46208174770359,0.43207164399207026,3.1421136634026673e-06,6.435048782648662,0.9999999957677163
550.0,0.5470044002605323,5.0,4.490690903108397,0.050253172019284156,0.3957654150469967,4.368629179870767,4.217019245362605,9.402313053003988,0.43207164399207026,3.1421136634026673e-06,6.435048782648662,0.9999999994264418
550.0,0.5470044002605323,5.5,5.088541175937554,0.10453330180473949,0.42111736476817657,4.448971021125017,4.217019245362605,10.342544358304387,0.43207164399207026,3.1421136634026673e-06,6.435048782648662,0.9999999997866088
550.0,0.5470044002605323,6.0,5.819168392566654,0.16280093347231397,0.45438145533484026,7.782081143154505,4.217019245362605,11.282775663604786,0.43207164399207026,3.1421136634026673e-06,6.435048782648662,1.000000003875101
600.0,0.5470044002605323,0.0,3.343111715707485,-0.07790910181147927,0.3011549496865603,4.6709910471892915,4.60038463130466,0.0,0.47135088435498573,3.4277603600756373e-06,7.020053217434905,1.00000000028744
600.0,0.5470044002605323,0.5,3.3536537028225486,-0.07654177584795666,0.30149828460423905,4.671282084087017,4.60038463130466,0.9402313053003988,0.47135088435498573,3.4277603600756373e-06,7.020053217434905,0.9999999949720771
600.0,0.5470044002605323,1.0,3.3855045865147657,-0.07243658483335987,0.3025406938955016,4.6721742051280435,4.60038463130466,1.8804626106007976,0.47135088435498573,3.4277603600756373e-06,7.020053217434905,0.9999999967197417
600.0,0.5470044002605323,1.5,3.4393488481605377,-0.06558376341303594,0.3043204142171017,4.673727546657506,4.60038463130466,2.8206939159011966,0.47135088435498573,3.4277603600756373e-06,7.020053217434905,0.9999999944998722
600.0,0.5470044002605323,2.0,3.516359312271358,-0.05596674512993571,0.30690430144575787,4.676053834918069,4.60038463130466,3.760925221201595,0.47135088435498573,3.4277603600756373e-06,7.020053217434905,1.0000000027987181
600.0,0.5470044002605323,2.5,3.618247656087643,-0.04356170188562434,0.3103930870374916,4.679338676439367,4.60038463130466,4.701156526501994,0.47135088435498573,3.4277603600756373e-06,7.020053217434905,0.999999999714982
600.0,0.5470044002605323,3.0,3.7473395871889257,-0.028336940305247395,0.31492944695784636,4.683882901651795,4.60038463130466,5.641387831802393,0.47135088435498573,3.4277603600756373e-06,7.020053217434905,1.000000002656537
600.0,0.5470044002605323,3.5,3.899399531826813,-0.011062256119896047,0.32071013554874866,4.690185331951987,4.60038463130466,6.581619137102791,0.47135088435498573,3.4277603600756373e-06,7.020053217434905,1.0000000011650296
600.0,0.5470044002605323,4.0,4.080638839855877,0.008668167572108035,0.3280035576060286,4.699111709665595,4.60038463130466,7.52185044240319,0.47135088435498573,3.4277603600756373e-06,7.020053217434905,1.0000000014150825
600.0,0.5470044002605323,4.5,4.295705082448284,0.030974466311891515,0.33717530631680787,4.712288823513976,4.60038463130466,8.46208174770359,0.47135088435498573,3.4277603600756373e-06,7.020053217434905,0.9999999975028726
600.0,0.5470044002605323,5.0,4.54891189033981,0.05584753356314678,0.34872508443630507,4.733141140836749,4.60038463130466,9.402313053003988,0.47135088435498573,3.4277603600756373e-06,7.020053217434905,0.9999999982577508
600.0,0.5470044002605323,5.5,4.950436817041292,0.0925835306077654,0.36449845375920187,4.770298345155937,4.60038463130466,10.342544358304387,0.47135088435498573,3.4277603600756373e-06,7.020053217434905,1.000000000240298
600.0,0.5470044002605323,6.0,5.551135828295513,0.1423218626941393,0.3860242510374952,4.853422932136382,4.60038463130466,11.282775663604786,0.47135088435498573,3.4277603600756373e-06,7.020053217434905,0.9999999997866088
650.0,0.5470044002605323,0.0,3.621704358683109,-0.04314699555226735,0.2779891843260557,5.060240301121731,4.983750017246716,0.0,0.5106301247179011,3.7134070567486065e-06,7.605057652221146,1.00000000028744
650.0,0.5470044002605323,0.5,3.631432837822069,-0.0419819748925046,0.27825910026245676,5.060508728370981,4.983750017246716,0.9402313053003988,0.5106301247179011,3.7134070567486065e-06,7.605057652221146,1.0000000000525855
650.0,0.5470044002605323,1.0,3.6607951330758297,-0.03848456593296646,0.2790771794422909,5.0613289970486885,4.983750017246716,1.8804626106007976,0.5106301247179011,3.7134070567486065e-06,7.605057652221146,1.0000000044429187
650.0,0.5470044002605323,1.5,3.7103277788410627,-0.0326477134504102,0.2804688560921512,5.062747677370843,4.983750017246716,2.8206939159011966,0.5106301247179011,3.7134070567486065e-06,7.605057652221146,1.0000000065922379
650.0,0.5470044002605323,2.0,3.7809468545743963,-0.024459418415913498,0.28247842451136873,5.064850145507034,4.983750017246716,3.760925221201595,0.5106301247179011,3.7134070567486065e-06,7.605057652221146,0.9999999996243453
650.0,0.5470044002605323,2.5,3.873980548731318,-0.013902555533373788,0.2851717866006747,5.067774600909912,4.983750017246716,4.701156526501994,0.5106301247179011,3.7134070567486065e-06,7.605057652221146,0.999999996578512
650.0,0.5470044002605323,3.0,3.991219446925364,-0.0009543843235258471,0.2886410457408628,5.071736831564172,4.983750017246716,5.641387831802393,0.5106301247179011,3.7134070567486065e-06,7.605057652221146,1.000000000868756
650.0,0.5470044002605323,3.5,4.132443728938227,0.014146957212436384,0.2930109351334054,5.077076570968936,4.983750017246716,6.581619137102791,0.5106301247179011,3.7134070567486065e-06,7.605057652221146,0.9999999972787789
650.0,0.5470044002605323,4.0,4.295788671232459,0.03098291703041806,0.2984481104312145,5.084345621116555,4.983750017246716,7.52185044240319,0.5106301247179011,3.7134070567486065e-06,7.605057652221146,1.0000000010792818
650.0,0.5470044002605323,4.5,4.488279473332234,0.05001990013474576,0.30517425199355247,5.094488950534703,4.983750017246716,8.46208174770359,0.5106301247179011,3.7134070567486065e-06,7.605057652221146,1.0000000029270157
650.0,0.5470044002605323,5.0,4.713124725817833,0.07124894153960787,0.31348433610097787,5.109250752424151,4.983750017246716,9.402313053003988,0.5106301247179011,3.7134070567486065e-06,7.605057652221146,1.0000000015124235
650.0,0.5470044002605323,5.5,4.974205415205227,0.09466372463773559,0.3237726776944483,5.132234507026534,4.983750017246716,10.342544358304387,0.5106301247179011,3.7134070567486065e-06,7.605057652221146,1.0000000004099794
650.0,0.5470044002605323,6.0,5.410614177772027,0.13118657486507096,0.3378252970431227,5.172241858751394,4.983750017246716,11.282775663604786,0.5106301247179011,3.7134070567486065e-06,7.605057652221146,1.0000000025980922
700.0,0.5470044002605323,0.0,3.900297001658733,-0.010962312180866062,0.25813281401705174,5.449489555054173,5.367115403188771,0.0,0.5499093650808167,3.999053753421577e-06,8.190062087007389,1.00000000028744
700.0,0.5470044002605323,0.5,3.909328796724609,-0.009957792730435363,0.25834884695759447,5.449738692988594,5.367115403188771,0.9402313053003988,0.5499093650808167,3.999053753421577e-06,8.190062087007389,0.9999999974655437
700.0,0.5470044002605323,1.0,3.9365652788915138,-0.006942533713951462,0.25900268939873455,5.450497893516082,5.367115403188771,1.8804626106007976,0.5499093650808167,3.999053753421577e-06,8.190062087007389,1.0000000048523008
700.0,0.5470044002605323,1.5,3.9824354790467,-0.0019112429680322967,0.26011184870074305,5.451804292922097,5.367115403188771,2.8206939159011966,0.5499093650808167,3.999053753421577e-06,8.190062087007389,1.0000000022348972
700.0,0.5470044002605323,2.0,4.047668226599686,0.005144916342216841,0.2617065508164266,5.45372463334322,5.367115403188771,3.760925221201595,0.5499093650808167,3.999053753421577e-06,8.190062087007389,1.0000000017526014
700.0,0.5470044002605323,2.5,4.1333159907109875,0.0142386168998552,0.26383147937104945,5.456364638673836,5.367115403188771,4.701156526501994,0.5499093650808167,3.999053753421577e-06,8.190062087007389,1.000000004192967
700.0,0.5470044002605323,3.0,4.24078797845454,0.02538656877876432,0.2665483348538876,5.4598853108074135,5.367115403188771,5.641387831802393,0.5499093650808167,3.999053753421577e-06,8.190062087007389,1.000000002866908
700.0,0.5470044002605323,3.5,4.371896185053746,0.03860984932536575,0.26993952596386833,5.464530051927094,5.367115403188771,6.581619137102791,0.5499093650808167,3.999053753421577e-06,8.190062087007389,1.000000002656537
700.0,0.5470044002605323,4.0,4.522065656843914,0.05327687234214956,0.2741133355907379,5.470674980839296,5.367115403188771,7.52185044240319,0.5499093650808167,3.999053753421577e-06,8.190062087007389,1.0000000024654883
700.0,0.5470044002605323,4.5,4.696500403244977,0.0697143726334792,0.27921103703828776,5.478922707549685,5.367115403188771,8.46208174770359,0.5499093650808167,3.999053753421577e-06,8.190062087007389,1.000000000897404
700.0,0.5470044002605323,5.0,4.898991317073428,0.08804667838955642,0.2854166722159965,5.49029061824349,5.367115403188771,9.402313053003988,0.5499093650808167,3.999053753421577e-06,8.190062087007389,1.0000000001019094
700.0,0.5470044002605323,5.5,5.132479490020897,0.10826723122737125,0.29297054858377886,5.50663234312927,5.367115403188771,10.342544358304387,0.5499093650808167,3.999053753421577e-06,8.190062087007389,0.9999999972841812
700.0,0.5470044002605323,6.0,5.400470289488848,0.1303715898351068,0.3021875836607639,5.531703373017681,5.367115403188771,11.282775663604786,0.5499093650808167,3.999053753421577e-06,8.190062087007389,0.9999999983177019
450.0,0.550123849692049,0.0,2.493116077513558,-0.20531749194571897,0.40382982951380975,3.483378321745695,3.430723787411557,0.0,0.35150858477577424,2.5562425639011974e-06,5.235184770869652,1.00000000028744
450.0,0.550123849692049,0.5,2.507434643207519,-0.2028303694617259,0.4046691855519237,3.4837747874822638,3.430723787411557,0.9455932439053104,0.35150858477577424,2.5562425639011974e-06,5.235184770869652,0.9999999999564586
450.0,0.550123849692049,1.0,2.550948466339946,-0.19535830614438082,0.40724289684757065,3.4850121292508875,3.430723787411557,1.8911864878106208,0.35150858477577424,2.5562425639011974e-06,5.235184770869652,1.0000000020726878
450.0,0.550123849692049,1.5,2.6253750075083615,-0.18286864470625042,0.4117256905914655,3.487249022385058,3.430723787411557,2.836779731715932,0.35150858477577424,2.5562425639011974e-06,5.235184770869652,1.0000000054500038
450.0,0.550123849692049,2.0,2.733724940805916,-0.16530517630452493,0.41843576276867783,3.4908111912678073,3.430723787411557,3.7823729756212416,0.35150858477577424,2.5562425639011974e-06,5.235184770869652,1.0000000051665603
450.0,0.550123849692049,2.5,2.8769660784653106,-0.1431252500570952,0.4278820255525453,3.4963295383488466,3.430723787411557,4.727966219526552,0.35150858477577424,2.5562425639011974e-06,5.235184770869652,1.0000000005797343
450.0,0.550123849692049,3.0,3.0567083969428195,-0.11680598133563488,0.4408442073649278,3.5050912889557395,3.430723787411557,5.673559463431864,0.35150858477577424,2.5562425639011974e-06,5.235184770869652,0.9999999969146532
450.0,0.550123849692049,3.5,3.2828918634251893,-0.0858034137741303,0.4585061373077319,3.5200752522618766,3.430723787411557,6.619152707337173,0.35150858477577424,2.5562425639011974e-06,5.235184770869652,1.0000000008587555
450.0,0.550123849692049,4.0,3.6030758856555893,-0.04538658227938251,0.48350318705279716,3.5499356180686528,3.430723787411557,7.564745951242483,0.35150858477577424,2.5562425639011974e-06,5.235184770869652,1.0000000019995974
450.0,0.550123849692049,4.5,4.204959615519394,0.021701837856788433,0.5221711748258265,3.6344073767206972,3.430723787411557,8.510339195147795,0.35150858477577424,2.5562425639011974e-06,5.235184770869652,1.00000000115665
450.0,0.550123849692049,5.0,4.957176641660141,0.09317440329464934,0.5785646474180051,6.332474638993472,3.430723787411557,9.455932439053104,0.35150858477577424,2.5562425639011974e-06,5.235184770869652,1.0000000011682904
450.0,0.550123849692049,5.5,5.721373451102998,0.1554403050585654,0.6678333186967784,6.338145340968903,3.430723787411557,10.401525682958415,0.35150858477577424,2.5562425639011974e-06,5.235184770869652,1.000000000546213
450.0,0.550123849692049,6.0,6.381063738387399,0.20283309134358796,0.8021219822120834,3.3317101500085786,3.430723787411557,11.347118926863727,0.35150858477577424,2.5562425639011974e-06,5.235184770869652,0.9999999995456461
550.0,0.5502624373878341,0.0,3.046374427126609,-0.11827671030517854,0.33048946038129123,4.256390119611502,4.192050786070419,0.0,0.4295134002121331,3.1235095896407637e-06,6.396947639584284,1.00000000028744
550.0,0.5502624373878341,0.5,3.058086046462328,-0.11661029018036222,0.3309489246426062,4.256713743659597,4.192050786070419,0.9458314586071384,0.4295134002121331,3.1235095896407637e-06,6.396947639584284,0.9999999997069787
550.0,0.5502624373878341,1.0,3.0935256827104545,-0.11160626540765295,0.33234766022236595,4.257710399892837,4.192050786070419,1.8916629172142767,0.4295134002121331,3.1235095896407637e-06,6.396947639584284,1.0000000059716971
550.0,0.5502624373878341,1.5,3.1536241137086383,-0.10325006361298959,0.3347483938436208,4.259462821560598,4.192050786070419,2.8374943758214153,0.4295134002121331,3.1235095896407637e-06,6.396947639584284,1.000000001056297
550.0,0.5502624373878341,2.0,3.239985483975145,-0.0915169268755527,0.33826225651550906,4.262129167430986,4.192050786070419,3.7833258344285534,0.4295134002121331,3.1235095896407637e-06,6.396947639584284,0.9999999970863368
550.0,0.5502624373878341,2.5,3.3549725523837037,-0.07637101984741052,0.3430591897719717,4.265982306009616,4.192050786070419,4.7291572930356915,0.4295134002121331,3.1235095896407637e-06,6.396947639584284,0.9999999985203438
550.0,0.5502624373878341,3.0,3.4984391521339773,-0.05818566663768746,0.34938506257687063,4.271491082195171,4.192050786070419,5.674988751642831,0.4295134002121331,3.1235095896407637e-06,6.396947639584284,0.9999999995092315
550.0,0.5502624373878341,3.5,3.6705426283485174,-0.03732971915287713,0.3575879555000211,4.279495586787366,4.192050786070419,6.620820210249968,0.4295134002121331,3.1235095896407637e-06,6.396947639584284,0.9999999986151384
550.0,0.5502624373878341,4.0,3.879084666415014,-0.013330732543693408,0.3681572978909442,4.29162684066144,4.192050786070419,7.566651668857107,0.4295134002121331,3.1235095896407637e-06,6.396947639584284,0.9999999988725109
550.0,0.5502624373878341,4.5,4.1291241568380554,0.01379795035492379,0.38178341877174776,4.3114777465502465,4.192050786070419,8.512483127464245,0.4295134002121331,3.1235095896407637e-06,6.396947639584284,0.9999999991876095
550.0,0.5502624373878341,5.0,4.531531660903632,0.05418502734011534,0.4008312723923196,4.348760646240747,4.192050786070419,9.458314586071383,0.4295134002121331,3.1235095896407637e-06,6.396947639584284,1.0000000014960317
550.0,0.5502624373878341,5.5,5.141677830980259,0.1090448696582101,0.4275069179882491,4.441826405663819,4.192050786070419,10.404146044678523,0.4295134002121331,3.1235095896407637e-06,6.396947639584284,0.9999999993708591
550.0,0.5502624373878341,6.0,5.891135194024483,0.16813899802577123,0.46340665269268133,7.736678893868966,4.192050786070419,11.349977503285661,0.4295134002121331,3.1235095896407637e-06,6.396947639584284,1.000000001072438
500.0,0.5522680508593631,0.0,2.7593738466447095,-0.16124944759544335,0.3648634423946074,3.8553933070699316,3.797115416898936,0.0,0.3890487107478418,2.829242063828704e-06,5.794287746721186,1.00000000028744
500.0,0.5522680508593631,0.5,2.7724044123917717,-0.15920340995543344,0.3654867467568563,3.8557537329408595,3.797115416898936,0.9492788542247342,0.3890487107478418,2.829242063828704e-06,5.794287746721186,0.9999999991905593
500.0,0.5522680508593631,1.0,2.8119131576150616,-0.15305808740939394,0.36739055560460965,3.8568705302009274,3.797115416898936,1.8985577084494685,0.3890487107478418,2.829242063828704e-06,5.794287746721186,0.9999999982627981
500.0,0.5522680508593631,1.5,2.879178018906034,-0.14279147329308814,0.3706804262982181,3.8588591784323287,3.797115416898936,2.8478365626742024,0.3890487107478418,2.829242063828704e-06,5.794287746721186,0.9999999980101957
500.0,0.5522680508593631,2.0,2.9764192878993936,-0.1283658811225953,0.37554567470191813,3.861948320162457,3.797115416898936,3.797115416898937,0.3890487107478418,2.829242063828704e-06,5.794287746721186,1.0000000056851732
500.0,0.5522680508593631,2.5,3.1069447259412026,-0.10972646431446173,0.38228187907590017,3.8665532685339428,3.797115416898936,4.7463942711236715,0.3890487107478418,2.829242063828704e-06,5.794287746721186,1.000000004529754
500.0,0.5522680508593631,3.0,3.266338588575001,-0.08799878963887361,0.3913283134193946,3.873443086234633,3.797115416898936,5.695673125348405,0.3890487107478418,2.829242063828704e-06,5.794287746721186,1.0000000019519713
500.0,0.5522680508593631,3.5,3.4643156554385026,-0.06244253489677305,0.4033272086815948,3.8841593236833836,3.797115416898936,6.64495197957314,0.3890487107478418,2.829242063828704e-06,5.794287746721186,0.9999999997698662
500.0,0.5522680508593631,4.0,3.7069751245337783,-0.033040319599440586,0.4192171926968889,3.9022235730672925,3.797115416898936,7.594230833797874,0.3890487107478418,2.829242063828704e-06,5.794287746721186,1.00000000225397
500.0,0.5522680508593631,4.5,4.09020579667248,0.0096851685401987,0.44181152439412286,3.9377380316900634,3.797115416898936,8.543509688022606,0.3890487107478418,2.829242063828704e-06,5.794287746721186,0.999999998503826
500.0,0.5522680508593631,5.0,4.710121816023568,0.0709721479331459,0.47469882006972025,4.035891680209182,3.797115416898936,9.492788542247343,0.3890487107478418,2.829242063828704e-06,5.794287746721186,1.000000001022848
500.0,0.5522680508593631,5.5,5.465967197709182,0.13560702975413835,0.5212760869828755,7.008639335773191,3.797115416898936,10.442067396472078,0.3890487107478418,2.829242063828704e-06,5.794287746721186,1.0000000016235995
500.0,0.5522680508593631,6.0,6.237354383611981,0.19294042844464848,0.5913970051917005,7.0142318698227974,3.797115416898936,11.39134625069681,0.3890487107478418,2.829242063828704e-06,5.794287746721186,1.00000000065351
700.0,0.5602187072920719,0.0,3.808297713839089,-0.021329099298421875,0.2643686802325922,5.320948277855961,5.240517148099681,0.0,0.5369382323872623,3.904725014581742e-06,7.996876829863407,1.00000000028744
700.0,0.5602187072920719,0.5,3.8180012569115678,-0.02022392429764069,0.26461215628301404,5.321216029837727,5.240517148099681,0.9629450259633168,0.5369382323872623,3.904725014581742e-06,7.996876829863407,0.9999999965582097
700.0,0.5602187072920719,1.0,3.847278829852117,-0.016906328577702325,0.2653496968185628,5.322033215643193,5.240517148099681,1.9258900519266335,0.5369382323872623,3.904725014581742e-06,7.996876829863407,0.9999999989817706
700.0,0.5602187072920719,1.5,3.8966381469781037,-0.011369913497083701,0.2666030572910123,5.323443960043805,5.240517148099681,2.8888350778899503,0.5369382323872623,3.904725014581742e-06,7.996876829863407,1.0000000020726878
700.0,0.5602187072920719,2.0,3.96694378353861,-0.0036039452959506775,0.2684099839058665,5.325528351594577,5.240517148099681,3.851780103853267,0.5369382323872623,3.904725014581742e-06,7.996876829863407,1.0000000077829772
700.0,0.5602187072920719,2.5,4.059447861146803,0.006406976445335176,0.27082648927096853,5.328414775940512,5.240517148099681,4.814725129816584,0.5369382323872623,3.904725014581742e-06,7.996876829863407,0.9999999985252753
700.0,0.5602187072920719,3.0,4.17583382347726,0.018683216342772146,0.2739305080520073,5.332302173594564,5.240517148099681,5.777670155779901,0.5369382323872623,3.904725014581742e-06,7.996876829863407,1.0000000051665603
700.0,0.5602187072920719,3.5,4.317137230061307,0.03313586258916541,0.2778270644712493,5.337499018008076,5.240517148099681,6.740615181743218,0.5369382323872623,3.904725014581742e-06,7.996876829863407,0.9999999986718434
700.0,0.5602187072920719,4.0,4.478928611971079,0.049114149108663546,0.28265560909403165,5.344496648073655,5.240517148099681,7.703560207706534,0.5369382323872623,3.904725014581742e-06,7.996876829863407,1.0000000024344822
700.0,0.5602187072920719,4.5,4.66919920213253,0.06718241131166225,0.28860027856179865,5.354115383123335,5.240517148099681,8.66650523366985,0.5369382323872623,3.904725014581742e-06,7.996876829863407,0.9999999969146532
700.0,0.5602187072920719,5.0,4.890935195265197,0.08733191714345667,0.29590418145171515,5.367817941629528,5.240517148099681,9.629450259633169,0.5369382323872623,3.904725014581742e-06,7.996876829863407,0.9999999960327765
700.0,0.5602187072920719,5.5,5.147734332199948,0.1095561341155783,0.3048894751861073,5.388481483499774,5.240517148099681,10.592395285596483,0.5369382323872623,3.904725014581742e-06,7.996876829863407,1.0000000001932812
700.0,0.5602187072920719,6.0,5.503789326895596,0.1386018103679146,0.31652713620311945,5.422616227339814,5.240517148099681,11.555340311559801,0.5369382323872623,3.904725014581742e-06,7.996876829863407,1.0000000019995974
400.0,0.570379990298865,0.0,2.137401790803052,-0.2721738224036215,0.47103667867807447,2.986374814272277,2.9412329546554026,0.0,0.30135583551797157,2.191521479119615e-06,4.488235989236971,1.00000000028744
400.0,0.570379990298865,0.5,2.1553826930019357,-0.26853560003148547,0.47247221035320286,2.9868742304406553,2.9412329546554026,0.9804109848851341,0.30135583551797157,2.191521479119615e-06,4.488235989236971,0.9999999954468122
400.0,0.570379990298865,1.0,2.210355024472682,-0.25759795620111037,0.4769192382043172,2.988462208484329,2.9412329546554026,1.9608219697702682,0.30135583551797157,2.191521479119615e-06,4.488235989236971,0.9999999961257368
400.0,0.570379990298865,1.5,2.305524466672978,-0.23929025593077347,0.48482738128691893,2.991452305580581,2.9412329546554026,2.9412329546554026,0.30135583551797157,2.191521479119615e-06,4.488235989236971,1.0000000056851732
400.0,0.570379990298865,2.0,2.444812946635456,-0.213814354597022,0.49705075483090355,2.996559732173537,2.9412329546554026,3.9216439395405365,0.30135583551797157,2.191521479119615e-06,4.488235989236971,0.9999999969588121
400.0,0.570379990298865,2.5,2.628731082715553,-0.18231383095999834,0.5150409455021288,3.0054428192469937,2.9412329546554026,4.902054924425671,0.30135583551797157,2.191521479119615e-06,4.488235989236971,1.0000000015237747
400.0,0.570379990298865,3.0,2.871410584424898,-0.14396469440761875,0.541207068586292,3.022649382333525,2.9412329546554026,5.882465909310805,0.30135583551797157,2.191521479119615e-06,4.488235989236971,1.00000000225397
400.0,0.570379990298865,3.5,3.320116040005944,-0.08090672851140367,0.5831617509817324,3.066163912892114,2.9412329546554026,6.862876894195939,0.30135583551797157,2.191521479119615e-06,4.488235989236971,1.0000000028232914
400.0,0.570379990298865,4.0,4.037964439204296,0.004102498632468809,0.6491302927135689,5.427617673853268,2.9412329546554026,7.843287879081073,0.30135583551797157,2.191521479119615e-06,4.488235989236971,1.0000000000188285
400.0,0.570379990298865,4.5,4.831433930424606,0.08201605363647031,0.7634902507014657,5.433200643652201,2.9412329546554026,8.823698863966207,0.30135583551797157,2.191521479119615e-06,4.488235989236971,1.00000000065351
400.0,0.570379990298865,5.0,5.511431470601623,0.13920442041721962,0.9518046488751154,2.8508480550036666,2.9412329546554026,9.804109848851342,0.30135583551797157,2.191521479119615e-06,4.488235989236971,1.0000000019467234
400.0,0.570379990298865,5.5,5.995089751473011,0.17573569790468643,1.142484282055926,5.4525134295701045,2.9412329546554026,10.784520833736476,0.30135583551797157,2.191521479119615e-06,4.488235989236971,1.0000000003259841
400.0,0.570379990298865,6.0,6.483959004556618,0.20978026898930335,1.298410983640909,5.472377707014271,2.9412329546554026,11.76493181862161,0.30135583551797157,2.191521479119615e-06,4.488235989236971,1.0000000026264786
450.0,0.5747303715656585,0.0,2.3863757374691192,-0.2243211664687785,0.42189275759575,3.3342408668473325,3.2838406851887068,0.0,0.3364590865972036,2.4467995247391358e-06,5.01104542666575,1.00000000028744
450.0,0.5747303715656585,0.5,2.402712982826366,-0.22135809627083056,0.422938478300561,3.334693817282857,3.2838406851887068,0.9878887394609356,0.3364590865972036,2.4467995247391358e-06,5.01104542666575,0.9999999960507798
450.0,0.5747303715656585,1.0,2.4524846473872115,-0.21245369396135297,0.4261585339614941,3.3361183229793765,3.2838406851887068,1.9757774789218712,0.3364590865972036,2.4467995247391358e-06,5.01104542666575,0.9999999998317264
450.0,0.5747303715656585,1.5,2.538040852713963,-0.1975613830391526,0.43181527189170177,3.338736546810584,3.2838406851887068,2.9636662183828073,0.3364590865972036,2.4467995247391358e-06,5.01104542666575,0.9999999970863368
450.0,0.5747303715656585,2.0,2.6635413936130665,-0.17660054086299853,0.44039492778549133,3.343024715753746,3.2838406851887068,3.9515549578437423,0.3364590865972036,2.4467995247391358e-06,5.01104542666575,0.9999999970125691
450.0,0.5747303715656585,2.5,2.8273775254625457,-0.1506761898145717,0.4526949583435888,3.3499730227943925,3.2838406851887068,4.939443697304678,0.3364590865972036,2.4467995247391358e-06,5.01104542666575,1.0000000029490355
450.0,0.5747303715656585,3.0,3.038678846924472,-0.11937518870729331,0.46997836922548697,3.3618435329650542,3.2838406851887068,5.927332436765615,0.3364590865972036,2.4467995247391358e-06,5.01104542666575,0.9999999988725109
450.0,0.5747303715656585,3.5,3.307885539764116,-0.08250951774759267,0.4942412167917897,3.3849459558713493,3.2838406851887068,6.915221176226548,0.3364590865972036,2.4467995247391358e-06,5.01104542666575,0.9999999998676542
450.0,0.5747303715656585,4.0,3.8622394145756225,-0.015220799770049968,0.5333665873319503,3.445564196974378,3.2838406851887068,7.903109915687485,0.3364590865972036,2.4467995247391358e-06,5.01104542666575,0.9999999990459424
450.0,0.5747303715656585,4.5,4.61481752472254,0.062094541862171386,0.5915707882701328,6.060523170269841,3.2838406851887068,8.89099865514842,0.3364590865972036,2.4467995247391358e-06,5.01104542666575,1.000000001072438
450.0,0.5747303715656585,5.0,5.415894699018012,0.1316102204643411,0.6874254031018298,6.066264701917124,3.2838406851887068,9.878887394609356,0.3364590865972036,2.4467995247391358e-06,5.01104542666575,1.0000000024816942
450.0,0.5747303715656585,5.5,6.1108236383096175,0.18403975859801733,0.8389364093807508,3.1886953729731378,3.2838406851887068,10.86677613407029,0.3364590865972036,2.4467995247391358e-06,5.01104542666575,1.0000000006526777
450.0,0.5747303715656585,6.0,6.606883631054497,0.2179366661938461,0.9984853220932511,6.084991652550155,3.2838406851887068,11.85466487353123,0.3364590865972036,2.4467995247391358e-06,5.01104542666575,0.9999999971954336
600.0,0.5747303715656585,0.0,3.181834316625492,-0.0993824298604786,0.31641956819681244,4.445654489129776,4.378454246918275,0.0,0.44861211546293805,3.2623993663188477e-06,6.681393902221,1.00000000028744
600.0,0.5747303715656585,0.5,3.194066704073937,-0.09771600973566223,0.31685947173564066,4.445992503423997,4.378454246918275,0.9878887394609356,0.44861211546293805,3.2623993663188477e-06,6.681393902221,0.9999999997069787
600.0,0.5747303715656585,1.0,3.2310821969099153,-0.09271198496295296,0.3181986590962859,4.447033476909253,4.378454246918275,1.9757774789218712,0.44861211546293805,3.2623993663188477e-06,6.681393902221,1.0000000059716971
600.0,0.5747303715656585,1.5,3.2938529608785903,-0.08435578316828954,0.3204971865437774,4.448863821646272,4.378454246918275,2.9636662183828073,0.44861211546293805,3.2623993663188477e-06,6.681393902221,1.000000001056297
600.0,0.5747303715656585,2.0,3.384054470285284,-0.07262264643085267,0.3238614539187763,4.451648729080778,4.378454246918275,3.9515549578437423,0.44861211546293805,3.2623993663188477e-06,6.681393902221,0.9999999970863368
600.0,0.5747303715656585,2.5,3.5041545462879595,-0.057476739402710544,0.3284541678526115,4.45567320107182,4.378454246918275,4.939443697304678,0.44861211546293805,3.2623993663188477e-06,6.681393902221,0.9999999985203438
600.0,0.5747303715656585,3.0,3.6540005226427312,-0.03929138619298748,0.33451072995624037,4.461426930145215,4.378454246918275,5.927332436765615,0.44861211546293805,3.2623993663188477e-06,6.681393902221,0.9999999995092315
600.0,0.5747303715656585,3.5,3.8337567409702578,-0.0184354387081771,0.3423644020028872,4.469787362524191,4.378454246918275,6.915221176226548,0.44861211546293805,3.2623993663188477e-06,6.681393902221,0.9999999986151384
600.0,0.5747303715656585,4.0,4.051571795899296,0.005563547901006641,0.35248377691911525,4.482458043953406,4.378454246918275,7.903109915687485,0.44861211546293805,3.2623993663188477e-06,6.681393902221,0.9999999988725109
600.0,0.5747303715656585,4.5,4.312729526234496,0.032692230799623724,0.36552979442396116,4.503191638947729,4.378454246918275,8.89099865514842,0.44861211546293805,3.2623993663188477e-06,6.681393902221,0.9999999991876095
600.0,0.5747303715656585,5.0,4.733030456514808,0.07307930778481536,0.3837667258248713,4.542132357659851,4.378454246918275,9.878887394609356,0.44861211546293805,3.2623993663188477e-06,6.681393902221,1.0000000014960317
600.0,0.5747303715656585,5.5,5.370307346978523,0.12793915010291007,0.4093067120353152,4.639336373160483,4.378454246918275,10.86677613407029,0.44861211546293805,3.2623993663188477e-06,6.681393902221,0.9999999993708591
600.0,0.5747303715656585,6.0,6.153090032963385,0.18703327847047124,0.4436780912025996,8.080697560359788,4.378454246918275,11.85466487353123,0.44861211546293805,3.2623993663188477e-06,6.681393902221,1.000000001072438
550.0,0.5792236183029833,0.0,2.894055705770278,-0.14055310501633084,0.3478836425066224,4.043570613630926,3.982448246766898,0.0,0.4080377302015264,2.9673341101587253e-06,6.0771002576050694,1.00000000028744
550.0,0.5792236183029833,0.5,2.90772227842246,-0.13850706737632093,0.34847793989774034,4.043948631473465,3.982448246766898,0.9956120616917247,0.4080377302015264,2.9673341101587253e-06,6.0771002576050694,0.9999999991905593
550.0,0.5792236183029833,1.0,2.9491593999927463,-0.13236174483028146,0.3502931504111479,4.045119938321436,3.982448246766898,1.9912241233834493,0.4080377302015264,2.9673341101587253e-06,6.0771002576050694,0.9999999982627981
550.0,0.5792236183029833,1.5,3.0197073816856563,-0.12209513071397562,0.35342991904095905,4.047205650182428,3.982448246766898,2.986836185075174,0.4080377302015264,2.9673341101587253e-06,6.0771002576050694,0.9999999980101957
550.0,0.5792236183029833,2.0,3.1216948850131856,-0.1076695385434828,0.35806875138127386,4.050445569362238,3.982448246766898,3.9824482467668987,0.4080377302015264,2.9673341101587253e-06,6.0771002576050694,1.0000000056851732
550.0,0.5792236183029833,2.5,3.2585911193427197,-0.08903012173534924,0.3644914702453782,4.055275279959619,3.982448246766898,4.978060308458623,0.4080377302015264,2.9673341101587253e-06,6.0771002576050694,1.000000004529754
550.0,0.5792236183029833,3.0,3.425764812817065,-0.06730244705976116,0.3731169069579667,4.062501381726382,3.982448246766898,5.973672370150348,0.4080377302015264,2.9673341101587253e-06,6.0771002576050694,1.0000000019519713
550.0,0.5792236183029833,3.5,3.633404912278279,-0.041746192317660566,0.38455740470275074,4.073740666381724,3.982448246766898,6.969284431842073,0.4080377302015264,2.9673341101587253e-06,6.0771002576050694,0.9999999997698662
550.0,0.5792236183029833,4.0,3.887908310557676,-0.012343977020328087,0.39970791000504413,4.0926866109711195,3.982448246766898,7.964896493533797,0.4080377302015264,2.9673341101587253e-06,6.0771002576050694,1.00000000225397
550.0,0.5792236183029833,4.5,4.289844030386941,0.03038151111931127,0.4212507600073626,4.129934489412655,3.982448246766898,8.960508555225521,0.4080377302015264,2.9673341101587253e-06,6.0771002576050694,0.999999998503826
550.0,0.5792236183029833,5.0,4.94001743660478,0.09166849051225835,0.4526075660955031,4.23287890445969,3.982448246766898,9.956120616917246,0.4080377302015264,2.9673341101587253e-06,6.0771002576050694,1.000000001022848
550.0,0.5792236183029833,5.5,5.732754760765197,0.15630337233325078,0.4970172476065032,7.3507229489922965,3.982448246766898,10.951732678608973,0.4080377302015264,2.9673341101587253e-06,6.0771002576050694,1.0000000016235995
550.0,0.5792236183029833,6.0,6.541792466705127,0.21363677102376097,0.5638749198421678,7.356588448187217,3.982448246766898,11.947344740300696,0.4080377302015264,2.9673341101587253e-06,6.0771002576050694,1.00000000065351
500.0,0.5798814534023313,0.0,2.6279750920425804,-0.18243874666538143,0.3831066145143378,3.671803149590411,3.616300397046605,0.0,0.3705225816646112,2.694516251265432e-06,5.518369282591605,1.00000000028744
500.0,0.5798814534023313,0.5,2.6430681855158027,-0.17995162418138835,0.3839028975688144,3.6722210611710016,3.616300397046605,0.996742796935971,0.3705225816646112,2.694516251265432e-06,5.518369282591605,0.9999999999564586
500.0,0.5798814534023313,1.0,2.6889357824492004,-0.17247956086404323,0.3863445344889986,3.673525333915306,3.616300397046605,1.993485593871942,0.3705225816646112,2.694516251265432e-06,5.518369282591605,1.0000000020726878
500.0,0.5798814534023313,1.5,2.767388245269361,-0.15998989942591288,0.390597286042437,3.675883226310763,3.616300397046605,2.9902283908079133,0.3705225816646112,2.694516251265432e-06,5.518369282591605,1.0000000054500038
500.0,0.5798814534023313,2.0,2.8815991031185573,-0.14242643102418742,0.39696301944567175,3.6796380820039847,3.616300397046605,3.986971187743884,0.3705225816646112,2.694516251265432e-06,5.518369282591605,1.0000000051665603
500.0,0.5798814534023313,2.5,3.03258851966436,-0.12024650477675765,0.4059245311777229,3.6854549305691267,3.616300397046605,4.983713984679855,0.3705225816646112,2.694516251265432e-06,5.518369282591605,1.0000000005797343
500.0,0.5798814534023313,3.0,3.2220535591004587,-0.09392723605529736,0.41822153656942435,3.694690626638508,3.616300397046605,5.9804567816158265,0.3705225816646112,2.694516251265432e-06,5.518369282591605,0.9999999969146532
500.0,0.5798814534023313,3.5,3.460471866819339,-0.06292466849379279,0.4349771145175009,3.710485110779768,3.616300397046605,6.977199578551797,0.3705225816646112,2.694516251265432e-06,5.518369282591605,1.0000000008587555
500.0,0.5798814534023313,4.0,3.7979754603666893,-0.022507836999044958,0.45869139811118215,3.741960700018176,3.616300397046605,7.973942375487768,0.3705225816646112,2.694516251265432e-06,5.518369282591605,1.0000000019995974
500.0,0.5798814534023313,4.5,4.432416618022399,0.044580583137126005,0.49537507228067656,3.8310017517850077,3.616300397046605,8.970685172423739,0.3705225816646112,2.694516251265432e-06,5.518369282591605,1.00000000115665
500.0,0.5798814534023313,5.0,5.225322983810124,0.11605314857498686,0.5488746178479459,6.675014361490625,3.616300397046605,9.96742796935971,0.3705225816646112,2.694516251265432e-06,5.518369282591605,1.0000000011682904
500.0,0.5798814534023313,5.5,6.030857149967824,0.1783190503389029,0.6335623153292796,6.680991806215418,3.616300397046605,10.964170766295682,0.3705225816646112,2.694516251265432e-06,5.518369282591605,1.000000000546213
500.0,0.5798814534023313,6.0,6.726231769337665,0.22571183662392547,0.7609597275237749,3.5119308591761227,3.616300397046605,11.960913563231653,0.3705225816646112,2.694516251265432e-06,5.518369282591605,0.9999999995456461
650.0,0.5981983366743842,0.0,3.3117581564269214,-0.08200137673087271,0.3040060876989507,4.627183897697716,4.557239668013932,0.0,0.4669302938538864,3.3956129187729004e-06,6.9542152576469,1.00000000028744
650.0,0.5981983366743842,0.5,3.3244900289487833,-0.08033495660605634,0.30442873334810006,4.627535714129523,4.557239668013932,1.0282272000956432,0.4669302938538864,3.3956129187729004e-06,6.9542152576469,0.9999999997069787
650.0,0.5981983366743842,1.0,3.3630169753938524,-0.07533093183334712,0.30571538294605544,4.628619193684824,4.557239668013932,2.0564544001912863,0.4669302938538864,3.3956129187729004e-06,6.9542152576469,1.0000000059716971
650.0,0.5981983366743842,1.5,3.4283508579509046,-0.0669747300386837,0.3079237366858782,4.630524276888002,4.557239668013932,3.0846816002869297,0.4669302938538864,3.3956129187729004e-06,6.9542152576469,1.000000001056297
650.0,0.5981983366743842,2.0,3.522235565567124,-0.05524159330124681,0.31115602022786976,4.633422900447037,4.557239668013932,4.112908800382573,0.4669302938538864,3.3956129187729004e-06,6.9542152576469,0.9999999970863368
650.0,0.5981983366743842,2.5,3.647239687941158,-0.04009568627310468,0.31556855704694936,4.637611703701815,4.557239668013932,5.141136000478216,0.4669302938538864,3.3956129187729004e-06,6.9542152576469,0.9999999985203438
650.0,0.5981983366743842,3.0,3.803204325008425,-0.021910333063381637,0.321387513695309,4.643600374792928,4.557239668013932,6.1693632005738595,0.4669302938538864,3.3956129187729004e-06,6.9542152576469,0.9999999995092315
650.0,0.5981983366743842,3.5,3.9903005289509363,-0.0010543855785712735,0.32893307772783015,4.652302188705004,4.557239668013932,7.197590400669502,0.4669302938538864,3.3956129187729004e-06,6.9542152576469,0.9999999986151384
650.0,0.5981983366743842,4.0,4.217009625959749,0.0229446010306124,0.3386554586658127,4.665490252065634,4.557239668013932,8.225817600765145,0.4669302938538864,3.3956129187729004e-06,6.9542152576469,0.9999999988725109
650.0,0.5981983366743842,4.5,4.488831209828016,0.0500732839292296,0.3511896668511717,4.687070461938826,4.557239668013932,9.25404480086079,0.4669302938538864,3.3956129187729004e-06,6.9542152576469,0.9999999991876095
650.0,0.5981983366743842,5.0,4.92629428788227,0.09046036091442121,0.36871114378895825,4.727601247007726,4.557239668013932,10.282272000956432,0.4669302938538864,3.3956129187729004e-06,6.9542152576469,1.0000000014960317
650.0,0.5981983366743842,5.5,5.589593105444179,0.1453202032325159,0.3932491688294729,4.828774394047349,4.557239668013932,11.310499201052075,0.4669302938538864,3.3956129187729004e-06,6.9542152576469,0.9999999993708591
650.0,0.5981983366743842,6.0,6.40433915663691,0.20441433160007708,0.4262721217682241,8.410656681684946,4.557239668013932,12.338726401147719,0.4669302938538864,3.3956129187729004e-06,6.9542152576469,1.000000001072438
400.0,0.5988989898138083,0.0,2.0356207531457633,-0.29336312147355964,0.4945885126119782,2.8441664897831203,2.8011742425289543,0.0,0.28700555763616337,2.087163313447252e-06,4.274510465939972,1.00000000028744
400.0,0.5988989898138083,0.5,2.0564570360993115,-0.2889403507528401,0.4964238265897006,2.8447464134239473,2.8011742425289543,1.029431534129391,0.28700555763616337,2.087163313447252e-06,4.274510465939972,0.9999999989817706
400.0,0.5988989898138083,1.0,2.1204206443706015,-0.27563796747108843,0.50214909948263,2.846614642173986,2.8011742425289543,2.058863068258782,0.28700555763616337,2.087163313447252e-06,4.274510465939972,1.0000000077829772
400.0,0.5988989898138083,1.5,2.23207706736488,-0.25335080583236563,0.5124770544577657,2.8502354023344068,2.8011742425289543,3.088294602388173,0.28700555763616337,2.087163313447252e-06,4.274510465939972,1.0000000051665603
400.0,0.5988989898138083,2.0,2.3940880465449634,-0.22291987306647426,0.5288002238398855,2.8567536231219086,2.8011742425289543,4.117726136517564,0.28700555763616337,2.087163313447252e-06,4.274510465939972,1.0000000024344822
400.0,0.5988989898138083,2.5,2.614314828799525,-0.1847021050316811,0.5535860331530532,2.8692193788794027,2.8011742425289543,5.147157670646955,0.28700555763616337,2.087163313447252e-06,4.274510465939972,0.9999999960327765
400.0,0.5988989898138083,3.0,2.941899141460927,-0.13343221180722317,0.5921680486444015,2.8985102946666084,2.8011742425289543,6.176589204776346,0.28700555763616337,2.087163313447252e-06,4.274510465939972,1.0000000019995974
400.0,0.5988989898138083,3.5,3.636090977195024,-0.04142525033153075,0.6591020624725615,5.167903615570788,2.8011742425289543,7.206020738905737,0.28700555763616337,2.087163313447252e-06,4.274510465939972,0.9999999999264315
400.0,0.5988989898138083,4.0,4.471428347725062,0.04838628447667603,0.7735697332482818,5.173400525062971,2.8011742425289543,8.235452273035127,0.28700555763616337,2.087163313447252e-06,4.274510465939972,1.000000002925019
400.0,0.5988989898138083,4.5,5.2101167250752045,0.11478746181574727,0.9823947839447046,2.7203299461242056,2.8011742425289543,9.26488380716452,0.28700555763616337,2.087163313447252e-06,4.274510465939972,0.9999999995456461
400.0,0.5988989898138083,5.0,5.720340893555775,0.15536191924456663,1.2038309641189409,5.193219630293501,2.8011742425289543,10.29431534129391,0.28700555763616337,2.087163313447252e-06,4.274510465939972,1.0000000002650609
400.0,0.5988989898138083,5.5,6.23317465882519,0.19264930503319203,1.3855416645096028,5.215237037803579,2.8011742425289543,11.3237468754233,0.28700555763616337,2.087163313447252e-06,4.274510465939972,1.000000001001905
400.0,0.5988989898138083,6.0,6.70584337843661,0.22439341450879102,1.57939835039713,5.269789574055076,2.8011742425289543,12.353178409552692,0.28700555763616337,2.087163313447252e-06,4.274510465939972,1.0000000007941885
400.0,0.6046013057825199,0.0,2.016421732872593,-0.2974786217367258,0.49929765392191,2.817341645315784,2.7747548807751077,0.0,0.2842986558171217,2.0674781679178765e-06,4.234195287895811,1.00000000028744
400.0,0.6046013057825199,0.5,2.0378636317350143,-0.2928848724850815,0.5012227371667587,2.8179386832996927,2.7747548807751077,1.0392330932831078,0.2842986558171217,2.0674781679178765e-06,4.234195287895811,1.0000000027866804
400.0,0.6046013057825199,1.0,2.103745158729702,-0.2790668617686312,0.507237224662124,2.8198675603016308,2.7747548807751077,2.0784661865662155,0.2842986558171217,2.0674781679178765e-06,4.234195287895811,1.0000000014633121
400.0,0.6046013057825199,1.5,2.2189578880493386,-0.25591093116956376,0.5181209661987611,2.8236301009494693,2.7747548807751077,3.1176992798493233,0.2842986558171217,2.0674781679178765e-06,4.234195287895811,1.0000000012420394
400.0,0.6046013057825199,2.0,2.385915313235908,-0.22440496676608393,0.535407003141036,2.8304854886879656,2.7747548807751077,4.156932373132431,0.2842986558171217,2.0674781679178765e-06,4.234195287895811,0.9999999967569764
400.0,0.6046013057825199,2.5,2.6141725945748093,-0.18472573386883612,0.5618364292162272,2.8438990530438857,2.7747548807751077,5.19616546641554,0.2842986558171217,2.0674781679178765e-06,4.234195287895811,0.9999999984542844
400.0,0.6046013057825199,3.0,2.9842079652726308,-0.12723090609865004,0.6041627648359512,2.8770874706952996,2.7747548807751077,6.2353985596986465,0.2842986558171217,2.0674781679178765e-06,4.234195287895811,1.0000000001091511
400.0,0.6046013057825199,3.5,3.7103271756750797,-0.032647784051094274,0.6769128048466653,5.119801631247114,2.7747548807751077,7.274631652981755,0.2842986558171217,2.0674781679178765e-06,4.234195287895811,1.0000000000208271
400.0,0.6046013057825199,4.0,4.549694115511037,0.055922207876132314,0.8073956911828619,5.12560497364499,2.7747548807751077,8.313864746264862,0.2842986558171217,2.0674781679178765e-06,4.234195287895811,1.0000000000474554
400.0,0.6046013057825199,4.5,5.254351139581724,0.11845910127264354,1.0337353611395097,2.680448894940067,2.7747548807751077,9.35309783954797,0.2842986558171217,2.0674781679178765e-06,4.234195287895811,0.9999999988597484
400.0,0.6046013057825199,5.0,5.7645577424145555,0.1587060024542614,1.250747556937216,5.147359578136197,2.7747548807751077,10.39233093283108,0.2842986558171217,2.0674781679178765e-06,4.234195287895811,1.000000001778428
400.0,0.6046013057825199,5.5,6.2768916504968155,0.19568464074835354,1.4391833510226872,5.173212122416904,2.7747548807751077,11.431564026114188,0.2842986558171217,2.0674781679178765e-06,4.234195287895811,1.000000002376789
400.0,0.6046013057825199,6.0,6.750073494855539,0.22724851013068392,1.6400243136523482,5.246299915073719,2.7747548807751077,12.470797119397293,0.2842986558171217,2.0674781679178765e-06,4.234195287895811,0.9999999989200725
450.0,0.6046013057825199,0.0,2.2684744494816678,-0.2463260992893444,0.4438201368194755,3.1695093509802574,3.1215992408719964,0.0,0.319835987794262,2.3259129389076112e-06,4.763469698882788,1.00000000028744
450.0,0.6046013057825199,0.5,2.2875101177944077,-0.24269696767469504,0.44516933458728924,3.170038055455259,3.1215992408719964,1.0392330932831078,0.319835987794262,2.3259129389076112e-06,4.763469698882788,1.000000004371364
450.0,0.6046013057825199,1.0,2.3457043926039196,-0.23178671021081362,0.44934850075269545,3.171718941134364,3.1215992408719964,2.0784661865662155,0.319835987794262,2.3259129389076112e-06,4.763469698882788,0.9999999980903174
450.0,0.6046013057825199,1.5,2.4464421012312965,-0.213525049349031,0.4567791338968734,3.174882808197744,3.1215992408719964,3.1176992798493233,0.319835987794262,2.3259129389076112e-06,4.763469698882788,0.9999999974054652
450.0,0.6046013057825199,2.0,2.593899933414473,-0.18810677332090636,0.4682614966189624,3.180283901327103,3.1215992408719964,4.156932373132431,0.319835987794262,2.3259129389076112e-06,4.763469698882788,0.999999997316517
450.0,0.6046013057825199,2.5,2.788533099350724,-0.15668418747794752,0.4851550176051756,3.189668097677786,3.1215992408719964,5.19616546641554,0.319835987794262,2.3259129389076112e-06,4.763469698882788,1.000000000727256
450.0,0.6046013057825199,3.0,3.045300600242436,-0.11842982323160714,0.5097145383283312,3.207812001114706,3.1215992408719964,6.2353985596986465,0.319835987794262,2.3259129389076112e-06,4.763469698882788,0.9999999991212793
450.0,0.6046013057825199,3.5,3.517959471224725,-0.05576915948248606,0.5490250899202548,3.2534921221988027,3.1215992408719964,7.274631652981755,0.319835987794262,2.3259129389076112e-06,4.763469698882788,1.0000000021376303
450.0,0.6046013057825199,4.0,4.277325087057571,0.029112267614834413,0.6108687946548178,5.760406658085884,3.1215992408719964,8.313864746264862,0.319835987794262,2.3259129389076112e-06,4.763469698882788,0.9999999977028459
450.0,0.6046013057825199,4.5,5.118405879949917,0.10707473032351361,0.7176850588292106,5.766305595350614,3.1215992408719964,9.35309783954797,0.319835987794262,2.3259129389076112e-06,4.763469698882788,1.0000000000474554
450.0,0.6046013057825199,5.0,5.842469864433638,0.1645364896432027,0.8943518334496486,3.02666964262261,3.1215992408719964,10.39233093283108,0.319835987794262,2.3259129389076112e-06,4.763469698882788,0.9999999982602008
450.0,0.6046013057825199,5.5,6.356139847218049,0.2011334526206838,1.0743832904832298,5.7866673066435945,3.1215992408719964,11.431564026114188,0.319835987794262,2.3259129389076112e-06,4.763469698882788,1.0000000016809016
450.0,0.6046013057825199,6.0,6.873959448340619,0.23514697444038862,1.2212591939981068,5.807533241990891,3.1215992408719964,12.470797119397293,0.319835987794262,2.3259129389076112e-06,4.763469698882788,1.0000000028205178
500.0,0.6046013057825199,0.0,2.520527166090742,-0.20056860872866927,0.3994381231375279,3.52167705664473,3.4684436009688846,0.0,0.3553733197714022,2.584347709897346e-06,5.292744109869765,1.00000000028744
500.0,0.6046013057825199,0.5,2.537643974670697,-0.1976292997638477,0.4004201822509496,3.522151610287905,3.4684436009688846,1.0392330932831078,0.3553733197714022,2.584347709897346e-06,5.292744109869765,0.9999999977594946
500.0,0.6046013057825199,1.0,2.589784117285474,-0.18879642824257767,0.4034436412737041,3.5236433464822214,3.4684436009688846,2.0784661865662155,0.3553733197714022,2.584347709897346e-06,5.292744109869765,1.000000001603469
500.0,0.6046013057825199,1.5,2.6793893156258175,-0.17402417008857948,0.4087526892321367,3.5263829785846896,3.4684436009688846,3.1176992798493233,0.3553733197714022,2.584347709897346e-06,5.292744109869765,1.000000000076255
500.0,0.6046013057825199,2.0,2.8107794869973843,-0.15323321592213474,0.4167997171791488,3.5308636227236745,3.4684436009688846,4.156932373132431,0.3553733197714022,2.584347709897346e-06,5.292744109869765,0.9999999959044429
500.0,0.6046013057825199,2.5,2.9823941415448854,-0.12749495375802747,0.42832560251282875,3.5381068608599575,3.4684436009688846,5.19616546641554,0.3553733197714022,2.584347709897346e-06,5.292744109869765,0.9999999967569764
500.0,0.6046013057825199,3.0,3.203447464961436,-0.0964423851678486,0.44450185654930796,3.5504326708620253,3.4684436009688846,6.2353985596986465,0.3553733197714022,2.584347709897346e-06,5.292744109869765,1.0000000028765106
500.0,0.6046013057825199,3.5,3.484903998430924,-0.05986917260296541,0.4671762093191934,3.5742472212463805,3.4684436009688846,7.274631652981755,0.3553733197714022,2.584347709897346e-06,5.292744109869765,1.0000000002125076
500.0,0.6046013057825199,4.0,4.0573730536150485,0.006184949252388419,0.5035479591899009,3.635655976494762,3.4684436009688846,8.313864746264862,0.3553733197714022,2.584347709897346e-06,5.292744109869765,1.0000000016313793
500.0,0.6046013057825199,4.5,4.844295524665875,0.08317063794420047,0.5574567744429042,6.401027568987879,3.4684436009688846,9.35309783954797,0.3553733197714022,2.584347709897346e-06,5.292744109869765,1.0000000009117116
500.0,0.6046013057825199,5.0,5.687117644388796,0.15283222088418874,0.6459165529462894,6.407006217056238,3.4684436009688846,10.39233093283108,0.3553733197714022,2.584347709897346e-06,5.292744109869765,1.0000000000474554
500.0,0.6046013057825199,5.5,6.4293458099510685,0.20610679410292823,0.7872143540002976,3.3709740988003762,3.4684436009688846,11.431564026114188,0.3553733197714022,2.584347709897346e-06,5.292744109869765,1.000000001879336
500.0,0.6046013057825199,6.0,6.954598898489236,0.24021209609916377,0.9386150737175553,6.426382954235654,3.4684436009688846,12.470797119397293,0.3553733197714022,2.584347709897346e-06,5.292744109869765,0.9999999994032331
550.0,0.6046013057825199,0.0,2.7725798826998154,-0.15917592357044436,0.36312556648866184,3.873844762309202,3.8152879610657733,0.0,0.3909106517485423,2.84278248088708e-06,5.82201852085674,1.00000000028744
550.0,0.6046013057825199,0.5,2.788130323948162,-0.15674692145409258,0.3638625933388337,3.8742752798128195,3.8152879610657733,1.0392330932831078,0.3909106517485423,2.84278248088708e-06,5.82201852085674,1.000000002365113
550.0,0.6046013057825199,1.0,2.83537343114066,-0.14944972584032742,0.3661213730399282,3.8756175897399405,3.8152879610657733,2.0784661865662155,0.3909106517485423,2.84278248088708e-06,5.82201852085674,1.0000000019762243
550.0,0.6046013057825199,1.5,2.9161294615817956,-0.1372531907483726,0.37005152692631454,3.878039427425238,3.8152879610657733,3.1176992798493233,0.3909106517485423,2.84278248088708e-06,5.82201852085674,1.0000000012415937
550.0,0.6046013057825199,2.0,3.033585337278443,-0.12010377481109363,0.3759249617397632,3.8818832667153838,3.8152879610657733,4.156932373132431,0.3909106517485423,2.84278248088708e-06,5.82201852085674,1.0000000014075576
550.0,0.6046013057825199,2.5,3.1891605062955994,-0.09838361405918666,0.3841752558012068,3.8878069626140928,3.8152879610657733,5.19616546641554,0.3909106517485423,2.84278248088708e-06,5.82201852085674,0.9999999999464069
550.0,0.6046013057825199,3.0,3.3836574511785074,-0.07267360108420727,0.39546393970998556,3.8971345661608843,3.8152879610657733,6.2353985596986465,0.3909106517485423,2.84278248088708e-06,5.82201852085674,0.999999999557915
550.0,0.6046013057825199,3.5,3.6280402671014653,-0.04238789274064315,0.4107905093537093,3.912870100561966,3.8152879610657733,7.274631652981755,0.3909106517485423,2.84278248088708e-06,5.82201852085674,1.0000000005639864
550.0,0.6046013057825199,4.0,3.94887754945439,-0.00558632439840166,0.4320387750935737,3.9434326078301503,3.8152879610657733,8.313864746264862,0.3909106517485423,2.84278248088708e-06,5.82201852085674,0.9999999979248111
550.0,0.6046013057825199,4.5,4.6009791529357305,0.06079027415037704,0.46530277052437186,4.024548444038112,3.8152879610657733,9.35309783954797,0.3909106517485423,2.84278248088708e-06,5.82201852085674,0.9999999981354012
550.0,0.6046013057825199,5.0,5.411240246483925,0.1312368246977731,0.5128203730340359,7.041661269381068,3.8152879610657733,10.39233093283108,0.3909106517485423,2.84278248088708e-06,5.82201852085674,0.9999999992639519
550.0,0.6046013057825199,5.5,6.255829408827674,0.19422490604241366,0.5871968663148087,7.047706838761859,3.8152879610657733,11.431564026114188,0.3909106517485423,2.84278248088708e-06,5.82201852085674,1.0000000000474554
550.0,0.6046013057825199,6.0,7.010957163301491,0.24371732226822027,0.7027433240264198,7.055566487479512,3.8152879610657733,12.470797119397293,0.3909106517485423,2.84278248088708e-06,5.82201852085674,1.000000000546003
600.0,0.6046013057825199,0.0,3.0246325993088896,-0.12138736268104455,0.33286510261460667,4.226012467973676,4.1621323211626615,0.0,0.42644798372568254,3.1012172518768147e-06,6.351292931843716,1.00000000028744
600.0,0.6046013057825199,0.5,3.0388799837610336,-0.11934644275165826,0.3334323188795938,4.226406544619571,4.1621323211626615,1.0392330932831078,0.42644798372568254,3.1012172518768147e-06,6.351292931843716,0.9999999971249328
600.0,0.6046013057825199,1.0,3.0820771351745586,-0.11321648771730967,0.33516473620802034,4.227627441771823,4.1621323211626615,2.0784661865662155,0.42644798372568254,3.1012172518768147e-06,6.351292931843716,1.0000000000795117
600.0,0.6046013057825199,1.5,3.155617738094553,-0.10297560271294995,0.3381581497747493,4.229801340452446,4.1621323211626615,3.1176992798493233,0.42644798372568254,3.1012172518768147e-06,6.351292931843716,1.0000000014633121
600.0,0.6046013057825199,2.0,3.261922801641728,-0.08858631274073114,0.3425843504226551,4.2331770775969915,4.1621323211626615,4.156932373132431,0.42644798372568254,3.1012172518768147e-06,6.351292931843716,0.9999999974054652
600.0,0.6046013057825199,2.5,3.4045988424254183,-0.06999404417890939,0.34871150457997097,4.238206893235338,4.1621323211626615,5.19616546641554,0.42644798372568254,3.1012172518768147e-06,6.351292931843716,1.0000000020235693
600.0,0.6046013057825199,3.0,3.5788729698538617,-0.048313707710402734,0.356938002094024,4.245728233031948,4.1621323211626615,6.2353985596986465,0.42644798372568254,3.1012172518768147e-06,6.351292931843716,0.9999999967569764
600.0,0.6046013057825199,3.5,3.7952409752840226,-0.022820635098151177,0.3678459896766021,4.257414444525154,4.1621323211626615,7.274631652981755,0.42644798372568254,3.1012172518768147e-06,6.351292931843716,0.9999999937055919
600.0,0.6046013057825199,4.0,4.060400800323247,0.006508913376692755,0.3822859037462484,4.277082668152941,4.1621323211626615,8.313864746264862,0.42644798372568254,3.1012172518768147e-06,6.351292931843716,0.9999999991212793
600.0,0.6046013057825199,4.5,4.476311947908946,0.04886035295703117,0.4027751765573008,4.315631206042949,4.1621323211626615,9.35309783954797,0.42644798372568254,3.1012172518768147e-06,6.351292931843716,1.0000000001091511
600.0,0.6046013057825199,5.0,5.152577016354375,0.10996450063764918,0.43263534014241095,4.421374994208821,4.1621323211626615,10.39233093283108,0.42644798372568254,3.1012172518768147e-06,6.351292931843716,0.9999999994097817
600.0,0.6046013057825199,5.5,5.9789508848827735,0.17456499452035282,0.4748315348677623,7.6823049195239435,4.1621323211626615,11.431564026114188,0.42644798372568254,3.1012172518768147e-06,6.351292931843716,1.0000000001541853
600.0,0.6046013057825199,6.0,6.824541173266555,0.23201346693181354,0.538263794121908,7.6884074604674835,4.1621323211626615,12.470797119397293,0.42644798372568254,3.1012172518768147e-06,6.351292931843716,1.0000000000474554
650.0,0.6046013057825199,0.0,3.2766853159179634,-0.08662525642183266,0.3072600947211754,4.578180173638148,4.50897668125955,0.0,0.4619853157028227,3.359652022866549e-06,6.880567342830692,1.00000000028744
650.0,0.6046013057825199,0.5,3.289831660492059,-0.084886315502557,0.3077059360205564,4.578543510772663,4.50897668125955,1.0392330932831078,0.4619853157028227,3.359652022866549e-06,6.880567342830692,0.9999999966579377
650.0,0.6046013057825199,1.0,3.329627843565055,-0.07966429671602708,0.30906398910294247,4.579663755469736,4.50897668125955,2.0784661865662155,0.4619853157028227,3.359652022866549e-06,6.880567342830692,0.9999999970429757
650.0,0.6046013057825199,1.5,3.3971650387765258,-0.07094334534434205,0.3113979838203697,4.581638275235193,4.50897668125955,3.1176992798493233,0.4619853157028227,3.359652022866549e-06,6.880567342830692,0.9999999971830578
650.0,0.6046013057825199,2.0,3.4943270968615816,-0.05869643535391186,0.31482084496007673,4.584654272205186,4.50897668125955,4.156932373132431,0.4619853157028227,3.359652022866549e-06,6.880567342830692,1.0000000015358521
650.0,0.6046013057825199,2.5,3.6238945004237366,-0.04288444541113885,0.3195061046692064,4.589037996209029,4.50897668125955,5.19616546641554,0.4619853157028227,3.359652022866549e-06,6.880567342830692,0.999999999965294
650.0,0.6046013057825199,3.0,3.7847887797822675,-0.02401834377579369,0.32570613386132147,4.595357868282057,4.50897668125955,6.2353985596986465,0.4619853157028227,3.359652022866549e-06,6.880567342830692,1.0000000019277397
650.0,0.6046013057825199,3.5,3.9792074502747696,-0.0022634102712732894,0.33378023458767514,4.604653634679446,4.50897668125955,7.274631652981755,0.4619853157028227,3.359652022866549e-06,6.880567342830692,1.0000000018234856
650.0,0.6046013057825199,4.0,4.215303809676843,0.02276888967581825,0.344237628746608,4.619001776426429,4.50897668125955,8.313864746264862,0.4619853157028227,3.359652022866549e-06,6.880567342830692,0.9999999978765679
650.0,0.6046013057825199,4.5,4.499096549424284,0.05106532178254361,0.3578023963101366,4.643186591601269,4.50897668125955,9.35309783954797,0.4619853157028227,3.359652022866549e-06,6.880567342830692,0.9999999967691641
650.0,0.6046013057825199,5.0,5.008982863522423,0.09768955457788622,0.3774534901110469,4.691138360501013,4.50897668125955,10.39233093283108,0.4619853157028227,3.359652022866549e-06,6.880567342830692,1.0000000024038256
650.0,0.6046013057825199,5.5,5.71958738372089,0.15530470819290756,0.4043736699786559,4.827626223926597,4.50897668125955,11.431564026114188,0.4619853157028227,3.359652022866549e-06,6.880567342830692,1.0000000013291968
650.0,0.6046013057825199,6.0,6.552314034702533,0.21433471248394437,0.44210149516768593,8.322956388867478,4.50897668125955,12.470797119397293,0.4619853157028227,3.359652022866549e-06,6.880567342830692,0.9999999952943744
700.0,0.6046013057825199,0.0,3.528738032527038,-0.05444057305043133,0.28531294509823435,4.930347879302621,4.855821041356439,0.0,0.49752264767996296,3.618086793856284e-06,7.409841753817669,1.00000000028744
700.0,0.6046013057825199,0.5,3.540941574090763,-0.05294123041546497,0.2856697268040623,4.930684916829246,4.855821041356439,1.0392330932831078,0.49752264767996296,3.618086793856284e-06,7.409841753817669,0.9999999978546695
700.0,0.6046013057825199,1.0,3.5778376858977317,-0.04843935708596473,0.28675420002487606,4.931720215615099,4.855821041356439,2.0784661865662155,0.49752264767996296,3.618086793856284e-06,7.409841753817669,0.9999999950324822
700.0,0.6046013057825199,1.5,3.640297029036513,-0.04092317009412662,0.28861006848389625,4.933530572563479,4.855821041356439,3.1176992798493233,0.49752264767996296,3.618086793856284e-06,7.409841753817669,0.9999999967615383
700.0,0.6046013057825199,2.0,3.7298148986578745,-0.030372711928439506,0.2913141649017639,4.936260730826722,4.855821041356439,4.156932373132431,0.49752264767996296,3.618086793856284e-06,7.409841753817669,0.9999999988263367
700.0,0.6046013057825199,2.5,3.8485828093063623,-0.016759155690905102,0.2949829840297578,4.940154792266091,4.855821041356439,5.19616546641554,0.49752264767996296,3.618086793856284e-06,7.409841753817669,1.0000000015888384
700.0,0.6046013057825199,3.0,3.998623140849629,-0.0001495163171812256,0.29978307757942363,4.945619022499509,4.855821041356439,6.2353985596986465,0.49752264767996296,3.618086793856284e-06,7.409841753817669,1.0000000031741776
700.0,0.6046013057825199,3.5,4.175351798162838,0.018633081920210404,0.3059468589377348,4.95334960520394,4.855821041356439,7.274631652981755,0.49752264767996296,3.618086793856284e-06,7.409841753817669,0.9999999967569764
700.0,0.6046013057825199,4.0,4.388428152707504,0.04024900115886016,0.31379562860200116,4.964614826753797,4.855821041356439,8.313864746264862,0.49752264767996296,3.618086793856284e-06,7.409841753817669,0.9999999959540988
700.0,0.6046013057825199,4.5,4.64242834001175,0.06468521741607682,0.32377381720278015,4.981958650178277,4.855821041356439,9.35309783954797,0.49752264767996296,3.618086793856284e-06,7.409841753817669,0.9999999981004272
700.0,0.6046013057825199,5.0,4.9430289899531745,0.09193316619730453,0.3364994490937333,5.011306944113646,4.855821041356439,10.39233093283108,0.49752264767996296,3.618086793856284e-06,7.409841753817669,0.9999999975979392
700.0,0.6046013057825199,5.5,5.545829789647248,0.14190654492878593,0.35528867993305774,5.070295890171172,4.855821041356439,11.431564026114188,0.49752264767996296,3.618086793856284e-06,7.409841753817669,1.0000000015384551
700.0,0.6046013057825199,6.0,6.286613315084073,0.19635675671271355,0.3796606983389121,8.958438898769987,4.855821041356439,12.470797119397293,0.49752264767996296,3.618086793856284e-06,7.409841753817669,1.0000000021780115
450.0,0.6049793384901669,0.0,2.2670569505956624,-0.2465975611799309,0.44409763957447373,3.1675288235049646,3.1196486509292707,0.0,0.3196361322673433,2.3244595485021785e-06,4.760493155332461,1.00000000028744
450.0,0.6049793384901669,0.5,2.286128577410687,-0.24295933880779486,0.4454510718172621,3.1680585343439067,3.1196486509292707,1.03988288364309,0.3196361322673433,2.3244595485021785e-06,4.760493155332461,0.9999999954468122
450.0,0.6049793384901669,1.0,2.344435539951586,-0.2320216949774197,0.44964376988346016,3.1697428394084923,3.1196486509292707,2.07976576728618,0.3196361322673433,2.3244595485021785e-06,4.760493155332461,0.9999999961257368
450.0,0.6049793384901669,1.5,2.445377976863942,-0.21371399470708283,0.45709963868386166,3.1729143163082414,3.1196486509292707,3.1196486509292702,0.3196361322673433,2.3244595485021785e-06,4.760493155332461,1.0000000056851732
450.0,0.6049793384901669,2.0,2.593115719947894,-0.18823809337333136,0.4686239457797654,3.1783315602756788,3.1196486509292707,4.15953153457236,0.3196361322673433,2.3244595485021785e-06,4.760493155332461,0.9999999969588121
450.0,0.6049793384901669,2.5,2.7881903617560333,-0.15673756973630779,0.4855852602043818,3.187753496936947,3.1196486509292707,5.199414418215451,0.3196361322673433,2.3244595485021785e-06,4.760493155332461,1.0000000015237747
450.0,0.6049793384901669,3.0,3.045590843726509,-0.11838843318392815,0.5102549176312801,3.2060038130960473,3.1196486509292707,6.2392973018585405,0.3196361322673433,2.3244595485021785e-06,4.760493155332461,1.00000000225397
450.0,0.6049793384901669,3.5,3.5215148493216444,-0.05533046728771304,0.5498101715304051,3.2521579425532385,3.1196486509292707,7.279180185501631,0.3196361322673433,2.3244595485021785e-06,4.760493155332461,1.0000000028232914
450.0,0.6049793384901669,4.0,4.282908055727238,0.029678759856159437,0.6120059091351642,5.756857894304401,3.1196486509292707,8.31906306914472,0.3196361322673433,2.3244595485021785e-06,4.760493155332461,1.0000000000188285
450.0,0.6049793384901669,4.5,5.1245095425870195,0.10759231486016091,0.7198255115210982,5.762779528010379,3.1196486509292707,9.358945952787812,0.3196361322673433,2.3244595485021785e-06,4.760493155332461,1.00000000065351
450.0,0.6049793384901669,5.0,5.845755850361031,0.16478068164091028,0.8973700287792998,3.023780987738358,3.1196486509292707,10.398828836430901,0.3196361322673433,2.3244595485021785e-06,4.760493155332461,1.0000000019467234
450.0,0.6049793384901669,5.5,6.35875292563281,0.2013119591283771,1.0771445109877194,5.783263830839609,3.1196486509292707,11.438711720073993,0.3196361322673433,2.3244595485021785e-06,4.760493155332461,1.0000000003259841
450.0,0.6049793384901669,6.0,6.877277071586341,0.23535653021299396,1.2241536150661096,5.80433307876582,3.1196486509292707,12.478594603717081,0.3196361322673433,2.3244595485021785e-06,4.760493155332461,1.0000000026264786
600.0,0.6049793384901669,0.0,3.022742600794217,-0.12165882457163087,0.3330732296808553,4.223371764673287,4.159531534572361,0.0,0.42618150968979107,3.099279398002905e-06,6.347324207109949,1.00000000028744
600.0,0.6049793384901669,0.5,3.037016870387657,-0.11961278693162102,0.3336422261131805,4.223766591432918,4.159531534572361,1.03988288364309,0.42618150968979107,3.099279398002905e-06,6.347324207109949,0.9999999991905593
600.0,0.6049793384901669,1.0,3.0802965323426976,-0.11346746438558153,0.33538015786500114,4.224989981535916,4.159531534572361,2.07976576728618,0.42618150968979107,3.099279398002905e-06,6.347324207109949,0.9999999982627981
600.0,0.6049793384901669,1.5,3.1539814960557413,-0.10320085026927568,0.33838338518194205,4.227168436526479,4.159531534572361,3.1196486509292702,0.42618150968979107,3.099279398002905e-06,6.347324207109949,0.9999999980101957
600.0,0.6049793384901669,2.0,3.2605039691519226,-0.08877525809878285,0.3428247290128963,4.2305524217443224,4.159531534572361,4.15953153457236,0.42618150968979107,3.099279398002905e-06,6.347324207109949,1.0000000056851732
600.0,0.6049793384901669,2.5,3.4034874226394063,-0.07013584129064926,0.34897401415888774,4.235596889942741,4.159531534572361,5.199414418215451,0.42618150968979107,3.099279398002905e-06,6.347324207109949,1.000000004529754
600.0,0.6049793384901669,3.0,3.578094650824228,-0.04840816661506123,0.3572322410837566,4.243144307086275,4.159531534572361,6.2392973018585405,0.42618150968979107,3.099279398002905e-06,6.347324207109949,1.0000000019519713
600.0,0.6049793384901669,3.5,3.794967661603925,-0.022851911872960613,0.3681856837508382,4.254883357050799,4.159531534572361,7.279180185501631,0.42618150968979107,3.099279398002905e-06,6.347324207109949,0.9999999997698662
600.0,0.6049793384901669,4.0,4.060787791635346,0.006550303424371899,0.38269118822346,4.27467175079473,4.159531534572361,8.31906306914472,0.42618150968979107,3.099279398002905e-06,6.347324207109949,1.00000000225397
600.0,0.6049793384901669,4.5,4.480595959351813,0.049275791564011184,0.40331689679400834,4.313575891005281,4.159531534572361,9.358945952787812,0.42618150968979107,3.099279398002905e-06,6.347324207109949,0.999999998503826
600.0,0.6049793384901669,5.0,5.159679934466612,0.11056277095695831,0.43333875295545304,4.421097825795991,4.159531534572361,10.398828836430901,0.42618150968979107,3.099279398002905e-06,6.347324207109949,1.000000001022848
600.0,0.6049793384901669,5.5,5.987667065537239,0.1751976527779508,0.47585778588091,7.677579723242003,4.159531534572361,11.438711720073993,0.42618150968979107,3.099279398002905e-06,6.347324207109949,1.0000000016235995
600.0,0.6049793384901669,6.0,6.832679390116026,0.23253105146846087,0.5398691336408236,7.683706037347172,4.159531534572361,12.478594603717081,0.42618150968979107,3.099279398002905e-06,6.347324207109949,1.00000000065351
500.0,0.605819004874118,0.0,2.5154608944554786,-0.201442421188441,0.400242612699562,3.51459846895059,3.461472012774757,0.0,0.3546590177023316,2.5791531586643922e-06,5.282105668944675,1.00000000028744
500.0,0.605819004874118,0.5,2.5326818631294485,-0.1984793509904931,0.40123467046664185,3.5150759206317304,3.461472012774757,1.0413261638430724,0.3546590177023316,2.5791531586643922e-06,5.282105668944675,0.9999999960507798
500.0,0.605819004874118,1.0,2.585145804112834,-0.18957494868101551,0.4042894834909622,3.5165774814786928,3.461472012774757,2.082652327686145,0.3546590177023316,2.5791531586643922e-06,5.282105668944675,0.9999999998317264
500.0,0.605819004874118,1.5,2.675329963044023,-0.1746826377588151,0.40965593628679897,3.519337331722275,3.461472012774757,3.123978491529217,0.3546590177023316,2.5791531586643922e-06,5.282105668944675,0.9999999970863368
500.0,0.605819004874118,2.0,2.8076191486521167,-0.1537217955826611,0.4177953125362578,3.523857458672938,3.461472012774757,4.16530465537229,0.3546590177023316,2.5791531586643922e-06,5.282105668944675,0.9999999970125691
500.0,0.605819004874118,2.5,2.9803175952107863,-0.12779744453423425,0.4294641460922357,3.5311816173831474,3.461472012774757,5.206630819215362,0.3546590177023316,2.5791531586643922e-06,5.282105668944675,1.0000000029490355
500.0,0.605819004874118,3.0,3.203048744685155,-0.09649644342695585,0.44586062932923715,3.5436942337589756,3.461472012774757,6.247956983058434,0.3546590177023316,2.5791531586643922e-06,5.282105668944675,0.9999999988725109
500.0,0.605819004874118,3.5,3.486817514930028,-0.05963077246725517,0.468878387578534,3.5680463257097554,3.461472012774757,7.289283146901506,0.3546590177023316,2.5791531586643922e-06,5.282105668944675,0.9999999998676542
500.0,0.605819004874118,4.0,4.0711578063114295,0.007657945510287523,0.505995973140022,3.631943562256025,3.461472012774757,8.33060931074458,0.3546590177023316,2.5791531586643922e-06,5.282105668944675,0.9999999990459424
500.0,0.605819004874118,4.5,4.864444788061206,0.08497328714250878,0.5612133264464518,6.388352343425718,3.461472012774757,9.371935474587652,0.3546590177023316,2.5791531586643922e-06,5.282105668944675,1.000000001072438
500.0,0.605819004874118,5.0,5.7088542721763345,0.15448896574467852,0.6521489985783477,6.394404449180169,3.461472012774757,10.413261638430724,0.3546590177023316,2.5791531586643922e-06,5.282105668944675,1.0000000024816942
500.0,0.605819004874118,5.5,6.441373692218452,0.20691850387835478,0.7958849597059867,3.3611800476784097,3.461472012774757,11.454587802273796,0.3546590177023316,2.5791531586643922e-06,5.282105668944675,1.0000000006526777
500.0,0.605819004874118,6.0,6.964266836605259,0.24081541147418356,0.947246348418455,6.41414438839014,3.461472012774757,12.495913966116868,0.3546590177023316,2.5791531586643922e-06,5.282105668944675,0.9999999971954336
550.0,0.6081847992181325,0.0,2.756243529305026,-0.16174240408626903,0.3652778246319536,3.8510196320294523,3.7928078540637116,0.0,0.3886073620966917,2.8260324858654522e-06,5.787714531052446,1.00000000028744
550.0,0.6081847992181325,0.5,2.772073299286001,-0.1592552816022759,0.3660370507348472,3.851457941392929,3.7928078540637116,1.045392664776311,0.3886073620966917,2.8260324858654522e-06,5.787714531052446,0.9999999999564586
550.0,0.6081847992181325,1.0,2.8201796407940503,-0.15178321828493085,0.36836506019476367,3.852825874187582,3.7928078540637116,2.090785329552622,0.3886073620966917,2.8260324858654522e-06,5.787714531052446,1.0000000020726878
550.0,0.6081847992181325,1.5,2.9024612779605747,-0.1392935568468004,0.3724198997023232,3.855298852594971,3.7928078540637116,3.1361779943289325,0.3886073620966917,2.8260324858654522e-06,5.787714531052446,1.0000000054500038
550.0,0.6081847992181325,2.0,3.0222466362299154,-0.12173008844507495,0.3784893883554186,3.859236978469624,3.7928078540637116,4.181570659105244,0.3886073620966917,2.8260324858654522e-06,5.787714531052446,1.0000000051665603
550.0,0.6081847992181325,2.5,3.180605672283202,-0.0995501621976452,0.3870338545350149,3.8653377407132106,3.7928078540637116,5.226963323881555,0.3886073620966917,2.8260324858654522e-06,5.787714531052446,1.0000000005797343
550.0,0.6081847992181325,3.0,3.379318282062689,-0.0732308934761849,0.3987585891357535,3.875024220469788,3.7928078540637116,6.272355988657865,0.3886073620966917,2.8260324858654522e-06,5.787714531052446,0.9999999969146532
550.0,0.6081847992181325,3.5,3.6293735127640043,-0.042228325914680356,0.4147344058704329,3.891589615189425,3.7928078540637116,7.317748653434177,0.3886073620966917,2.8260324858654522e-06,5.787714531052446,1.0000000008587555
550.0,0.6081847992181325,4.0,3.9833502679656876,-0.001811494419932535,0.43734508810776856,3.924601491684036,3.7928078540637116,8.363141318210488,0.3886073620966917,2.8260324858654522e-06,5.787714531052446,1.0000000019995974
550.0,0.6081847992181325,4.5,4.64875776775831,0.06527692571623842,0.4723215990644564,4.017988534627466,3.7928078540637116,9.408533982986798,0.3886073620966917,2.8260324858654522e-06,5.787714531052446,1.00000000115665
550.0,0.6081847992181325,5.0,5.4803649799669145,0.13674949115409926,0.5233314143044875,7.000814123994201,3.7928078540637116,10.45392664776311,0.3886073620966917,2.8260324858654522e-06,5.787714531052446,1.0000000011682904
550.0,0.6081847992181325,5.5,6.325216340936476,0.19901539291801537,0.6040779656222875,7.007083320911011,3.7928078540637116,11.499319312539422,0.3886073620966917,2.8260324858654522e-06,5.787714531052446,1.000000000546213
550.0,0.6081847992181325,6.0,7.054531394524515,0.2464081792030379,0.725546632116439,3.683344159265719,3.7928078540637116,12.54471197731573,0.3886073620966917,2.8260324858654522e-06,5.787714531052446,0.9999999995456461
700.0,0.6207797516027724,0.0,3.4367738585575984,-0.06590903504517193,0.29294759619796057,4.801855663127157,4.729271105686668,0.0,0.48455646574658484,3.523794057960428e-06,7.216730230702956,1.00000000028744
700.0,0.6207797516027724,0.5,3.449986347086903,-0.06424261492035559,0.2933548677361688,4.802220760292691,4.729271105686668,1.067041793220554,0.48455646574658484,3.523794057960428e-06,7.216730230702956,0.9999999997069787
700.0,0.6207797516027724,1.0,3.489967648902528,-0.05923859014764633,0.2945947143120155,4.8033451401646685,4.729271105686668,2.134083586441108,0.48455646574658484,3.523794057960428e-06,7.216730230702956,1.0000000059716971
700.0,0.6207797516027724,1.5,3.557767823022852,-0.05088238835298295,0.29672273722278203,4.805322138436221,4.729271105686668,3.201125379661662,0.48455646574658484,3.523794057960428e-06,7.216730230702956,1.000000001056297
700.0,0.6207797516027724,2.0,3.6551965885344826,-0.039149251615546006,0.2998374435795651,4.808330182261571,4.729271105686668,4.268167172882216,0.48455646574658484,3.523794057960428e-06,7.216730230702956,0.9999999970863368
700.0,0.6207797516027724,2.5,3.784919496939885,-0.02400334458740392,0.3040894704520151,4.812677108831895,4.729271105686668,5.335208966102771,0.48455646574658484,3.523794057960428e-06,7.216730230702956,0.9999999985203438
700.0,0.6207797516027724,3.0,3.946771649849057,-0.005817991377680868,0.30969675738307545,4.818891846527491,4.729271105686668,6.402250759323324,0.48455646574658484,3.523794057960428e-06,7.216730230702956,0.9999999995092315
700.0,0.6207797516027724,3.5,4.140930556500239,0.015037956107129541,0.3169678448208829,4.827922145589943,4.729271105686668,7.469292552543877,0.48455646574658484,3.523794057960428e-06,7.216730230702956,0.9999999986151384
700.0,0.6207797516027724,4.0,4.376197705034332,0.03903694271631323,0.32633656551546103,4.841608045725754,4.729271105686668,8.536334345764432,0.48455646574658484,3.523794057960428e-06,7.216730230702956,0.9999999988725109
700.0,0.6207797516027724,4.5,4.6582802936488585,0.06616562561493038,0.3384148307434319,4.864002887876423,4.729271105686668,9.603376138984986,0.48455646574658484,3.523794057960428e-06,7.216730230702956,0.9999999991876095
700.0,0.6207797516027724,5.0,5.112257184389908,0.10655270260012198,0.3552989483925678,4.9060636713069075,4.729271105686668,10.670417932205542,0.48455646574658484,3.523794057960428e-06,7.216730230702956,1.0000000014960317
700.0,0.6207797516027724,5.5,5.800594897753743,0.1614125449182167,0.3789443809741106,5.01105600785751,4.729271105686668,11.737459725426094,0.48455646574658484,3.523794057960428e-06,7.216730230702956,0.9999999993708591
700.0,0.6207797516027724,6.0,6.646096832932263,0.22050667328577792,0.410766094664086,8.72815092515813,4.729271105686668,12.804501518646648,0.48455646574658484,3.523794057960428e-06,7.216730230702956,1.000000001072438
650.0,0.6296824596572466,0.0,3.146170248605575,-0.104277771442025,0.3200064081041587,4.39582470281283,4.329377684613235,0.0,0.44358377916119207,3.225832272834255e-06,6.606504494764554,1.00000000028744
650.0,0.6296824596572466,0.5,3.161027379445514,-0.1022317338020151,0.32055308219353823,4.396235651533432,4.329377684613235,1.0823444211533089,0.44358377916119207,3.225832272834255e-06,6.606504494764554,0.9999999991905593
650.0,0.6296824596572466,1.0,3.2060742798256117,-0.09608641125597564,0.32222283301068794,4.39750899632418,4.329377684613235,2.1646888423066177,0.44358377916119207,3.225832272834255e-06,6.606504494764554,0.9999999982627981
650.0,0.6296824596572466,1.5,3.282768021642281,-0.08581979713966977,0.3251082404850005,4.39977640416679,4.329377684613235,3.2470332634599264,0.44358377916119207,3.225832272834255e-06,6.606504494764554,0.9999999980101957
650.0,0.6296824596572466,2.0,3.393640126853964,-0.07139420496917698,0.32937534561338633,4.403298567652131,4.329377684613235,4.3293776846132355,0.44358377916119207,3.225832272834255e-06,6.606504494764554,1.0000000056851732
650.0,0.6296824596572466,2.5,3.542462023659535,-0.05275478816104338,0.33528338767927834,4.408549016619149,4.329377684613235,5.411722105766543,0.44358377916119207,3.225832272834255e-06,6.606504494764554,1.000000004529754
650.0,0.6296824596572466,3.0,3.7241989887462195,-0.0310271134854553,0.34321763546637457,4.41640461744489,4.329377684613235,6.494066526919853,0.44358377916119207,3.225832272834255e-06,6.606504494764554,1.0000000019519713
650.0,0.6296824596572466,3.5,3.9499275751171936,-0.005470858743354657,0.3537413627789124,4.428623008033482,4.329377684613235,7.576410948073161,0.44358377916119207,3.225832272834255e-06,6.606504494764554,0.9999999997698662
650.0,0.6296824596572466,4.0,4.226601938447231,0.0239313565539778,0.3676778006861866,4.449219421253877,4.329377684613235,8.658755369226471,0.44358377916119207,3.225832272834255e-06,6.606504494764554,1.00000000225397
650.0,0.6296824596572466,4.5,4.6635521329640035,0.0666568446936171,0.3874943404921287,4.489712134211261,4.329377684613235,9.741099790379778,0.44358377916119207,3.225832272834255e-06,6.606504494764554,0.999999998503826
650.0,0.6296824596572466,5.0,5.370365143853395,0.1279438240865642,0.4163384068977327,4.601624512136579,4.329377684613235,10.823444211533086,0.44358377916119207,3.225832272834255e-06,6.606504494764554,1.000000001022848
650.0,0.6296824596572466,5.5,6.23216147322601,0.19257870590755669,0.45718937236131957,7.991078334031738,4.329377684613235,11.905788632686395,0.44358377916119207,3.225832272834255e-06,6.606504494764554,1.0000000016235995
650.0,0.6296824596572466,6.0,7.111678185828762,0.24991210459806681,0.5186894859975417,7.997454803919129,4.329377684613235,12.988133053839706,0.44358377916119207,3.225832272834255e-06,6.606504494764554,1.00000000065351
450.0,0.6352283054146753,0.0,2.1591018577101546,-0.267786860249869,0.4663025215531975,3.016694117623776,2.9710939532659717,0.0,0.30441536406413644,2.213770998573503e-06,4.533803005078534,1.00000000028744
450.0,0.6352283054146753,0.5,2.181202073166918,-0.2633640895291494,0.46803287216553613,3.017309219532274,2.9710939532659717,1.0918770278252448,0.30441536406413644,2.213770998573503e-06,4.533803005078534,0.9999999989817706
450.0,0.6352283054146753,1.0,2.2490457249036013,-0.2500617062473978,0.4734307112145146,3.019290775359215,2.9710939532659717,2.1837540556504895,0.30441536406413644,2.213770998573503e-06,4.533803005078534,1.0000000077829772
450.0,0.6352283054146753,1.5,2.3674752456970336,-0.22777454460867497,0.4831680005461251,3.02313117145294,2.9710939532659717,3.275631083475734,0.30441536406413644,2.213770998573503e-06,4.533803005078534,1.0000000051665603
450.0,0.6352283054146753,2.0,2.539313838704398,-0.1973436118427836,0.49855763222686306,3.0300447886331106,2.9710939532659717,4.367508111300979,0.30441536406413644,2.213770998573503e-06,4.533803005078534,1.0000000024344822
450.0,0.6352283054146753,2.5,2.7728996154010384,-0.1591258438079904,0.5219259173502465,3.0432667192762195,2.9710939532659717,5.4593851391262245,0.30441536406413644,2.213770998573503e-06,4.533803005078534,0.9999999960327765
450.0,0.6352283054146753,3.0,3.1203552487408555,-0.10785595058353252,0.5583013903979489,3.0743344270466655,2.9710939532659717,6.551262166951468,0.30441536406413644,2.213770998573503e-06,4.533803005078534,1.0000000019995974
450.0,0.6352283054146753,3.5,3.8566568804787322,-0.01584898910784011,0.6214073838245171,5.4813895366328715,2.9710939532659717,7.6431391947767136,0.30441536406413644,2.213770998573503e-06,4.533803005078534,0.9999999999264315
450.0,0.6352283054146753,4.0,4.742665959399226,0.07396254570036669,0.729328538800705,5.487219889599108,2.9710939532659717,8.735016222601958,0.30441536406413644,2.213770998573503e-06,4.533803005078534,1.000000002925019
450.0,0.6352283054146753,4.5,5.526163300611187,0.14036372303943795,0.9262106847061252,2.885345627953892,2.9710939532659717,9.826893250427204,0.30441536406413644,2.213770998573503e-06,4.533803005078534,0.9999999995456461
450.0,0.6352283054146753,5.0,6.067337754798005,0.18093818046825724,1.13498271750779,5.5082412251574455,2.9710939532659717,10.918770278252449,0.30441536406413644,2.213770998573503e-06,4.533803005078534,1.0000000002650609
450.0,0.6352283054146753,5.5,6.611280104363154,0.21822556625688264,1.3063012087883157,5.53159421238923,2.9710939532659717,12.010647306077693,0.30441536406413644,2.213770998573503e-06,4.533803005078534,1.000000001001905
450.0,0.6352283054146753,6.0,7.112620989701152,0.24996967573248166,1.48907104501421,5.5894559148607685,2.9710939532659717,13.102524333902936,0.30441536406413644,2.213770998573503e-06,4.533803005078534,1.0000000007941885
600.0,0.6352283054146753,0.0,2.878802476946873,-0.142848123641569,0.3497268911648981,4.022258823498368,3.9614586043546285,0.0,0.4058871520855153,2.951694664764671e-06,6.045070673438046,1.00000000028744
600.0,0.6352283054146753,0.5,2.895336132462509,-0.1403610011575759,0.3504537948167247,4.022716622697833,3.9614586043546285,1.0918770278252448,0.4058871520855153,2.951694664764671e-06,6.045070673438046,0.9999999999564586
600.0,0.6352283054146753,1.0,2.945581567460462,-0.13288893784023084,0.35268269418076187,4.024145381904222,3.9614586043546285,2.1837540556504895,0.4058871520855153,2.951694664764671e-06,6.045070673438046,1.0000000020726878
600.0,0.6352283054146753,1.5,3.0315219346173365,-0.12039927640210044,0.3565649074429008,4.026728323610545,3.9614586043546285,3.275631083475734,0.4058871520855153,2.951694664764671e-06,6.045070673438046,1.0000000054500038
600.0,0.6352283054146753,2.0,3.1566336609293786,-0.10283580800037495,0.3623760004095937,4.030841561937254,3.9614586043546285,4.367508111300979,0.4058871520855153,2.951694664764671e-06,6.045070673438046,1.0000000051665603
600.0,0.6352283054146753,2.5,3.3220342797027382,-0.08065588175294522,0.37055670395124646,4.037213600282693,3.9614586043546285,5.4593851391262245,0.4058871520855153,2.951694664764671e-06,6.045070673438046,1.0000000005797343
600.0,0.6352283054146753,3.0,3.5295828316182525,-0.05433661303148491,0.38178228268924236,4.047330798425617,3.9614586043546285,6.551262166951468,0.4058871520855153,2.951694664764671e-06,6.045070673438046,0.9999999969146532
600.0,0.6352283054146753,3.5,3.7907570021379304,-0.02333404546998032,0.39707796269957174,4.064632788922268,3.9614586043546285,7.6431391947767136,0.4058871520855153,2.951694664764671e-06,6.045070673438046,1.0000000008587555
600.0,0.6352283054146753,4.0,4.160473664987808,0.01708278602476747,0.41872604279846165,4.099112569395555,3.9614586043546285,8.735016222601958,0.4058871520855153,2.951694664764671e-06,6.045070673438046,1.0000000019995974
600.0,0.6352283054146753,4.5,4.855469131903255,0.08417120616093839,0.45221350252313103,4.196652154588913,3.9614586043546285,9.826893250427204,0.4058871520855153,2.951694664764671e-06,6.045070673438046,1.00000000115665
600.0,0.6352283054146753,5.0,5.7240545369660145,0.15564377159879933,0.5010516823955792,7.312111874918719,3.9614586043546285,10.918770278252449,0.4058871520855153,2.951694664764671e-06,6.045070673438046,1.0000000011682904
600.0,0.6352283054146753,5.5,6.6064730042573885,0.21790967336271538,0.5783606194850791,7.318659837542737,3.9614586043546285,12.010647306077693,0.4058871520855153,2.951694664764671e-06,6.045070673438046,1.000000000546213
600.0,0.6352283054146753,6.0,7.36821773414825,0.26530245964773796,0.6946580135295939,3.847127503938523,3.9614586043546285,13.102524333902936,0.4058871520855153,2.951694664764671e-06,6.045070673438046,0.9999999995456461
550.0,0.6353883327016112,0.0,2.638237643330909,-0.18074607860932856,0.3816163578309454,3.6861419720006454,3.6304224746915073,0.0,0.37196951584953974,2.7050386535932084e-06,5.539919162558891,1.00000000028744
550.0,0.6353883327016112,0.5,2.65629914765023,-0.17778300841138062,0.38256224779822645,3.6866427275483997,3.6304224746915073,1.0921520944696954,0.37196951584953974,2.7050386535932084e-06,5.539919162558891,0.9999999960507798
550.0,0.6353883327016112,1.0,2.7113237931634813,-0.16887860610190306,0.3854748977340561,3.6882175778507595,3.6304224746915073,2.184304188939391,0.37196951584953974,2.7050386535932084e-06,5.539919162558891,0.9999999998317264
550.0,0.6353883327016112,1.5,2.8059097370152952,-0.15398629517970264,0.39059160971183887,3.6911121332058534,3.6304224746915073,3.276456283409086,0.37196951584953974,2.7050386535932084e-06,5.539919162558891,0.9999999970863368
550.0,0.6353883327016112,2.0,2.9446558053982876,-0.13302545300354862,0.39835220046549197,3.695852882346561,3.6304224746915073,4.368608377878782,0.37196951584953974,2.7050386535932084e-06,5.539919162558891,0.9999999970125691
550.0,0.6353883327016112,2.5,3.12578346421426,-0.10710110195512183,0.4094779967212505,3.703534524807231,3.6304224746915073,5.460760472348476,0.37196951584953974,2.7050386535932084e-06,5.539919162558891,1.0000000029490355
550.0,0.6353883327016112,3.0,3.3593858645460872,-0.07580010084784336,0.42511143008292385,3.7166578675759587,3.6304224746915073,6.552912566818172,0.37196951584953974,2.7050386535932084e-06,5.539919162558891,0.9999999988725109
550.0,0.6353883327016112,3.5,3.657005061613272,-0.03893442988814271,0.4470580014619276,3.7421985570853895,3.6304224746915073,7.6450646612878685,0.37196951584953974,2.7050386535932084e-06,5.539919162558891,0.9999999998676542
550.0,0.6353883327016112,4.0,4.26986632955641,0.028354288089399916,0.4824482306979288,3.809214544148738,3.6304224746915073,8.737216755757563,0.37196951584953974,2.7050386535932084e-06,5.539919162558891,0.9999999990459424
550.0,0.6353883327016112,4.5,5.10187273515377,0.10566962972162124,0.5350959113527659,6.7001604630134155,3.6304224746915073,9.829368850227258,0.37196951584953974,2.7050386535932084e-06,5.539919162558891,1.000000001072438
550.0,0.6353883327016112,5.0,5.98749687357251,0.175185308323791,0.6217996727584317,6.706507965078745,3.6304224746915073,10.921520944696953,0.37196951584953974,2.7050386535932084e-06,5.539919162558891,1.0000000024816942
550.0,0.6353883327016112,5.5,6.755769722769149,0.2276148464574672,0.7588465344228942,3.5252353742980875,3.6304224746915073,12.01367303916665,0.37196951584953974,2.7050386535932084e-06,5.539919162558891,1.0000000006526777
550.0,0.6353883327016112,6.0,7.304184679249546,0.261511754053296,0.903163956016493,6.727211387984503,3.6304224746915073,13.105825133636344,0.37196951584953974,2.7050386535932084e-06,5.539919162558891,0.9999999971954336
500.0,0.6377042156569663,0.0,2.3896878497327045,-0.22371881589959328,0.4213080133679601,3.3388685455030602,3.2883984121360186,0.0,0.33692606681721504,2.4501955007311724e-06,5.018000385497441,1.00000000028744
500.0,0.6377042156569663,0.5,2.4097911095394444,-0.22008059352745726,0.4225919919317365,3.3394269097538385,3.2883984121360186,1.0961328040453393,0.33692606681721504,2.4501955007311724e-06,5.018000385497441,0.9999999954468122
500.0,0.6377042156569663,1.0,2.4712520445645643,-0.2091429496970821,0.42656953456090724,3.3412023231800547,3.2883984121360186,2.1922656080906786,0.33692606681721504,2.4501955007311724e-06,5.018000385497441,0.9999999961257368
500.0,0.6377042156569663,1.5,2.577654715634864,-0.1908352494267452,0.4336427927643041,3.344545353363327,3.2883984121360186,3.288398412136018,0.33692606681721504,2.4501955007311724e-06,5.018000385497441,1.0000000056851732
500.0,0.6377042156569663,2.0,2.733383970474223,-0.1653593480929937,0.44457571042779287,3.350255629889297,3.2883984121360186,4.384531216181357,0.33692606681721504,2.4501955007311724e-06,5.018000385497441,0.9999999969588121
500.0,0.6377042156569663,2.5,2.9390106977592994,-0.13385882445597014,0.46066662613540976,3.3601872231624466,3.2883984121360186,5.480664020226698,0.33692606681721504,2.4501955007311724e-06,5.018000385497441,1.0000000015237747
500.0,0.6377042156569663,3.0,3.2103346290432357,-0.09550968790359048,0.4840703181049359,3.3794247455227575,3.2883984121360186,6.576796824272036,0.33692606681721504,2.4501955007311724e-06,5.018000385497441,1.00000000225397
500.0,0.6377042156569663,3.5,3.7120025793203517,-0.03245172200737537,0.5215957268291834,3.428075469691756,3.2883984121360186,7.672929628317376,0.33692606681721504,2.4501955007311724e-06,5.018000385497441,1.0000000028232914
500.0,0.6377042156569663,4.0,4.514581488393812,0.05255750513649714,0.5805997843047506,6.068261037307597,3.2883984121360186,8.769062432362714,0.33692606681721504,2.4501955007311724e-06,5.018000385497441,1.0000000000188285
500.0,0.6377042156569663,4.5,5.401707348614205,0.13047106014049856,0.6828864402907334,6.074502987300968,3.2883984121360186,9.865195236408054,0.33692606681721504,2.4501955007311724e-06,5.018000385497441,1.00000000065351
500.0,0.6377042156569663,5.0,6.161967710798433,0.18765942692124793,0.8513199584740306,3.1873450222556294,3.2883984121360186,10.961328040453395,0.33692606681721504,2.4501955007311724e-06,5.018000385497441,1.0000000019467234
500.0,0.6377042156569663,5.5,6.702714107752988,0.22419070440871475,1.0218690071608374,6.096095338374634,3.2883984121360186,12.057460844498733,0.33692606681721504,2.4501955007311724e-06,5.018000385497441,1.0000000003259841
500.0,0.6377042156569663,6.0,7.249286548755235,0.25823527549333164,1.1613340888613757,6.1183042757191695,3.2883984121360186,13.153593648544073,0.33692606681721504,2.4501955007311724e-06,5.018000385497441,1.0000000026264786
700.0,0.6534523701081816,0.0,3.2649351656297174,-0.0881854297563243,0.3083658907346954,4.561762879970798,4.4928075504023335,0.0,0.4603286424592555,3.347604355062406e-06,6.855893719167808,1.00000000028744
700.0,0.6534523701081816,0.5,3.2803531389454266,-0.0861393921163144,0.3088926790684409,4.562189341612459,4.4928075504023335,1.1232018876005831,0.4603286424592555,3.347604355062406e-06,6.855893719167808,0.9999999991905593
700.0,0.6534523701081816,1.0,3.327100516719654,-0.07999406957027494,0.31050169121630944,4.563510753950881,4.4928075504023335,2.2464037752011663,0.4603286424592555,3.347604355062406e-06,6.855893719167808,0.9999999982627981
700.0,0.6534523701081816,1.5,3.406689373918959,-0.06972745545396905,0.31328213943051936,4.565863754270379,4.4928075504023335,3.3696056628017494,0.4603286424592555,3.347604355062406e-06,6.855893719167808,0.9999999980101957
700.0,0.6534523701081816,2.0,3.521746795033872,-0.05530186328347626,0.3173940248192176,4.569518876057727,4.4928075504023335,4.492807550402333,0.4603286424592555,3.347604355062406e-06,6.855893719167808,1.0000000056851732
700.0,0.6534523701081816,2.5,3.6761865760697456,-0.03666244647534267,0.3230871566066093,4.5749675244502805,4.4928075504023335,5.616009438002916,0.4603286424592555,3.347604355062406e-06,6.855893719167808,1.000000004529754
700.0,0.6534523701081816,3.0,3.8647839377253397,-0.014934771799754583,0.33073278908213577,4.58311966669194,4.4928075504023335,6.739211325603499,0.4603286424592555,3.347604355062406e-06,6.855893719167808,1.0000000019519713
700.0,0.6534523701081816,3.5,4.0990335622830445,0.010621482942346,0.3408737064650261,4.595799289836229,4.4928075504023335,7.862413213204081,0.4603286424592555,3.347604355062406e-06,6.855893719167808,0.9999999997698662
700.0,0.6534523701081816,4.0,4.386152118141494,0.040023698239678475,0.35430319406312,4.617173197951631,4.4928075504023335,8.985615100804665,0.4603286424592555,3.347604355062406e-06,6.855893719167808,1.00000000225397
700.0,0.6534523701081816,4.5,4.8395967644821845,0.08274918637931779,0.37339888962978474,4.659194472084812,4.4928075504023335,10.10881698840525,0.4603286424592555,3.347604355062406e-06,6.855893719167808,0.999999998503826
700.0,0.6534523701081816,5.0,5.5730912903426955,0.14403616577226488,0.4011937274965306,4.775331435213097,4.4928075504023335,11.232018876005831,0.4603286424592555,3.347604355062406e-06,6.855893719167808,1.000000001022848
700.0,0.6534523701081816,5.5,6.467419606690592,0.2086710475932574,0.4405587028018096,8.2927338962809,4.4928075504023335,12.355220763606415,0.4603286424592555,3.347604355062406e-06,6.855893719167808,1.0000000016235995
700.0,0.6534523701081816,6.0,7.380137233782921,0.26600444628376746,0.4998216951714683,8.299351071806335,4.4928075504023335,13.478422651206998,0.4603286424592555,3.347604355062406e-06,6.855893719167808,1.00000000065351
650.0,0.661166582640109,0.0,2.996352617719596,-0.12546707051196299,0.33600672850936664,4.186499716964601,4.123216842488795,0.0,0.4224607420582782,3.0722212122231003e-06,6.291909042632909,1.00000000028744
650.0,0.661166582640109,0.5,3.0135613919864883,-0.12297994802796987,0.3367051149479336,4.1869762094786545,4.123216842488795,1.1364616422109743,0.4224607420582782,3.0722212122231003e-06,6.291909042632909,0.9999999999564586
650.0,0.661166582640109,1.0,3.0658584988183004,-0.11550788471062484,0.3388465721890173,4.188463309209337,4.123216842488795,2.2729232844219487,0.4224607420582782,3.0722212122231003e-06,6.291909042632909,1.0000000020726878
650.0,0.661166582640109,1.5,3.1553080689643513,-0.10301822327249442,0.3425764820430809,4.191151720173665,4.123216842488795,3.4093849266329226,0.4224607420582782,3.0722212122231003e-06,6.291909042632909,1.0000000054500038
650.0,0.661166582640109,2.0,3.2855284823634965,-0.08545475487076894,0.34815959957315845,4.195432914359871,4.123216842488795,4.545846568843897,0.4224607420582782,3.0722212122231003e-06,6.291909042632909,1.0000000051665603
650.0,0.661166582640109,2.5,3.4576829045590776,-0.06327482862333923,0.35601936530286804,4.2020651421453685,4.123216842488795,5.682308211054871,0.4224607420582782,3.0722212122231003e-06,6.291909042632909,1.0000000005797343
650.0,0.661166582640109,3.0,3.673706286439556,-0.03695555990187894,0.36680455249512156,4.212595455837362,4.123216842488795,6.818769853265845,0.4224607420582782,3.0722212122231003e-06,6.291909042632909,0.9999999969146532
650.0,0.661166582640109,3.5,3.945544981794348,-0.005952992340374352,0.38150016650260604,4.230603938507345,4.123216842488795,7.955231495476819,0.4224607420582782,3.0722212122231003e-06,6.291909042632909,1.0000000008587555
650.0,0.661166582640109,4.0,4.330358285039685,0.03446383915437347,0.4022989691005654,4.266491631847492,4.123216842488795,9.091693137687795,0.4224607420582782,3.0722212122231003e-06,6.291909042632909,1.0000000019995974
650.0,0.661166582640109,4.5,5.053732501670173,0.10155225929054441,0.4344726797085665,4.368014050897014,4.123216842488795,10.22815477989877,0.4224607420582782,3.0722212122231003e-06,6.291909042632909,1.00000000115665
650.0,0.661166582640109,5.0,5.957784854346005,0.17302482472840527,0.48139488517762186,7.610687337155426,4.123216842488795,11.364616422109743,0.4224607420582782,3.0722212122231003e-06,6.291909042632909,1.0000000011682904
650.0,0.661166582640109,5.5,6.87623511467674,0.23529072649232136,0.5556709093902733,7.617502672735522,4.123216842488795,12.501078064320717,0.4224607420582782,3.0722212122231003e-06,6.291909042632909,1.000000000546213
650.0,0.661166582640109,6.0,7.6690841669199,0.2826835127773439,0.6674058313944187,4.004217260279917,4.123216842488795,13.63753970653169,0.4224607420582782,3.0722212122231003e-06,6.291909042632909,0.9999999995456461
400.0,0.6636414694697732,0.0,1.8370328992205167,-0.3379430572203098,0.5480547686258845,2.5666998160231445,2.527901738092726,0.0,0.25900632562425474,1.883547152348251e-06,3.857504568009218,1.00000000028744
400.0,0.6636414694697732,0.5,1.8654661761597469,-0.3312726123227842,0.551136244455056,2.5674959749888346,2.527901738092726,1.1407156593143426,0.25900632562425474,1.883547152348251e-06,3.857504568009218,1.0000000059716971
400.0,0.6636414694697732,1.0,1.953784759371565,-0.31118327379068395,0.5609444928004472,2.570160592072442,2.527901738092726,2.281431318628685,0.25900632562425474,1.883547152348251e-06,3.857504568009218,0.9999999970863368
400.0,0.6636414694697732,1.5,2.109638185366814,-0.27785201355281874,0.5793895799611608,2.5758060390891857,2.527901738092726,3.422146977943027,0.25900632562425474,1.883547152348251e-06,3.857504568009218,0.9999999995092315
400.0,0.6636414694697732,2.0,2.3391760670035535,-0.23299707945882467,0.6105198104676816,2.5879483583077016,2.527901738092726,4.56286263725737,0.25900632562425474,1.883547152348251e-06,3.857504568009218,0.9999999988725109
400.0,0.6636414694697732,2.5,2.732616408151521,-0.1654813195750159,0.6647034673830324,2.6224013393898242,2.527901738092726,5.703578296571712,0.25900632562425474,1.883547152348251e-06,3.857504568009218,1.0000000014960317
400.0,0.6636414694697732,3.0,3.552488186879413,-0.05152734888936002,0.7684729961680806,4.665392911713675,2.527901738092726,6.844293955886054,0.25900632562425474,1.883547152348251e-06,3.857504568009218,1.000000001072438
400.0,0.6636414694697732,3.5,4.454085922883767,0.04669859933915459,0.9838067258016977,4.672536465200629,2.527901738092726,7.985009615200397,0.25900632562425474,1.883547152348251e-06,3.857504568009218,0.9999999991728602
400.0,0.6636414694697732,4.0,5.085981390525127,0.10431477544231474,1.297070481357965,4.684228758155276,2.527901738092726,9.12572527451474,0.25900632562425474,1.883547152348251e-06,3.857504568009218,0.9999999971954336
400.0,0.6636414694697732,4.5,5.648096636717574,0.14984212738755454,1.5461645761499232,4.707929023690246,2.527901738092726,10.266440933829083,0.25900632562425474,1.883547152348251e-06,3.857504568009218,1.000000001133577
400.0,0.6636414694697732,5.0,6.170710923467707,0.18827521036378003,1.8107397260812104,4.7860568834050214,2.527901738092726,11.407156593143425,0.25900632562425474,1.883547152348251e-06,3.857504568009218,1.0000000000737992
400.0,0.6636414694697732,5.5,6.790927231588261,0.22986908546642323,2.045529953221549,6.7553939091329624,2.527901738092726,12.547872252457767,0.25900632562425474,1.883547152348251e-06,3.857504568009218,1.0000000009548375
400.0,0.6636414694697732,6.0,7.69636081723245,0.2842254285723478,2.223353557405678,6.766847401281444,2.527901738092726,13.688587911772109,0.25900632562425474,1.883547152348251e-06,3.857504568009218,0.9999999994196668
600.0,0.6636414694697732,0.0,2.7555493488307747,-0.16185179816462864,0.36536984575058973,3.850049724034716,3.791852607139089,0.0,0.38850948843638206,2.8253207285223763e-06,5.7862568520138264,1.00000000028744
600.0,0.6636414694697732,0.5,2.774413974840421,-0.15888872796668074,0.36627546644621944,3.850572746146475,3.791852607139089,1.1407156593143426,0.38850948843638206,2.8253207285223763e-06,5.7862568520138264,0.9999999960507798
600.0,0.6636414694697732,1.0,2.8318853427048607,-0.14998432565720318,0.36906411645018744,3.8522176236411707,3.791852607139089,2.281431318628685,0.38850948843638206,2.8253207285223763e-06,5.7862568520138264,0.9999999998317264
600.0,0.6636414694697732,1.5,2.930677139057347,-0.1350920147350027,0.37396299520029824,3.855240888108663,3.791852607139089,3.422146977943027,0.38850948843638206,2.8253207285223763e-06,5.7862568520138264,0.9999999970863368
600.0,0.6636414694697732,2.0,3.075592681200429,-0.1141311725588487,0.3813931951600489,3.8601924390959934,3.791852607139089,4.56286263725737,0.38850948843638206,2.8253207285223763e-06,5.7862568520138264,0.9999999970125691
600.0,0.6636414694697732,2.5,3.264774350852996,-0.08820682151042192,0.39204533409068615,3.868215652976652,3.791852607139089,5.703578296571712,0.38850948843638206,2.8253207285223763e-06,5.7862568520138264,1.0000000029490355
600.0,0.6636414694697732,3.0,3.5087641005053296,-0.0569058204031435,0.4070132069784544,3.881922537461552,3.791852607139089,6.844293955886054,0.38850948843638206,2.8253207285223763e-06,5.7862568520138264,0.9999999988725109
600.0,0.6636414694697732,3.5,3.8196172136625646,-0.020040149443442814,0.428025449339022,3.9085989176293157,3.791852607139089,7.985009615200397,0.38850948843638206,2.8253207285223763e-06,5.7862568520138264,0.9999999998676542
600.0,0.6636414694697732,4.0,4.459729931360035,0.04724856853409983,0.46190901415928043,3.9785948332665866,3.791852607139089,9.12572527451474,0.38850948843638206,2.8253207285223763e-06,5.7862568520138264,0.9999999990459424
600.0,0.6636414694697732,4.5,5.3287322803191195,0.1245639101663212,0.5123153307787205,6.998089367570511,3.791852607139089,10.266440933829083,0.38850948843638206,2.8253207285223763e-06,5.7862568520138264,1.000000001072438
600.0,0.6636414694697732,5.0,6.253736524761431,0.1940795887684909,0.5953278622929427,7.00471911725475,3.791852607139089,11.407156593143425,0.38850948843638206,2.8253207285223763e-06,5.7862568520138264,1.0000000024816942
600.0,0.6636414694697732,5.5,7.05617134509677,0.24650912690216717,0.726540242683432,3.6819882638995094,3.791852607139089,12.547872252457767,0.38850948843638206,2.8253207285223763e-06,5.7862568520138264,1.0000000006526777
600.0,0.6636414694697732,6.0,7.62897208578769,0.28040603449799595,0.8647136542386434,7.026343137232913,3.791852607139089,13.688587911772109,0.38850948843638206,2.8253207285223763e-06,5.7862568520138264,0.9999999971954336
400.0,0.6682628855998672,0.0,1.8243287768535377,-0.340956882606291,0.5518712708555089,2.548949633892004,2.510419866632473,0.0,0.25721515026972064,1.8705213575910858e-06,3.830827740346544,1.00000000028744
400.0,0.6682628855998672,0.5,1.853367302031353,-0.33409849460068536,0.5550628484121468,2.549763141831823,2.510419866632473,1.1486592885031846,0.25721515026972064,1.8705213575910858e-06,3.830827740346544,1.0000000033487764
400.0,0.6682628855998672,1.0,1.943654870444944,-0.3134408403920825,0.5652388377808785,2.552494749111751,2.510419866632473,2.297318577006369,0.25721515026972064,1.8705213575910858e-06,3.830827740346544,1.0000000014350814
400.0,0.6682628855998672,1.5,2.1029159100942163,-0.27923808455330057,0.5844429668591776,2.5583280803336526,2.510419866632473,3.445977865509554,0.25721515026972064,1.8705213575910858e-06,3.830827740346544,0.9999999986843862
400.0,0.6682628855998672,2.0,2.338444478953946,-0.23313292829583057,0.6170366256092213,2.571091552844836,2.510419866632473,4.594637154012738,0.25721515026972064,1.8705213575910858e-06,3.830827740346544,0.9999999958150888
400.0,0.6682628855998672,2.5,2.762258874671538,-0.16079561376423973,0.6748701353380084,2.6090149765610806,2.510419866632473,5.7432964425159225,0.25721515026972064,1.8705213575910858e-06,3.830827740346544,0.9999999986581094
400.0,0.6682628855998672,3.0,3.603564525741968,-0.04532768834785219,0.7868137401204867,4.633621054674612,2.510419866632473,6.891955731019108,0.25721515026972064,1.8705213575910858e-06,3.830827740346544,0.999999999749558
400.0,0.6682628855998672,3.5,4.501098729739889,0.05125854778491704,1.021387642994568,4.641100534058922,2.510419866632473,8.040615019522292,0.25721515026972064,1.8705213575910858e-06,3.830827740346544,0.9999999995141944
400.0,0.6682628855998672,4.0,5.109777910942834,0.10634203323961496,1.335023120360795,4.6536323625102884,2.510419866632473,9.189274308025476,0.25721515026972064,1.8705213575910858e-06,3.830827740346544,1.0000000001051053
400.0,0.6682628855998672,4.5,5.676834571728479,0.15204624733425312,1.5896703047776342,4.680220708706163,2.510419866632473,10.33793359652866,0.25721515026972064,1.8705213575910858e-06,3.830827740346544,0.9999999998231729
400.0,0.6682628855998672,5.0,6.205025411842029,0.19068357310471848,1.8597818179921224,6.70221142587916,2.510419866632473,11.486592885031845,0.25721515026972064,1.8705213575910858e-06,3.830827740346544,1.0000000002210603
400.0,0.6682628855998672,5.5,6.875801473993092,0.2352633374209085,2.0911594818364745,6.710087415199325,2.510419866632473,12.635252173535031,0.25721515026972064,1.8705213575910858e-06,3.830827740346544,0.9999999996812395
400.0,0.6682628855998672,6.0,7.80350120282771,0.29022951032446925,2.264835366574092,6.722637070980173,2.510419866632473,13.783911462038215,0.25721515026972064,1.8705213575910858e-06,3.830827740346544,1.0000000003512448
450.0,0.6682628855998672,0.0,2.05236987396023,-0.28980436015890965,0.49055224076045245,2.8675683381285046,2.824222349961533,0.0,0.2893670440534357,2.1043365272899715e-06,4.309681207889861,1.00000000028744
450.0,0.6682628855998672,0.5,2.0781336805969985,-0.2843865102443115,0.4927866926396914,2.8682873621001375,2.824222349961533,1.1486592885031846,0.2893670440534357,2.1043365272899715e-06,4.309681207889861,1.0000000024281948
450.0,0.6682628855998672,1.0,2.1576365224704186,-0.26808170648661156,0.49981935389662335,2.870642571490126,2.824222349961533,2.297318577006369,0.2893670440534357,2.1043365272899715e-06,4.309681207889861,0.9999999978664459
450.0,0.6682628855998672,1.5,2.2978907591178235,-0.24073061268501464,0.5127401188103202,2.8753853314278297,2.824222349961533,3.445977865509554,0.2893670440534357,2.1043365272899715e-06,4.309681207889861,1.0000000012968258
450.0,0.6682628855998672,2.0,2.500308908276664,-0.20406632310704448,0.5337563749304759,2.884571229916362,2.824222349961533,4.594637154012738,0.2893670440534357,2.1043365272899715e-06,4.309681207889861,0.999999996490265
450.0,0.6682628855998672,2.5,2.784241929707915,-0.1573530218218439,0.566990310450566,2.904912604586783,2.824222349961533,5.7432964425159225,0.2893670440534357,2.1043365272899715e-06,4.309681207889861,1.0000000007888772
450.0,0.6682628855998672,3.0,3.3846531939429894,-0.0725458156991079,0.626443282007948,2.974799608722965,2.824222349961533,6.891955731019108,0.2893670440534357,2.1043365272899715e-06,4.309681207889861,1.000000000489245
450.0,0.6682628855998672,3.5,4.297433272289312,0.031149150645082755,0.7329705833661567,5.214399300289626,2.824222349961533,8.040615019522292,0.2893670440534357,2.1043365272899715e-06,4.309681207889861,1.0000000030741922
450.0,0.6682628855998672,4.0,5.161639386630651,0.11072766833996621,0.9398730635207637,5.222436134026112,2.824222349961533,9.189274308025476,0.2893670440534357,2.1043365272899715e-06,4.309681207889861,0.9999999998444866
450.0,0.6682628855998672,4.5,5.748500149810689,0.1574945556869963,1.1866872180984844,5.235336407824074,2.824222349961533,10.33793359652866,0.2893670440534357,2.1043365272899715e-06,4.309681207889861,1.0000000001051053
450.0,0.6682628855998672,5.0,6.318273606690057,0.1985384373482977,1.3869935966597864,5.26032734117764,2.824222349961533,11.486592885031845,0.2893670440534357,2.1043365272899715e-06,4.309681207889861,1.0000000004706506
450.0,0.6682628855998672,5.5,6.843756066419807,0.23323453015831092,1.6005389667361531,5.33237593076309,2.824222349961533,12.635252173535031,0.2893670440534357,2.1043365272899715e-06,4.309681207889861,0.9999999997776181
450.0,0.6682628855998672,6.0,7.440564762545315,0.2695459098023612,1.7958776002489993,7.5454910341391255,2.824222349961533,13.783911462038215,0.2893670440534357,2.1043365272899715e-06,4.309681207889861,1.000000000094381
500.0,0.6682628855998672,0.0,2.2804109710669223,-0.24404686959823452,0.4414970166844071,3.186187042365005,3.138024833290592,0.0,0.3215189378371508,2.338151696988857e-06,4.788534675433179,1.00000000028744
500.0,0.6682628855998672,0.5,2.303567451282542,-0.23965905787756514,0.44312226240074887,3.186831496853603,3.138024833290592,1.1486592885031846,0.3215189378371508,2.338151696988857e-06,4.788534675433179,0.9999999992121978
500.0,0.6682628855998672,1.0,2.3746404632455915,-0.22646212753490028,0.44819059045482385,3.188906299145332,3.138024833290592,2.297318577006369,0.3215189378371508,2.338151696988857e-06,4.788534675433179,1.0000000029149274
500.0,0.6682628855998672,1.5,2.4986615475206984,-0.20435255793009222,0.4573276631416646,3.1929223331494274,3.138024833290592,3.445977865509554,0.3215189378371508,2.338151696988857e-06,4.788534675433179,0.999999992415468
500.0,0.6682628855998672,2.0,2.6786643488264352,-0.17414169376496405,0.47175420551215735,3.2001344292252636,3.138024833290592,4.594637154012738,0.3215189378371508,2.338151696988857e-06,4.788534675433179,1.0000000047262363
500.0,0.6682628855998672,2.5,2.923055598692432,-0.13622291528777422,0.493629300487377,3.2138644410560455,3.138024833290592,5.7432964425159225,0.3215189378371508,2.338151696988857e-06,4.788534675433179,0.9999999958150888
500.0,0.6682628855998672,3.0,3.2795037466554335,-0.08625185993169812,0.5274728860714684,3.245801784987414,3.138024833290592,6.891955731019108,0.3215189378371508,2.338151696988857e-06,4.788534675433179,1.0000000020058335
500.0,0.6682628855998672,3.5,4.04794927323826,0.005175070188873078,0.586316545868921,5.789215044157557,3.138024833290592,8.040615019522292,0.3215189378371508,2.338151696988857e-06,4.788534675433179,1.0000000002328306
500.0,0.6682628855998672,4.0,4.980459574387087,0.09520942802038783,0.6864880490018707,5.79529292361344,3.138024833290592,9.189274308025476,0.3215189378371508,2.338151696988857e-06,4.788534675433179,0.9999999982228587
500.0,0.6682628855998672,4.5,5.8143477608753305,0.16244101238997863,0.8692543266341064,3.050130321185321,3.138024833290592,10.33793359652866,0.3215189378371508,2.338151696988857e-06,4.788534675433179,0.9999999985160994
500.0,0.6682628855998672,5.0,6.387222388678543,0.20325204624767138,1.068018496288636,5.81704045313786,3.138024833290592,11.486592885031845,0.3215189378371508,2.338151696988857e-06,4.788534675433179,1.0000000001051053
500.0,0.6682628855998672,5.5,6.958317527486984,0.2404442516074667,1.229322029667425,5.840888124654103,3.138024833290592,12.635252173535031,0.3215189378371508,2.338151696988857e-06,4.788534675433179,0.9999999998609922
500.0,0.6682628855998672,6.0,7.487218875269585,0.27226053779745774,1.4013698678654842,5.898598472057643,3.138024833290592,13.783911462038215,0.3215189378371508,2.338151696988857e-06,4.788534675433179,0.9999999986194176
550.0,0.6682628855998672,0.0,2.508452068173614,-0.20265418444000957,0.4013609242585521,3.5048057466015052,3.4518273166196503,0.0,0.3536708316208658,2.5719668666877425e-06,5.267388142976497,1.00000000028744
550.0,0.6682628855998672,0.5,2.5294826344823678,-0.19902828911109752,0.4025799416707655,3.5053898780223247,3.4518273166196503,1.1486592885031846,0.3536708316208658,2.5719668666877425e-06,5.267388142976497,0.9999999987574041
550.0,0.6682628855998672,1.0,2.593774430644517,-0.18812778665236893,0.4063558079251364,3.507246783662718,3.4518273166196503,2.297318577006369,0.3536708316208658,2.5719668666877425e-06,5.267388142976497,0.9999999988628413
550.0,0.6682628855998672,1.5,2.705063628586152,-0.16988250627766396,0.41306893190830135,3.510741688902449,3.4518273166196503,3.445977865509554,0.3536708316208658,2.5719668666877425e-06,5.267388142976497,1.0000000044594928
550.0,0.6682628855998672,2.0,2.867974135559605,-0.144484760941123,0.42344158239807633,3.5167064416527216,3.4518273166196503,4.594637154012738,0.3536708316208658,2.5719668666877425e-06,5.267388142976497,1.0000000064348733
550.0,0.6682628855998672,2.5,3.0829754058927707,-0.11308993112550879,0.4387006112986517,3.5270666946775084,3.4518273166196503,5.7432964425159225,0.3536708316208658,2.5719668666877425e-06,5.267388142976497,0.9999999979817128
550.0,0.6682628855998672,3.0,3.366593586726907,-0.07486929955974951,0.4608801176029789,3.547083722848247,3.4518273166196503,6.891955731019108,0.3536708316208658,2.5719668666877425e-06,5.267388142976497,1.0000000026811735
550.0,0.6682628855998672,3.5,3.8878508928126063,-0.01235039085316301,0.49635918563918513,3.597399621589875,3.4518273166196503,8.040615019522292,0.3536708316208658,2.5719668666877425e-06,5.267388142976497,0.9999999973376663
550.0,0.6682628855998672,4.0,4.726559298245994,0.0724851194872419,0.5521858861001124,6.369768532638834,3.4518273166196503,9.189274308025476,0.3536708316208658,2.5719668666877425e-06,5.267388142976497,1.0000000007298508
550.0,0.6682628855998672,4.5,5.656314017469093,0.15047352054087232,0.6484822047693085,6.3762821762565745,3.4518273166196503,10.33793359652866,0.3536708316208658,2.5719668666877425e-06,5.267388142976497,1.0000000019430968
550.0,0.6682628855998672,5.0,6.457793972254817,0.20802419395829697,0.8079990909343348,3.3472413505040475,3.4518273166196503,11.486592885031845,0.3536708316208658,2.5719668666877425e-06,5.267388142976497,0.9999999997820679
550.0,0.6682628855998672,5.5,7.025944627546396,0.24464473140589635,0.9709259057169419,6.398744498451646,3.4518273166196503,12.635252173535031,0.3536708316208658,2.5719668666877425e-06,5.267388142976497,1.0000000001051053
550.0,0.6682628855998672,6.0,7.598139567161188,0.2786472753441829,1.1037374017883201,6.4217339092423815,3.4518273166196503,13.783911462038215,0.3536708316208658,2.5719668666877425e-06,5.267388142976497,0.9999999984300838
600.0,0.6682628855998672,0.0,2.7364931652803066,-0.1648656235506097,0.3679141805703393,3.823424450838006,3.7656297999487105,0.0,0.38582272540458096,2.8057820363866286e-06,5.7462416105198155,1.00000000028744
600.0,0.6682628855998672,0.5,2.7557567121900064,-0.1618191174309845,0.36885195825033773,3.8239586831951913,3.7656297999487105,1.1486592885031846,0.38582272540458096,2.8057820363866286e-06,5.7462416105198155,0.9999999981074118
600.0,0.6682628855998672,1.0,2.814468980716187,-0.15266352482242512,0.37174170847587756,3.8256409882601363,3.7656297999487105,2.297318577006369,0.38582272540458096,2.8057820363866286e-06,5.7462416105198155,1.0000000037176968
600.0,0.6682628855998672,1.5,2.915482305667416,-0.1373495813364012,0.37682589185391907,3.828742123667627,3.7656297999487105,3.445977865509554,0.38582272540458096,2.8057820363866286e-06,5.7462416105198155,1.0000000014350814
600.0,0.6682628855998672,2.0,3.0638543454904315,-0.11579187607671466,0.38455508910774017,3.8338471085704398,3.7656297999487105,4.594637154012738,0.38582272540458096,2.8057820363866286e-06,5.7462416105198155,1.0000000012968258
600.0,0.6682628855998672,2.5,3.2572058387728373,-0.08921478670275675,0.395671543671185,3.842187440978512,3.7656297999487105,5.7432964425159225,0.38582272540458096,2.8057820363866286e-06,5.7462416105198155,0.9999999988195156
600.0,0.6682628855998672,3.0,3.5076667184309183,-0.05704166924014939,0.41135775040614764,3.8566373292672544,3.7656297999487105,6.891955731019108,0.38582272540458096,2.8057820363866286e-06,5.7462416105198155,0.9999999958150888
600.0,0.6682628855998672,3.5,3.8274609393688066,-0.019149224068218323,0.4334955745778613,3.8855132842086353,3.7656297999487105,8.040615019522292,0.38582272540458096,2.8057820363866286e-06,5.7462416105198155,1.000000001358563
600.0,0.6682628855998672,4.0,4.512870925257319,0.05239292090919206,0.4698324615059609,3.9663994782972862,3.7656297999487105,9.189274308025476,0.38582272540458096,2.8057820363866286e-06,5.7462416105198155,1.000000000489245
600.0,0.6682628855998672,4.5,5.4053467886129525,0.13076357070782907,0.5245424934136579,6.950431582011919,3.7656297999487105,10.33793359652866,0.38582272540458096,2.8057820363866286e-06,5.7462416105198155,0.999999999749558
600.0,0.6682628855998672,5.0,6.333622280575366,0.19959216837840518,0.6156062948393911,6.957350394691606,3.7656297999487105,11.486592885031845,0.38582272540458096,2.8057820363866286e-06,5.7462416105198155,1.0000000003015044
600.0,0.6682628855998672,5.5,7.100316332346089,0.24921770645195931,0.7542210629140722,3.6430188146394347,3.7656297999487105,12.635252173535031,0.38582272540458096,2.8057820363866286e-06,5.7462416105198155,0.9999999991034143
600.0,0.6682628855998672,6.0,7.664666866414252,0.28243329229529623,0.8900154135738634,6.980448543765433,3.7656297999487105,13.783911462038215,0.38582272540458096,2.8057820363866286e-06,5.7462416105198155,1.0000000001051053
650.0,0.6682628855998672,0.0,2.9645342623869984,-0.13010351729139785,0.33961308975723636,4.142043155074506,4.079432283277769,0.0,0.417974619188296,3.039597206085514e-06,6.2250950780631324,1.00000000028744
650.0,0.6682628855998672,0.5,2.9823056343306513,-0.12750784231778658,0.34034994422711246,4.1425353692732,4.079432283277769,1.1486592885031846,0.417974619188296,3.039597206085514e-06,6.2250950780631324,1.0000000051088214
650.0,0.6682628855998672,1.0,3.0363428652013007,-0.11970918060733074,0.3426115232741304,4.144074210911191,4.079432283277769,2.297318577006369,0.417974619188296,3.039597206085514e-06,6.2250950780631324,1.0000000006185037
650.0,0.6682628855998672,1.5,3.1288741128608937,-0.10667190123695615,0.3465583430801023,4.146866701881653,4.079432283277769,3.445977865509554,0.417974619188296,3.039597206085514e-06,6.2250950780631324,0.9999999989472946
650.0,0.6682628855998672,2.0,3.2638134877964067,-0.08833465850570109,0.35248384579179237,4.151341557134525,4.079432283277769,4.594637154012738,0.417974619188296,3.039597206085514e-06,6.2250950780631324,1.0000000009976682
650.0,0.6682628855998672,2.5,3.4416162938845134,-0.06529754216899454,0.3608601630085999,4.158343005267133,4.079432283277769,5.7432964425159225,0.417974619188296,3.039597206085514e-06,6.2250950780631324,0.9999999999803504
650.0,0.6682628855998672,3.0,3.666224138550248,-0.037840978830532716,0.3724159434480715,4.169636297320201,4.079432283277769,6.891955731019108,0.417974619188296,3.039597206085514e-06,6.2250950780631324,1.0000000029506666
650.0,0.6682628855998672,3.5,3.9496611958969283,-0.005500148122549494,0.38826802481422146,4.18947146792538,4.079432283277769,8.040615019522292,0.417974619188296,3.039597206085514e-06,6.2250950780631324,1.0000000001253828
650.0,0.6682628855998672,4.0,4.400713506629717,0.04146310490147271,0.4115088710528383,4.231093517132244,4.079432283277769,9.189274308025476,0.417974619188296,3.039597206085514e-06,6.2250950780631324,1.00000000026591
650.0,0.6682628855998672,4.5,5.171051446562978,0.11151886724226427,0.4467853719551042,4.366571831985406,4.079432283277769,10.33793359652866,0.417974619188296,3.039597206085514e-06,6.2250950780631324,0.9999999999708759
650.0,0.6682628855998672,5.0,6.101388562777889,0.18336869229363514,0.5000011713625457,7.53118888656228,4.079432283277769,11.486592885031845,0.417974619188296,3.039597206085514e-06,6.2250950780631324,1.0000000013029178
650.0,0.6682628855998672,5.5,7.005714835102408,0.24339246422551183,0.5854899696955739,7.538485653436833,4.079432283277769,12.635252173535031,0.417974619188296,3.039597206085514e-06,6.2250950780631324,0.9999999994348866
650.0,0.6682628855998672,6.0,7.742159188221353,0.2868021053702112,0.7067722738531422,3.937489330238398,4.079432283277769,13.783911462038215,0.417974619188296,3.039597206085514e-06,6.2250950780631324,0.9999999986033125
700.0,0.6682628855998672,0.0,3.1925753594936905,-0.09791883391999659,0.3153550119174337,4.460661859311007,4.393234766606828,0.0,0.45012651297201106,3.2734123757844e-06,6.703948545606451,1.00000000028744
700.0,0.6682628855998672,0.5,3.2090696752878185,-0.09568084473276241,0.31594451517725336,4.461118302392298,4.393234766606828,1.1486592885031846,0.45012651297201106,3.2734123757844e-06,6.703948545606451,0.9999999991668841
700.0,0.6682628855998672,1.0,3.259130639196665,-0.08895822222669846,0.3177481370792132,4.462536950257458,4.393234766606828,2.297318577006369,0.45012651297201106,3.2734123757844e-06,6.703948545606451,0.9999999987257802
700.0,0.6682628855998672,1.5,3.344532355957271,-0.077724589530646,0.32087560119716174,4.465079959397937,4.393234766606828,3.445977865509554,0.45012651297201106,3.2734123757844e-06,6.703948545606451,1.0000000011552714
700.0,0.6682628855998672,2.0,3.4683691185990924,-0.061934680597544416,0.32552502538465333,4.46907259200492,4.393234766606828,4.594637154012738,0.45012651297201106,3.2734123757844e-06,6.703948545606451,0.9999999996938137
700.0,0.6682628855998672,2.5,3.633545692805948,-0.04172936539543246,0.33200895774926376,4.4751224816586515,4.393234766606828,5.7432964425159225,0.45012651297201106,3.2734123757844e-06,6.703948545606451,0.9999999993928435
700.0,0.6682628855998672,3.0,3.8373986540765777,-0.018023072433991524,0.3407982088191579,4.484403450219504,4.393234766606828,6.891955731019108,0.45012651297201106,3.2734123757844e-06,6.703948545606451,1.000000002046826
700.0,0.6682628855998672,3.5,4.092277838169404,0.009905120390463767,0.3525923574909837,4.499410217478463,4.393234766606828,8.040615019522292,0.45012651297201106,3.2734123757844e-06,6.703948545606451,0.9999999958150888
700.0,0.6682628855998672,4.0,4.406511475301853,0.04203491410800037,0.36843381342786424,4.526425570493,4.393234766606828,9.189274308025476,0.45012651297201106,3.2734123757844e-06,6.703948545606451,1.0000000010582653
700.0,0.6682628855998672,4.5,5.014560117901662,0.09817285096430962,0.39258295771531354,4.586885452023266,4.393234766606828,10.33793359652866,0.45012651297201106,3.2734123757844e-06,6.703948545606451,0.9999999990274645
700.0,0.6682628855998672,5.0,5.849690811966675,0.16507292053107953,0.4264562113595827,8.105969526229503,4.393234766606828,11.486592885031845,0.45012651297201106,3.2734123757844e-06,6.703948545606451,1.0000000004238945
700.0,0.6682628855998672,5.5,6.789136112750167,0.22975452443491634,0.47783356337240795,8.112028138054079,4.393234766606828,12.635252173535031,0.45012651297201106,3.2734123757844e-06,6.703948545606451,0.9999999999162205
700.0,0.6682628855998672,6.0,7.673912630465546,0.2829568590044028,0.5578811876562046,8.119677605853159,4.393234766606828,13.783911462038215,0.45012651297201106,3.2734123757844e-06,6.703948545606451,0.999999999287388
550.0,0.6688298238964329,0.0,2.5063257611643635,-0.20302247332048085,0.401701429295732,3.501834873400613,3.4489013509569326,0.0,0.3533710400570627,2.569786720913548e-06,5.262923204430946,1.00000000028744
550.0,0.6688298238964329,0.5,2.527410237926736,-0.1993842509483448,0.40292565482168613,3.502420490767331,3.4489013509569326,1.149633783652311,0.3533710400570627,2.569786720913548e-06,5.262923204430946,0.9999999954468122
550.0,0.6688298238964329,1.0,2.591871010397892,-0.18844660711796968,0.40671809291572986,3.5042825600779066,3.4489013509569326,2.299267567304622,0.3533710400570627,2.569786720913548e-06,5.262923204430946,0.9999999961257368
550.0,0.6688298238964329,1.5,2.7034670732853607,-0.1701389068476328,0.41346217999674334,3.507788759713822,3.4489013509569326,3.4489013509569326,0.3533710400570627,2.569786720913548e-06,5.262923204430946,1.0000000056851732
550.0,0.6688298238964329,2.0,2.8667972936798245,-0.14466300551388134,0.4238863079801822,3.513777748259758,3.4489013509569326,4.598535134609244,0.3533710400570627,2.569786720913548e-06,5.262923204430946,0.9999999969588121
550.0,0.6688298238964329,2.5,3.0824604246766834,-0.11316248187685772,0.43922839413409914,3.524194091161064,3.4489013509569326,5.7481689182615545,0.3533710400570627,2.569786720913548e-06,5.262923204430946,1.0000000015237747
550.0,0.6688298238964329,3.0,3.3670273645275857,-0.0748133453244781,0.4615429388772699,3.5443705748294296,3.4489013509569326,6.897802701913865,0.3533710400570627,2.569786720913548e-06,5.262923204430946,1.00000000225397
550.0,0.6688298238964329,3.5,3.8931811496216087,-0.01175537942826297,0.49732201224198996,3.5953958848077607,3.4489013509569326,8.047436485566177,0.3533710400570627,2.569786720913548e-06,5.262923204430946,1.0000000028232914
550.0,0.6688298238964329,4.0,4.7349330108126,0.07325384771560946,0.5535801736586401,6.3644458689343875,3.4489013509569326,9.197070269218488,0.3533710400570627,2.569786720913548e-06,5.262923204430946,1.0000000000188285
550.0,0.6688298238964329,4.5,5.665358462452306,0.15116740271961096,0.6511066735203085,6.370992481317271,3.4489013509569326,10.346704052870798,0.3533710400570627,2.569786720913548e-06,5.262923204430946,1.00000000065351
550.0,0.6688298238964329,5.0,6.462726257224168,0.2083557695003603,0.8117017318830997,3.3429156615127917,3.4489013509569326,11.496337836523109,0.3533710400570627,2.569786720913548e-06,5.262923204430946,1.0000000019467234
550.0,0.6688298238964329,5.5,7.029865862966234,0.2448870469878271,0.9743138694373951,6.393638730176128,3.4489013509569326,12.64597162017542,0.3533710400570627,2.569786720913548e-06,5.262923204430946,1.0000000003259841
550.0,0.6688298238964329,6.0,7.603115875255348,0.27893161807244404,1.1072886073449384,6.416931660171533,3.4489013509569326,13.79560540382773,0.3533710400570627,2.569786720913548e-06,5.262923204430946,1.0000000026264786
500.0,0.6695894264398147,0.0,2.2758931902216237,-0.24490811496953127,0.4423734140363581,3.17987480524101,3.1318080115581126,0.0,0.32088196839734767,2.3335195245058784e-06,4.779047986188039,1.00000000028744
500.0,0.6695894264398147,0.5,2.2991888627629007,-0.2404853442488117,0.4440149687620552,3.180523179582334,3.1318080115581126,1.1509394442476064,0.32088196839734767,2.3335195245058784e-06,4.779047986188039,0.9999999989817706
500.0,0.6695894264398147,1.0,2.3707023508532865,-0.2271829609670601,0.4491358085133861,3.1826119228236376,3.1318080115581126,2.301878888495213,0.32088196839734767,2.3335195245058784e-06,4.779047986188039,1.0000000077829772
500.0,0.6695894264398147,1.5,2.4955380268231258,-0.20489579932833724,0.4583734122705703,3.1866600557480993,3.1318080115581126,3.452818332742819,0.32088196839734767,2.3335195245058784e-06,4.779047986188039,1.0000000051665603
500.0,0.6695894264398147,2.0,2.6766718080971104,-0.1744648665624459,0.47297329880923544,3.1939476481347024,3.1318080115581126,4.603757776990426,0.32088196839734767,2.3335195245058784e-06,4.779047986188039,1.0000000024344822
500.0,0.6695894264398147,2.5,2.9228928358907322,-0.13624709852765277,0.4951424006098717,3.2078847867670355,3.1318080115581126,5.7546972212380325,0.32088196839734767,2.3335195245058784e-06,4.779047986188039,0.9999999960327765
500.0,0.6695894264398147,3.0,3.2891432316274525,-0.08497720530319479,0.5296512043489136,3.2406330261787426,3.1318080115581126,6.905636665485638,0.32088196839734767,2.3335195245058784e-06,4.779047986188039,1.0000000019995974
500.0,0.6695894264398147,3.5,4.065273298690856,0.007029756172497557,0.5895188063195842,5.777891892791613,3.1318080115581126,8.056576109733246,0.32088196839734767,2.3335195245058784e-06,4.779047986188039,0.9999999999264315
500.0,0.6695894264398147,4.0,4.999208871016404,0.09684129098070439,0.6919018035518149,5.784037624436955,3.1318080115581126,9.207515553980851,0.32088196839734767,2.3335195245058784e-06,4.779047986188039,1.000000002925019
500.0,0.6695894264398147,4.5,5.825087583988372,0.16324246831977562,0.8786806070566313,3.041421340381033,3.1318080115581126,10.358454998228456,0.32088196839734767,2.3335195245058784e-06,4.779047986188039,0.9999999995456461
500.0,0.6695894264398147,5.0,6.3955355462313035,0.20381692574859497,1.0767391476756247,5.8061960577113,3.1318080115581126,11.509394442476065,0.32088196839734767,2.3335195245058784e-06,4.779047986188039,1.0000000002650609
500.0,0.6695894264398147,5.5,6.968901126381094,0.24110431153722034,1.2392661390006718,5.830812267651723,3.1318080115581126,12.660333886723672,0.32088196839734767,2.3335195245058784e-06,4.779047986188039,1.000000001001905
500.0,0.6695894264398147,6.0,7.497360820325556,0.27284842101281936,1.4126568300156057,5.891803857353408,3.1318080115581126,13.811273330971275,0.32088196839734767,2.3335195245058784e-06,4.779047986188039,1.0000000007941885
700.0,0.6861249886135907,0.0,3.109462062504493,-0.10937472882626237,0.32378418527143016,4.344536076162665,4.278864333716509,0.0,0.4384082309135766,3.1881946238689583e-06,6.529422589683627,1.00000000028744
700.0,0.6861249886135907,0.5,3.1273204515367654,-0.1068876063422693,0.3244571672828893,4.345030555813277,4.278864333716509,1.1793619819806125,0.4384082309135766,3.1881946238689583e-06,6.529422589683627,0.9999999999564586
700.0,0.6861249886135907,1.0,3.1815917241201723,-0.09941554302492424,0.3265207271144852,4.346573792136121,4.278864333716509,2.358723963961225,0.4384082309135766,3.1881946238689583e-06,6.529422589683627,1.0000000020726878
700.0,0.6861249886135907,1.5,3.2744179299651175,-0.08692588158679385,0.330114958184177,4.34936368804242,4.278864333716509,3.538085945941838,0.4384082309135766,3.1881946238689583e-06,6.529422589683627,1.0000000054500038
700.0,0.6861249886135907,2.0,3.4095540393915367,-0.06936241318506838,0.3354949848543882,4.353806493213445,4.278864333716509,4.71744792792245,0.4384082309135766,3.1881946238689583e-06,6.529422589683627,1.0000000051665603
700.0,0.6861249886135907,2.5,3.5882071263292628,-0.047182486937638615,0.3430688446235308,4.360689081252962,4.278864333716509,5.896809909903062,0.4384082309135766,3.1881946238689583e-06,6.529422589683627,1.0000000005797343
700.0,0.6861249886135907,3.0,3.812385184211678,-0.020863218216178304,0.3534617110507468,4.371616904212746,4.278864333716509,7.076171891883676,0.4384082309135766,3.1881946238689583e-06,6.529422589683627,0.9999999969146532
700.0,0.6861249886135907,3.5,4.094485530254976,0.01013934934532621,0.367622759043999,4.390305189875265,4.278864333716509,8.255533873864287,0.4384082309135766,3.1881946238689583e-06,6.529422589683627,1.0000000008587555
700.0,0.6861249886135907,4.0,4.493825167556766,0.0505561808400741,0.3876649867210374,4.427547609306163,4.278864333716509,9.4348958558449,0.4384082309135766,3.1881946238689583e-06,6.529422589683627,1.0000000019995974
700.0,0.6861249886135907,4.5,5.244506068831418,0.11764460097624503,0.4186683500244602,4.5329024025509,4.278864333716509,10.61425783782551,0.4384082309135766,3.1881946238689583e-06,6.529422589683627,1.00000000115665
700.0,0.6861249886135907,5.0,6.182685532936968,0.18911716641410586,0.46388371858667987,7.897983503182857,4.278864333716509,11.793619819806125,0.4384082309135766,3.1881946238689583e-06,6.529422589683627,1.0000000011682904
700.0,0.6861249886135907,5.5,7.135806411937283,0.2513830681780219,0.5354578864361906,7.905056111161045,4.278864333716509,12.972981801786739,0.4384082309135766,3.1881946238689583e-06,6.529422589683627,1.000000000546213
700.0,0.6861249886135907,6.0,7.958584757404185,0.29877585446304455,0.643128351393771,4.155372631123105,4.278864333716509,14.152343783767352,0.4384082309135766,3.1881946238689583e-06,6.529422589683627,0.9999999995456461
650.0,0.6907399414154842,0.0,2.8680666946560334,-0.14447074503502258,0.3510359931365483,4.007258803388519,3.9466853236342265,0.0,0.40437349627399866,2.9406870490759577e-06,6.022527076507561,1.00000000028744
650.0,0.6907399414154842,0.5,2.8877016199344956,-0.14150767483707474,0.35190608535678153,4.007803182062027,3.9466853236342265,1.1872945015266296,0.40437349627399866,2.9406870490759577e-06,6.022527076507561,0.9999999960507798
650.0,0.6907399414154842,1.0,2.9475197161476037,-0.13260327252759707,0.3545853336172452,4.009515224839025,3.9466853236342265,2.3745890030532593,0.40437349627399866,2.9406870490759577e-06,6.022527076507561,0.9999999998317264
650.0,0.6907399414154842,1.5,3.05034547789418,-0.1177109616053967,0.35929202407706645,4.012661938263711,3.9466853236342265,3.5618835045798893,0.40437349627399866,2.9406870490759577e-06,6.022527076507561,0.9999999970863368
650.0,0.6907399414154842,2.0,3.201178356330907,-0.0967501194292427,0.3664307292888115,4.017815675931185,3.9466853236342265,4.7491780061065185,0.40437349627399866,2.9406870490759577e-06,6.022527076507561,0.9999999970125691
650.0,0.6907399414154842,2.5,3.398084881049899,-0.07082576838081585,0.37666497333504095,4.026166501702091,3.9466853236342265,5.936472507633148,0.40437349627399866,2.9406870490759577e-06,6.022527076507561,1.0000000029490355
650.0,0.6907399414154842,3.0,3.6520374640846573,-0.03952476727353744,0.3910456404464862,4.040433079397505,3.9466853236342265,7.123767009159779,0.40437349627399866,2.9406870490759577e-06,6.022527076507561,0.9999999988725109
650.0,0.6907399414154842,3.5,3.975583642328464,-0.002659096313836813,0.41123354990550265,4.0681987361895375,3.9466853236342265,8.311061510686407,0.40437349627399866,2.9406870490759577e-06,6.022527076507561,0.9999999998676542
650.0,0.6907399414154842,4.0,4.641834082456808,0.06462962166370587,0.44378782597952054,4.1410527950313405,3.9466853236342265,9.498356012213037,0.40437349627399866,2.9406870490759577e-06,6.022527076507561,0.9999999990459424
650.0,0.6907399414154842,4.5,5.546320404098973,0.1419449632959272,0.4922166485018342,7.283842348848493,3.9466853236342265,10.685650513739667,0.40437349627399866,2.9406870490759577e-06,6.022527076507561,1.000000001072438
650.0,0.6907399414154842,5.0,6.509095346607682,0.21146064189809693,0.5719725089861883,7.290742811099819,3.9466853236342265,11.872945015266296,0.40437349627399866,2.9406870490759577e-06,6.022527076507561,1.0000000024816942
650.0,0.6907399414154842,5.5,7.344295987747578,0.26389018003177317,0.6980372863559875,3.832334889696472,3.9466853236342265,13.060239516792926,0.40437349627399866,2.9406870490759577e-06,6.022527076507561,1.0000000006526777
650.0,0.6907399414154842,6.0,7.940485900930231,0.297787087627602,0.8307900061397063,7.3132498046799785,3.9466853236342265,14.247534018319557,0.40437349627399866,2.9406870490759577e-06,6.022527076507561,0.9999999971954336
400.0,0.6985699678629192,0.0,1.7451812542594907,-0.3602194519314621,0.5768997564482995,2.4383648252219867,2.4015066511880896,0.0,0.24605600934304198,1.7893697947308383e-06,3.664629339608757,1.00000000028744
400.0,0.6985699678629192,0.5,1.7784100321319274,-0.3520280917454127,0.5808954732726528,2.439299103163233,2.4015066511880896,1.2007533255940448,0.24605600934304198,1.7893697947308383e-06,3.664629339608757,0.9999999982627981
400.0,0.6985699678629192,1.0,1.8824528442837059,-0.3273358854586141,0.5937898487413684,2.4425105795149076,2.4015066511880896,2.4015066511880896,0.24605600934304198,1.7893697947308383e-06,3.664629339608757,1.0000000056851732
400.0,0.6985699678629192,1.5,2.065813909839328,-0.2869687939748924,0.6187443916587605,2.4497805079066888,2.4015066511880896,3.602259976782135,0.24605600934304198,1.7893697947308383e-06,3.664629339608757,1.0000000019519713
400.0,0.6985699678629192,2.0,2.3444969246226126,-0.2320103239354594,0.6628405816119372,2.467982886018626,2.4015066511880896,4.803013302376179,0.24605600934304198,1.7893697947308383e-06,3.664629339608757,1.00000000225397
400.0,0.6985699678629192,2.5,2.978942599096609,-0.12799785640287292,0.7505647370073826,2.5525220198369847,2.4015066511880896,6.003766627970225,0.24605600934304198,1.7893697947308383e-06,3.664629339608757,1.000000001022848
400.0,0.6985699678629192,3.0,3.9448492851698957,-0.006029575891370341,0.9350807689040986,4.436189749036343,2.4015066511880896,7.20451995356427,0.24605600934304198,1.7893697947308383e-06,3.664629339608757,1.00000000065351
400.0,0.6985699678629192,3.5,4.704784715747854,0.07047976419262375,1.2897973906184224,4.446682287270583,2.4015066511880896,8.405273279158314,0.24605600934304198,1.7893697947308383e-06,3.664629339608757,1.0000000007477603
400.0,0.6985699678629192,4.0,5.29413035809602,0.12173463946146272,1.5902221931727116,4.468177687322261,2.4015066511880896,9.606026604752358,0.24605600934304198,1.7893697947308383e-06,3.664629339608757,1.0000000026264786
400.0,0.6985699678629192,4.5,5.848310764316618,0.16497045053600293,1.8983778222079275,4.542439777902699,2.4015066511880896,10.806779930346403,0.24605600934304198,1.7893697947308383e-06,3.664629339608757,1.0000000004507135
400.0,0.6985699678629192,5.0,6.517241517595779,0.21200382416135957,2.1705198204775815,6.418318009961906,2.4015066511880896,12.00753325594045,0.24605600934304198,1.7893697947308383e-06,3.664629339608757,1.0000000001549096
400.0,0.6985699678629192,5.5,7.4842563026826685,0.27208866042021385,2.3708967274931227,6.431301141955351,2.4015066511880896,13.208286581534495,0.24605600934304198,1.7893697947308383e-06,3.664629339608757,0.9999999988884348
400.0,0.6985699678629192,6.0,8.33395290522421,0.31879105062254554,2.574124887800491,6.458262935983932,2.4015066511880896,14.40903990712854,0.24605600934304198,1.7893697947308383e-06,3.664629339608757,1.0000000004032377
600.0,0.6985699678629192,0.0,2.617771881389236,-0.18412819287578083,0.38459983763219974,3.65754723783298,3.602259976782134,0.0,0.369084014014563,2.6840546920962575e-06,5.496944009413135,1.00000000028744
600.0,0.6985699678629192,0.5,2.639793899140313,-0.18048997050364482,0.3857719443367555,3.6581588952238917,3.602259976782134,1.2007533255940448,0.369084014014563,2.6840546920962575e-06,5.496944009413135,0.9999999954468122
600.0,0.6985699678629192,1.0,2.7071209801775478,-0.1695523266732697,0.3894029273724807,3.660103763188764,3.602259976782134,2.4015066511880896,0.369084014014563,2.6840546920962575e-06,5.496944009413135,0.9999999961257368
600.0,0.6985699678629192,1.5,2.8236792664255588,-0.15124462640293282,0.39585989916091235,3.663765869272362,3.602259976782134,3.602259976782135,0.369084014014563,2.6840546920962575e-06,5.496944009413135,1.0000000056851732
600.0,0.6985699678629192,2.0,2.9942721179035336,-0.12576872506918135,0.40584024186697815,3.6700211637980935,3.602259976782134,4.803013302376179,0.369084014014563,2.6840546920962575e-06,5.496944009413135,0.9999999969588121
600.0,0.6985699678629192,2.5,3.219524911823532,-0.09426820143215776,0.4205291710402714,3.6809006791334347,3.602259976782134,6.003766627970225,0.369084014014563,2.6840546920962575e-06,5.496944009413135,1.0000000015237747
600.0,0.6985699678629192,3.0,3.5167453869339194,-0.055919064879778095,0.4418937210746248,3.7019743290279394,3.602259976782134,7.20451995356427,0.369084014014563,2.6840546920962575e-06,5.496944009413135,1.00000000225397
600.0,0.6985699678629192,3.5,4.066295092422232,0.007138901016436963,0.4761495758044106,3.755268527160584,3.602259976782134,8.405273279158314,0.369084014014563,2.6840546920962575e-06,5.496944009413135,1.0000000028232914
600.0,0.6985699678629192,4.0,4.945476237777076,0.09214812816030947,0.530012664577243,6.6474469099261375,3.602259976782134,9.606026604752358,0.369084014014563,2.6840546920962575e-06,5.496944009413135,1.0000000000188285
600.0,0.6985699678629192,4.5,5.917273927754844,0.17006168316431095,0.6233871792693991,6.654284623554514,3.602259976782134,10.806779930346403,0.369084014014563,2.6840546920962575e-06,5.496944009413135,1.00000000065351
600.0,0.6985699678629192,5.0,6.750097427645542,0.2272500499450603,0.7771452415176465,3.4915615344824276,3.602259976782134,12.00753325594045,0.369084014014563,2.6840546920962575e-06,5.496944009413135,1.0000000019467234
600.0,0.6985699678629192,5.5,7.342455426648847,0.2637813274325271,0.9328345100623314,6.6779378590597505,3.602259976782134,13.208286581534495,0.369084014014563,2.6840546920962575e-06,5.496944009413135,1.0000000003259841
600.0,0.6985699678629192,6.0,7.941195537144031,0.29782589851714397,1.0601481287818078,6.702266530983392,3.602259976782134,14.40903990712854,0.369084014014563,2.6840546920962575e-06,5.496944009413135,1.0000000026264786
550.0,0.7022713150912545,0.0,2.386976915394632,-0.22421177239041892,0.42178650076051855,3.3350808318101075,3.284667953292317,0.0,0.33654384767339307,2.4474159246795697e-06,5.0123078137437584,1.00000000028744
550.0,0.7022713150912545,0.5,2.4114096228799977,-0.21978900166969934,0.42335166177967004,3.3357608525562146,3.284667953292317,1.2071154728349265,0.33654384767339307,2.4474159246795697e-06,5.0123078137437584,0.9999999989817706
550.0,0.7022713150912545,1.0,2.4864136019527048,-0.20648661838794777,0.4282341909080857,3.337951544949249,3.284667953292317,2.414230945669853,0.33654384767339307,2.4474159246795697e-06,5.0123078137437584,1.0000000077829772
550.0,0.7022713150912545,1.5,2.6173423634771744,-0.18419945674922486,0.4370419005048353,3.3421972625789937,3.284667953292317,3.6213464185047797,0.33654384767339307,2.4474159246795697e-06,5.0123078137437584,1.0000000051665603
550.0,0.7022713150912545,2.0,2.8073170759798463,-0.15376852398333354,0.4509623461266829,3.3498405539559206,3.284667953292317,4.828461891339706,0.33654384767339307,2.4474159246795697e-06,5.0123078137437584,1.0000000024344822
550.0,0.7022713150912545,2.5,3.0655558685353457,-0.11555075594854038,0.47209975533076665,3.3644579482716854,3.284667953292317,6.035577364174633,0.33654384767339307,2.4474159246795697e-06,5.0123078137437584,0.9999999960327765
550.0,0.7022713150912545,3.0,3.449682524229837,-0.06428086272408244,0.5050026086955615,3.398804591528678,3.284667953292317,7.242692837009559,0.33654384767339307,2.4474159246795697e-06,5.0123078137437584,1.0000000019995974
550.0,0.7022713150912545,3.5,4.263694605896828,0.02772609875160991,0.5620841274824417,6.059904140930427,3.284667953292317,8.449808309844485,0.33654384767339307,2.4474159246795697e-06,5.0123078137437584,0.9999999999264315
550.0,0.7022713150912545,4.0,5.243214497772716,0.11753763355981672,0.6597024851182086,6.066349838658541,3.284667953292317,9.656923782679412,0.33654384767339307,2.4474159246795697e-06,5.0123078137437584,1.000000002925019
550.0,0.7022713150912545,4.5,6.109403399453094,0.18393881089888803,0.8377890867241046,3.1898696128051487,3.284667953292317,10.864039255514337,0.33654384767339307,2.4474159246795697e-06,5.0123078137437584,0.9999999995456461
550.0,0.7022713150912545,5.0,6.7076942696741115,0.22451326832770732,1.0266304956848935,6.089589799538261,3.284667953292317,12.071154728349265,0.33654384767339307,2.4474159246795697e-06,5.0123078137437584,1.0000000002650609
550.0,0.7022713150912545,5.5,7.309045163371424,0.2618006541163327,1.1815939016559687,6.115407498332191,3.284667953292317,13.278270201184192,0.33654384767339307,2.4474159246795697e-06,5.0123078137437584,1.000000001001905
550.0,0.7022713150912545,6.0,7.863298366281667,0.29354476359193177,1.3469154388621503,6.179376017275281,3.284667953292317,14.485385674019119,0.33654384767339307,2.4474159246795697e-06,5.0123078137437584,1.0000000007941885
450.0,0.7038980750080227,0.0,1.948467630452416,-0.31236679599661926,0.5167109911426497,2.7223962677703435,2.68124469176794,0.0,0.27471769382868233,1.997803446165089e-06,4.091501457746102,1.00000000028744
450.0,0.7038980750080227,0.5,1.9786256748550433,-0.3056963510990936,0.5196162344158092,2.7232407218756567,2.68124469176794,1.2099116671602825,0.27471769382868233,1.997803446165089e-06,4.091501457746102,1.0000000059716971
450.0,0.7038980750080227,1.0,2.072301678495841,-0.2856070125669933,0.5288635396379264,2.7260669750892834,2.68124469176794,2.419823334320565,0.27471769382868233,1.997803446165089e-06,4.091501457746102,0.9999999970863368
450.0,0.7038980750080227,1.5,2.237609200084435,-0.25227575232912813,0.5462537345858163,2.7320548758918366,2.68124469176794,3.629735001480848,0.27471769382868233,1.997803446165089e-06,4.091501457746102,0.9999999995092315
450.0,0.7038980750080227,2.0,2.4810708890512356,-0.20742081823513406,0.5756035973738978,2.744933750279953,2.68124469176794,4.83964666864113,0.27471769382868233,1.997803446165089e-06,4.091501457746102,0.9999999988725109
450.0,0.7038980750080227,2.5,2.8983773888783504,-0.1399050583513253,0.6266884390196712,2.781476655112844,2.68124469176794,6.049558335801413,0.27471769382868233,1.997803446165089e-06,4.091501457746102,1.0000000014960317
450.0,0.7038980750080227,3.0,3.767982730541304,-0.025951087665669417,0.7245232889989249,4.948396447158586,2.68124469176794,7.259470002961696,0.27471769382868233,1.997803446165089e-06,4.091501457746102,1.000000001072438
450.0,0.7038980750080227,3.5,4.72427154008798,0.0722748605628452,0.9275418762550864,4.955973329827178,2.68124469176794,8.46938167012198,0.27471769382868233,1.997803446165089e-06,4.091501457746102,0.9999999991728602
450.0,0.7038980750080227,4.0,5.394497895343355,0.12989103666600535,1.2228897773934884,4.968374879280954,2.68124469176794,9.67929333728226,0.27471769382868233,1.997803446165089e-06,4.091501457746102,0.9999999971954336
450.0,0.7038980750080227,4.5,5.990711148929892,0.17541838861124512,1.457737942168046,4.993512806994502,2.68124469176794,10.889205004442543,0.27471769382868233,1.997803446165089e-06,4.091501457746102,1.000000001133577
450.0,0.7038980750080227,5.0,6.545027308088877,0.21385147158747062,1.7071817857011942,5.076379916100366,2.68124469176794,12.099116671602825,0.27471769382868233,1.997803446165089e-06,4.091501457746102,1.0000000000737992
450.0,0.7038980750080227,5.5,7.202866044000671,0.2554453466901138,1.9285441347242118,7.165177264101326,2.68124469176794,13.309028338763108,0.27471769382868233,1.997803446165089e-06,4.091501457746102,1.0000000009548375
450.0,0.7038980750080227,6.0,8.163223386485255,0.3098016897960384,2.0961978365557186,7.177325527051012,2.68124469176794,14.518940005923392,0.27471769382868233,1.997803446165089e-06,4.091501457746102,0.9999999994196668
700.0,0.7168147133906595,0.0,2.9763334685731464,-0.12837840334932205,0.33826674704669274,4.158528989574289,4.095668918908374,0.0,0.4196382089045465,3.0516951718983846e-06,6.2498717120478915,1.00000000028744
700.0,0.7168147133906595,0.5,2.9967095934966395,-0.12541533315137413,0.3391051888894767,4.15909391802193,4.095668918908374,1.2321137331049359,0.4196382089045465,3.0516951718983846e-06,6.2498717120478915,0.9999999960507798
700.0,0.7168147133906595,1.0,3.058785765615347,-0.11651093084189657,0.3416869771143812,4.160870588775891,4.095668918908374,2.4642274662098718,0.4196382089045465,3.0516951718983846e-06,6.2498717120478915,0.9999999998317264
700.0,0.7168147133906595,1.5,3.1654931014970766,-0.10161861991969616,0.34622245752758235,4.164136087621979,4.095668918908374,3.696341199314807,0.4196382089045465,3.0516951718983846e-06,6.2498717120478915,0.9999999970863368
700.0,0.7168147133906595,2.0,3.3220197767968282,-0.08065777774354213,0.35310148599564867,4.169484373955951,4.095668918908374,4.9284549324197435,0.4196382089045465,3.0516951718983846e-06,6.2498717120478915,0.9999999970125691
700.0,0.7168147133906595,2.5,3.526359334448519,-0.054733426695115335,0.3629634503232024,4.1781504354106875,4.095668918908374,6.16056866552468,0.4196382089045465,3.0516951718983846e-06,6.2498717120478915,1.0000000029490355
700.0,0.7168147133906595,3.0,3.7898983845428895,-0.0234324255878369,0.37682100789353884,4.192955562765632,4.095668918908374,7.392682398629614,0.4196382089045465,3.0516951718983846e-06,6.2498717120478915,0.9999999988725109
700.0,0.7168147133906595,3.5,4.125658121487035,0.013433245371863732,0.3962745642122446,4.22176934653887,4.095668918908374,8.62479613173455,0.4196382089045465,3.0516951718983846e-06,6.2498717120478915,0.9999999998676542
700.0,0.7168147133906595,4.0,4.8170588783454455,0.08072196334940648,0.427644649574786,4.2973735764043335,4.095668918908374,9.856909864839487,0.4196382089045465,3.0516951718983846e-06,6.2498717120478915,0.9999999990459424
700.0,0.7168147133906595,4.5,5.755688693330639,0.15803730498162774,0.47431183065656274,7.558800429251589,4.095668918908374,11.089023597944422,0.4196382089045465,3.0516951718983846e-06,6.2498717120478915,1.000000001072438
700.0,0.7168147133906595,5.0,6.754807468856856,0.22755298358379747,0.551166500865432,7.565961377351406,4.095668918908374,12.32113733104936,0.4196382089045465,3.0516951718983846e-06,6.2498717120478915,1.0000000024816942
700.0,0.7168147133906595,5.5,7.621536135184661,0.2799825217174737,0.6726455599699488,3.9770018654856085,4.095668918908374,13.553251064154294,0.4196382089045465,3.0516951718983846e-06,6.2498717120478915,1.0000000006526777
700.0,0.7168147133906595,6.0,8.240231647230297,0.31387942931330254,0.8005692816419084,7.589317988407351,4.095668918908374,14.785364797259229,0.4196382089045465,3.0516951718983846e-06,6.2498717120478915,0.9999999971954336
650.0,0.7270946751741939,0.0,2.724663359923231,-0.16674713974617497,0.36951157172268256,3.8068958632190912,3.7493510574525146,0.0,0.3841548214602986,2.7936526966221592e-06,5.721400722682182,1.00000000028744
650.0,0.7270946751741939,0.5,2.7475846027192588,-0.163108917374039,0.370637695418661,3.8075324964160826,3.7493510574525146,1.2497836858175049,0.3841548214602986,2.7936526966221592e-06,5.721400722682182,0.9999999954468122
650.0,0.7270946751741939,1.0,2.817660850438515,-0.15217127354366383,0.3741262310787107,3.8095567791740454,3.7493510574525146,2.4995673716350097,0.3841548214602986,2.7936526966221592e-06,5.721400722682182,0.9999999961257368
650.0,0.7270946751741939,1.5,2.938978561157778,-0.13386357327332693,0.3803298889086292,3.8133684200343767,3.7493510574525146,3.7493510574525146,0.3841548214602986,2.7936526966221592e-06,5.721400722682182,1.0000000056851732
650.0,0.7270946751741939,2.0,3.116537230494616,-0.10838767193957548,0.3899186920198155,3.819879136999808,3.7493510574525146,4.9991347432700195,0.3841548214602986,2.7936526966221592e-06,5.721400722682182,0.9999999969588121
650.0,0.7270946751741939,2.5,3.3509877716886223,-0.07688714830255187,0.4040313586791743,3.8312028955819333,3.7493510574525146,6.248918429087524,0.3841548214602986,2.7936526966221592e-06,5.721400722682182,1.0000000015237747
650.0,0.7270946751741939,3.0,3.660344650379854,-0.038538011750172206,0.42455775440243876,3.853137045816955,3.7493510574525146,7.498702114905029,0.3841548214602986,2.7936526966221592e-06,5.721400722682182,1.00000000225397
650.0,0.7270946751741939,3.5,4.232334118845677,0.02451995414604285,0.45746971505181394,3.908607405927724,3.7493510574525146,8.748485800722534,0.3841548214602986,2.7936526966221592e-06,5.721400722682182,1.0000000028232914
650.0,0.7270946751741939,4.0,5.147414867674112,0.10952918128991532,0.509219696832413,6.9188821078247225,3.7493510574525146,9.998269486540039,0.3841548214602986,2.7936526966221592e-06,5.721400722682182,1.0000000000188285
650.0,0.7270946751741939,4.5,6.158893972467337,0.1874427362939168,0.5989310287330186,6.925999025811862,3.7493510574525146,11.248053172357544,0.3841548214602986,2.7936526966221592e-06,5.721400722682182,1.00000000065351
650.0,0.7270946751741939,5.0,7.025724154106763,0.24463110307466615,0.7466569965757759,3.634132465687933,3.7493510574525146,12.497836858175049,0.3841548214602986,2.7936526966221592e-06,5.721400722682182,1.0000000019467234
650.0,0.7270946751741939,5.5,7.64226990712525,0.281162380562133,0.8962384074117248,6.9506180938761695,3.7493510574525146,13.747620543992555,0.3841548214602986,2.7936526966221592e-06,5.721400722682182,1.0000000003259841
650.0,0.7270946751741939,6.0,8.265458372392459,0.31520695164674983,1.018557375730492,6.975940178453976,3.7493510574525146,14.997404229810058,0.3841548214602986,2.7936526966221592e-06,5.721400722682182,1.0000000026264786
400.0,0.7334984662560653,0.0,1.6620773850090387,-0.3814087510014002,0.6057447442707146,2.3222522144971305,2.2871491916077042,0.0,0.23433905651718284,1.704161709267465e-06,3.4901231805797686,1.00000000028744
400.0,0.7334984662560653,0.5,1.7006323108932977,-0.371449565200062,0.6108643452713559,2.3233414195005917,2.2871491916077042,1.2607909918737474,0.23433905651718284,1.704161709267465e-06,3.4901231805797686,1.0000000020726878
400.0,0.7334984662560653,1.0,1.8224832938706108,-0.3413964353602061,0.6276536441530166,2.327207460845205,2.2871491916077042,2.521581983747495,0.23433905651718284,1.704161709267465e-06,3.4901231805797686,1.0000000051665603
400.0,0.7334984662560653,1.5,2.0378055979618797,-0.29289724039131615,0.6612663110473916,2.336727525970493,2.2871491916077042,3.7823729756212416,0.23433905651718284,1.704161709267465e-06,3.4901231805797686,0.9999999969146532
400.0,0.7334984662560653,2.0,2.4020505904370597,-0.22147784133506374,0.7252547805791958,2.366623745379102,2.2871491916077042,5.04316396749499,0.23433905651718284,1.704161709267465e-06,3.4901231805797686,1.0000000019995974
400.0,0.7334984662560653,2.5,3.304784427773427,-0.0829168557610319,0.8678469711270076,4.221649759328981,2.2871491916077042,6.3039549593687365,0.23433905651718284,1.704161709267465e-06,3.4901231805797686,1.0000000011682904
400.0,0.7334984662560653,3.0,4.254042492258267,0.026741832287906796,1.203182973318125,2.2211401000057194,2.2871491916077042,7.564745951242483,0.23433905651718284,1.704161709267465e-06,3.4901231805797686,0.9999999995456461
400.0,0.7334984662560653,3.5,4.8826748688819,0.08659781480100363,1.5859980047219016,4.24767816113259,2.2871491916077042,8.825536943116228,0.23433905651718284,1.704161709267465e-06,3.4901231805797686,0.9999999975141373
400.0,0.7334984662560653,4.0,5.475298190730324,0.1363477849809505,1.9343600295332208,4.302765169424548,2.2871491916077042,10.08632793498998,0.23433905651718284,1.704161709267465e-06,3.4901231805797686,1.0000000007941885
400.0,0.7334984662560653,4.5,6.139848894008941,0.18609769165268,2.259578552051417,6.1119784019109495,2.2871491916077042,11.347118926863727,0.23433905651718284,1.704161709267465e-06,3.4901231805797686,0.9999999991312195
400.0,0.7334984662560653,5.0,7.152423735281817,0.25239324438766675,2.4941571396038755,6.125466870394039,2.2871491916077042,12.607909918737473,0.23433905651718284,1.704161709267465e-06,3.4901231805797686,0.9999999993508084
400.0,0.7334984662560653,5.5,8.021344213057116,0.3021871619182118,2.735102741831889,6.156223636385485,2.2871491916077042,13.868700910611219,0.23433905651718284,1.704161709267465e-06,3.4901231805797686,1.0000000006331458
400.0,0.7334984662560653,6.0,8.708574047044667,0.33788705757197174,3.051896245236343,7.990722056736299,2.2871491916077042,15.129491902484967,0.23433905651718284,1.704161709267465e-06,3.4901231805797686,1.0000000010232022
600.0,0.7334984662560653,0.0,2.493116077513558,-0.20531749194571897,0.40382982951380975,3.483378321745695,3.430723787411556,0.0,0.35150858477577424,2.5562425639011974e-06,5.235184770869652,1.00000000028744
600.0,0.7334984662560653,0.5,2.51863520819978,-0.20089472122499946,0.4053283571015489,3.4840885802505968,3.430723787411556,1.2607909918737474,0.35150858477577424,2.5562425639011974e-06,5.235184770869652,0.9999999989817706
600.0,0.7334984662560653,1.0,2.5969743093857427,-0.18759233794324778,0.410003022843504,3.4863766838307932,3.430723787411556,2.521581983747495,0.35150858477577424,2.5562425639011974e-06,5.235184770869652,1.0000000077829772
600.0,0.7334984662560653,1.5,2.733724940805916,-0.16530517630452493,0.41843576276867783,3.4908111912678073,3.430723787411556,3.7823729756212416,0.35150858477577424,2.5562425639011974e-06,5.235184770869652,1.0000000051665603
600.0,0.7334984662560653,2.0,2.932147056665852,-0.13487424353863361,0.4317635747590827,3.4987943487478983,3.430723787411556,5.04316396749499,0.35150858477577424,2.5562425639011974e-06,5.235184770869652,1.0000000024344822
600.0,0.7334984662560653,2.5,3.2018686787751984,-0.09665647550384046,0.4520011033188107,3.5140617191799093,3.430723787411556,6.3039549593687365,0.35150858477577424,2.5562425639011974e-06,5.235184770869652,0.9999999960327765
600.0,0.7334984662560653,3.0,3.6030758856555893,-0.04538658227938251,0.48350318705279716,3.5499356180686528,3.430723787411556,7.564745951242483,0.35150858477577424,2.5562425639011974e-06,5.235184770869652,1.0000000019995974
600.0,0.7334984662560653,3.5,4.453283776232837,0.04662037919630989,0.538154580491259,6.329363449016373,3.430723787411556,8.825536943116228,0.35150858477577424,2.5562425639011974e-06,5.235184770869652,0.9999999999264315
600.0,0.7334984662560653,4.0,5.476358936671237,0.1364319140045167,0.6316170423063951,6.336095760725428,3.430723787411556,10.08632793498998,0.35150858477577424,2.5562425639011974e-06,5.235184770869652,1.000000002925019
600.0,0.7334984662560653,4.5,6.381063738387399,0.20283309134358796,0.8021219822120834,3.3317101500085786,3.430723787411556,11.347118926863727,0.35150858477577424,2.5562425639011974e-06,5.235184770869652,0.9999999995456461
600.0,0.7334984662560653,5.0,7.005958171994016,0.24340754877240725,0.9829238662180433,6.36036910821209,3.430723787411556,12.607909918737473,0.35150858477577424,2.5562425639011974e-06,5.235184770869652,1.0000000002650609
600.0,0.7334984662560653,5.5,7.63404869588417,0.28069493456103267,1.1312900318050012,6.387334815141396,3.430723787411556,13.868700910611219,0.35150858477577424,2.5562425639011974e-06,5.235184770869652,1.000000001001905
600.0,0.7334984662560653,6.0,8.212947286095487,0.31243904403663175,1.2895733530221472,6.454147754136821,3.430723787411556,15.129491902484967,0.35150858477577424,2.5562425639011974e-06,5.235184770869652,1.0000000007941885
400.0,0.7386277204483878,0.0,1.6505354171692088,-0.3844351434758562,0.6099806342036367,2.3061257930576415,2.2712665361714865,0.0,0.23271173526347197,1.692327495157075e-06,3.4658867100816897,1.00000000028744
400.0,0.7386277204483878,0.5,1.689919268305701,-0.3741940335585607,0.6152850859600354,2.3072392509453747,2.2712665361714865,1.269607530391843,0.23271173526347197,1.692327495157075e-06,3.4658867100816897,0.9999999971540781
400.0,0.7386277204483878,1.0,1.8145757746644606,-0.34328488275858343,0.6327254002908529,2.311212141521776,2.2712665361714865,2.539215060783686,0.23271173526347197,1.692327495157075e-06,3.4658867100816897,1.0000000038951444
400.0,0.7386277204483878,1.5,2.035011121943672,-0.2934932042111631,0.6678326173081122,2.3211352376953216,2.2712665361714865,3.8088225911755296,0.23271173526347197,1.692327495157075e-06,3.4658867100816897,1.0000000046918487
400.0,0.7386277204483878,2.0,2.4273063701038415,-0.2169353956931033,0.7359854500074647,2.3536672831878405,2.2712665361714865,5.078430121567372,0.23271173526347197,1.692327495157075e-06,3.4658867100816897,0.999999999497776
400.0,0.7386277204483878,2.5,3.357185025669928,-0.0760847140021763,0.8894284734816732,4.192806897893134,2.2712665361714865,6.348037651959215,0.23271173526347197,1.692327495157075e-06,3.4658867100816897,0.9999999985005378
400.0,0.7386277204483878,3.0,4.280814906184768,0.02946645889354336,1.2492442064056581,2.1976118300358456,2.2712665361714865,7.617645182351059,0.23271173526347197,1.692327495157075e-06,3.4658867100816897,0.9999999988655808
400.0,0.7386277204483878,3.5,4.909868669832421,0.0890098843530743,1.6298342976701854,4.220868486510422,2.2712665361714865,8.887252712742901,0.23271173526347197,1.692327495157075e-06,3.4658867100816897,1.0000000000103433
400.0,0.7386277204483878,4.0,5.501729883454816,0.13843927284188473,1.9888942668882799,4.287795570642337,2.2712665361714865,10.156860243134744,0.23271173526347197,1.692327495157075e-06,3.4658867100816897,0.999999999464099
400.0,0.7386277204483878,4.5,6.216920968458986,0.19151535518120674,2.3102509526308412,6.070813244002563,2.2712665361714865,11.42646777352659,0.23271173526347197,1.692327495157075e-06,3.4658867100816897,1.0000000002798455
400.0,0.7386277204483878,5.0,7.251254667357541,0.25835316668666336,2.541728651394094,6.085672591490733,2.2712665361714865,12.69607530391843,0.23271173526347197,1.692327495157075e-06,3.4658867100816897,1.0000000007238958
400.0,0.7386277204483878,5.5,8.073728041014784,0.30501412502750724,2.7999290771595806,6.122237237558126,2.2712665361714865,13.965682834310273,0.23271173526347197,1.692327495157075e-06,3.4658867100816897,1.0000000017455795
400.0,0.7386277204483878,6.0,8.762371016311853,0.34056164680038403,3.128734883584923,7.936783794846273,2.2712665361714865,15.235290364702118,0.23271173526347197,1.692327495157075e-06,3.4658867100816897,0.9999999987299261
450.0,0.7386277204483878,0.0,1.8568523443153602,-0.3332826210284749,0.5422050081810105,2.594391517189847,2.555174853192922,0.0,0.261800702171406,1.9038684320517092e-06,3.8991225488419,1.00000000028744
450.0,0.7386277204483878,0.5,1.8917624319829038,-0.3251933946517071,0.5459128336132767,2.5953727401377384,2.555174853192922,1.269607530391843,0.261800702171406,1.9038684320517092e-06,3.8991225488419,0.9999999999928978
450.0,0.7386277204483878,1.0,2.0010109724832197,-0.30081052124454966,0.5578670450473766,2.5987396920851533,2.555174853192922,2.539215060783686,0.261800702171406,1.9038684320517092e-06,3.8991225488419,1.0000000016662853
450.0,0.7386277204483878,1.5,2.193538637872601,-0.2609147026817896,0.5809572385078855,2.606326633704968,2.555174853192922,3.8088225911755296,0.261800702171406,1.9038684320517092e-06,3.8991225488419,0.9999999992660071
450.0,0.7386277204483878,2.0,2.485571453849046,-0.20663373881319325,0.6216318817411144,2.6251100105050464,2.555174853192922,5.078430121567372,0.261800702171406,1.9038684320517092e-06,3.8991225488419,0.9999999994935057
450.0,0.7386277204483878,2.5,3.1383815906319414,-0.10535424371808505,0.7019290391177602,2.708527946250373,2.555174853192922,6.348037651959215,0.261800702171406,1.9038684320517092e-06,3.8991225488419,0.9999999992381424
450.0,0.7386277204483878,3.0,4.160386242152613,0.017073660223986716,0.8685829885125049,4.719741072931622,2.555174853192922,7.617645182351059,0.261800702171406,1.9038684320517092e-06,3.8991225488419,1.0000000005911203
450.0,0.7386277204483878,3.5,4.97824366798188,0.095016158692714,1.1978074827378025,4.730575286710237,2.555174853192922,8.887252712742901,0.261800702171406,1.9038684320517092e-06,3.8991225488419,1.0000000012427166
450.0,0.7386277204483878,4.0,5.601678810967594,0.14625821229857278,1.4815465493292588,4.752372143911668,2.555174853192922,10.156860243134744,0.261800702171406,1.9038684320517092e-06,3.8991225488419,0.9999999988517249
450.0,0.7386277204483878,4.5,6.189446118886669,0.18959179528926606,1.7679060150118042,4.823770016972629,2.555174853192922,11.42646777352659,0.261800702171406,1.9038684320517092e-06,3.8991225488419,0.999999999464099
450.0,0.7386277204483878,5.0,6.87389212321972,0.23514272084071194,2.0259750372247707,6.828377540015536,2.555174853192922,12.69607530391843,0.261800702171406,1.9038684320517092e-06,3.8991225488419,0.9999999998319705
450.0,0.7386277204483878,5.5,7.887087743990787,0.29485668105873847,2.216721350966573,6.841585442424472,2.555174853192922,13.965682834310273,0.261800702171406,1.9038684320517092e-06,3.8991225488419,1.000000000749264
450.0,0.7386277204483878,6.0,8.809926499094592,0.342912293795687,2.402839130180086,6.868303173063418,2.555174853192922,15.235290364702118,0.261800702171406,1.9038684320517092e-06,3.8991225488419,0.9999999993888321
500.0,0.7386277204483878,0.0,2.0631692714615113,-0.28752513046779976,0.4879845073629092,2.882657241322052,2.839083170214358,0.0,0.29088966907934,2.115409368946344e-06,4.332358387602112,1.00000000028744
500.0,0.7386277204483878,0.5,2.0945256242225208,-0.280974313481824,0.49067836159143907,2.883534938015157,2.839083170214358,1.269607530391843,0.29088966907934,2.115409368946344e-06,4.332358387602112,1.0000000028494058
500.0,0.7386277204483878,1.0,2.1918627104830026,-0.2612466431337527,0.49924362299875635,2.8864664590549114,2.839083170214358,2.539215060783686,0.29088966907934,2.115409368946344e-06,4.332358387602112,1.0000000018931505
500.0,0.7386277204483878,1.5,2.363685001187983,-0.22847039194488816,0.515315145643258,2.892646669984479,2.839083170214358,3.8088225911755296,0.29088966907934,2.115409368946344e-06,4.332358387602112,0.999999997464714
500.0,0.7386277204483878,2.0,2.6160645642215674,-0.18441153319746767,0.5423429639392001,2.9057967413549832,2.839083170214358,5.078430121567372,0.29088966907934,2.115409368946344e-06,4.332358387602112,0.9999999988769424
500.0,0.7386277204483878,2.5,3.034132962629802,-0.12002538268504685,0.5887883600059717,2.942084103984801,2.839083170214358,6.348037651959215,0.29088966907934,2.115409368946344e-06,4.332358387602112,0.999999999497776
500.0,0.7386277204483878,3.0,3.9348633899512757,-0.007130332147544709,0.6771021625499412,5.239347390757561,2.839083170214358,7.617645182351059,0.29088966907934,2.115409368946344e-06,4.332358387602112,0.9999999994616324
500.0,0.7386277204483878,3.5,4.944382381358725,0.09205205887828717,0.8592804904149305,5.247104875882019,2.839083170214358,8.887252712742901,0.29088966907934,2.115409368946344e-06,4.332358387602112,0.999999997152148
500.0,0.7386277204483878,4.0,5.668448113916549,0.15140418435270517,1.136320971830499,5.259620978828013,2.839083170214358,10.156860243134744,0.29088966907934,2.115409368946344e-06,4.332358387602112,0.9999999991350378
500.0,0.7386277204483878,4.5,6.292958036142561,0.19679484438702846,1.3578327975407707,5.28431078222629,2.839083170214358,11.42646777352659,0.29088966907934,2.115409368946344e-06,4.332358387602112,1.000000000089099
500.0,0.7386277204483878,5.0,6.877162354318521,0.23534928584994122,1.5911154135106238,5.359744463302921,2.839083170214358,12.69607530391843,0.29088966907934,2.115409368946344e-06,4.332358387602112,0.999999999464099
500.0,0.7386277204483878,5.5,7.539692756038676,0.27529365731691746,1.802819351636047,7.586001119682591,2.839083170214358,13.965682834310273,0.29088966907934,2.115409368946344e-06,4.332358387602112,1.0000000009874421
500.0,0.7386277204483878,6.0,8.53031625772101,0.32890514141482274,1.964784648596706,7.598102946766951,2.839083170214358,15.235290364702118,0.29088966907934,2.115409368946344e-06,4.332358387602112,1.0000000000659
550.0,0.7386277204483878,0.0,2.2694861986076624,-0.2461324453095747,0.4436222794208267,3.170922965454257,3.122991487235794,0.0,0.319978635987274,2.326950305840978e-06,4.765594226362323,1.00000000028744
550.0,0.7386277204483878,0.5,2.297949947714389,-0.2407194263613271,0.4456411479123384,3.171717286641887,3.122991487235794,1.269607530391843,0.319978635987274,2.326950305840978e-06,4.765594226362323,0.9999999984916208
550.0,0.7386277204483878,1.0,2.385782115403764,-0.22442921268040758,0.4519949943761637,3.1743190434285222,3.122991487235794,2.539215060783686,0.319978635987274,2.326950305840978e-06,4.765594226362323,0.9999999967917991
550.0,0.7386277204483878,1.5,2.540722395349785,-0.19710277561011436,0.4636675559340545,3.1795573084938633,3.122991487235794,3.8088225911755296,0.319978635987274,2.326950305840978e-06,4.765594226362323,1.000000004388645
550.0,0.7386277204483878,2.0,2.7643393950686326,-0.16046862832888562,0.482650899514744,3.189699524560082,3.122991487235794,5.078430121567372,0.319978635987274,2.326950305840978e-06,4.765594226362323,0.999999999865731
550.0,0.7386277204483878,2.5,3.0779634560805214,-0.11379653207577459,0.5126641145393782,3.212138765579188,3.122991487235794,6.348037651959215,0.319978635987274,2.326950305840978e-06,4.765594226362323,1.000000001688662
550.0,0.7386277204483878,3.0,3.7404374178619113,-0.029137598470915297,0.5663257695252015,3.2890470100773808,3.122991487235794,7.617645182351059,0.319978635987274,2.326950305840978e-06,4.765594226362323,0.9999999999083696
550.0,0.7386277204483878,3.5,4.7487856947949485,0.07452257967160662,0.6624479785365043,5.765998101260788,3.122991487235794,8.887252712742901,0.319978635987274,2.326950305840978e-06,4.765594226362323,0.9999999996561125
550.0,0.7386277204483878,4.0,5.704635817934188,0.15416793309498336,0.8491257992961944,5.77486886409145,3.122991487235794,10.156860243134744,0.319978635987274,2.326950305840978e-06,4.765594226362323,0.9999999999181604
550.0,0.7386277204483878,4.5,6.354271233797977,0.20100575753705172,1.0724149412266195,5.789097396163456,3.122991487235794,11.42646777352659,0.319978635987274,2.326950305840978e-06,4.765594226362323,0.9999999991396581
550.0,0.7386277204483878,5.0,6.98392669163226,0.24203968072311902,1.2534577561226057,5.816625472905053,3.122991487235794,12.69607530391843,0.319978635987274,2.326950305840978e-06,4.765594226362323,1.0000000011142807
550.0,0.7386277204483878,5.5,7.564878589750373,0.2767419710081662,1.4464685577369312,5.895718909633214,3.122991487235794,13.965682834310273,0.319978635987274,2.326950305840978e-06,4.765594226362323,0.999999999464099
550.0,0.7386277204483878,6.0,8.223971351975152,0.31302159747051694,1.6232193366732708,8.3436649126862,3.122991487235794,15.235290364702118,0.319978635987274,2.326950305840978e-06,4.765594226362323,0.9999999997342248
600.0,0.7386277204483878,0.0,2.4758031257538136,-0.2083438844201749,0.4066537561357578,3.4591886895864623,3.40689980425723,0.0,0.349067602895208,2.5384912427356122e-06,5.198830065122534,1.00000000028744
600.0,0.7386277204483878,0.5,2.501865656246652,-0.20379600584154872,0.4082058544763068,3.4599143292224315,3.40689980425723,1.269607530391843,0.349067602895208,2.5384912427356122e-06,5.198830065122534,1.0000000015743913
600.0,0.7386277204483878,1.0,2.5819249472045325,-0.19011637752175267,0.41305299517289507,3.462256813048312,3.40689980425723,2.539215060783686,0.349067602895208,2.5384912427356122e-06,5.198830065122534,1.0000000019851836
600.0,0.7386277204483878,1.5,2.721863661996691,-0.16719362370290217,0.4218169335272353,3.4668182122826643,3.40689980425723,3.8088225911755296,0.349067602895208,2.5384912427356122e-06,5.198830065122534,1.0000000038951444
600.0,0.7386277204483878,2.0,2.9247181838301346,-0.13597596607348972,0.4357179288809141,3.475102178273291,3.40689980425723,5.078430121567372,0.349067602895208,2.5384912427356122e-06,5.198830065122534,0.9999999992660071
600.0,0.7386277204483878,2.5,3.201630175658825,-0.09668882675110706,0.45693246779017116,3.491210534594991,3.40689980425723,6.348037651959215,0.349067602895208,2.5384912427356122e-06,5.198830065122534,1.000000002054789
600.0,0.7386277204483878,3.0,3.6409595551557623,-0.040844136637422056,0.4906569666716431,3.5305009247817614,3.40689980425723,7.617645182351059,0.349067602895208,2.5384912427356122e-06,5.198830065122534,0.999999999497776
600.0,0.7386277204483878,3.5,4.520105940675096,0.05308862244612378,0.5487532622777075,6.285983310164655,3.40689980425723,8.887252712742901,0.349067602895208,2.5384912427356122e-06,5.198830065122534,0.9999999993796951
600.0,0.7386277204483878,4.0,5.5471816562034855,0.14201239683228675,0.6514372413843786,6.292988097242162,3.40689980425723,10.156860243134744,0.349067602895208,2.5384912427356122e-06,5.198830065122534,1.0000000005911203
600.0,0.7386277204483878,4.5,6.421222359277152,0.20555771794922467,0.8328294709371054,3.296417745053769,3.40689980425723,11.42646777352659,0.349067602895208,2.5384912427356122e-06,5.198830065122534,0.9999999988655808
600.0,0.7386277204483878,5.0,7.045067474754568,0.24582516563100343,1.011049381603766,6.318966803105558,3.40689980425723,12.69607530391843,0.349067602895208,2.5384912427356122e-06,5.198830065122534,1.0000000011799535
600.0,0.7386277204483878,5.5,7.6747083578460344,0.28300188976137025,1.163426678244904,6.349264630093426,3.40689980425723,13.965682834310273,0.349067602895208,2.5384912427356122e-06,5.198830065122534,1.0000000019004902
600.0,0.7386277204483878,6.0,8.252594825182225,0.314530531897566,1.3259295112588534,6.431693355963506,3.40689980425723,15.235290364702118,0.349067602895208,2.5384912427356122e-06,5.198830065122534,0.999999999464099
650.0,0.7386277204483878,0.0,2.682120052899964,-0.17358177816096312,0.3753726979714688,3.7474544137186667,3.690808121278665,0.0,0.3781565698031419,2.750032179630246e-06,5.632065903882744,1.00000000028744
650.0,0.7386277204483878,0.5,2.7061567470664456,-0.16970704296345424,0.37659166737610084,3.748122429152222,3.690808121278665,1.269607530391843,0.3781565698031419,2.750032179630246e-06,5.632065903882744,0.999999996261198
650.0,0.7386277204483878,1.0,2.7797340699202158,-0.15805674126976288,0.3803756491392969,3.750254982177016,3.690808121278665,2.539215060783686,0.3781565698031419,2.750032179630246e-06,5.632065903882744,0.9999999978515323
650.0,0.7386277204483878,1.5,2.907431028541057,-0.13855057034512575,0.38713383961919184,3.7543049149518004,3.690808121278665,3.8088225911755296,0.3781565698031419,2.750032179630246e-06,5.632065903882744,0.999999992907196
650.0,0.7386277204483878,2.0,3.0937337897723802,-0.11157705061584552,0.3976496768214426,3.7613300228223987,3.690808121278665,5.078430121567372,0.3781565698031419,2.750032179630246e-06,5.632065903882744,1.000000000188628
650.0,0.7386277204483878,2.5,3.3420313436770273,-0.07804947266402416,0.4132719080588808,3.773883395229898,3.690808121278665,6.348037651959215,0.3781565698031419,2.750032179630246e-06,5.632065903882744,0.9999999970299029
650.0,0.7386277204483878,3.0,3.671340060387782,-0.0372353781369852,0.43627525837900877,3.7994932579940244,3.690808121278665,7.617645182351059,0.3781565698031419,2.750032179630246e-06,5.632065903882744,1.0000000000138705
650.0,0.7386277204483878,3.5,4.343984345894651,0.035828260219720034,0.4747334540386127,3.8730968167269335,3.690808121278665,8.887252712742901,0.3781565698031419,2.750032179630246e-06,5.632065903882744,0.9999999981213819
650.0,0.7386277204483878,4.0,5.3191480159033215,0.1237820842709867,0.5367547755078398,6.812457527384408,3.690808121278665,10.156860243134744,0.3781565698031419,2.750032179630246e-06,5.632065903882744,0.9999999991703616
650.0,0.7386277204483878,4.5,6.334539424652203,0.19965505210560172,0.6465681706407564,6.820300197748391,3.690808121278665,11.42646777352659,0.3781565698031419,2.750032179630246e-06,5.632065903882744,1.0000000012026673
650.0,0.7386277204483878,5.0,7.120150588501608,0.2504291875706484,0.8114801079402028,6.831495078894385,3.690808121278665,12.69607530391843,0.3781565698031419,2.750032179630246e-06,5.632065903882744,0.9999999991868121
650.0,0.7386277204483878,5.5,7.740263497362209,0.28669575404518227,0.9546674636920297,6.849194151470879,3.690808121278665,13.965682834310273,0.3781565698031419,2.750032179630246e-06,5.632065903882744,1.0000000006824168
650.0,0.7386277204483878,6.0,8.362630595996768,0.3202829217113417,1.0851146358036883,6.882187508214503,3.690808121278665,15.235290364702118,0.3781565698031419,2.750032179630246e-06,5.632065903882744,0.9999999989266731
700.0,0.7386277204483878,0.0,2.8884369800461154,-0.14139709478956178,0.3485603624020781,4.0357201378508725,3.974716438300102,0.0,0.40724553671107594,2.961573116524881e-06,6.065301742642956,1.00000000028744
700.0,0.7386277204483878,0.5,2.9107413379276026,-0.13805637761086276,0.3495351865627054,4.036339179591088,3.974716438300102,1.269607530391843,0.40724553671107594,2.961573116524881e-06,6.065301742642956,0.9999999984370221
700.0,0.7386277204483878,1.0,2.978825884246379,-0.1280148723764071,0.3525470027194153,4.038297856683004,3.974716438300102,2.539215060783686,0.40724553671107594,2.961573116524881e-06,6.065301742642956,0.9999999997480289
700.0,0.7386277204483878,1.5,3.0963269600769983,-0.11121317708848465,0.35787414468666695,4.041946613937877,3.974716438300102,3.8088225911755296,0.40724553671107594,2.961573116524881e-06,6.065301742642956,0.9999999963532253
700.0,0.7386277204483878,2.0,3.2691444341864413,-0.08762588274377633,0.3660395479455725,4.048062681340772,3.974716438300102,5.078430121567372,0.40724553671107594,2.961573116524881e-06,6.065301742642956,0.9999999980027847
700.0,0.7386277204483878,2.5,3.4944766209303544,-0.05867785206538014,0.37791819992028675,4.058361934880792,3.974716438300102,6.348037651959215,0.40724553671107594,2.961573116524881e-06,6.065301742642956,1.0000000020995876
700.0,0.7386277204483878,3.0,3.78990132118863,-0.02343208906996312,0.39493270184918927,4.077169493821977,3.974716438300102,7.617645182351059,0.40724553671107594,2.961573116524881e-06,6.065301742642956,1.0000000001826916
700.0,0.7386277204483878,3.5,4.2477861476817225,0.026102652993191124,0.42056311428997983,4.118917745578721,3.974716438300102,8.887252712742901,0.40724553671107594,2.961573116524881e-06,6.065301742642956,0.999999999497776
700.0,0.7386277204483878,4.0,5.105301365819756,0.10596139224472412,0.4618100676639541,7.332668197334292,3.974716438300102,10.156860243134744,0.40724553671107594,2.961573116524881e-06,6.065301742642956,0.9999999979225013
700.0,0.7386277204483878,4.5,6.138243533197128,0.1859841236289596,0.5278181306777394,7.339211929788324,3.974716438300102,11.42646777352659,0.40724553671107594,2.961573116524881e-06,6.065301742642956,1.0000000001516993
700.0,0.7386277204483878,5.0,7.102558161345902,0.24935480742718907,0.6412625682281982,7.347917965459105,3.974716438300102,12.69607530391843,0.40724553671107594,2.961573116524881e-06,6.065301742642956,0.9999999999625439
700.0,0.7386277204483878,5.5,7.813406311349508,0.29078041767236745,0.7850380546946293,7.360309903571921,3.974716438300102,13.965682834310273,0.40724553671107594,2.961573116524881e-06,6.065301742642956,1.000000000811867
700.0,0.7386277204483878,6.0,8.434216384487607,0.32398474755902096,0.9036262302361788,7.379749182271483,3.974716438300102,15.235290364702118,0.40724553671107594,2.961573116524881e-06,6.065301742642956,0.999999998000745
450.0,0.7409453421137081,0.0,1.8510442489297954,-0.33464319070777143,0.5439063064659471,2.5862764543818266,2.547182457179543,0.0,0.2609818091372482,1.8979132738568346e-06,3.886926384858797,1.00000000028744
450.0,0.7409453421137081,0.5,1.8862886901760076,-0.32645183052172205,0.5476735044155489,2.587267405783479,2.547182457179543,1.2735912285897713,0.2609818091372482,1.8979132738568346e-06,3.886926384858797,0.9999999982627981
450.0,0.7409453421137081,1.0,1.9966427571853687,-0.3017596242349234,0.559830438193008,2.590673690842313,2.547182457179543,2.5471824571795425,0.2609818091372482,1.8979132738568346e-06,3.886926384858797,1.0000000056851732
450.0,0.7409453421137081,1.5,2.191126536475326,-0.2613925327512018,0.5833578068840729,2.598384614339166,2.547182457179543,3.820773685769314,0.2609818091372482,1.8979132738568346e-06,3.886926384858797,1.0000000019519713
450.0,0.7409453421137081,2.0,2.486714510807483,-0.20643406271176873,0.6249320934712479,2.6176911518341752,2.547182457179543,5.094364914359085,0.2609818091372482,1.8979132738568346e-06,3.886926384858797,1.00000000225397
450.0,0.7409453421137081,2.5,3.159645768880037,-0.10242159517918227,0.7076392203432239,2.7073584440320726,2.547182457179543,6.367956142948856,0.2609818091372482,1.8979132738568346e-06,3.886926384858797,1.000000001022848
450.0,0.7409453421137081,3.0,4.184144520453807,0.019546685332320325,0.881602603532292,4.7052897812607695,2.547182457179543,7.641547371538628,0.2609818091372482,1.8979132738568346e-06,3.886926384858797,1.00000000065351
450.0,0.7409453421137081,3.5,4.990177764792197,0.09605602541631442,1.216032641684001,4.716418798666705,2.547182457179543,8.9151386001284,0.2609818091372482,1.8979132738568346e-06,3.886926384858797,1.0000000007477603
450.0,0.7409453421137081,4.0,5.615273215042892,0.1473109006851534,1.4992758618476907,4.739218113377994,2.547182457179543,10.18872982871817,0.2609818091372482,1.8979132738568346e-06,3.886926384858797,1.0000000026264786
450.0,0.7409453421137081,4.5,6.203070299901842,0.19054671175969362,1.7898077751165007,4.81798495512977,2.547182457179543,11.462321057307939,0.2609818091372482,1.8979132738568346e-06,3.886926384858797,1.0000000004507135
450.0,0.7409453421137081,5.0,6.9125785075837225,0.23758008538505024,2.046385711679341,6.807654282983717,2.547182457179543,12.735912285897712,0.2609818091372482,1.8979132738568346e-06,3.886926384858797,1.0000000001549096
450.0,0.7409453421137081,5.5,7.938252575647609,0.29766492164390446,2.2353028713378413,6.821424973994124,2.547182457179543,14.009503514487484,0.2609818091372482,1.8979132738568346e-06,3.886926384858797,0.9999999988884348
450.0,0.7409453421137081,6.0,8.839491920060052,0.3443673118462362,2.426908218379717,6.85002227507997,2.547182457179543,15.283094743077257,0.2609818091372482,1.8979132738568346e-06,3.886926384858797,1.0000000004032377
500.0,0.7419737192111322,0.0,2.0538652197802976,-0.2894880507162817,0.49019508721615873,2.8696576332319768,2.8262800634076024,0.0,0.2895778753491396,2.105869735738421e-06,4.312821218792286,1.00000000028744
500.0,0.7419737192111322,0.5,2.0856545898098955,-0.2828176058187561,0.4929512429861787,2.8705477660160663,2.8262800634076024,1.2753588786126806,0.2895778753491396,2.105869735738421e-06,4.312821218792286,1.0000000059716971
500.0,0.7419737192111322,1.0,2.184397767678944,-0.2627282672866557,0.5017240070023766,2.8735268984825435,2.8262800634076024,2.550717757225361,0.2895778753491396,2.105869735738421e-06,4.312821218792286,0.9999999970863368
500.0,0.7419737192111322,1.5,2.3586471952047487,-0.22939700704879057,0.5182217944992822,2.8798387001289494,2.8262800634076024,3.8260766358380423,0.2895778753491396,2.105869735738421e-06,4.312821218792286,0.9999999995092315
500.0,0.7419737192111322,2.0,2.615278348580274,-0.1845420729547965,0.5460655191264094,2.8934142257175015,2.8262800634076024,5.101435514450722,0.2895778753491396,2.105869735738421e-06,4.312821218792286,0.9999999988725109
500.0,0.7419737192111322,2.5,3.0551580225290556,-0.11702631307098775,0.5945288551793099,2.9319338295810713,2.8262800634076024,6.376794393063403,0.2895778753491396,2.105869735738421e-06,4.312821218792286,1.0000000014960317
500.0,0.7419737192111322,3.0,3.9718025375636716,-0.0030723423853318654,0.6873431433219056,5.216067846168725,2.8262800634076024,7.6521532716760845,0.2895778753491396,2.105869735738421e-06,4.312821218792286,1.000000001072438
500.0,0.7419737192111322,3.5,4.979819450596494,0.09515360584318279,0.879943486245637,5.224054581767593,2.8262800634076024,8.927512150288765,0.2895778753491396,2.105869735738421e-06,4.312821218792286,0.9999999991728602
500.0,0.7419737192111322,4.0,5.686300060756544,0.1527697819463429,1.1601351071699133,5.237126962697309,2.8262800634076024,10.202871028901445,0.2895778753491396,2.105869735738421e-06,4.312821218792286,0.9999999971954336
500.0,0.7419737192111322,4.5,6.314764011594214,0.19829713389158268,1.3829316386693513,5.263624665107804,2.8262800634076024,11.478229907514125,0.2895778753491396,2.105869735738421e-06,4.312821218792286,1.000000001133577
500.0,0.7419737192111322,5.0,6.899064547187146,0.23673021686780812,1.6195748468307742,5.3509742677372065,2.8262800634076024,12.753588786126805,0.2895778753491396,2.105869735738421e-06,4.312821218792286,1.0000000000737992
500.0,0.7419737192111322,5.5,7.5924874600429035,0.2783240919704514,1.8295776101661394,7.55275999780467,2.8262800634076024,14.028947664739489,0.2895778753491396,2.105869735738421e-06,4.312821218792286,1.0000000009548375
500.0,0.7419737192111322,6.0,8.604792983348796,0.33268043507637596,1.9886278769500307,7.565565391316552,2.8262800634076024,15.304306543352169,0.2895778753491396,2.105869735738421e-06,4.312821218792286,0.9999999994196668
700.0,0.7545418035691153,0.0,2.827516795144489,-0.1506547980604743,0.35607026004915027,3.950602540095575,3.890885472962956,0.0,0.3986562984593192,2.8991104133034655e-06,5.9373781264454975,1.00000000028744
700.0,0.7545418035691153,0.5,2.8513032929279,-0.14701657568833826,0.3571554199953061,3.951263205586702,3.890885472962956,1.2969618243209853,0.3986562984593192,2.8991104133034655e-06,5.9373781264454975,0.9999999954468122
700.0,0.7545418035691153,1.0,2.924024851958402,-0.13607893185796313,0.3605170570717137,3.953363903082198,3.890885472962956,2.5939236486419706,0.3986562984593192,2.8991104133034655e-06,5.9373781264454975,0.9999999961257368
700.0,0.7545418035691153,1.5,3.0499221901957614,-0.11777123158762627,0.366495051337108,3.9573194297385075,3.890885472962956,3.8908854729629554,0.3986562984593192,2.8991104133034655e-06,5.9373781264454975,1.0000000056851732
700.0,0.7545418035691153,2.0,3.2341835294342216,-0.09229533025387474,0.3757350532170022,3.964075920040747,3.890885472962956,5.187847297283941,0.3986562984593192,2.8991104133034655e-06,5.9373781264454975,0.9999999969588121
700.0,0.7545418035691153,2.5,3.477484354265457,-0.06079480661685116,0.3893343590897725,3.975827139676197,3.890885472962956,6.484809121604926,0.3986562984593192,2.8991104133034655e-06,5.9373781264454975,1.0000000015237747
700.0,0.7545418035691153,3.0,3.798519159173458,-0.0224456700644715,0.40911408893417317,3.9985892830987497,3.890885472962956,7.781770945925911,0.3986562984593192,2.8991104133034655e-06,5.9373781264454975,1.00000000225397
700.0,0.7545418035691153,3.5,4.392100682866152,0.040612295831743625,0.4408288477778975,4.056153596236623,3.890885472962956,9.078732770246896,0.3986562984593192,2.8991104133034655e-06,5.9373781264454975,1.0000000028232914
700.0,0.7545418035691153,4.0,5.34172485452848,0.12562152297561605,0.49069637799961896,7.1800632882773145,3.890885472962956,10.375694594567882,0.3986562984593192,2.8991104133034655e-06,5.9373781264454975,1.0000000000188285
700.0,0.7545418035691153,4.5,6.391386327871425,0.20353507797961753,0.5771443805081247,7.1874488631098945,3.890885472962956,11.672656418888867,0.3986562984593192,2.8991104133034655e-06,5.9373781264454975,1.00000000065351
700.0,0.7545418035691153,5.0,7.290938519593445,0.26072344476036685,0.7194966850396313,3.771317489585945,3.890885472962956,12.969618243209853,0.3986562984593192,2.8991104133034655e-06,5.9373781264454975,1.0000000019467234
700.0,0.7545418035691153,5.5,7.9307582849548055,0.29725472224783367,0.863636939177187,7.212997277441196,3.890885472962956,14.266580067530837,0.3986562984593192,2.8991104133034655e-06,5.9373781264454975,1.0000000003259841
700.0,0.7545418035691153,6.0,8.577471518597365,0.3312992933324506,0.9815064463624571,7.239275246486823,3.890885472962956,15.563541891851822,0.3986562984593192,2.8991104133034655e-06,5.9373781264454975,1.0000000026264786
650.0,0.7634494089329036,0.0,2.5949174856411727,-0.18793643881611294,0.3879871503088166,3.6256151078277066,3.5708105309071576,0.0,0.365861734724094,2.660621615830628e-06,5.448953069221126,1.00000000028744
650.0,0.7634494089329036,0.5,2.6214786389838935,-0.18351366809539338,0.38942688904512057,3.626354368317949,3.5708105309071576,1.31227287010838,0.365861734724094,2.660621615830628e-06,5.448953069221126,0.9999999989817706
650.0,0.7634494089329036,1.0,2.7030165606676713,-0.17021128481364178,0.39391816261461154,3.6287359020310253,3.5708105309071576,2.62454574021676,0.365861734724094,2.660621615830628e-06,5.448953069221126,1.0000000077829772
650.0,0.7634494089329036,1.5,2.845351130584121,-0.14792412317491893,0.4020200770690307,3.6333514837090313,3.5708105309071576,3.9368186103251404,0.365861734724094,2.660621615830628e-06,5.448953069221126,1.0000000051665603
650.0,0.7634494089329036,2.0,3.0518754166480004,-0.1174931904090276,0.41482502463873977,3.641660617456376,3.5708105309071576,5.24909148043352,0.365861734724094,2.660621615830628e-06,5.448953069221126,1.0000000024344822
650.0,0.7634494089329036,2.5,3.33261058168094,-0.07927542237423442,0.43426861315382154,3.657551400421162,3.5708105309071576,6.561364350541901,0.365861734724094,2.660621615830628e-06,5.448953069221126,0.9999999960327765
650.0,0.7634494089329036,3.0,3.7502002823327825,-0.028005529149776477,0.4645348362098407,3.6948901382136534,3.5708105309071576,7.873637220650281,0.365861734724094,2.660621615830628e-06,5.448953069221126,1.0000000019995974
650.0,0.7634494089329036,3.5,4.635124711479022,0.0640014323259159,0.5170421966148988,6.587810345040539,3.5708105309071576,9.185910090758663,0.365861734724094,2.660621615830628e-06,5.448953069221126,0.9999999999264315
650.0,0.7634494089329036,4.0,5.699975099670509,0.1538129671341227,0.6068380253781159,6.594817557231813,3.5708105309071576,10.49818296086704,0.365861734724094,2.660621615830628e-06,5.448953069221126,1.000000002925019
650.0,0.7634494089329036,4.5,6.641621712313652,0.22021414447319396,0.7706538728285871,3.467753869674534,3.5708105309071576,11.81045583097542,0.365861734724094,2.660621615830628e-06,5.448953069221126,0.9999999995456461
650.0,0.7634494089329036,5.0,7.2920324601609225,0.26078860190201325,0.9443627041707221,6.62008205830992,3.5708105309071576,13.122728701083801,0.365861734724094,2.660621615830628e-06,5.448953069221126,1.0000000002650609
650.0,0.7634494089329036,5.5,7.945769804245424,0.29807598769063864,1.0869083052661987,6.648148855943072,3.5708105309071576,14.435001571192181,0.365861734724094,2.660621615830628e-06,5.448953069221126,1.000000001001905
650.0,0.7634494089329036,6.0,8.548306560436313,0.3298200971662378,1.2389820012940338,6.717689967658662,3.5708105309071576,15.747274441300561,0.365861734724094,2.660621615830628e-06,5.448953069221126,1.0000000007941885
450.0,0.7779926092193935,0.0,1.7628992846950435,-0.3558324897777094,0.5711016217892444,2.463120432744597,2.4258880544567076,0.0,0.24855410394023644,1.8075364512922237e-06,3.701834652246474,1.00000000028744
450.0,0.7779926092193935,0.5,1.8037929590064,-0.3458733039763713,0.5759284279019415,2.4642757091106717,2.4258880544567076,1.3372707900192597,0.24855410394023644,1.8075364512922237e-06,3.701834652246474,1.0000000020726878
450.0,0.7779926092193935,1.0,1.9330354435426569,-0.3158201741365154,0.5917575306893951,2.4683762651873575,2.4258880544567076,2.6745415800385195,0.24855410394023644,1.8075364512922237e-06,3.701834652246474,1.0000000051665603
450.0,0.7779926092193935,1.5,2.161419235588129,-0.2673209791676254,0.6234478569490978,2.4784738190985007,2.4258880544567076,4.01181237005778,0.24855410394023644,1.8075364512922237e-06,3.701834652246474,0.9999999969146532
450.0,0.7779926092193935,2.0,2.5477593918767933,-0.195901580111373,0.6837767645806812,2.510183548312003,2.4258880544567076,5.349083160077039,0.24855410394023644,1.8075364512922237e-06,3.701834652246474,1.0000000019995974
450.0,0.7779926092193935,2.5,3.505253218857442,-0.057340594537341194,0.8182139710881505,4.477735758924119,2.4258880544567076,6.686353950096299,0.24855410394023644,1.8075364512922237e-06,3.701834652246474,1.0000000011682904
450.0,0.7779926092193935,3.0,4.5120934405973125,0.05231809351159743,1.1343717859219185,2.355874840019116,2.4258880544567076,8.02362474011556,0.24855410394023644,1.8075364512922237e-06,3.701834652246474,0.9999999995456461
450.0,0.7779926092193935,3.5,5.178858765173294,0.11217407602469434,1.4952932587829204,4.505343048052289,2.4258880544567076,9.360895530134819,0.24855410394023644,1.8075364512922237e-06,3.701834652246474,0.9999999975141373
450.0,0.7779926092193935,4.0,5.8074307195257715,0.1619240462046412,1.8237321255188674,4.563771643730074,2.4258880544567076,10.698166320154078,0.24855410394023644,1.8075364512922237e-06,3.701834652246474,1.0000000007941885
450.0,0.7779926092193935,4.5,6.51229318262167,0.21167395287637072,2.1303510890389825,6.482732061685427,2.4258880544567076,12.035437110173339,0.24855410394023644,1.8075364512922237e-06,3.701834652246474,0.9999999991312195
450.0,0.7779926092193935,5.0,7.586290987706085,0.27796950561135747,2.3515139023449896,6.497038742983746,2.4258880544567076,13.372707900192598,0.24855410394023644,1.8075364512922237e-06,3.701834652246474,0.9999999993508084
450.0,0.7779926092193935,5.5,8.507920330926238,0.3277634231419026,2.578679594654996,6.529661219683626,2.4258880544567076,14.709978690211855,0.24855410394023644,1.8075364512922237e-06,3.701834652246474,1.0000000006331458
450.0,0.7779926092193935,6.0,9.236837644695692,0.36346331879566246,2.8773553739791735,8.475440629342732,2.4258880544567076,16.04724948023112,0.24855410394023644,1.8075364512922237e-06,3.701834652246474,1.0000000010232022
550.0,0.7781886018183509,0.0,2.154112015454509,-0.2687917081371692,0.4673826770925878,3.0097223169527125,2.96422753790879,0.0,0.3037118379004908,2.2086548119361944e-06,4.523325054845326,1.00000000028744
550.0,0.7781886018183509,0.5,2.187452988019306,-0.26212126323964363,0.4700105685094352,3.010655896092712,2.96422753790879,1.3376076764813416,0.3037118379004908,2.2086548119361944e-06,4.523325054845326,1.0000000059716971
550.0,0.7781886018183509,1.0,2.2910157066648034,-0.24203192470754328,0.4783750708031598,3.013780436583424,2.96422753790879,2.675215352962683,0.3037118379004908,2.2086548119361944e-06,4.523325054845326,0.9999999970863368
550.0,0.7781886018183509,1.5,2.473770048042451,-0.20870066446967808,0.49410509398678293,3.0204003099980694,2.96422753790879,4.012823029444025,0.3037118379004908,2.2086548119361944e-06,4.523325054845326,0.9999999995092315
550.0,0.7781886018183509,2.0,2.742927072418813,-0.163845730375684,0.520653043764005,3.034638441353903,2.96422753790879,5.350430705925366,0.3037118379004908,2.2086548119361944e-06,4.523325054845326,0.9999999988725109
550.0,0.7781886018183509,2.5,3.204276766586496,-0.09632997049187529,0.5668610216404827,3.0750381427140248,2.96422753790879,6.688038382406708,0.3037118379004908,2.2086548119361944e-06,4.523325054845326,1.0000000014960317
550.0,0.7781886018183509,3.0,4.165661644581439,0.017624000193780597,0.6553559731319083,5.470658109717583,2.96422753790879,8.02564605888805,0.3037118379004908,2.2086548119361944e-06,4.523325054845326,1.000000001072438
550.0,0.7781886018183509,3.5,5.222878702075425,0.11584994842229522,0.8389931947855584,5.479034668681671,2.96422753790879,9.363253735369392,0.3037118379004908,2.2086548119361944e-06,4.523325054845326,0.9999999991728602
550.0,0.7781886018183509,4.0,5.963841817071933,0.1734661245254554,1.1061454231569383,5.492745097467409,2.96422753790879,10.700861411850733,0.3037118379004908,2.2086548119361944e-06,4.523325054845326,0.9999999971954336
550.0,0.7781886018183509,4.5,6.622980369466452,0.21899347647069517,1.3185735809553298,5.520536122211714,2.96422753790879,12.038469088332073,0.3037118379004908,2.2086548119361944e-06,4.523325054845326,1.000000001133577
550.0,0.7781886018183509,5.0,7.235799941186879,0.2574265594469206,1.5442040269363038,5.612149158333579,2.96422753790879,13.376076764813416,0.3037118379004908,2.2086548119361944e-06,4.523325054845326,1.0000000000737992
550.0,0.7781886018183509,5.5,7.963068027713916,0.29902043454956384,1.7444338054147706,7.921401513803111,2.96422753790879,14.713684441294756,0.3037118379004908,2.2086548119361944e-06,4.523325054845326,1.0000000009548375
550.0,0.7781886018183509,6.0,9.024783017608652,0.35337677765548847,1.8960822846027419,7.934831923822673,2.96422753790879,16.0512921177761,0.3037118379004908,2.2086548119361944e-06,4.523325054845326,0.9999999994196668
500.0,0.7810249675906655,0.0,1.9511719587912828,-0.31176444542743387,0.5159948286485883,2.7261747515703783,2.684966060237222,0.0,0.2750989815816826,2.0005762489515e-06,4.097180157852671,1.00000000028744
500.0,0.7810249675906655,0.5,1.9883228618572872,-0.30357308524138454,0.5195687064238255,2.7272193060636307,2.684966060237222,1.3424830301186113,0.2750989815816826,2.0005762489515e-06,4.097180157852671,0.9999999982627981
500.0,0.7810249675906655,1.0,2.1046462621280964,-0.27888087895458585,0.5311017864540071,2.7308098457788694,2.684966060237222,2.6849660602372225,0.2750989815816826,2.0005762489515e-06,4.097180157852671,1.0000000056851732
500.0,0.7810249675906655,1.5,2.3096501656326796,-0.23851378747086424,0.5534218081782971,2.7389378728166585,2.684966060237222,4.027449090355834,0.2750989815816826,2.0005762489515e-06,4.097180157852671,1.0000000019519713
500.0,0.7810249675906655,2.0,2.6212272482476813,-0.18355531743143116,0.5928626394919154,2.7592887502218817,2.684966060237222,5.369932120474445,0.2750989815816826,2.0005762489515e-06,4.097180157852671,1.00000000225397
500.0,0.7810249675906655,2.5,3.3305590763249606,-0.07954284989884473,0.6713255093851039,2.853806375210282,2.684966060237222,6.712415150593057,0.2750989815816826,2.0005762489515e-06,4.097180157852671,1.000000001022848
500.0,0.7810249675906655,3.0,4.41047558131567,0.04242543061265789,0.8363616654889345,4.959810919966498,2.684966060237222,8.054898180711668,0.2750989815816826,2.0005762489515e-06,4.097180157852671,1.00000000065351
500.0,0.7810249675906655,3.5,5.260109221957114,0.118934770696652,1.1536298570498567,4.971541934340636,2.684966060237222,9.397381210830279,0.2750989815816826,2.0005762489515e-06,4.097180157852671,1.0000000007477603
500.0,0.7810249675906655,4.0,5.919017681224003,0.17018964596549094,1.4223379693051938,4.995574522200188,2.684966060237222,10.73986424094889,0.2750989815816826,2.0005762489515e-06,4.097180157852671,1.0000000026264786
500.0,0.7810249675906655,4.5,6.538610211277854,0.21342545704003113,1.6979607429739743,5.07860206354474,2.684966060237222,12.082347271067501,0.2750989815816826,2.0005762489515e-06,4.097180157852671,1.0000000004507135
500.0,0.7810249675906655,5.0,7.286497529564027,0.26045883066538783,1.941371946039405,7.1758976857429975,2.684966060237222,13.424830301186114,0.2750989815816826,2.0005762489515e-06,4.097180157852671,1.0000000001549096
500.0,0.7810249675906655,5.5,8.367652926914843,0.32054366692424197,2.1205945001225666,7.190413268592095,2.684966060237222,14.767313331304726,0.2750989815816826,2.0005762489515e-06,4.097180157852671,0.9999999988884348
500.0,0.7810249675906655,6.0,9.317642608681599,0.36724605712657377,2.302367292678367,7.220557470713722,2.684966060237222,16.109796361423335,0.2750989815816826,2.0005762489515e-06,4.097180157852671,1.0000000004032377
700.0,0.792268893747571,0.0,2.6928731382328466,-0.17184409713041238,0.3738737730516078,3.762478609614833,3.7056052123456724,0.0,0.3796726651993516,2.761057536479491e-06,5.6546458347099975,1.00000000028744
700.0,0.792268893747571,0.5,2.720436949703878,-0.16742132640969284,0.3752611400124003,3.7632457764813503,3.7056052123456724,1.3618099155370345,0.3796726651993516,2.761057536479491e-06,5.6546458347099975,0.9999999989817706
700.0,0.792268893747571,1.0,2.8050528499259713,-0.15411894312794122,0.3795890395160205,3.7657172108137424,3.7056052123456724,2.723619831074069,0.3796726651993516,2.761057536479491e-06,5.6546458347099975,1.0000000077829772
700.0,0.792268893747571,1.5,2.9527604136889196,-0.1318317814892183,0.38739623963490094,3.770507026284484,3.7056052123456724,4.085429746611103,0.3796726651993516,2.761057536479491e-06,5.6546458347099975,1.0000000051665603
700.0,0.792268893747571,2.0,3.167080793975201,-0.10140084872332701,0.3997353958616074,3.779129821881655,3.7056052123456724,5.447239662148138,0.3796726651993516,2.761057536479491e-06,5.6546458347099975,1.0000000024344822
700.0,0.792268893747571,2.5,3.458413442915972,-0.06318308068853386,0.4184717065719247,3.795620466701055,3.7056052123456724,6.8090495776851725,0.3796726651993516,2.761057536479491e-06,5.6546458347099975,0.9999999960327765
700.0,0.792268893747571,3.0,3.891766755270021,-0.011913187464075891,0.4476369688775673,3.8343687061241964,3.7056052123456724,8.170859493222206,0.3796726651993516,2.761057536479491e-06,5.6546458347099975,1.0000000019995974
700.0,0.792268893747571,3.5,4.810096235031931,0.08009377401161648,0.49823432740347295,6.836493883175926,3.7056052123456724,9.53266940875924,0.3796726651993516,2.761057536479491e-06,5.6546458347099975,0.9999999999264315
700.0,0.792268893747571,4.0,5.915143706662479,0.16990530881982327,0.5847637531261506,6.843765610923799,3.7056052123456724,10.894479324296276,0.3796726651993516,2.761057536479491e-06,5.6546458347099975,1.000000002925019
700.0,0.792268893747571,4.5,6.892336578083638,0.23630648615889457,0.7426206536013477,3.5986582607431923,3.7056052123456724,12.25628923983331,0.3796726651993516,2.761057536479491e-06,5.6546458347099975,0.9999999995456461
700.0,0.792268893747571,5.0,7.5672997094307926,0.27688094358771387,0.9100106718908108,6.869983822747701,3.7056052123456724,13.618099155370345,0.3796726651993516,2.761057536479491e-06,5.6546458347099975,1.0000000002650609
700.0,0.792268893747571,5.5,8.245715012840664,0.3141683293763392,1.047371050117399,6.899110115140716,3.7056052123456724,14.979909070907377,0.3796726651993516,2.761057536479491e-06,5.6546458347099975,1.000000001001905
700.0,0.792268893747571,6.0,8.870996955146234,0.34591243885193834,1.1939129303589877,6.9712763372953646,3.7056052123456724,16.341718986444413,0.3796726651993516,2.761057536479491e-06,5.6546458347099975,1.0000000007941885
600.0,0.8127914861758826,0.0,2.249896621897949,-0.24989742769246936,0.44748484474417083,3.1435524360760803,3.09603468911095,0.0,0.3172166689662858,2.306864714862752e-06,4.724458936038916,1.00000000028744
600.0,0.8127914861758826,0.5,2.284720132006128,-0.24322698279494373,0.4500008592229007,3.1445275276861215,3.09603468911095,1.397085653461316,0.3172166689662858,2.306864714862752e-06,4.724458936038916,1.0000000059716971
600.0,0.8127914861758826,1.0,2.3928878638433733,-0.22313764426284344,0.45800926046180274,3.147791003793493,3.09603468911095,2.794171306922632,0.3172166689662858,2.306864714862752e-06,4.724458936038916,0.9999999970863368
600.0,0.8127914861758826,1.5,2.583768548019863,-0.18980638402497826,0.47306961106343925,3.154705236073962,3.09603468911095,4.1912569603839485,0.3172166689662858,2.306864714862752e-06,4.724458936038916,0.9999999995092315
600.0,0.8127914861758826,2.0,2.864893891344549,-0.1449514499309842,0.4984873378355054,3.169576479263639,3.09603468911095,5.588342613845264,0.3172166689662858,2.306864714862752e-06,4.724458936038916,0.9999999988725109
600.0,0.8127914861758826,2.5,3.34675793136408,-0.07743569004717542,0.5427281084490503,3.21177259114812,3.09603468911095,6.985428267306581,0.3172166689662858,2.306864714862752e-06,4.724458936038916,1.0000000014960317
600.0,0.8127914861758826,3.0,4.350891687559765,0.036518280638480526,0.6274555739065234,5.713916041647994,3.09603468911095,8.382513920767897,0.3172166689662858,2.306864714862752e-06,4.724458936038916,1.000000001072438
600.0,0.8127914861758826,3.5,5.455118890789365,0.13474422886699508,0.8032748279107872,5.722665072144653,3.09603468911095,9.779599574229213,0.3172166689662858,2.306864714862752e-06,4.724458936038916,0.9999999991728602
600.0,0.8127914861758826,4.0,6.22902962403871,0.19236040497015522,1.0590536132510584,5.736985147975664,3.09603468911095,11.176685227690529,0.3172166689662858,2.306864714862752e-06,4.724458936038916,0.9999999971954336
600.0,0.8127914861758826,4.5,6.917477388943929,0.23788775691539504,1.2624380899779792,5.766011926640239,3.09603468911095,12.573770881151844,0.3172166689662858,2.306864714862752e-06,4.724458936038916,1.000000001133577
600.0,0.8127914861758826,5.0,7.557546556357128,0.2763208398916205,1.4784627952953158,5.861698622138711,3.09603468911095,13.970856534613162,0.3172166689662858,2.306864714862752e-06,4.724458936038916,1.0000000000737992
600.0,0.8127914861758826,5.5,8.317153298881202,0.31791471499426366,1.6701682129906466,8.273634044440572,3.09603468911095,15.367942188074478,0.3172166689662858,2.306864714862752e-06,4.724458936038916,1.0000000009548375
600.0,0.8127914861758826,6.0,9.42607843928462,0.3722710581001883,1.815360577815233,8.287661650208948,3.09603468911095,16.765027841535794,0.3172166689662858,2.306864714862752e-06,4.724458936038916,0.9999999994196668
400.0,0.8164016305125923,0.0,1.4932983560279864,-0.4279134043454213,0.6742086311662487,2.0864343895588573,2.05489597453367,0.0,0.2105426203415646,1.5311091419736208e-06,3.135711522761975,1.00000000028744
400.0,0.8164016305125923,0.5,1.5468300055942146,-0.4126174033487074,0.6830577088629677,2.087969237104032,2.05489597453367,1.4032910344791119,0.2105426203415646,1.5311091419736208e-06,3.135711522761975,1.0000000007892034
400.0,0.8164016305125923,1.0,1.7189845640642105,-0.3667880144500054,0.7135459040121678,2.0940105371701687,2.05489597453367,2.8065820689582237,0.2105426203415646,1.5311091419736208e-06,3.135711522761975,1.0000000062919456
400.0,0.8164016305125923,1.5,2.0348396044371766,-0.2935298095373398,0.7814019853130627,2.1144841686509075,2.05489597453367,4.209873103437335,0.2105426203415646,1.5311091419736208e-06,3.135711522761975,0.9999999994365326
400.0,0.8164016305125923,2.0,2.927093261371971,-0.13562343143124775,0.9553943529417671,3.7926877255350675,2.05489597453367,5.613164137916447,0.2105426203415646,1.5311091419736208e-06,3.135711522761975,1.0000000013202817
400.0,0.8164016305125923,2.5,3.9376714807189823,-0.006820511131352585,1.434886861352237,3.8029530913380976,2.05489597453367,7.01645517239556,0.2105426203415646,1.5311091419736208e-06,3.135711522761975,1.0000000010608792
400.0,0.8164016305125923,3.0,4.627239500050531,0.06326198728550934,1.9276098264513015,3.829474295179521,2.05489597453367,8.41974620687467,0.2105426203415646,1.5311091419736208e-06,3.135711522761975,1.0000000011266812
400.0,0.8164016305125923,3.5,5.3020142508215296,0.12238089937292879,2.4066955311070584,5.48864688780046,2.05489597453367,9.823037241353783,0.2105426203415646,1.5311091419736208e-06,3.135711522761975,1.0000000001136016
400.0,0.8164016305125923,4.0,6.338500773740357,0.19992655635067266,2.7553757813896484,5.501999143134293,2.05489597453367,11.226328275832895,0.2105426203415646,1.5311091419736208e-06,3.135711522761975,1.0000000005159428
400.0,0.8164016305125923,4.5,7.301476740250305,0.26135071472143717,3.0930795954598307,5.538724810166137,2.05489597453367,12.629619310312005,0.2105426203415646,1.5311091419736208e-06,3.135711522761975,1.0000000005598242
400.0,0.8164016305125923,5.0,8.068176614242764,0.30471540512297035,3.540192129156488,7.182704614397194,2.05489597453367,14.03291034479112,0.2105426203415646,1.5311091419736208e-06,3.135711522761975,1.0000000004915244
400.0,0.8164016305125923,5.5,8.957377837258198,0.3501209025443536,3.9644232715948693,7.200569977977131,2.05489597453367,15.43620137927023,0.2105426203415646,1.5311091419736208e-06,3.135711522761975,1.000000000227837
400.0,0.8164016305125923,6.0,10.087658243426144,0.4017303691612957,4.278132540410619,8.865168563926396,2.05489597453367,16.83949241374934,0.2105426203415646,1.5311091419736208e-06,3.135711522761975,0.9999999995866534
450.0,0.8164016305125923,0.0,1.6799606505314844,-0.37676088189804013,0.5992965610366656,2.347238688253714,2.311757971350379,0.0,0.2368604478842601,1.7224977847203232e-06,3.527675463107222,1.00000000028744
450.0,0.8164016305125923,0.5,1.7273455025655187,-0.3646807777615179,0.6054673450174197,2.3485851659357966,2.311757971350379,1.4032910344791119,0.2368604478842601,1.7224977847203232e-06,3.527675463107222,0.999999996489699
450.0,0.8164016305125923,1.0,1.8787953317200643,-0.3281805189155029,0.6261019223147632,2.3535586071543584,2.311757971350379,2.8065820689582237,0.2368604478842601,1.7224977847203232e-06,3.527675463107222,0.999999997709287
450.0,0.8164016305125923,1.5,2.1481960161312514,-0.2699860844865784,0.6691609218319493,2.3672744186561467,2.311757971350379,4.209873103437335,0.2368604478842601,1.7224977847203232e-06,3.527675463107222,0.9999999979407013
450.0,0.8164016305125923,2.0,2.751681218484376,-0.16246187174714471,0.762493030330827,2.4313942095272068,2.311757971350379,5.613164137916447,0.2368604478842601,1.7224977847203232e-06,3.527675463107222,1.0000000008477263
450.0,0.8164016305125923,2.5,3.8610992855960835,-0.015349021967027433,0.9931193280103124,4.270944967082803,2.311757971350379,7.01645517239556,0.2368604478842601,1.7224977847203232e-06,3.527675463107222,1.000000002200048
450.0,0.8164016305125923,3.0,4.685820106381789,0.06872562022589986,1.438421030913746,4.284751604061985,2.311757971350379,8.41974620687467,0.2368604478842601,1.7224977847203232e-06,3.527675463107222,1.0000000011766677
450.0,0.8164016305125923,3.5,5.365086391587971,0.1275167282802252,1.8095671100134127,4.323123930513114,2.311757971350379,9.823037241353783,0.2368604478842601,1.7224977847203232e-06,3.527675463107222,1.000000001264586
450.0,0.8164016305125923,4.0,6.059644737279158,0.18038717192050382,2.180995045442012,6.175931941309818,2.311757971350379,11.226328275832895,0.2368604478842601,1.7224977847203232e-06,3.527675463107222,1.0000000007153906
450.0,0.8164016305125923,4.5,7.1308133704579,0.25107907879805386,2.4492229167907995,6.189749036026079,2.311757971350379,12.629619310312005,0.2368604478842601,1.7224977847203232e-06,3.527675463107222,1.0000000005159428
450.0,0.8164016305125923,5.0,8.11612746326385,0.30728886765402696,2.709304129822626,6.223076365414394,2.311757971350379,14.03291034479112,0.2368604478842601,1.7224977847203232e-06,3.527675463107222,0.9999999997913166
450.0,0.8164016305125923,5.5,8.88033538587558,0.3463693768700665,3.0558731832190014,8.077744391521373,2.311757971350379,15.43620137927023,0.2368604478842601,1.7224977847203232e-06,3.527675463107222,1.0000000004890024
450.0,0.8164016305125923,6.0,9.715971914863042,0.3854262594286759,3.4075945818731257,8.092023087050714,2.311757971350379,16.83949241374934,0.2368604478842601,1.7224977847203232e-06,3.527675463107222,1.0000000000042282
500.0,0.8164016305125923,0.0,1.8666229450349827,-0.33100339133736495,0.539366904932999,2.608042986948571,2.568619968167088,0.0,0.2631782754269557,1.913886427467026e-06,3.9196394034524693,1.00000000028744
500.0,0.8164016305125923,0.5,1.909141984762201,-0.32122176282654014,0.5438425720109457,2.609243598969154,2.568619968167088,1.4032910344791119,0.2631782754269557,1.913886427467026e-06,3.9196394034524693,0.9999999968659401
500.0,0.8164016305125923,1.0,2.043395375892112,-0.29170758506989725,0.5584964120971488,2.613491188753808,2.568619968167088,2.8065820689582237,0.2631782754269557,1.913886427467026e-06,3.9196394034524693,1.0000000004351786
500.0,0.8164016305125923,1.5,2.280536242099006,-0.2440230129230979,0.5877332474958503,2.6238586987961368,2.568619968167088,4.209873103437335,0.2631782754269557,1.913886427467026e-06,3.9196394034524693,0.9999999956644978
500.0,0.8164016305125923,2.0,2.667854138942275,-0.17589790985562348,0.6426847496409399,2.6555819584390346,2.568619968167088,5.613164137916447,0.2631782754269557,1.913886427467026e-06,3.9196394034524693,0.9999999979464611
500.0,0.8164016305125923,2.5,3.6588665767149635,-0.03871341842319134,0.7643154823534137,4.7408596569188335,2.568619968167088,7.01645517239556,0.2631782754269557,1.913886427467026e-06,3.9196394034524693,1.0000000013202817
500.0,0.8164016305125923,3.0,4.7359239328886975,0.07334472692406412,1.0503343181836504,2.4992302563928503,2.568619968167088,8.41974620687467,0.2631782754269557,1.913886427467026e-06,3.9196394034524693,0.9999999992981545
500.0,0.8164016305125923,3.5,5.439167224846083,0.1334724198886557,1.3934862427754375,4.768644357647409,2.568619968167088,9.823037241353783,0.2631782754269557,1.913886427467026e-06,3.9196394034524693,1.0000000012914987
500.0,0.8164016305125923,4.0,6.102891258895894,0.1834756404536021,1.6989657739908184,4.823604373528022,2.568619968167088,11.226328275832895,0.2631782754269557,1.913886427467026e-06,3.9196394034524693,0.9999999988271712
500.0,0.8164016305125923,4.5,6.8183261722462385,0.23161778166030825,1.9916295071062757,6.863283863893769,2.568619968167088,12.629619310312005,0.2631782754269557,1.913886427467026e-06,3.9196394034524693,0.9999999998227398
500.0,0.8164016305125923,5.0,7.923125967175445,0.29683656935872904,2.204300625111719,6.877498928917866,2.568619968167088,14.03291034479112,0.2631782754269557,1.913886427467026e-06,3.9196394034524693,1.0000000005159428
500.0,0.8164016305125923,5.5,8.928424986460136,0.34871486285534514,2.4108799242092323,6.908538972862887,2.568619968167088,15.43620137927023,0.2631782754269557,1.913886427467026e-06,3.9196394034524693,0.9999999996642809
500.0,0.8164016305125923,6.0,9.697532801564112,0.38460126593244814,2.686563084765775,8.973060877205388,2.568619968167088,16.83949241374934,0.2631782754269557,1.913886427467026e-06,3.9196394034524693,0.999999999226016
550.0,0.8164016305125923,0.0,2.053285239538481,-0.28961070617914,0.49033354993909006,2.8688472856434277,2.825481964983796,0.0,0.2894961029696512,2.1052750702137284e-06,4.3116033437977155,1.00000000028744
550.0,0.8164016305125923,0.5,2.091853606509322,-0.28152870315462397,0.4936835970743835,2.869931338769757,2.825481964983796,1.4032910344791119,0.2894961029696512,2.1052750702137284e-06,4.3116033437977155,0.9999999978691686
550.0,0.8164016305125923,1.0,2.212545945546724,-0.257167693341047,0.5044837006220905,2.8736506094769685,2.825481964983796,2.8065820689582237,0.2894961029696512,2.1052750702137284e-06,4.3116033437977155,0.9999999927761677
550.0,0.8164016305125923,1.5,2.425240398211092,-0.21730519748578628,0.5253417517922349,2.8820284076152394,2.825481964983796,4.209873103437335,0.2894961029696512,2.1052750702137284e-06,4.3116033437977155,0.9999999927484834
550.0,0.8164016305125923,2.0,2.747817350699358,-0.16307212983261854,0.5620761919317486,2.9027544160485093,2.825481964983796,5.613164137916447,0.2894961029696512,2.1052750702137284e-06,4.3116033437977155,1.000000001357554
550.0,0.8164016305125923,2.5,3.468246170896667,-0.061950075860652744,0.6345550777197145,2.9945138642674194,2.825481964983796,7.01645517239556,0.2894961029696512,2.1052750702137284e-06,4.3116033437977155,0.9999999984933078
550.0,0.8164016305125923,3.0,4.597627527366144,0.06047379305595017,0.7848348525538948,5.219009191299338,2.825481964983796,8.41974620687467,0.2894961029696512,2.1052750702137284e-06,4.3116033437977155,0.9999999996271085
550.0,0.8164016305125923,3.5,5.502706952968902,0.13851639371700555,1.0822873866258216,5.230964384779995,2.825481964983796,9.823037241353783,0.2894961029696512,2.1052750702137284e-06,4.3116033437977155,0.9999999982502411
550.0,0.8164016305125923,4.0,6.1918173154829965,0.18975814303161753,1.3389711030404523,5.254986012673373,2.825481964983796,11.226328275832895,0.2894961029696512,2.1052750702137284e-06,4.3116033437977155,0.9999999987467569
550.0,0.8164016305125923,4.5,6.841625281229983,0.23309929267620763,1.5977236675379136,5.333383406631849,2.825481964983796,12.629619310312005,0.2894961029696512,2.1052750702137284e-06,4.3116033437977155,1.00000000033947
550.0,0.8164016305125923,5.0,7.596335539688462,0.2785441484938272,1.831246254049347,7.550689188841765,2.825481964983796,14.03291034479112,0.2894961029696512,2.1052750702137284e-06,4.3116033437977155,1.0000000005920435
550.0,0.8164016305125923,5.5,8.715438563892988,0.33822925451695396,2.003909659192472,7.565248821809651,2.825481964983796,15.43620137927023,0.2894961029696512,2.1052750702137284e-06,4.3116033437977155,1.0000000005159428
550.0,0.8164016305125923,6.0,9.73738737186758,0.3863824560859783,2.171920346881724,7.594646424163542,2.825481964983796,16.83949241374934,0.2894961029696512,2.1052750702137284e-06,4.3116033437977155,0.9999999987716666
600.0,0.8164016305125923,0.0,2.239947534041979,-0.2518221452897402,0.44947242077749927,3.129651584338285,3.082343961800505,0.0,0.3158139305123468,2.296663712960431e-06,4.703567284142962,1.00000000028744
600.0,0.8164016305125923,0.5,2.275242607694375,-0.24503227931710395,0.4520454911993927,3.130640165077205,3.082343961800505,1.4032910344791119,0.3158139305123468,2.296663712960431e-06,4.703567284142962,1.0000000016866273
600.0,0.8164016305125923,1.0,2.3849438393631446,-0.22458183459411687,0.4602442962772632,3.133955808092684,3.082343961800505,2.8065820689582237,0.3158139305123468,2.296663712960431e-06,4.703567284142962,1.0000000010998826
600.0,0.8164016305125923,1.5,2.578476846096315,-0.1906967553943243,0.47569726934144524,3.1410158057552517,3.082343961800505,4.209873103437335,0.3158139305123468,2.296663712960431e-06,4.703567284142962,1.0000000062919456
600.0,0.8164016305125923,2.0,2.8642613548416684,-0.14504734787827844,0.501870691373962,3.1563658915415287,3.082343961800505,5.613164137916447,0.3158139305123468,2.296663712960431e-06,4.703567284142962,0.9999999979407013
600.0,0.8164016305125923,2.5,3.369810037409273,-0.074454571771226,0.547992807224496,3.2012012873470668,3.082343961800505,7.01645517239556,0.3158139305123468,2.296663712960431e-06,4.703567284142962,1.000000000981582
600.0,0.8164016305125923,3.0,4.390639892057955,0.04046782762443334,0.6369295686278449,5.6890315883025995,3.082343961800505,8.41974620687467,0.3158139305123468,2.296663712960431e-06,4.703567284142962,1.0000000013202817
600.0,0.8164016305125923,3.5,5.492166729195819,0.1376837215904721,0.8227415928564227,5.698039845647343,3.082343961800505,9.823037241353783,0.3158139305123468,2.296663712960431e-06,4.703567284142962,1.0000000007696512
600.0,0.8164016305125923,4.0,6.247760141842385,0.19366435683419977,1.0788157731853096,5.713002138749313,3.082343961800505,11.226328275832895,0.3158139305123468,2.296663712960431e-06,4.703567284142962,1.0000000011766677
600.0,0.8164016305125923,4.5,6.940859250075795,0.2393532463411905,1.2850732176342015,5.74421144276928,3.082343961800505,12.629619310312005,0.3158139305123468,2.296663712960431e-06,4.703567284142962,1.0000000011266812
600.0,0.8164016305125923,5.0,7.581764950706499,0.2777103250070493,1.5040612950316368,8.228715243116293,3.082343961800505,14.03291034479112,0.3158139305123468,2.296663712960431e-06,4.703567284142962,0.999999999874171
600.0,0.8164016305125923,5.5,8.3834429263241,0.3213624207184819,1.694004156561297,8.238138163515321,3.082343961800505,15.43620137927023,0.3158139305123468,2.296663712960431e-06,4.703567284142962,1.0000000004577174
600.0,0.8164016305125923,6.0,9.507751160610532,0.37601781540635376,1.8369171875930996,8.252998714701437,3.082343961800505,16.83949241374934,0.3158139305123468,2.296663712960431e-06,4.703567284142962,1.0000000005159428
650.0,0.8164016305125923,0.0,2.4266098285454767,-0.21706003903052834,0.41489761917923007,3.3904558830331415,3.3392059586172134,0.0,0.3421317580550423,2.488052355707133e-06,5.095531224488209,1.00000000028744
650.0,0.8164016305125923,0.5,2.4591473928777843,-0.21127543168435392,0.4169169254715639,3.391364765426254,3.3392059586172134,1.4032910344791119,0.3421317580550423,2.488052355707133e-06,5.095531224488209,1.0000000001531386
650.0,0.8164016305125923,1.0,2.559746123038078,-0.1938630974345331,0.4232933713623111,3.3943607925665558,3.3392059586172134,2.8065820689582237,0.3421317580550423,2.488052355707133e-06,5.095531224488209,0.9999999983534826
650.0,0.8164016305125923,1.5,2.737867897674796,-0.1646475017648142,0.4350883311176512,3.400482345332556,3.3392059586172134,4.209873103437335,0.3421317580550423,2.488052355707133e-06,5.095531224488209,1.0000000012205548
650.0,0.8164016305125923,2.0,2.9947947311013774,-0.12569293094823006,0.4544802360052683,3.412689042887378,3.3392059586172134,5.613164137916447,0.3421317580550423,2.488052355707133e-06,5.095531224488209,1.000000000638601
650.0,0.8164016305125923,2.5,3.3589710216883755,-0.0758537341892216,0.4856164477144473,3.4414967887713077,3.3392059586172134,7.01645517239556,0.3421317580550423,2.488052355707133e-06,5.095531224488209,1.000000000421253
650.0,0.8164016305125923,3.0,4.199105655638836,0.021096810931708256,0.5435593419964867,3.564193214725685,3.3392059586172134,8.41974620687467,0.3421317580550423,2.488052355707133e-06,5.095531224488209,0.9999999991699348
650.0,0.8164016305125923,3.5,5.334787181039152,0.12505710760705704,0.6494964089857456,6.167110125785508,3.3392059586172134,9.823037241353783,0.3421317580550423,2.488052355707133e-06,5.095531224488209,0.9999999993857638
650.0,0.8164016305125923,4.0,6.307795854753528,0.19781763806753402,0.854148501220439,3.2285029317449574,3.3392059586172134,11.226328275832895,0.3421317580550423,2.488052355707133e-06,5.095531224488209,0.9999999990399007
650.0,0.8164016305125923,4.5,7.000034797388906,0.24304020758292655,1.0545002396017755,6.196609199541704,3.3392059586172134,12.629619310312005,0.3421317580550423,2.488052355707133e-06,5.095531224488209,1.0000000006810554
650.0,0.8164016305125923,5.0,7.678891289801976,0.2832385279899652,1.2315476361228375,6.236865951656523,3.3392059586172134,14.03291034479112,0.3421317580550423,2.488052355707133e-06,5.095531224488209,1.0000000016512574
650.0,0.8164016305125923,5.5,8.336148349601382,0.3189054433750872,1.4180079891858974,8.915772684829033,3.3392059586172134,15.43620137927023,0.3421317580550423,2.488052355707133e-06,5.095531224488209,0.9999999984200925
650.0,0.8164016305125923,6.0,9.170682197945805,0.36034165227917553,1.5753995127704996,8.925622104414272,3.3392059586172134,16.83949241374934,0.3421317580550423,2.488052355707133e-06,5.095531224488209,1.0000000016341384
700.0,0.8164016305125923,0.0,2.6132721230489753,-0.18487535565912702,0.3852620749521422,3.651260181727999,3.5960679554339228,0.0,0.36844958559773794,2.679440998453836e-06,5.487495164833456,1.00000000028744
700.0,0.8164016305125923,0.5,2.643454390934079,-0.17988816965909646,0.38687602306749175,3.6521015244971053,3.5960679554339228,1.4032910344791119,0.36844958559773794,2.679440998453836e-06,5.487495164833456,0.9999999987964696
700.0,0.8164016305125923,1.0,2.7363820405147887,-0.16488325993757602,0.3919361234861625,3.6548374936257844,3.5960679554339228,2.8065820689582237,0.36844958559773794,2.679440998453836e-06,5.487495164833456,1.0000000036156982
700.0,0.8164016305125923,1.5,2.8995716007861394,-0.13972615382835185,0.40115927844620736,3.660255359774154,3.5960679554339228,4.209873103437335,0.36844958559773794,2.679440998453836e-06,5.487495164833456,0.9999999987186231
700.0,0.8164016305125923,2.0,3.135502808988537,-0.1057527971470116,0.4159747747691248,3.67041173539591,3.5960679554339228,5.613164137916447,0.36844958559773794,2.679440998453836e-06,5.487495164833456,0.9999999998000313
700.0,0.8164016305125923,2.5,3.462154845834839,-0.06271350341315819,0.43899212634284795,3.691430952732765,3.5960679554339228,7.01645517239556,0.36844958559773794,2.679440998453836e-06,5.487495164833456,0.9999999998933538
700.0,0.8164016305125923,3.0,4.07765394921885,0.008350375204488105,0.4780336205307885,3.7510918935031063,3.5960679554339228,8.41974620687467,0.36844958559773794,2.679440998453836e-06,5.487495164833456,0.9999999978789686
700.0,0.8164016305125923,3.5,5.122413207400948,0.10741461725504658,0.5459396302524385,6.637203519686366,3.5960679554339228,9.823037241353783,0.36844958559773794,2.679440998453836e-06,5.487495164833456,1.0000000013202817
700.0,0.8164016305125923,4.0,6.240493500943569,0.19315894390925903,0.6747087077001453,6.645912268162487,3.5960679554339228,11.226328275832895,0.36844958559773794,2.679440998453836e-06,5.487495164833456,1.000000000286001
700.0,0.8164016305125923,4.5,7.066314579030709,0.24713297617449903,0.8669700138615427,6.65906855820645,3.5960679554339228,12.629619310312005,0.36844958559773794,2.679440998453836e-06,5.487495164833456,1.0000000007092746
700.0,0.8164016305125923,5.0,7.754848768985833,0.2875133415198744,1.0253732959702326,6.681978907593316,3.5960679554339228,14.03291034479112,0.36844958559773794,2.679440998453836e-06,5.487495164833456,1.0000000002948637
700.0,0.8164016305125923,5.5,8.416420200371943,0.3230674187216271,1.1813951283075934,6.733634503087036,3.5960679554339228,15.43620137927023,0.36844958559773794,2.679440998453836e-06,5.487495164833456,0.9999999992443681
700.0,0.8164016305125923,6.0,9.091354254422995,0.35656858951947973,1.3395024860361506,9.602893417158002,3.5960679554339228,16.83949241374934,0.36844958559773794,2.679440998453836e-06,5.487495164833456,1.0000000000998477
550.0,0.8191458966508958,0.0,2.0464064146817837,-0.29106810284832135,0.4919817653606186,2.859236201105077,2.816016161013351,0.0,0.2885262460054663,2.0982220713393847e-06,4.29715880210306,1.00000000028744
550.0,0.8191458966508958,0.5,2.085370610534921,-0.282876742662272,0.49538932411784375,2.8603317390999967,2.816016161013351,1.4080080805066755,0.2885262460054663,2.0982220713393847e-06,4.29715880210306,0.9999999982627981
550.0,0.8191458966508958,1.0,2.2073716219881834,-0.2581845363754734,0.5063856844653973,2.864097528923045,2.816016161013351,2.816016161013351,0.2885262460054663,2.0982220713393847e-06,4.29715880210306,1.0000000056851732
550.0,0.8191458966508958,1.5,2.4223815298932108,-0.21781744489175164,0.5276669901706567,2.8726222755984443,2.816016161013351,4.224024241520026,0.2885262460054663,2.0982220713393847e-06,4.29715880210306,1.0000000019519713
550.0,0.8191458966508958,2.0,2.7491663310268666,-0.16285897485231862,0.5652723473169379,2.893966455889069,2.816016161013351,5.632032322026702,0.2885262460054663,2.0982220713393847e-06,4.29715880210306,1.00000000225397
550.0,0.8191458966508958,2.5,3.4931198286030263,-0.05884650731973216,0.6400837584049375,2.9930973772849314,2.816016161013351,7.040040402533377,0.2885262460054663,2.0982220713393847e-06,4.29715880210306,1.000000001022848
550.0,0.8191458966508958,3.0,4.625745814322268,0.06312177319177041,0.7974395591228355,5.201893578111802,2.816016161013351,8.448048483040052,0.2885262460054663,2.0982220713393847e-06,4.29715880210306,1.00000000065351
550.0,0.8191458966508958,3.5,5.516849094330032,0.1396311132757645,1.099942910533779,5.214197169785409,2.816016161013351,9.856056563546728,0.2885262460054663,2.0982220713393847e-06,4.29715880210306,1.0000000007477603
550.0,0.8191458966508958,4.0,6.207918116543308,0.19088598854460345,1.3561460429960481,5.239402760576935,2.816016161013351,11.264064644053404,0.2885262460054663,2.0982220713393847e-06,4.29715880210306,1.0000000026264786
550.0,0.8191458966508958,4.5,6.857752244323918,0.23412179961914367,1.6189420464333353,5.326482780580914,2.816016161013351,12.672072724560078,0.2885262460054663,2.0982220713393847e-06,4.29715880210306,1.0000000004507135
550.0,0.8191458966508958,5.0,7.642143081176702,0.2811551732445003,1.8510255223594858,7.526144986370969,2.816016161013351,14.080080805066753,0.2885262460054663,2.0982220713393847e-06,4.29715880210306,1.0000000001549096
550.0,0.8191458966508958,5.5,8.776068428165155,0.3412400095033546,2.021907522826825,7.54136905809945,2.816016161013351,15.48808888557343,0.2885262460054663,2.0982220713393847e-06,4.29715880210306,0.9999999988884348
550.0,0.8191458966508958,6.0,9.772426012072472,0.3879423997056862,2.19522108027148,7.572984564005642,2.816016161013351,16.896096966080105,0.2885262460054663,2.0982220713393847e-06,4.29715880210306,1.0000000004032377
500.0,0.8200762159701989,0.0,1.8582590083726502,-0.332953744497372,0.5417945700810177,2.596356906257503,2.557110533559259,0.0,0.26199903007779296,1.9053107132871425e-06,3.9020763408120676,1.00000000028744
500.0,0.8200762159701989,0.5,1.9013647259449848,-0.32299455869603383,0.5463736804230617,2.597574674472089,2.557110533559259,1.409607181624542,0.26199903007779296,1.9053107132871425e-06,3.9020763408120676,1.0000000020726878
500.0,0.8200762159701989,1.0,2.0375982664762056,-0.29294142885617797,0.5613904858606436,2.6018970400972794,2.557110533559259,2.819214363249084,0.26199903007779296,1.9053107132871425e-06,3.9020763408120676,1.0000000051665603
500.0,0.8200762159701989,1.5,2.278335920986185,-0.24444223388728792,0.5914545690929952,2.612540796482464,2.557110533559259,4.228821544873625,0.26199903007779296,1.9053107132871425e-06,3.9020763408120676,0.9999999969146532
500.0,0.8200762159701989,2.0,2.6855742028053857,-0.17302283483103556,0.6486875961527104,2.6459657859164127,2.557110533559259,5.638428726498168,0.26199903007779296,1.9053107132871425e-06,3.9020763408120676,1.0000000019995974
500.0,0.8200762159701989,2.5,3.694861315742063,-0.03446184925700374,0.7762259286029145,4.719947919527614,2.557110533559259,7.048035908122709,0.26199903007779296,1.9053107132871425e-06,3.9020763408120676,1.0000000011682904
500.0,0.8200762159701989,3.0,4.756164095931053,0.07519683879193494,1.0761595670838573,2.4833101255817347,2.557110533559259,8.45764308974725,0.26199903007779296,1.9053107132871425e-06,3.9020763408120676,0.9999999995456461
500.0,0.8200762159701989,3.5,5.458996459424901,0.13505282130503182,1.418559740294882,4.749048557416888,2.557110533559259,9.867250271371795,0.26199903007779296,1.9053107132871425e-06,3.9020763408120676,0.9999999975141373
500.0,0.8200762159701989,4.0,6.1215694757773065,0.18480279148497866,1.730144207597913,4.810637705025845,2.557110533559259,11.276857452996335,0.26199903007779296,1.9053107132871425e-06,3.9020763408120676,1.0000000007941885
500.0,0.8200762159701989,4.5,6.864559749290446,0.23455269815670818,2.0210284971550063,6.833399591841707,2.557110533559259,12.686464634620878,0.26199903007779296,1.9053107132871425e-06,3.9020763408120676,0.9999999991312195
500.0,0.8200762159701989,5.0,7.996652837986552,0.3008482508916949,2.2308419642882793,6.848480158061982,2.557110533559259,14.096071816245418,0.26199903007779296,1.9053107132871425e-06,3.9020763408120676,0.9999999993508084
500.0,0.8200762159701989,5.5,8.968135465660135,0.3506421684222401,2.4463502624728646,6.882867267824446,2.557110533559259,15.505678997869962,0.26199903007779296,1.9053107132871425e-06,3.9020763408120676,1.0000000006331458
500.0,0.8200762159701989,6.0,9.736481778141162,0.38634206407599986,2.729698985849933,8.933898854084648,2.557110533559259,16.9152861794945,0.26199903007779296,1.9053107132871425e-06,3.9020763408120676,1.0000000010232022
650.0,0.8459802007139411,0.0,2.341766650059335,-0.23251637456286334,0.4299295322678408,3.271913111859255,3.222455072744981,0.0,0.33016957712551037,2.401060921148963e-06,4.9173727665130755,1.00000000028744
650.0,0.8459802007139411,0.5,2.3780121085464656,-0.22584592966533773,0.432346840788396,3.272928019384749,3.222455072744981,1.454132851576173,0.33016957712551037,2.401060921148963e-06,4.9173727665130755,1.0000000059716971
650.0,0.8459802007139411,1.0,2.4905966533489474,-0.2057565911332375,0.4400410638202906,3.2763247530111412,3.222455072744981,2.908265703152346,0.33016957712551037,2.401060921148963e-06,4.9173727665130755,0.9999999970863368
650.0,0.8459802007139411,1.5,2.6892715684514634,-0.17242533089537226,0.45451058064527494,3.283521314136473,3.222455072744981,4.362398554728519,0.33016957712551037,2.401060921148963e-06,4.9173727665130755,0.9999999995092315
650.0,0.8459802007139411,2.0,2.981876102845085,-0.12757039680137816,0.47893114261687353,3.298999794795345,3.222455072744981,5.816531406304692,0.33016957712551037,2.401060921148963e-06,4.9173727665130755,0.9999999988725109
650.0,0.8459802007139411,2.5,3.4834160970821073,-0.06005463691756941,0.5214363001444412,3.342918900505141,3.222455072744981,7.270664257880865,0.33016957712551037,2.401060921148963e-06,4.9173727665130755,1.0000000014960317
650.0,0.8459802007139411,3.0,4.528551646676494,0.053899333768086484,0.6028398158661781,5.947232373851371,3.222455072744981,8.724797109457038,0.33016957712551037,2.401060921148963e-06,4.9173727665130755,1.000000001072438
650.0,0.8459802007139411,3.5,5.677867759000812,0.15212528199660108,0.7717614911487207,5.956338653507964,3.222455072744981,10.17892996103321,0.33016957712551037,2.401060921148963e-06,4.9173727665130755,0.9999999991728602
650.0,0.8459802007139411,4.0,6.483379589014346,0.20974145809976125,1.0175057992229926,5.971243460991561,3.222455072744981,11.633062812609383,0.33016957712551037,2.401060921148963e-06,4.9173727665130755,0.9999999971954336
650.0,0.8459802007139411,4.5,7.199938741320169,0.255268810045001,1.2129112838483658,6.0014554901015975,3.222455072744981,13.087195664185558,0.33016957712551037,2.401060921148963e-06,4.9173727665130755,1.000000001133577
650.0,0.8459802007139411,5.0,7.866143852875496,0.29370189302122646,1.4204611072808846,6.101049360411817,3.222455072744981,14.54132851576173,0.33016957712551037,2.401060921148963e-06,4.9173727665130755,1.0000000000737992
650.0,0.8459802007139411,5.5,8.65676761731429,0.3352957681238697,1.6046457149408027,8.611471341168702,3.222455072744981,15.995461367337903,0.33016957712551037,2.401060921148963e-06,4.9173727665130755,1.0000000009548375
650.0,0.8459802007139411,6.0,9.810973497679791,0.38965211122979426,1.744142026896537,8.626071736159675,3.222455072744981,17.449594218914076,0.33016957712551037,2.401060921148963e-06,4.9173727665130755,0.9999999994196668
600.0,0.8555699854482975,0.0,2.137401790803052,-0.2721738224036215,0.47103667867807447,2.986374814272277,2.9412329546554026,0.0,0.30135583551797157,2.191521479119615e-06,4.488235989236971,1.00000000028744
600.0,0.8555699854482975,0.5,2.178098566084929,-0.2639824622175721,0.4742991678035142,2.9875190663892726,2.9412329546554026,1.4706164773277015,0.30135583551797157,2.191521479119615e-06,4.488235989236971,0.9999999982627981
600.0,0.8555699854482975,1.0,2.305524466672978,-0.23929025593077347,0.48482738128691893,2.991452305580581,2.9412329546554026,2.941232954655403,0.30135583551797157,2.191521479119615e-06,4.488235989236971,1.0000000056851732
600.0,0.8555699854482975,1.5,2.530094991325124,-0.19892316444705177,0.5052026802575837,3.000356113093799,2.9412329546554026,4.411849431983104,0.30135583551797157,2.191521479119615e-06,4.488235989236971,1.0000000019519713
600.0,0.8555699854482975,2.0,2.871410584424898,-0.14396469440761875,0.541207068586292,3.022649382333525,2.9412329546554026,5.882465909310806,0.30135583551797157,2.191521479119615e-06,4.488235989236971,1.00000000225397
600.0,0.8555699854482975,2.5,3.6484446704135025,-0.039952226875032304,0.6128335415314458,3.1261882529094467,2.9412329546554026,7.3530823866385076,0.30135583551797157,2.191521479119615e-06,4.488235989236971,1.000000001022848
600.0,0.8555699854482975,3.0,4.831433930424606,0.08201605363647031,0.7634902507014657,5.433200643652201,2.9412329546554026,8.823698863966207,0.30135583551797157,2.191521479119615e-06,4.488235989236971,1.00000000065351
600.0,0.8555699854482975,3.5,5.762160951613719,0.15852539372046437,1.0531151595294446,5.4460513260424674,2.9412329546554026,10.29431534129391,0.30135583551797157,2.191521479119615e-06,4.488235989236971,1.0000000007477603
600.0,0.8555699854482975,4.0,6.483959004556618,0.20978026898930335,1.298410983640909,5.472377707014271,2.9412329546554026,11.764931818621612,0.30135583551797157,2.191521479119615e-06,4.488235989236971,1.0000000026264786
600.0,0.8555699854482975,4.5,7.162688614901002,0.2530160800638436,1.5500190011417951,5.563329821591479,2.9412329546554026,13.235548295949311,0.30135583551797157,2.191521479119615e-06,4.488235989236971,1.0000000004507135
600.0,0.8555699854482975,5.0,7.981958124295767,0.3000494536892002,1.7722220122558072,7.860802065661114,2.9412329546554026,14.706164773277015,0.30135583551797157,2.191521479119615e-06,4.488235989236971,1.0000000001549096
600.0,0.8555699854482975,5.5,9.166304522890774,0.36013428994805446,1.935829071730869,7.876703089984686,2.9412329546554026,16.176781250604716,0.30135583551797157,2.191521479119615e-06,4.488235989236971,0.9999999988884348
600.0,0.8555699854482975,6.0,10.206966079092386,0.40683668015038615,2.101764169770067,7.909724408944706,2.9412329546554026,17.647397727932415,0.30135583551797157,2.191521479119615e-06,4.488235989236971,1.0000000004032377
550.0,0.8601031914834406,0.0,1.9489584901731267,-0.31225740191825957,0.5165808536286497,2.723082096290549,2.681920153346048,0.0,0.27478690095758684,1.9983067346089376e-06,4.092532192479104,1.00000000028744
550.0,0.8601031914834406,0.5,1.9941681481697149,-0.3022982161169214,0.5209468640318162,2.7243593023690273,2.681920153346048,1.4784084845320091,0.27478690095758684,1.9983067346089376e-06,4.092532192479104,1.0000000020726878
550.0,0.8601031914834406,1.0,2.137051090896406,-0.27224508627706556,0.5352648262265304,2.7288926376817533,2.681920153346048,2.9568169690640183,0.27478690095758684,1.9983067346089376e-06,4.092532192479104,1.0000000051665603
550.0,0.8601031914834406,1.5,2.3895388730342013,-0.22374589130817552,0.5639298048685433,2.7400559035563026,2.681920153346048,4.435225453596027,0.27478690095758684,1.9983067346089376e-06,4.092532192479104,0.9999999969146532
550.0,0.8601031914834406,2.0,2.816653986319789,-0.1523264922519231,0.6184993550392625,2.7751123282246217,2.681920153346048,5.9136339381280365,0.27478690095758684,1.9983067346089376e-06,4.092532192479104,1.0000000019995974
550.0,0.8601031914834406,2.5,3.875203240711883,-0.013765506677891335,0.7401023837252992,4.950323140902859,2.681920153346048,7.3920424226600465,0.27478690095758684,1.9983067346089376e-06,4.092532192479104,1.0000000011682904
550.0,0.8601031914834406,3.0,4.9883069871616765,0.09589318137104731,1.0260778872731904,2.6045176324606527,2.681920153346048,8.870450907192055,0.27478690095758684,1.9983067346089376e-06,4.092532192479104,0.9999999995456461
550.0,0.8601031914834406,3.5,5.725443788774363,0.1557491638841442,1.3525436429811133,4.980844147408524,2.681920153346048,10.348859391724066,0.27478690095758684,1.9983067346089376e-06,4.092532192479104,0.9999999975141373
550.0,0.8601031914834406,4.0,6.420356230883553,0.20549913406409104,1.6496277759445699,5.045439390372056,2.681920153346048,11.827267876256073,0.27478690095758684,1.9983067346089376e-06,4.092532192479104,1.0000000007941885
550.0,0.8601031914834406,4.5,7.199611003848496,0.2552490407358206,1.9269750638365406,7.166929955005882,2.681920153346048,13.305676360788082,0.27478690095758684,1.9983067346089376e-06,4.092532192479104,0.9999999991312195
550.0,0.8601031914834406,5.0,8.386960252225247,0.3215445934708073,2.127024355468026,7.182746586293122,2.681920153346048,14.784084845320093,0.27478690095758684,1.9983067346089376e-06,4.092532192479104,0.9999999993508084
550.0,0.8601031914834406,5.5,9.405859827972888,0.37133851100135246,2.3325034554590123,7.218812091274993,2.681920153346048,16.262493329852102,0.27478690095758684,1.9983067346089376e-06,4.092532192479104,1.0000000006331458
550.0,0.8601031914834406,6.0,10.211708238961899,0.40703840665511226,2.6026658629095447,9.369952166821154,2.681920153346048,17.74090181438411,0.27478690095758684,1.9983067346089376e-06,4.092532192479104,1.0000000010232022
700.0,0.877915143963242,0.0,2.430166100790734,-0.21642403287716264,0.41429046360775285,3.3954247016762387,3.344099668900644,0.0,0.34263316279719713,2.4916986738886807e-06,5.102998884124018,1.00000000028744
700.0,0.877915143963242,0.5,2.4677797906606496,-0.20975358797963695,0.41661984038347977,3.3964779209898843,3.344099668900644,1.5090249755914154,0.34263316279719713,2.4916986738886807e-06,5.102998884124018,1.0000000059716971
700.0,0.877915143963242,1.0,2.584614294322667,-0.18966424944753668,0.42403417921749864,3.4000028780611045,3.344099668900644,3.0180499511828307,0.34263316279719713,2.4916986738886807e-06,5.102998884124018,0.9999999970863368
700.0,0.877915143963242,1.5,2.790788997403086,-0.1563329892096715,0.4379773545141153,3.4074711024841515,3.344099668900644,4.527074926774246,0.34263316279719713,2.4916986738886807e-06,5.102998884124018,0.9999999995092315
700.0,0.877915143963242,2.0,3.0944390730427824,-0.1114780551156774,0.4615095968502211,3.4235338809800284,3.344099668900644,6.036099902365661,0.34263316279719713,2.4916986738886807e-06,5.102998884124018,0.9999999988725109
700.0,0.877915143963242,2.5,3.61491172225175,-0.04396229523186864,0.5024685915136679,3.469110890914083,3.344099668900644,7.545124877957076,0.34263316279719713,2.4916986738886807e-06,5.102998884124018,1.0000000014960317
700.0,0.877915143963242,3.0,4.69950013898884,0.06999167545378727,0.580910982036981,6.171734706398952,3.344099668900644,9.054149853548491,0.34263316279719713,2.4916986738886807e-06,5.102998884124018,1.000000001072438
700.0,0.877915143963242,3.5,5.892201835032032,0.16821762368230184,0.743687981321144,6.181184739400837,3.344099668900644,10.563174829139907,0.34263316279719713,2.4916986738886807e-06,5.102998884124018,0.9999999991728602
700.0,0.877915143963242,4.0,6.728120966015982,0.22583379978546197,0.9804931218845758,6.1966521891078905,3.344099668900644,12.072199804731323,0.34263316279719713,2.4916986738886807e-06,5.102998884124018,0.9999999971954336
700.0,0.877915143963242,4.5,7.471729540807512,0.27136115173070174,1.1687905584200817,6.228004693413754,3.344099668900644,13.581224780322737,0.34263316279719713,2.4916986738886807e-06,5.102998884124018,1.000000001133577
700.0,0.877915143963242,5.0,8.163083257982638,0.30979423470692724,1.3687905726503145,6.331358137049273,3.344099668900644,15.090249755914153,0.34263316279719713,2.4916986738886807e-06,5.102998884124018,1.0000000000737992
700.0,0.877915143963242,5.5,8.983552313159437,0.35138810980957047,1.546275301587944,8.936546145923142,3.344099668900644,16.599274731505567,0.34263316279719713,2.4916986738886807e-06,5.102998884124018,1.0000000009548375
700.0,0.877915143963242,6.0,10.181328361309449,0.405744452915495,1.6806973112760555,8.951697691857198,3.344099668900644,18.108299707096982,0.34263316279719713,2.4916986738886807e-06,5.102998884124018,0.9999999994196668
650.0,0.8905054744357275,0.0,2.2246783175563682,-0.25479276927401556,0.4525574023872007,3.1083174562662923,3.0613323191077324,0.0,0.3136610982692349,2.281007875091515e-06,4.671504128187422,1.00000000028744
650.0,0.8905054744357275,0.5,2.267036864252467,-0.24660140908796618,0.45569190054999587,3.1095084316296764,3.0613323191077324,1.5306661595538664,0.3136610982692349,2.281007875091515e-06,4.671504128187422,0.9999999982627981
650.0,0.8905054744357275,1.0,2.399665946605214,-0.2219092028011675,0.46580708087777634,3.1136022767758336,3.0613323191077324,3.061332319107733,0.3136610982692349,2.281007875091515e-06,4.671504128187422,1.0000000056851732
650.0,0.8905054744357275,1.5,2.633406359430535,-0.18154211131744583,0.4853830349221719,3.122869653458862,3.0613323191077324,4.5919984786615995,0.3136610982692349,2.281007875091515e-06,4.671504128187422,1.0000000019519713
650.0,0.8905054744357275,2.0,2.9886588920522437,-0.12658364127801278,0.5199749323139168,3.146073223755503,3.0613323191077324,6.122664638215466,0.3136610982692349,2.281007875091515e-06,4.671504128187422,1.00000000225397
650.0,0.8905054744357275,2.5,3.7974216106666043,-0.02257117374542635,0.5887914215715818,3.253839897006013,3.0613323191077324,7.653330797769331,0.3136610982692349,2.281007875091515e-06,4.671504128187422,1.000000001022848
650.0,0.8905054744357275,3.0,5.028715870815962,0.09939710676607624,0.7335377057580531,5.655054524084147,3.0613323191077324,9.183996957323199,0.3136610982692349,2.281007875091515e-06,4.671504128187422,1.00000000065351
650.0,0.8905054744357275,3.5,5.997447268212848,0.17590644685007034,1.0118003174375987,5.6684299383850245,3.0613323191077324,10.714663116877066,0.3136610982692349,2.281007875091515e-06,4.671504128187422,1.0000000007477603
650.0,0.8905054744357275,4.0,6.7487185008588915,0.22716132211890933,1.2474729221439955,5.695831304464023,3.0613323191077324,12.245329276430931,0.3136610982692349,2.281007875091515e-06,4.671504128187422,1.0000000026264786
650.0,0.8905054744357275,4.5,7.455162677201292,0.27039713319344955,1.4892100860938458,5.790497266711483,3.0613323191077324,13.775995435984797,0.3136610982692349,2.281007875091515e-06,4.671504128187422,1.0000000004507135
650.0,0.8905054744357275,5.0,8.307885418254482,0.31743050681880614,1.7026958337315536,8.181782194309942,3.0613323191077324,15.306661595538662,0.3136610982692349,2.281007875091515e-06,4.671504128187422,1.0000000001549096
650.0,0.8905054744357275,5.5,9.540592233027178,0.37751534307766044,1.8598844120308784,8.198332505155474,3.0613323191077324,16.83732775509253,0.3136610982692349,2.281007875091515e-06,4.671504128187422,0.9999999988884348
650.0,0.8905054744357275,6.0,10.62374712227538,0.42421773327999207,2.019309697433776,8.232702183623774,3.0613323191077324,18.367993914646398,0.3136610982692349,2.281007875091515e-06,4.671504128187422,1.0000000004032377
600.0,0.8983484847207125,0.0,2.0356207531457633,-0.29336312147355964,0.4945885126119782,2.8441664897831203,2.8011742425289543,0.0,0.28700555763616337,2.087163313447252e-06,4.274510465939972,1.00000000028744
600.0,0.8983484847207125,0.5,2.0828407008893923,-0.2834039356722215,0.4987686493247161,2.845500488025004,2.8011742425289543,1.5441473011940867,0.28700555763616337,2.087163313447252e-06,4.274510465939972,1.0000000020726878
600.0,0.8983484847207125,1.0,2.23207706736488,-0.25335080583236563,0.5124770544577657,2.8502354023344068,2.8011742425289543,3.0882946023881734,0.28700555763616337,2.087163313447252e-06,4.274510465939972,1.0000000051665603
600.0,0.8983484847207125,1.5,2.495791954996882,-0.20485161086347556,0.5399216820528855,2.861895053271917,2.8011742425289543,4.63244190358226,0.28700555763616337,2.087163313447252e-06,4.274510465939972,0.9999999969146532
600.0,0.8983484847207125,2.0,2.941899141460927,-0.13343221180722317,0.5921680486444015,2.8985102946666084,2.8011742425289543,6.176589204776347,0.28700555763616337,2.087163313447252e-06,4.274510465939972,1.0000000019995974
600.0,0.8983484847207125,2.5,4.047517778970292,0.005128773766808681,0.7085940846936847,5.170443891549705,2.8011742425289543,7.720736505970432,0.28700555763616337,2.087163313447252e-06,4.274510465939972,1.0000000011682904
600.0,0.8983484847207125,3.0,5.2101167250752045,0.11478746181574727,0.9823947839447046,2.7203299461242056,2.8011742425289543,9.26488380716452,0.28700555763616337,2.087163313447252e-06,4.274510465939972,0.9999999995456461
600.0,0.8983484847207125,3.5,5.980031004335706,0.1746434443288442,1.2949619482136283,5.202322043169194,2.8011742425289543,10.809031108358607,0.28700555763616337,2.087163313447252e-06,4.274510465939972,0.9999999975141373
600.0,0.8983484847207125,4.0,6.70584337843661,0.22439341450879102,1.57939835039713,5.269789574055076,2.8011742425289543,12.353178409552694,0.28700555763616337,2.087163313447252e-06,4.274510465939972,1.0000000007941885
600.0,0.8983484847207125,4.5,7.51974844405677,0.2741433211805206,1.844938162087604,7.4856142017965945,2.8011742425289543,13.897325710746781,0.28700555763616337,2.087163313447252e-06,4.274510465939972,0.9999999991312195
600.0,0.8983484847207125,5.0,8.759894287805876,0.34043887391550726,2.0364707767830414,7.502134134394185,2.8011742425289543,15.441473011940865,0.28700555763616337,2.087163313447252e-06,4.274510465939972,0.9999999993508084
600.0,0.8983484847207125,5.5,9.824100186608304,0.39023279144605244,2.2332020371917864,7.539803325802801,2.8011742425289543,16.98562031313495,0.28700555763616337,2.087163313447252e-06,4.274510465939972,1.0000000006331458
600.0,0.8983484847207125,6.0,10.665781401251849,0.42593268709981225,2.4918628495816386,9.78659585770343,2.8011742425289543,18.52976761432904,0.28700555763616337,2.087163313447252e-06,4.274510465939972,1.0000000010232022
400.0,0.9023647554129298,0.0,1.3510403696398101,-0.47139166521498654,0.7451995241332807,1.8876717285061961,1.859137797747162,0.0,0.19048543009704527,1.3852491384462257e-06,2.83699023553787,1.00000000028744
400.0,0.9023647554129298,0.5,1.4240415870134249,-0.44853731891847015,0.7600457591985915,1.8898107269014035,1.859137797747162,1.5510507619954705,0.19048543009704527,1.3852491384462257e-06,2.83699023553787,0.9999999968878869
400.0,0.9023647554129298,1.0,1.6623707520082456,-0.3813321020876511,0.8150111795302544,1.8997672250421611,1.859137797747162,3.102101523990941,0.19048543009704527,1.3852491384462257e-06,2.83699023553787,1.000000002177544
400.0,0.9023647554129298,1.5,2.3103798169451455,-0.2383766093388837,0.9704164610896292,1.9770836327949906,1.859137797747162,4.653152285986412,0.19048543009704527,1.3852491384462257e-06,2.83699023553787,1.0000000027400482
400.0,0.9023647554129298,2.0,3.4875171463637393,-0.059543639834021354,1.5095647326386836,1.801450836305239,1.859137797747162,6.204203047981882,0.19048543009704527,1.3852491384462257e-06,2.83699023553787,0.9999999995135311
400.0,0.9023647554129298,2.5,4.249139604609714,0.02624100865203237,2.187640382005933,3.4699094609702783,1.859137797747162,7.755253809977353,0.19048543009704527,1.3852491384462257e-06,2.83699023553787,1.0000000005932128
400.0,0.9023647554129298,3.0,5.053390751335199,0.10152288984861536,2.8072056211541736,4.968857992789287,1.859137797747162,9.306304571972824,0.19048543009704527,1.3852491384462257e-06,2.83699023553787,0.9999999983740019
400.0,0.9023647554129298,3.5,6.269954029951528,0.19520436535417796,3.231584187712739,4.990875073582048,1.859137797747162,10.857355333968295,0.19048543009704527,1.3852491384462257e-06,2.83699023553787,0.9999999997953354
400.0,0.9023647554129298,4.0,7.138653779585556,0.25155632812024104,3.797670980541691,6.4961577727424675,1.859137797747162,12.408406095963764,0.19048543009704527,1.3852491384462257e-06,2.83699023553787,1.0000000006019745
400.0,0.9023647554129298,4.5,8.09905549571396,0.3063743834868857,4.3798035640092055,6.514494228156018,1.859137797747162,13.959456857959236,0.19048543009704527,1.3852491384462257e-06,2.83699023553787,0.9999999994801166
400.0,0.9023647554129298,5.0,9.306465175603831,0.3667247652454734,4.784488762711171,8.022457174937056,1.859137797747162,15.510507619954707,0.19048543009704527,1.3852491384462257e-06,2.83699023553787,0.9999999999388294
400.0,0.9023647554129298,5.5,10.228660546347493,0.40775877479703954,5.075113519301179,1.8591406503228634,1.859137797747162,17.061558381950178,0.19048543009704527,1.3852491384462257e-06,2.83699023553787,0.9999999999223705
400.0,0.9023647554129298,6.0,11.317541106689411,0.45169208925271026,5.569062473190673,1.8659428799430402,1.859137797747162,18.612609143945647,0.19048543009704527,1.3852491384462257e-06,2.83699023553787,0.9999999993873786
450.0,0.9023647554129298,0.0,1.5199204158447865,-0.4202391427676052,0.6623995770073605,2.1236306945694707,2.091530022465557,0.0,0.21429610885917597,1.558405280752004e-06,3.191614014980104,1.00000000028744
450.0,0.9023647554129298,0.5,1.5844040645459756,-0.40219404347829707,0.6727150862187159,2.125493968357178,2.091530022465557,1.5510507619954705,0.21429610885917597,1.558405280752004e-06,3.191614014980104,1.0000000021027131
450.0,0.9023647554129298,1.0,1.7926272830759937,-0.34856998940094724,0.7091876234503097,2.1332644104059364,2.091530022465557,3.102101523990941,0.21429610885917597,1.558405280752004e-06,3.191614014980104,1.000000001774699
450.0,0.9023647554129298,1.5,2.221188643658332,-0.2554745469529372,0.7969859079941295,2.1662104923578616,2.091530022465557,4.653152285986412,0.21429610885917597,1.558405280752004e-06,3.191614014980104,0.9999999999864606
450.0,0.9023647554129298,2.0,3.3814804129445912,-0.07295311518828283,1.051287540797079,3.8631281488756786,2.091530022465557,6.204203047981882,0.21429610885917597,1.558405280752004e-06,3.191614014980104,0.9999999985890283
450.0,0.9023647554129298,2.5,4.304919935160407,0.031905087332471264,1.6344628184266337,3.878647322183701,2.091530022465557,7.755253809977353,0.21429610885917597,1.558405280752004e-06,3.191614014980104,1.0000000006050638
450.0,0.9023647554129298,3.0,5.044853777747233,0.10078859164579819,2.1438230389204738,3.943082254784834,2.091530022465557,9.306304571972824,0.21429610885917597,1.558405280752004e-06,3.191614014980104,1.0000000008607195
450.0,0.9023647554129298,3.5,5.980039660028462,0.17464407294044798,2.5902928808442067,5.593446571389214,2.091530022465557,10.857355333968295,0.21429610885917597,1.558405280752004e-06,3.191614014980104,0.9999999986235537
450.0,0.9023647554129298,4.0,7.173581487091486,0.25367604463776955,2.9197768739438383,5.620080348796894,2.091530022465557,12.408406095963764,0.21429610885917597,1.558405280752004e-06,3.191614014980104,0.9999999994485284
450.0,0.9023647554129298,4.5,8.030985502033753,0.3027088505676224,3.37570753825928,7.308177494335277,2.091530022465557,13.959456857959236,0.21429610885917597,1.558405280752004e-06,3.191614014980104,1.0000000006019745
450.0,0.9023647554129298,5.0,8.964739045197165,0.35047766086579285,3.841800471038194,7.325347078134547,2.091530022465557,15.510507619954707,0.21429610885917597,1.558405280752004e-06,3.191614014980104,1.000000000037668
450.0,0.9023647554129298,5.5,10.209395015734618,0.40694001627191057,4.189765589246187,9.022731214110765,2.091530022465557,17.061558381950178,0.21429610885917597,1.558405280752004e-06,3.191614014980104,1.000000000595595
450.0,0.9023647554129298,6.0,11.147660097701378,0.4451237268813026,4.414991939179549,2.0884117597866947,2.091530022465557,18.612609143945647,0.21429610885917597,1.558405280752004e-06,3.191614014980104,1.0000000000815108
500.0,0.9023647554129298,0.0,1.6888004620497628,-0.37448165220693014,0.5961596193066245,2.359589660632745,2.3239222471839525,0.0,0.2381067876213066,1.7315614230577823e-06,3.5462377944223378,1.00000000028744
500.0,0.9023647554129298,0.5,1.7465763754146049,-0.35987240983074775,0.6036223297230467,2.3612429834200808,2.3239222471839525,1.5510507619954705,0.2381067876213066,1.7315614230577823e-06,3.5462377944223378,0.9999999956406135
500.0,0.9023647554129298,1.0,1.9322621530344222,-0.3159939438381872,0.6291695437852856,2.3676608267416683,2.3239222471839525,3.102101523990941,0.2381067876213066,1.7315614230577823e-06,3.5462377944223378,0.9999999979055425
500.0,0.9023647554129298,1.5,2.270250491354919,-0.24598621298444356,0.6852424233321032,2.3883862746489966,2.3239222471839525,4.653152285986412,0.2381067876213066,1.7315614230577823e-06,3.5462377944223378,1.0000000000731095
500.0,0.9023647554129298,2.0,3.1960915634835216,-0.09744077858775482,0.8224942362752691,4.288495624162731,2.3239222471839525,6.204203047981882,0.2381067876213066,1.7315614230577823e-06,3.5462377944223378,1.0000000025992677
500.0,0.9023647554129298,2.5,4.359396432954674,0.03736637317403506,1.2076517861109468,2.2518135453815487,2.3239222471839525,7.755253809977353,0.2381067876213066,1.7315614230577823e-06,3.5462377944223378,0.9999999995135311
500.0,0.9023647554129298,3.0,5.128276283641513,0.10791142323832281,1.6460375817810649,4.324121202402305,2.3239222471839525,9.306304571972824,0.2381067876213066,1.7315614230577823e-06,3.5462377944223378,1.000000001454251
500.0,0.9023647554129298,3.5,5.8619608571975075,0.16598292281541557,2.06652900907394,6.205619408060627,2.3239222471839525,10.857355333968295,0.2381067876213066,1.7315614230577823e-06,3.5462377944223378,1.00000000087231
500.0,0.9023647554129298,4.0,6.930972834513426,0.23873420533415984,2.3902573039131254,6.218656760089345,2.3239222471839525,12.408406095963764,0.2381067876213066,1.7315614230577823e-06,3.5462377944223378,1.0000000002349232
500.0,0.9023647554129298,4.5,8.07417208418196,0.3050380099284275,2.6634184903734535,6.25017950257699,2.3239222471839525,13.959456857959236,0.2381067876213066,1.7315614230577823e-06,3.5462377944223378,1.000000000162646
500.0,0.9023647554129298,5.0,8.923317224481945,0.34846634112829744,3.0381367844333527,8.120197215928085,2.3239222471839525,15.510507619954707,0.2381067876213066,1.7315614230577823e-06,3.5462377944223378,1.0000000006019745
500.0,0.9023647554129298,5.5,9.851366828696435,0.3914364995735779,3.419760661049842,8.136541423612334,2.3239222471839525,17.061558381950178,0.2381067876213066,1.7315614230577823e-06,3.5462377944223378,0.9999999994557365
500.0,0.9023647554129298,6.0,11.081486219808093,0.44253801940525295,3.7191985275562445,10.02325803839798,2.3239222471839525,18.612609143945647,0.2381067876213066,1.7315614230577823e-06,3.5462377944223378,1.0000000002966052
550.0,0.9023647554129298,0.0,1.8576805082547385,-0.3330889670487052,0.5419632902787497,2.595548626696019,2.5563144719023474,0.0,0.2619174663834372,1.9047175653635601e-06,3.900861573864571,1.00000000028744
550.0,0.9023647554129298,0.5,1.9100306293169296,-0.32101965966313034,0.5475386368442311,2.5970361303894216,2.5563144719023474,1.5510507619954705,0.2619174663834372,1.9047175653635601e-06,3.900861573864571,1.000000003627497
550.0,0.9023647554129298,1.0,2.0773408768337767,-0.2845522243157218,0.5661802308584551,2.6025293174116673,2.5563144719023474,3.102101523990941,0.2619174663834372,1.9047175653635601e-06,3.900861573864571,0.9999999966608493
550.0,0.9023647554129298,1.5,2.3749422061075296,-0.22640694573506961,0.6050720695514595,2.617669949025351,2.5563144719023474,4.653152285986412,0.2619174663834372,1.9047175653635601e-06,3.900861573864571,1.0000000005623397
550.0,0.9023647554129298,2.0,3.040937541938552,-0.11905249110161999,0.6893229339791905,2.688266886501971,2.5563144719023474,6.204203047981882,0.2619174663834372,1.9047175653635601e-06,3.900861573864571,1.0000000019560837
550.0,0.9023647554129298,2.5,4.266877543511942,0.028050187753478655,0.8973419292377984,4.722736678732282,2.5563144719023474,7.755253809977353,0.2619174663834372,1.9047175653635601e-06,3.900861573864571,0.9999999989509712
550.0,0.9023647554129298,3.0,5.17959593813171,0.11223589029289535,1.299898848390221,4.737967948906296,2.5563144719023474,9.306304571972824,0.2619174663834372,1.9047175653635601e-06,3.900861573864571,1.0000000003594913
550.0,0.9023647554129298,3.5,5.930452929929084,0.1710278719278967,1.6353312718525321,4.780205806141128,2.5563144719023474,10.857355333968295,0.2619174663834372,1.9047175653635601e-06,3.900861573864571,1.000000000005349
550.0,0.9023647554129298,4.0,6.697669811800459,0.22386374213451493,1.9712941677395786,6.829233066978019,2.5563144719023474,12.408406095963764,0.2619174663834372,1.9047175653635601e-06,3.900861573864571,0.9999999995360149
550.0,0.9023647554129298,4.5,7.879730119823158,0.2944513518622619,2.2140904269670156,6.844464804903406,2.5563144719023474,13.959456857959236,0.2619174663834372,1.9047175653635601e-06,3.900861573864571,1.000000000070439
550.0,0.9023647554129298,5.0,8.970806816758978,0.35077151306606186,2.4488580239695046,6.881117667266586,2.5563144719023474,15.510507619954707,0.2619174663834372,1.9047175653635601e-06,3.900861573864571,1.0000000006748035
550.0,0.9023647554129298,5.5,9.815648946930137,0.3898590262865224,2.761942531303048,8.932216937520892,2.5563144719023474,17.061558381950178,0.2619174663834372,1.9047175653635601e-06,3.900861573864571,1.0000000006019745
550.0,0.9023647554129298,6.0,10.7385762430897,0.4288867136149008,3.080036951621097,8.947946662392784,2.5563144719023474,18.612609143945647,0.2619174663834372,1.9047175653635601e-06,3.900861573864571,0.9999999998590422
600.0,0.9023647554129298,0.0,2.0265605544597154,-0.29530040615930525,0.49679968275552044,2.8315075927592943,2.7887066966207428,0.0,0.28572814514556794,2.0778737076693386e-06,4.255485353306805,1.00000000028744
600.0,0.9023647554129298,0.5,2.0744278165234813,-0.28516166396386283,0.5010758010742916,2.8328605152003683,2.7887066966207428,1.5510507619954705,0.28572814514556794,2.0778737076693386e-06,4.255485353306805,1.0000000006312326
600.0,0.9023647554129298,1.0,2.225853765217825,-0.2545633627960879,0.5151220113249536,2.8376787206764535,2.7887066966207428,3.102101523990941,0.28572814514556794,2.0778737076693386e-06,4.255485353306805,1.0000000006547494
600.0,0.9023647554129298,1.5,2.4935561280123686,-0.20524084303196982,0.5433407863535028,2.849650837563242,2.7887066966207428,4.653152285986412,0.28572814514556794,2.0778737076693386e-06,4.255485353306805,1.000000002177544
600.0,0.9023647554129298,2.0,2.961584858211109,-0.1305358103446373,0.5977394309955971,2.888280656477148,2.7887066966207428,6.204203047981882,0.28572814514556794,2.0778737076693386e-06,4.255485353306805,0.9999999999864606
600.0,0.9023647554129298,2.5,4.088816508297804,0.00953763005498631,0.7197656336576524,5.147800038292758,2.7887066966207428,7.755253809977353,0.28572814514556794,2.0778737076693386e-06,4.255485353306805,0.9999999976269766
600.0,0.9023647554129298,3.0,5.23127571954561,0.11654761922165996,1.006376488425789,2.702176254457859,2.7887066966207428,9.306304571972824,0.28572814514556794,2.0778737076693386e-06,4.255485353306805,0.9999999995135311
600.0,0.9023647554129298,3.5,6.00140168071033,0.17619270423964387,1.3178331474942582,5.181233366301306,2.7887066966207428,10.857355333968295,0.28572814514556794,2.0778737076693386e-06,4.255485353306805,0.9999999997935555
600.0,0.9023647554129298,4.0,6.726471703662977,0.22572732825409814,1.6078672791903554,5.257443006379779,2.7887066966207428,12.408406095963764,0.28572814514556794,2.0778737076693386e-06,4.255485353306805,1.0000000008607195
600.0,0.9023647554129298,4.5,7.580086127002798,0.2776141489042966,1.871470414102782,7.453286989183931,2.7887066966207428,13.959456857959236,0.28572814514556794,2.0778737076693386e-06,4.255485353306805,0.9999999983740019
600.0,0.9023647554129298,5.0,8.837913320562148,0.3442897464972989,2.0610749900564422,7.470850055665143,2.7887066966207428,15.510507619954707,0.28572814514556794,2.0778737076693386e-06,4.255485353306805,1.0000000006073837
600.0,0.9023647554129298,5.5,9.865483412116065,0.3920583793622003,2.266715585884633,7.512839859320314,2.7887066966207428,17.061558381950178,0.28572814514556794,2.0778737076693386e-06,4.255485353306805,1.000000000761613
600.0,0.9023647554129298,6.0,10.707980669378335,0.42764758717592233,2.5317806536944603,9.744236659113703,2.7887066966207428,18.612609143945647,0.28572814514556794,2.0778737076693386e-06,4.255485353306805,1.0000000006019745
650.0,0.9023647554129298,0.0,2.1954406006646914,-0.2605382999000934,0.45858432254355747,3.0674665588225682,3.0210989213391377,0.0,0.30953882390769855,2.2510298499751165e-06,4.610109132749039,1.00000000028744
650.0,0.9023647554129298,0.5,2.2395396028309733,-0.25190124464598895,0.4619364768334771,3.0687078935680754,3.0210989213391377,1.5510507619954705,0.30953882390769855,2.2510298499751165e-06,4.610109132749039,0.9999999994792634
650.0,0.9023647554129298,1.0,2.377943133704585,-0.22585852666917616,0.47279787087923114,3.0730093766967386,3.0210989213391377,3.102101523990941,0.30953882390769855,2.2510298499751165e-06,4.610109132749039,1.0000000022344018
650.0,0.9023647554129298,1.5,2.621943631474827,-0.18343664066443252,0.4939971851319539,3.082947710629282,3.0210989213391377,4.653152285986412,0.30953882390769855,2.2510298499751165e-06,4.610109132749039,0.9999999987338445
650.0,0.9023647554129298,2.0,2.995968367296543,-0.12552276774148285,0.5319740391722103,3.10913695575457,3.0210989213391377,6.204203047981882,0.30953882390769855,2.2510298499751165e-06,4.610109132749039,0.9999999981251588
650.0,0.9023647554129298,2.5,3.9084351276250415,-0.010057083413560559,0.6099836279019186,5.573568084468708,3.0210989213391377,7.755253809977353,0.30953882390769855,2.2510298499751165e-06,4.610109132749039,1.0000000027101787
650.0,0.9023647554129298,3.0,5.150198499889488,0.1097639766929045,0.7821256210442358,5.58239812897994,3.0210989213391377,9.306304571972824,0.30953882390769855,2.2510298499751165e-06,4.610109132749039,0.9999999997417142
650.0,0.9023647554129298,3.5,6.055255594719818,0.18007248827887737,1.076702824969024,5.5974695813867905,3.0210989213391377,10.857355333968295,0.30953882390769855,2.2510298499751165e-06,4.610109132749039,0.9999999990134176
650.0,0.9023647554129298,4.0,6.816872412122339,0.23152517428120684,1.3158272842597563,5.631118046050587,3.0210989213391377,12.408406095963764,0.30953882390769855,2.2510298499751165e-06,4.610109132749039,0.9999999982576291
650.0,0.9023647554129298,4.5,7.538736868455958,0.2752385936646156,1.5663712705742021,8.066381758497245,3.0210989213391377,13.959456857959236,0.30953882390769855,2.2510298499751165e-06,4.610109132749039,0.9999999994329688
650.0,0.9023647554129298,5.0,8.506248357406657,0.327678067355313,1.7737179785475965,8.077770340808211,3.0210989213391377,15.510507619954707,0.30953882390769855,2.2510298499751165e-06,4.610109132749039,1.0000000006599084
650.0,0.9023647554129298,5.5,9.788778261619907,0.3886684995204067,1.9282105921703467,8.097791561661927,3.0210989213391377,17.061558381950178,0.30953882390769855,2.2510298499751165e-06,4.610109132749039,1.000000000457631
650.0,0.9023647554129298,6.0,10.75921165891869,0.429720459860755,2.1099867855821457,8.145293453545586,3.0210989213391377,18.612609143945647,0.30953882390769855,2.2510298499751165e-06,4.610109132749039,0.9999999991263783
700.0,0.9023647554129298,0.0,2.3643206468696674,-0.22835361652869218,0.4258282995047319,3.303425524885843,3.253491146057533,0.0,0.3333495026698292,2.4241859922808948e-06,4.964732912191272,1.00000000028744
700.0,0.9023647554129298,0.5,2.405206422938061,-0.22090763639945635,0.4285051718569246,3.30457272579078,3.253491146057533,1.5510507619954705,0.3333495026698292,2.4241859922808948e-06,4.964732912191272,0.999999998694573
700.0,0.9023647554129298,1.0,2.5327230373496796,-0.19847229065198324,0.4370854795409123,3.308464650541272,3.253491146057533,3.102101523990941,0.3333495026698292,2.4241859922808948e-06,4.964732912191272,1.0000000013003778
700.0,0.9023647554129298,1.5,2.7574734825788783,-0.16154864661647445,0.4534581863541547,3.316988137055044,3.253491146057533,4.653152285986412,0.3333495026698292,2.4241859922808948e-06,4.964732912191272,1.0000000021516235
700.0,0.9023647554129298,2.0,3.0940125572227544,-0.11153791935262805,0.4817415302996287,3.3367194157051667,3.253491146057533,6.204203047981882,0.3333495026698292,2.4241859922808948e-06,4.964732912191272,1.0000000017076347
700.0,0.9023647554129298,2.5,3.7776468292215344,-0.02483863787178194,0.5347410531630701,3.405945342376778,3.253491146057533,7.755253809977353,0.3333495026698292,2.4241859922808948e-06,4.964732912191272,0.9999999996119675
700.0,0.9023647554129298,3.0,4.986349359861111,0.0957227119903296,0.6403553222920982,6.007214938321669,3.253491146057533,9.306304571972824,0.3333495026698292,2.4241859922808948e-06,4.964732912191272,0.9999999998105592
700.0,0.9023647554129298,3.5,6.103155006136544,0.18349440885227308,0.8626084186506764,3.1525389635341683,3.253491146057533,10.857355333968295,0.3333495026698292,2.4241859922808948e-06,4.964732912191272,0.9999999995135311
700.0,0.9023647554129298,4.0,6.8724259375062875,0.23505007692480792,1.0956754421640846,6.0394577077550355,3.253491146057533,12.408406095963764,0.3333495026698292,2.4241859922808948e-06,4.964732912191272,1.0000000001489626
700.0,0.9023647554129298,4.5,7.611809558345703,0.27942792270711775,1.304911415542836,6.091786442664457,3.253491146057533,13.959456857959236,0.3333495026698292,2.4241859922808948e-06,4.964732912191272,1.000000002462698
700.0,0.9023647554129298,5.0,8.371963852408467,0.3207673531913587,1.514843232955349,8.68982717425618,3.253491146057533,15.510507619954707,0.3333495026698292,2.4241859922808948e-06,4.964732912191272,0.9999999993441157
700.0,0.9023647554129298,5.5,9.444591004218482,0.3731231643171875,1.6813507987696503,8.70267341719502,3.253491146057533,17.061558381950178,0.3333495026698292,2.4241859922808948e-06,4.964732912191272,0.9999999996334523
700.0,0.9023647554129298,6.0,10.72281266973997,0.4282487274920247,1.8113595042129844,8.725267480744828,3.253491146057533,18.612609143945647,0.3333495026698292,2.4241859922808948e-06,4.964732912191272,0.9999999999193142
700.0,0.9241212041718337,0.0,2.308657795751197,-0.23870042758831486,0.4360952248502662,3.2256534665924264,3.1768946854556113,0.0,0.32550150465733724,2.3671137401942463e-06,4.847848939917816,1.00000000028744
700.0,0.9241212041718337,0.5,2.3526153370617338,-0.23050906740226548,0.4391157028578877,3.226889400136402,3.1768946854556113,1.5884473427278056,0.32550150465733724,2.3671137401942463e-06,4.847848939917816,0.9999999982627981
700.0,0.9241212041718337,1.0,2.490251040390441,-0.20581686111546688,0.4488629345155202,3.23113778402035,3.1768946854556113,3.1768946854556113,0.32550150465733724,2.3671137401942463e-06,4.847848939917816,1.0000000056851732
700.0,0.9241212041718337,1.5,2.7328149301864353,-0.16544976963174518,0.46772679584143667,3.2407549953073,3.1768946854556113,4.765342028183417,0.32550150465733724,2.3671137401942463e-06,4.847848939917816,1.0000000019519713
700.0,0.9241212041718337,2.0,3.101477906053589,-0.11049129959231216,0.501060382236171,3.264834478184376,3.1768946854556113,6.3537893709112225,0.32550150465733724,2.3671137401942463e-06,4.847848939917816,1.00000000225397
700.0,0.9241212041718337,2.5,3.9407706435730065,-0.006478832059725676,0.5673736105646092,3.3766692402524696,3.1768946854556113,7.942236713639029,0.32550150465733724,2.3671137401942463e-06,4.847848939917816,1.000000001022848
700.0,0.9241212041718337,3.0,5.218545084095233,0.11548944845177692,0.7068546200798014,5.868527422322101,3.1768946854556113,9.530684056366834,0.32550150465733724,2.3671137401942463e-06,4.847848939917816,1.00000000065351
700.0,0.9241212041718337,3.5,6.223845164983266,0.191998788535771,0.974995182067537,5.882407745716919,3.1768946854556113,11.11913139909464,0.32550150465733724,2.3671137401942463e-06,4.847848939917816,1.0000000007477603
700.0,0.9241212041718337,4.0,7.003476167939699,0.24325366380460997,1.2020949864202028,5.910843487151212,3.1768946854556113,12.707578741822445,0.32550150465733724,2.3671137401942463e-06,4.847848939917816,1.0000000026264786
700.0,0.9241212041718337,4.5,7.736587936101925,0.28648947487915016,1.4350387462864478,6.009082998909006,3.1768946854556113,14.29602608455025,0.32550150465733724,2.3671137401942463e-06,4.847848939917816,1.0000000004507135
700.0,0.9241212041718337,5.0,8.621500144851808,0.33352284850450686,1.6407587602057836,8.490636644843095,3.1768946854556113,15.884473427278058,0.32550150465733724,2.3671137401942463e-06,4.847848939917816,1.0000000001549096
700.0,0.9241212041718337,5.5,9.900740462583048,0.39360768476336105,1.792229464332479,8.507811714089785,3.1768946854556113,17.47292077000586,0.32550150465733724,2.3671137401942463e-06,4.847848939917816,0.9999999988884348
700.0,0.9241212041718337,6.0,11.024783412673754,0.44031007496569274,1.9458555133548976,8.54347881503967,3.1768946854556113,19.061368112733668,0.32550150465733724,2.3671137401942463e-06,4.847848939917816,1.0000000004032377
650.0,0.9350307481575139,0.0,2.1187412548155886,-0.27598206834395367,0.47518527250656084,2.9603023393012307,2.9155545896264115,0.0,0.2987248554945094,2.172388452468109e-06,4.449051550654687,1.00000000028744
650.0,0.9350307481575139,0.5,2.1678893346728287,-0.26602288254261547,0.47920141795334226,2.961690808692969,2.9155545896264115,1.6071994675315597,0.2987248554945094,2.172388452468109e-06,4.449051550654687,1.0000000020726878
650.0,0.9350307481575139,1.0,2.323219469660774,-0.23596975270275958,0.4923720275867468,2.9666190637571037,2.9155545896264115,3.2143989350631195,0.2987248554945094,2.172388452468109e-06,4.449051550654687,1.0000000051665603
650.0,0.9350307481575139,1.5,2.5977026272290593,-0.18747055773386956,0.5187399728787949,2.9787548132182335,2.9155545896264115,4.821598402594679,0.2987248554945094,2.172388452468109e-06,4.449051550654687,0.9999999969146532
650.0,0.9350307481575139,2.0,3.062025708318909,-0.11605115867761719,0.5689366582307344,3.0168651647550204,2.9155545896264115,6.428797870126239,0.2987248554945094,2.172388452468109e-06,4.449051550654687,1.0000000019995974
650.0,0.9350307481575139,2.5,4.212790071358567,0.022509826896414644,0.6807951754752319,5.381568625593189,2.9155545896264115,8.035997337657799,0.2987248554945094,2.172388452468109e-06,4.449051550654687,1.0000000011682904
650.0,0.9350307481575139,3.0,5.422861419919445,0.13216851494535325,0.9438543783648782,2.8314091780881476,2.9155545896264115,9.643196805189358,0.2987248554945094,2.172388452468109e-06,4.449051550654687,0.9999999995456461
650.0,0.9350307481575139,3.5,6.224213608739475,0.19202449745845016,1.244159196091723,5.414748457769247,2.9155545896264115,11.250396272720918,0.2987248554945094,2.172388452468109e-06,4.449051550654687,0.9999999975141373
650.0,0.9350307481575139,4.0,6.979663079318297,0.24177446763839702,1.5174368518313555,5.4849708903257826,2.9155545896264115,12.857595740252478,0.2987248554945094,2.172388452468109e-06,4.449051550654687,1.0000000007941885
650.0,0.9350307481575139,4.5,7.826802330265666,0.29152437431012657,1.7725592506778323,7.7912742845003935,2.9155545896264115,14.464795207784036,0.2987248554945094,2.172388452468109e-06,4.449051550654687,0.9999999991312195
650.0,0.9350307481575139,5.0,9.117587048921544,0.3578199270451133,1.956577834585681,7.808468775501331,2.9155545896264115,16.071994675315597,0.2987248554945094,2.172388452468109e-06,4.449051550654687,0.9999999993508084
650.0,0.9350307481575139,5.5,10.225247666905698,0.4076138445756584,2.1455911157356824,7.847676112992679,2.9155545896264115,17.679194142847155,0.2987248554945094,2.172388452468109e-06,4.449051550654687,1.0000000006331458
650.0,0.9350307481575139,6.0,11.101297250362109,0.44331374022941816,2.394104385833949,10.186211923748663,2.9155545896264115,19.286393610378717,0.2987248554945094,2.172388452468109e-06,4.449051550654687,1.0000000010232022
400.0,0.9385307666773636,0.0,1.298978420301611,-0.4884580550523004,0.7750664867139745,1.8149308451802295,1.7874964611786266,0.0,0.1831451292191216,1.3318689641100596e-06,2.727667638497402,1.00000000028744
400.0,0.9385307666773636,0.5,1.3815344523305608,-0.46169827162267446,0.7932953094568894,1.817377983392856,1.7874964611786266,1.6132155562137103,0.1831451292191216,1.3318689641100596e-06,2.727667638497402,0.9999999970863368
400.0,0.9385307666773636,1.0,1.6540472593674909,-0.38351207729081516,0.8634053960608468,1.829955833519969,1.7874964611786266,3.2264311124274205,0.1831451292191216,1.3318689641100596e-06,2.727667638497402,0.9999999988725109
400.0,0.9385307666773636,1.5,2.5119884870275366,-0.20204234672135052,1.086784933498387,3.2989309647723917,1.7874964611786266,4.83964666864113,0.1831451292191216,1.3318689641100596e-06,2.727667638497402,1.000000001072438
400.0,0.9385307666773636,2.0,3.5963319302289043,-0.0462002223896758,1.8343346660902322,3.3122499195206365,1.7874964611786266,6.452862224854841,0.1831451292191216,1.3318689641100596e-06,2.727667638497402,0.9999999971954336
400.0,0.9385307666773636,2.5,4.363351538725919,0.037760212531789426,2.560772678551791,3.3842532774002447,1.7874964611786266,8.066077781068552,0.1831451292191216,1.3318689641100596e-06,2.727667638497402,1.0000000000737992
400.0,0.9385307666773636,3.0,5.442148924323504,0.13371043074035724,3.1442967548335767,4.784883684700676,1.7874964611786266,9.67929333728226,0.1831451292191216,1.3318689641100596e-06,2.727667638497402,0.9999999994196668
400.0,0.9385307666773636,3.5,6.517187163732975,0.21200020212570872,3.6806499244056705,4.838086240009461,1.7874964611786266,11.292508893495972,0.1831451292191216,1.3318689641100596e-06,2.727667638497402,0.9999999988726374
400.0,0.9385307666773636,4.0,7.4403438517504625,0.26953301538284813,4.362574240122407,6.255363976968664,1.7874964611786266,12.905724449709682,0.1831451292191216,1.3318689641100596e-06,2.727667638497402,0.9999999996746876
400.0,0.9385307666773636,4.5,8.678453029271706,0.33638232593071454,4.8872719711887145,7.710772805665006,1.7874964611786266,14.518940005923392,0.1831451292191216,1.3318689641100596e-06,2.727667638497402,1.000000000954772
400.0,0.9385307666773636,5.0,9.666869368563491,0.38322585854708574,5.213334918633962,1.7861761440261992,1.7874964611786266,16.132155562137104,0.1831451292191216,1.3318689641100596e-06,2.727667638497402,1.0000000003850713
400.0,0.9385307666773636,5.5,10.7612168522163,0.42980139174242,5.733415014322888,1.7931284099441012,1.7874964611786266,17.745371118350814,0.1831451292191216,1.3318689641100596e-06,2.727667638497402,0.9999999993197178
400.0,0.9385307666773636,6.0,11.967098317371535,0.47592886772331067,6.3924758674099325,9.194261423013975,1.7874964611786266,19.35858667456452,0.1831451292191216,1.3318689641100596e-06,2.727667638497402,1.0000000001481095
700.0,0.9703272643804255,0.0,2.1987217102392345,-0.2598897266582531,0.45789998609277954,3.0720509205642146,3.025613986148201,0.0,0.31000143300698774,2.2543940382802342e-06,4.61699899039792,1.00000000028744
700.0,0.9703272643804255,0.5,2.2497250830923727,-0.2499305408569149,0.46177004068122945,3.073491803347178,3.025613986148201,1.6678697098641961,0.31000143300698774,2.2543940382802342e-06,4.61699899039792,1.0000000020726878
700.0,0.9703272643804255,1.0,2.41091878207574,-0.2198774110170591,0.4744615576892321,3.078606095325248,3.025613986148201,3.3357394197283923,0.31000143300698774,2.2543940382802342e-06,4.61699899039792,1.0000000051665603
700.0,0.9703272643804255,1.5,2.695763416251202,-0.17137821604816902,0.4998703455475663,3.091199957718574,3.025613986148201,5.003609129592589,0.31000143300698774,2.2543940382802342e-06,4.61699899039792,0.9999999969146532
700.0,0.9703272643804255,2.0,3.177614249446161,-0.09995881699191667,0.548241081878077,3.1307489385666742,3.025613986148201,6.6714788394567845,0.31000143300698774,2.2543940382802342e-06,4.61699899039792,1.0000000019995974
700.0,0.9703272643804255,2.5,4.371818866283692,0.03860216858211515,0.656030646189347,5.584717692800081,3.025613986148201,8.33934854932098,0.31000143300698774,2.2543940382802342e-06,4.61699899039792,1.0000000011682904
700.0,0.9703272643804255,3.0,5.627569250608392,0.14826085663105384,0.9095208368877207,2.9382921658241328,3.025613986148201,10.007218259185178,0.31000143300698774,2.2543940382802342e-06,4.61699899039792,0.9999999995456461
700.0,0.9703272643804255,3.5,6.459171717923206,0.20811683914415072,1.198901800096799,5.619150031898488,3.025613986148201,11.675087969049374,0.31000143300698774,2.2543940382802342e-06,4.61699899039792,0.9999999975141373
700.0,0.9703272643804255,4.0,7.243138683297166,0.25786680932409756,1.4622387383452742,5.6920232941040245,3.025613986148201,13.342957678913569,0.31000143300698774,2.2543940382802342e-06,4.61699899039792,1.0000000007941885
700.0,0.9703272643804255,4.5,8.122256630531314,0.30761671599582713,1.7080808332981334,8.085387435027176,3.025613986148201,15.010827388777765,0.31000143300698774,2.2543940382802342e-06,4.61699899039792,0.9999999991312195
700.0,0.9703272643804255,5.0,9.461767237455678,0.37391226873081373,1.885405577745161,8.103231001613869,3.025613986148201,16.67869709864196,0.31000143300698774,2.2543940382802342e-06,4.61699899039792,0.9999999993508084
700.0,0.9703272643804255,5.5,10.611240984098112,0.4237061862613589,2.0675433328851653,8.143918378586857,3.025613986148201,18.346566808506157,0.31000143300698774,2.2543940382802342e-06,4.61699899039792,1.0000000006331458
700.0,0.9703272643804255,6.0,11.520360601235742,0.4594060819151187,2.307016712019188,10.5707316789814,3.025613986148201,20.014436518370356,0.31000143300698774,2.2543940382802342e-06,4.61699899039792,1.0000000010232022
400.0,0.9879271228182774,0.0,1.2340294992865306,-0.5107344497634526,0.8158594596989205,1.724184302921218,1.6981216381196953,0.0,0.17398787275816552,1.2652755159045566e-06,2.591284256572532,1.00000000028744
400.0,0.9879271228182774,0.5,1.3310951714569126,-0.4778508832906046,0.8397456572895119,1.7271157938948756,1.6981216381196953,1.6981216381196949,0.17398787275816552,1.2652755159045566e-06,2.591284256572532,1.0000000056851732
400.0,0.9879271228182774,1.0,1.657809673871656,-0.38252532176744986,0.9373981402068717,1.7451274345561172,1.6981216381196953,3.3962432762393897,0.17398787275816552,1.2652755159045566e-06,2.591284256572532,1.00000000225397
400.0,0.9879271228182774,1.5,2.789429680302539,-0.15654457372336078,1.322403905298438,3.136859854173847,1.6981216381196953,5.094364914359085,0.17398787275816552,1.2652755159045566e-06,2.591284256572532,1.00000000065351
400.0,0.9879271228182774,2.0,3.7435154766952623,-0.02878035837052774,2.248913792771536,3.159478742251997,1.6981216381196953,6.792486552478779,0.17398787275816552,1.2652755159045566e-06,2.591284256572532,1.0000000026264786
400.0,0.9879271228182774,2.5,4.608385671722482,0.06148882632936906,3.069578567519011,4.538436188655812,1.6981216381196953,8.490608190598476,0.17398787275816552,1.2652755159045566e-06,2.591284256572532,1.0000000001549096
400.0,0.9879271228182774,3.0,5.892994613373369,0.168276052790555,3.6403623275695756,4.5666815167199815,1.6981216381196953,10.18872982871817,0.17398787275816552,1.2652755159045566e-06,2.591284256572532,1.0000000004032377
400.0,0.9879271228182774,3.5,6.83992483137667,0.23299133765857125,4.423236262643544,5.938328070922501,1.6981216381196953,11.886851466837864,0.17398787275816552,1.2652755159045566e-06,2.591284256572532,0.9999999994531913
400.0,0.9879271228182774,4.0,8.085340506075733,0.3056383231798619,5.085190085426798,7.3240454048455845,1.6981216381196953,13.584973104957559,0.17398787275816552,1.2652755159045566e-06,2.591284256572532,0.9999999997603551
400.0,0.9879271228182774,4.5,9.157272765799593,0.35970615929185673,5.477259480220448,1.696634700209137,1.6981216381196953,15.283094743077257,0.17398787275816552,1.2652755159045566e-06,2.591284256572532,0.9999999992706962
400.0,0.9879271228182774,5.0,10.32182182221991,0.4116963665744867,6.088667301084994,1.7042100692134383,1.6981216381196953,16.98121638119695,0.17398787275816552,1.2652755159045566e-06,2.591284256572532,0.9999999998043795
400.0,0.9879271228182774,5.5,11.552235549743306,0.4606060442396028,6.8502243462884245,8.739060129330156,1.6981216381196953,18.679338019316646,0.17398787275816552,1.2652755159045566e-06,2.591284256572532,1.0000000000504425
400.0,0.9879271228182774,6.0,12.658934639783181,0.5003371662070748,7.442430403765201,10.117142016794222,1.6981216381196953,20.37745965743634,0.17398787275816552,1.2652755159045566e-06,2.591284256572532,1.0000000006450185
450.0,0.9954622042046599,0.0,1.3777746744153871,-0.4628817938286099,0.7307396915011796,1.9250248620173576,1.8959263035695444,0.0,0.194254744218191,1.412660364261188e-06,2.893128426006913,1.00000000028744
450.0,0.9954622042046599,0.5,1.4653385695286734,-0.43612201039898396,0.7479259904005967,1.9276204440543312,1.8959263035695444,1.7110734889715138,0.194254744218191,1.412660364261188e-06,2.893128426006913,0.9999999970863368
450.0,0.9954622042046599,1.0,1.7543820502526646,-0.35793581606712477,0.814026413956909,1.9409612687307758,1.8959263035695444,3.4221469779430276,0.194254744218191,1.412660364261188e-06,2.893128426006913,0.9999999988725109
450.0,0.9954622042046599,1.5,2.6643661401595593,-0.17646608549766005,1.0246306615574412,3.499044683785255,1.8959263035695444,5.133220466914541,0.194254744218191,1.412660364261188e-06,2.893128426006913,1.000000001072438
450.0,0.9954622042046599,2.0,3.8144860428938445,-0.02062396116598531,1.7294273084772869,3.513171568616456,1.8959263035695444,6.844293955886055,0.194254744218191,1.412660364261188e-06,2.893128426006913,0.9999999971954336
450.0,0.9954622042046599,2.5,4.628033192600779,0.06333647375547995,2.414319634774948,3.5895426625537654,1.8959263035695444,8.55536744485757,0.194254744218191,1.412660364261188e-06,2.893128426006913,1.0000000000737992
450.0,0.9954622042046599,3.0,5.772270612924336,0.15928669196404774,2.9644714098742377,5.075135550961082,1.8959263035695444,10.266440933829083,0.194254744218191,1.412660364261188e-06,2.893128426006913,0.9999999994196668
450.0,0.9954622042046599,3.5,6.9125208566062595,0.23757646334939914,3.470150027628006,5.131565382414022,1.8959263035695444,11.977514422800597,0.194254744218191,1.412660364261188e-06,2.893128426006913,0.9999999988726374
450.0,0.9954622042046599,4.0,7.891676387898579,0.2951092766065386,4.113074438160407,6.634815430356887,1.8959263035695444,13.68858791177211,0.194254744218191,1.412660364261188e-06,2.893128426006913,0.9999999996746876
450.0,0.9954622042046599,4.5,9.204889480810435,0.361958587154405,4.6077642031073145,8.178509608611817,1.8959263035695444,15.399661400743627,0.194254744218191,1.412660364261188e-06,2.893128426006913,1.000000000954772
450.0,0.9954622042046599,5.0,10.25326332503364,0.40880211977077613,4.915179298083592,1.8945258957518463,1.8959263035695444,17.11073488971514,0.194254744218191,1.412660364261188e-06,2.893128426006913,1.0000000003850713
450.0,0.9954622042046599,5.5,11.413994115031644,0.45537765296611044,5.405515514645975,1.9018998873145874,1.8959263035695444,18.821808378686654,0.194254744218191,1.412660364261188e-06,2.893128426006913,0.9999999993197178
450.0,0.9954622042046599,6.0,12.693024557009297,0.501505128947001,6.026884045889231,9.751986900322583,1.8959263035695444,20.532881867658165,0.194254744218191,1.412660364261188e-06,2.893128426006913,1.0000000001481095
400.0,0.9973793796812823,0.0,1.2223344872967006,-0.5148699260845518,0.8236654131939386,1.7078440484078548,1.6820283818973107,0.0,0.17233897355505232,1.2532843825179583e-06,2.566726415396779,1.00000000028744
400.0,0.9973793796812823,0.5,1.322381498972393,-0.4807032268008734,0.8487893470945469,1.7108776798123972,1.6820283818973107,1.7143688708734073,0.17233897355505232,1.2532843825179583e-06,2.566726415396779,1.000000000454749
400.0,0.9973793796812823,1.0,1.660589041084343,-0.38179782382064253,0.9528454976876357,1.7303130281463788,1.6820283818973107,3.4287377417468146,0.17233897355505232,1.2532843825179583e-06,2.566726415396779,0.9999999994197184
400.0,0.9973793796812823,1.5,2.8384842594586632,-0.14897350109811394,1.384586226190257,3.1077886085467967,1.6820283818973107,5.143106612620222,0.17233897355505232,1.2532843825179583e-06,2.566726415396779,0.9999999996668625
400.0,0.9973793796812823,2.0,3.7709249976833448,-0.02561209679457361,2.3372611259390106,3.1334385895670134,1.6820283818973107,6.857475483493629,0.17233897355505232,1.2532843825179583e-06,2.566726415396779,0.9999999971955332
400.0,0.9973793796812823,2.5,4.687380792759482,0.06887024477739953,3.1618809208873944,4.496801447254323,1.6820283818973107,8.571844354367036,0.17233897355505232,1.2532843825179583e-06,2.566726415396779,1.0000000006506338
400.0,0.9973793796812823,3.0,5.947879262063067,0.17230215272639793,3.756090549496754,4.531210593560193,1.6820283818973107,10.286213225240443,0.17233897355505232,1.2532843825179583e-06,2.566726415396779,0.9999999999129691
400.0,0.9973793796812823,3.5,6.911389279430163,0.23750536367937988,4.572616549361259,5.884511045824657,1.6820283818973107,12.00058209611385,0.17233897355505232,1.2532843825179583e-06,2.566726415396779,0.9999999997566825
400.0,0.9973793796812823,4.0,8.205922191015349,0.31206740331939686,5.208141061526488,7.256128985448973,1.6820283818973107,13.714950966987258,0.17233897355505232,1.2532843825179583e-06,2.566726415396779,0.9999999998761744
400.0,0.9973793796812823,4.5,9.249998870017082,0.3640816883575161,5.6075159522651585,1.6820002033210117,1.6820283818973107,15.429319837860664,0.17233897355505232,1.2532843825179583e-06,2.566726415396779,1.000000000075598
400.0,0.9973793796812823,5.0,10.477091589357288,0.4181807491447054,6.294241573412093,1.6908459707798953,1.6820283818973107,17.14368870873407,0.17233897355505232,1.2532843825179583e-06,2.566726415396779,1.0000000010929473
400.0,0.9973793796812823,5.5,11.65188463321108,0.4643361846441571,7.059172837899614,8.663362031040295,1.6820283818973107,18.85805757960748,0.17233897355505232,1.2532843825179583e-06,2.566726415396779,0.9999999997090123
400.0,0.9973793796812823,6.0,12.835286755344102,0.5063455844354364,7.637734556116937,10.024698258052954,1.6820283818973107,20.572426450480886,0.17233897355505232,1.2532843825179583e-06,2.566726415396779,1.000000000916804
450.0,0.9973793796812823,0.0,1.3751262982087882,-0.46371740363717057,0.7321470339501678,1.9213245544588364,1.8922819296344744,0.0,0.19388134524943385,1.409944930332703e-06,2.887567217321376,1.00000000028744
450.0,0.9973793796812823,0.5,1.4632210284613791,-0.43675005741679435,0.7495075719230452,1.9239374700592304,1.8922819296344744,1.7143688708734073,0.19388134524943385,1.409944930332703e-06,2.887567217321376,1.0000000031990408
450.0,0.9973793796812823,1.0,1.754197930712912,-0.3579813969577599,0.8164147329302055,1.9374423817159363,1.8922819296344744,3.4287377417468146,0.19388134524943385,1.409944930332703e-06,2.887567217321376,1.0000000011819163
450.0,0.9973793796812823,1.5,2.6749284569128373,-0.17474782036640693,1.0312848425384382,3.4924199671269056,1.8922819296344744,5.143106612620222,0.19388134524943385,1.409944930332703e-06,2.887567217321376,0.9999999989621644
450.0,0.9973793796812823,2.0,3.819497771480662,-0.020053730357098863,1.7434185845529775,3.506781765679705,1.8922819296344744,6.857475483493629,0.19388134524943385,1.409944930332703e-06,2.887567217321376,0.9999999992553879
450.0,0.9973793796812823,2.5,4.634371281966892,0.06393083295771448,2.4324419576067426,5.051454125509852,1.8922819296344744,8.571844354367036,0.19388134524943385,1.409944930332703e-06,2.887567217321376,0.9999999988929205
450.0,0.9973793796812823,3.0,5.793393883327062,0.16087306514282526,2.9797062898579805,5.065898395311084,1.8922819296344744,10.286213225240443,0.19388134524943385,1.409944930332703e-06,2.887567217321376,1.00000000196207
450.0,0.9973793796812823,3.5,6.923639728296268,0.23827446994303544,3.4937895725537165,6.607864962584157,1.8922819296344744,12.00058209611385,0.19388134524943385,1.409944930332703e-06,2.887567217321376,0.9999999998969575
450.0,0.9973793796812823,4.0,7.909584145727728,0.29609365930456405,4.139237498754741,6.622754893247951,1.8922819296344744,13.714950966987258,0.19388134524943385,1.409944930332703e-06,2.887567217321376,1.000000000433631
450.0,0.9973793796812823,4.5,9.231662464892267,0.36321992576677814,4.629458721356879,8.163145108630093,1.8922819296344744,15.429319837860664,0.19388134524943385,1.409944930332703e-06,2.887567217321376,0.9999999998761744
450.0,0.9973793796812823,5.0,10.274212688411486,0.4096885605652605,4.938037625468222,1.891229103387301,1.8922819296344744,17.14368870873407,0.19388134524943385,1.409944930332703e-06,2.887567217321376,1.000000000127171
450.0,0.9973793796812823,5.5,11.450120032385957,0.4567500481103577,5.441227162386915,1.8986624963822722,1.8922819296344744,18.85805757960748,0.19388134524943385,1.409944930332703e-06,2.887567217321376,0.9999999998966036
450.0,0.9973793796812823,6.0,12.721117494597715,0.5024652725331766,6.065585410516177,9.73438468314061,1.8922819296344744,20.572426450480886,0.19388134524943385,1.409944930332703e-06,2.887567217321376,1.0000000003037002
500.0,0.9973793796812823,0.0,1.5279181091208758,-0.41795991307649544,0.658932330555151,2.1348050605098186,2.1025354773716383,0.0,0.2154237169438154,1.5666054781474478e-06,3.208408019245973,1.00000000028744
500.0,0.9973793796812823,0.5,1.606671941034875,-0.396132782108413,0.6714429686496762,2.1371056668341217,2.1025354773716383,1.7143688708734073,0.2154237169438154,1.5666054781474478e-06,3.208408019245973,1.000000002189103
500.0,0.9973793796812823,1.0,1.8631045694381685,-0.3318227603418179,0.7173041301898102,2.1475552723371076,2.1025354773716383,3.4287377417468146,0.2154237169438154,1.5666054781474478e-06,3.208408019245973,0.9999999999573174
500.0,0.9973793796812823,1.5,2.5279839321014315,-0.19928568209018652,0.8429666741636795,2.2162929540762635,2.1025354773716383,5.143106612620222,0.2154237169438154,1.5666054781474478e-06,3.208408019245973,0.9999999980300546
500.0,0.9973793796812823,2.0,3.853635571668083,-0.016189349170676576,1.2691259619252808,3.8880636205585812,2.1025354773716383,6.857475483493629,0.2154237169438154,1.5666054781474478e-06,3.208408019245973,0.999999997653782
500.0,0.9973793796812823,2.5,4.713656247104181,0.0712979162134828,1.869808900751209,3.916798236958767,2.1025354773716383,8.571844354367036,0.2154237169438154,1.5666054781474478e-06,3.208408019245973,0.9999999971955332
500.0,0.9973793796812823,3.0,5.552696384088515,0.14244393600380426,2.4190622068411227,5.617535158201986,2.1025354773716383,10.286213225240443,0.2154237169438154,1.5666054781474478e-06,3.208408019245973,1.0000000001307598
500.0,0.9973793796812823,3.5,6.911244450509571,0.2374962628955113,2.797074520855104,5.63805966212751,2.1025354773716383,12.00058209611385,0.2154237169438154,1.5666054781474478e-06,3.208408019245973,0.9999999991686302
500.0,0.9973793796812823,4.0,7.900153215897379,0.29557552276925364,3.2613442876428906,7.344410804768329,2.1025354773716383,13.714950966987258,0.2154237169438154,1.5666054781474478e-06,3.208408019245973,0.9999999989928401
500.0,0.9973793796812823,4.5,8.908528567490333,0.34774598568403786,3.7779807852307963,7.361316652344796,2.1025354773716383,15.429319837860664,0.2154237169438154,1.5666054781474478e-06,3.208408019245973,0.9999999999284847
500.0,0.9973793796812823,5.0,10.257402738769185,0.40897741632745327,4.16651284922119,9.070161231811216,2.1025354773716383,17.14368870873407,0.2154237169438154,1.5666054781474478e-06,3.208408019245973,0.9999999998761744
500.0,0.9973793796812823,5.5,11.298000032478075,0.45094158032080145,4.413610971475164,2.1003236925820503,2.1025354773716383,18.85805757960748,0.2154237169438154,1.5666054781474478e-06,3.208408019245973,0.9999999999828588
500.0,0.9973793796812823,6.0,12.427223919741731,0.49231413240706917,4.790315681877228,2.1076688211375743,2.1025354773716383,20.572426450480886,0.2154237169438154,1.5666054781474478e-06,3.208408019245973,1.0000000004133593
550.0,0.9973793796812823,0.0,1.6807099200329632,-0.3765672279182704,0.5990293914137736,2.3482855665608,2.312789025108802,0.0,0.2369660886381969,1.7232660259621923e-06,3.5292488211705697,1.00000000028744
550.0,0.9973793796812823,0.5,1.751950124959787,-0.35853825294513814,0.6083493625057409,2.350344001448899,2.312789025108802,1.7143688708734073,0.2369660886381969,1.7232660259621923e-06,3.5292488211705697,0.999999997302439
550.0,0.9973793796812823,1.0,1.9819839239260777,-0.3049598637712941,0.6412970703476566,2.3589253062651805,2.312789025108802,3.4287377417468146,0.2369660886381969,1.7232660259621923e-06,3.5292488211705697,1.0000000001382003
550.0,0.9973793796812823,1.5,2.454792574940988,-0.2120451903330771,0.7205613114222568,2.3952550993727986,2.312789025108802,5.143106612620222,0.2369660886381969,1.7232660259621923e-06,3.5292488211705697,1.0000000006865701
550.0,0.9973793796812823,2.0,3.7368386800835482,-0.02955564163507422,0.9499296648275105,4.271781654205962,2.312789025108802,6.857475483493629,0.2369660886381969,1.7232660259621923e-06,3.5292488211705697,0.999999999480354
550.0,0.9973793796812823,2.5,4.758351567772178,0.07539653512966484,1.4770966346605916,4.288900842892792,2.312789025108802,8.571844354367036,0.2369660886381969,1.7232660259621923e-06,3.5292488211705697,0.9999999999740109
550.0,0.9973793796812823,3.0,5.576434362771652,0.14429660339036263,1.9374415038070152,4.35971193824265,2.312789025108802,10.286213225240443,0.2369660886381969,1.7232660259621923e-06,3.5292488211705697,1.0000000028114497
550.0,0.9973793796812823,3.5,6.608562638712783,0.21804701945019558,2.3414615467693762,6.185113979197061,2.312789025108802,12.00058209611385,0.2369660886381969,1.7232660259621923e-06,3.5292488211705697,1.0000000002739664
550.0,0.9973793796812823,4.0,7.92873874069367,0.29714411635259086,2.6391999602877845,6.214432719685823,2.312789025108802,13.714950966987258,0.2369660886381969,1.7232660259621923e-06,3.5292488211705697,0.9999999997898075
550.0,0.9973793796812823,4.5,8.876841782810775,0.34619848793449215,3.051014118593128,8.081244678156652,2.312789025108802,15.429319837860664,0.2369660886381969,1.7232660259621923e-06,3.5292488211705697,0.9999999993945506
550.0,0.9973793796812823,5.0,9.908228890285333,0.3939360393512472,3.4725843823783693,8.100154308795036,2.312789025108802,17.14368870873407,0.2369660886381969,1.7232660259621923e-06,3.5292488211705697,1.00000000005726
550.0,0.9973793796812823,5.5,11.283143012646102,0.4503701014856782,3.787738953837447,9.977177354992335,2.312789025108802,18.85805757960748,0.2369660886381969,1.7232660259621923e-06,3.5292488211705697,0.9999999998761744
550.0,0.9973793796812823,6.0,12.321349712006624,0.4885982928291821,3.991528678972339,2.3092791395757732,2.312789025108802,20.572426450480886,0.2369660886381969,1.7232660259621923e-06,3.5292488211705697,0.9999999998422426
600.0,0.9973793796812823,0.0,1.8335017309450508,-0.3387786670288706,0.5491102754626258,2.561766072611782,2.5230425728459656,0.0,0.25850846033257846,1.8799265737769373e-06,3.8500896230951676,1.00000000028744
600.0,0.9973793796812823,0.5,1.8985599629149255,-0.32363567315379166,0.5562430469732479,2.5636305431114925,2.5230425728459656,1.7143688708734073,0.25850846033257846,1.8799265737769373e-06,3.8500896230951676,1.0000000005785938
600.0,0.9973793796812823,1.0,2.1077505014884856,-0.27824079002449575,0.5807829036369234,2.5709468193242655,2.5230425728459656,3.4287377417468146,0.25850846033257846,1.8799265737769373e-06,3.8500896230951676,0.9999999998535606
600.0,0.9973793796812823,1.5,2.4908835616265144,-0.2057065647649613,0.6352303317917573,2.595469542219568,2.5230425728459656,5.143106612620222,0.25850846033257846,1.8799265737769373e-06,3.8500896230951676,0.9999999994197184
600.0,0.9973793796812823,2.0,3.566571275883783,-0.049809083758106984,0.7734636319038287,4.6565599561692075,2.5230425728459656,6.857475483493629,0.25850846033257846,1.8799265737769373e-06,3.8500896230951676,0.9999999989621644
600.0,0.9973793796812823,2.5,4.812611470424555,0.08032081049864644,1.15624205635634,2.430139902155134,2.5230425728459656,8.571844354367036,0.25850846033257846,1.8799265737769373e-06,3.8500896230951676,1.0000000003995253
600.0,0.9973793796812823,3.0,5.656387496525016,0.15047916226110758,1.5581740839593408,4.70015788435052,2.5230425728459656,10.286213225240443,0.25850846033257846,1.8799265737769373e-06,3.8500896230951676,0.9999999971955332
600.0,0.9973793796812823,3.5,6.477550694501895,0.20935082921161113,1.9476838573540305,6.7386741018597744,2.5230425728459656,12.00058209611385,0.25850846033257846,1.8799265737769373e-06,3.8500896230951676,0.9999999984183859
600.0,0.9973793796812823,4.0,7.724525177769417,0.28581180175112525,2.2347797173934856,6.754531193748113,2.5230425728459656,13.714950966987258,0.25850846033257846,1.8799265737769373e-06,3.8500896230951676,1.00000000196207
600.0,0.9973793796812823,4.5,8.9218188930946,0.3483934117820791,2.5040603663311694,6.796815890340288,2.5230425728459656,15.429319837860664,0.25850846033257846,1.8799265737769373e-06,3.8500896230951676,0.9999999999129691
600.0,0.9973793796812823,5.0,9.85512658725416,0.39160221575456006,2.8644607290497808,8.818344957745575,2.5230425728459656,17.14368870873407,0.25850846033257846,1.8799265737769373e-06,3.8500896230951676,0.9999999983700928
600.0,0.9973793796812823,5.5,10.921797508762328,0.436234129082296,3.211740613493894,8.83923629845815,2.5230425728459656,18.85805757960748,0.25850846033257846,1.8799265737769373e-06,3.8500896230951676,1.0000000002269767
600.0,0.9973793796812823,6.0,12.308883286523022,0.48815866237507805,3.4720940410176593,10.884193478173458,2.5230425728459656,20.572426450480886,0.25850846033257846,1.8799265737769373e-06,3.8500896230951676,0.9999999998761744
650.0,0.9973793796812823,0.0,1.9862935418571381,-0.3040165607696587,0.5068710235039623,2.7752465786627636,2.7332961205831294,0.0,0.28005083202695996,2.036587121591682e-06,4.1709304250197645,1.00000000028744
650.0,0.9973793796812823,0.5,2.0461720143421687,-0.291117850837726,0.5124532536011155,2.7769519323543848,2.7332961205831294,1.7143688708734073,0.28005083202695996,2.036587121591682e-06,4.1709304250197645,1.0000000049411217
650.0,0.9973793796812823,1.0,2.2383881156974534,-0.2521245999793159,0.5312615826956606,2.7833511219073563,2.7332961205831294,3.4287377417468146,0.28005083202695996,2.036587121591682e-06,4.1709304250197645,0.9999999991470904
650.0,0.9973793796812823,1.5,2.5813988925838744,-0.19020487192063637,0.5711515349617143,2.801868510921023,2.7332961205831294,5.143106612620222,0.28005083202695996,2.036587121591682e-06,4.1709304250197645,0.999999998298312
650.0,0.9973793796812823,2.0,3.4097657283421587,-0.06933544998454519,0.6613388845421706,2.9100162049260527,2.7332961205831294,6.857475483493629,0.28005083202695996,2.036587121591682e-06,4.1709304250197645,0.999999999490491
650.0,0.9973793796812823,2.5,4.771544595039569,0.07659899578700524,0.8958488598834641,5.051710887701911,2.7332961205831294,8.571844354367036,0.28005083202695996,2.036587121591682e-06,4.1709304250197645,0.9999999984718285
650.0,0.9973793796812823,3.0,5.703546084294026,0.15408496364162752,1.2787823866907027,5.071296094536418,2.7332961205831294,10.286213225240443,0.28005083202695996,2.036587121591682e-06,4.1709304250197645,0.9999999997074064
650.0,0.9973793796812823,3.5,6.519021184748398,0.2121224010336513,1.607739887922307,5.13734595908863,2.7332961205831294,12.00058209611385,0.28005083202695996,2.036587121591682e-06,4.1709304250197645,1.0000000008472811
650.0,0.9973793796812823,4.0,7.454361920645806,0.27035048326152883,1.9143611125666438,7.30546253668804,2.7332961205831294,13.714950966987258,0.28005083202695996,2.036587121591682e-06,4.1709304250197645,1.0000000002617433
650.0,0.9973793796812823,4.5,8.850631966477959,0.34491429064163703,2.1303987406837335,7.326237499331883,2.7332961205831294,15.429319837860664,0.28005083202695996,2.036587121591682e-06,4.1709304250197645,1.0000000001347855
650.0,0.9973793796812823,5.0,9.89946783979736,0.39355185776945384,2.3850110640632627,7.388183299696658,2.7332961205831294,17.14368870873407,0.28005083202695996,2.036587121591682e-06,4.1709304250197645,1.0000000007860275
650.0,0.9973793796812823,5.5,10.845941444109052,0.4332072640758285,2.6973521281990376,9.555689774095201,2.7332961205831294,18.85805757960748,0.28005083202695996,2.036587121591682e-06,4.1709304250197645,1.0000000001378726
650.0,0.9973793796812823,6.0,11.94681178567064,0.47519203038887975,2.9865673759243654,9.57853431415741,2.7332961205831294,20.572426450480886,0.28005083202695996,2.036587121591682e-06,4.1709304250197645,0.9999999992100871
700.0,0.9973793796812823,0.0,2.139085352769226,-0.2718318773982574,0.4706659503965364,2.9887270847137453,2.9435496683202937,0.0,0.3015932037213415,2.1932476694064268e-06,4.491771226944362,1.00000000028744
700.0,0.9973793796812823,0.5,2.1945581602857662,-0.2607128963012343,0.4751178473244799,2.9902992021588126,2.9435496683202937,1.7143688708734073,0.3015932037213415,2.1932476694064268e-06,4.491771226944362,1.0000000070935287
700.0,0.9973793796812823,1.0,2.3709569711831344,-0.22713631898085676,0.48987331899977005,2.996001144731084,2.9435496683202937,3.4287377417468146,0.3015932037213415,2.1932476694064268e-06,4.491771226944362,1.0000000000502114
700.0,0.9973793796812823,1.5,2.683691307093445,-0.17332743189359773,0.520088219176198,3.0109117445509064,2.9435496683202937,5.143106612620222,0.3015932037213415,2.1932476694064268e-06,4.491771226944362,0.9999999981977606
700.0,0.9973793796812823,2.0,3.315894959192406,-0.08145922679763296,0.5821132699763258,3.067749410057147,2.9435496683202937,6.857475483493629,0.3015932037213415,2.1932476694064268e-06,4.491771226944362,1.0000000012173875
700.0,0.9973793796812823,2.5,4.633882722257997,0.06388504681811295,0.7259065816646879,5.435844084947926,2.9435496683202937,8.571844354367036,0.3015932037213415,2.1932476694064268e-06,4.491771226944362,0.9999999997255654
700.0,0.9973793796812823,3.0,5.758721415823649,0.1582660782599509,1.049140655916504,5.4501526804623746,2.9435496683202937,10.286213225240443,0.3015932037213415,2.1932476694064268e-06,4.491771226944362,1.0000000003935794
700.0,0.9973793796812823,3.5,6.5991187459458525,0.2174259518917208,1.3355777862508635,5.483517531742272,2.9435496683202937,12.00058209611385,0.3015932037213415,2.1932476694064268e-06,4.491771226944362,0.9999999971955332
700.0,0.9973793796812823,4.0,7.405213891328137,0.26747761582122787,1.6256823064051968,7.859998276727712,2.9435496683202937,13.714950966987258,0.3015932037213415,2.1932476694064268e-06,4.491771226944362,1.0000000007908592
700.0,0.9973793796812823,4.5,8.539068058735833,0.3293504836896283,1.8576733549972577,7.873547514761083,2.9435496683202937,15.429319837860664,0.3015932037213415,2.1932476694064268e-06,4.491771226944362,1.0000000007353858
700.0,0.9973793796812823,5.0,9.897730169960882,0.3934756186549167,2.0357419600494593,7.900835850218716,2.9435496683202937,17.14368870873407,0.3015932037213415,2.1932476694064268e-06,4.491771226944362,1.0000000009667809
700.0,0.9973793796812823,5.5,10.87095778052888,0.4342078177513499,2.275459717268069,10.280020409245,2.9435496683202937,18.85805757960748,0.3015932037213415,2.1932476694064268e-06,4.491771226944362,0.9999999995040569
700.0,0.9973793796812823,6.0,11.83710313085013,0.4711854400944621,2.546607081223703,10.293261961980718,2.9435496683202937,20.572426450480886,0.3015932037213415,2.1932476694064268e-06,4.491771226944362,1.00000000005108
400.0,1.0373234789591914,0.0,1.1752661897966954,-0.5319237488333908,0.8566524326838667,1.6420802884963976,1.617258702971138,0.0,0.16570273596015758,1.2050243008614822e-06,2.4678897681643157,1.00000000028744
400.0,1.0373234789591914,0.5,1.288690295695104,-0.4919114331921968,0.8876362960340927,1.645584176791571,1.617258702971138,1.7830277200256799,0.16570273596015758,1.2050243008614822e-06,2.4678897681643157,1.0000000051665603
400.0,1.0373234789591914,1.0,1.6985062612511952,-0.37199283916705433,1.0256651468710218,1.673455698874668,1.617258702971138,3.5660554400513598,0.16570273596015758,1.2050243008614822e-06,2.4678897681643157,1.0000000019995974
400.0,1.0373234789591914,1.5,3.008062293731541,-0.12377316554408391,1.7015576788828781,1.5705832266794102,1.617258702971138,5.34908316007704,0.16570273596015758,1.2050243008614822e-06,2.4678897681643157,0.9999999995456461
400.0,1.0373234789591914,2.0,3.8716204796838465,-0.014167212851040167,2.735598188278302,3.0425144291533814,1.617258702971138,7.1321108801027195,0.16570273596015758,1.2050243008614822e-06,2.4678897681643157,1.0000000007941885
400.0,1.0373234789591914,2.5,5.0575273251373885,0.10187824655567608,3.5272708535174853,4.331359161989163,1.617258702971138,8.9151386001284,0.16570273596015758,1.2050243008614822e-06,2.4678897681643157,0.9999999993508084
400.0,1.0373234789591914,3.0,6.157891763130459,0.18737205973998103,4.316033060968762,5.650293752895153,1.617258702971138,10.69816632015408,0.16570273596015758,1.2050243008614822e-06,2.4678897681643157,1.0000000010232022
400.0,1.0373234789591914,3.5,7.318674710140811,0.2623724533667234,5.17391872910651,5.674606851785805,1.617258702971138,12.481194040179759,0.16570273596015758,1.2050243008614822e-06,2.4678897681643157,0.9999999997923436
400.0,1.0373234789591914,4.0,8.548940356445131,0.32985229581327685,5.679228050025438,1.613920316822728,1.617258702971138,14.264221760205439,0.16570273596015758,1.2050243008614822e-06,2.4678897681643157,0.9999999999382081
400.0,1.0373234789591914,4.5,9.72985242616006,0.3860462619937923,6.3330763094486935,1.6223095890020334,1.617258702971138,16.04724948023112,0.16570273596015758,1.2050243008614822e-06,2.4678897681643157,1.0000000004372973
400.0,1.0373234789591914,5.0,11.026131422518223,0.44036317328311936,7.210815423100499,8.323626120055865,1.617258702971138,17.8302772002568,0.16570273596015758,1.2050243008614822e-06,2.4678897681643157,0.9999999998545321
400.0,1.0373234789591914,5.5,12.214115006437016,0.48480201360860237,7.8852089085582735,9.637120975302276,1.617258702971138,19.613304920282477,0.16570273596015758,1.2050243008614822e-06,2.4678897681643157,1.0000000005785337
400.0,1.0373234789591914,6.0,13.542796033703315,0.5296483463334288,8.660626592087636,10.957046144005808,1.617258702971138,21.39633264030816,0.16570273596015758,1.2050243008614822e-06,2.4678897681643157,0.9999999996083004
450.0,1.047854951794379,0.0,1.308885940694618,-0.48515818853976206,0.7691996752643995,1.82877361891649,1.801129988391067,0.0,0.1845420070072815,1.3420273460481287e-06,2.7484720047065676,1.00000000028744
450.0,1.047854951794379,0.5,1.4118396332127794,-0.45227462206691404,0.7917197983218247,1.831882934636181,1.801129988391067,1.8011299883910674,0.1845420070072815,1.3420273460481287e-06,2.7484720047065676,1.0000000056851732
450.0,1.047854951794379,1.0,1.7583726934669597,-0.3569490605437593,0.8837874421492496,1.8509871645139697,1.801129988391067,3.602259976782135,0.1845420070072815,1.3420273460481287e-06,2.7484720047065676,1.00000000225397
450.0,1.047854951794379,1.5,2.958636963877422,-0.13096831249967025,1.2467743585387983,3.327142311777257,1.801129988391067,5.403389965173202,0.1845420070072815,1.3420273460481287e-06,2.7484720047065676,1.00000000065351
450.0,1.047854951794379,2.0,3.9705977685720155,-0.003204097146837202,2.1202962575636155,3.351133265491696,1.801129988391067,7.20451995356427,0.1845420070072815,1.3420273460481287e-06,2.7484720047065676,1.0000000026264786
450.0,1.047854951794379,2.5,4.8879311381968344,0.08706508755305964,2.8940264273034426,4.81373850747143,1.801129988391067,9.005649941955339,0.1845420070072815,1.3420273460481287e-06,2.7484720047065676,1.0000000001549096
450.0,1.047854951794379,3.0,6.250464678918158,0.1938523140142456,3.4321665170673215,4.843697201987949,1.801129988391067,10.806779930346403,0.1845420070072815,1.3420273460481287e-06,2.7484720047065676,1.0000000004032377
450.0,1.047854951794379,3.5,7.254835846609042,0.25856759888226183,4.17026714147399,6.298548071789593,1.801129988391067,12.607909918737471,0.1845420070072815,1.3420273460481287e-06,2.7484720047065676,0.9999999994531913
450.0,1.047854951794379,4.0,8.575798650072633,0.33121458440355245,4.794363190703851,7.768323257226727,1.801129988391067,14.40903990712854,0.1845420070072815,1.3420273460481287e-06,2.7484720047065676,0.9999999997603551
450.0,1.047854951794379,4.5,9.712754504807673,0.3852824205155473,5.164009761042913,1.7995528525714286,1.801129988391067,16.210169895519606,0.1845420070072815,1.3420273460481287e-06,2.7484720047065676,0.9999999992706962
450.0,1.047854951794379,5.0,10.947945307036475,0.43727262779817727,5.740450582647994,1.8075877447608262,1.801129988391067,18.011299883910677,0.1845420070072815,1.3420273460481287e-06,2.7484720047065676,0.9999999998043795
450.0,1.047854951794379,5.5,12.252996142631691,0.48618230546329333,6.4584534505463065,9.269173017969509,1.801129988391067,19.812429872301742,0.1845420070072815,1.3420273460481287e-06,2.7484720047065676,1.0000000000504425
450.0,1.047854951794379,6.0,13.426827789581957,0.5259134274307653,7.016790676015079,10.730849589453804,1.801129988391067,21.613559860692806,0.1845420070072815,1.3420273460481287e-06,2.7484720047065676,1.0000000006450185
500.0,1.04930929663279,0.0,1.4523020245498472,-0.44000304854827227,0.6932405405497539,2.0291543721420693,1.998481798367861,0.0,0.2047624793409694,1.4890747704361602e-06,3.049625129853256,1.00000000028744
500.0,1.04930929663279,0.5,1.544602474334538,-0.4132432651186464,0.7095448952709348,2.0318903558389545,1.998481798367861,1.803629823026995,0.2047624793409694,1.4890747704361602e-06,3.049625129853256,0.9999999970863368
500.0,1.04930929663279,1.0,1.849281054971467,-0.3350570707867871,0.7722532630928731,2.045952819786469,1.998481798367861,3.60725964605399,0.2047624793409694,1.4890747704361602e-06,3.049625129853256,0.9999999988725109
500.0,1.04930929663279,1.5,2.8084885078452095,-0.15358734021732243,0.972049995289993,3.688316945155015,1.998481798367861,5.410889469080985,0.2047624793409694,1.4890747704361602e-06,3.049625129853256,1.000000001072438
500.0,1.04930929663279,2.0,4.02082133282243,0.002254784114352345,1.6406788027448556,3.7032079892581744,1.998481798367861,7.21451929210798,0.2047624793409694,1.4890747704361602e-06,3.049625129853256,0.9999999971954336
500.0,1.04930929663279,2.5,4.8783753251597295,0.08621521903581757,2.2904247136664093,3.7837101906716994,1.998481798367861,9.018149115134975,0.2047624793409694,1.4890747704361602e-06,3.049625129853256,1.0000000000737992
500.0,1.04930929663279,3.0,6.084507469232356,0.1821654372443854,2.812344514095948,5.34966259171019,1.998481798367861,10.82177893816197,0.2047624793409694,1.4890747704361602e-06,3.049625129853256,0.9999999994196668
500.0,1.04930929663279,3.5,7.286436760097989,0.26045520862973676,3.2920733729402176,5.409144856833757,1.998481798367861,12.625408761188964,0.2047624793409694,1.4890747704361602e-06,3.049625129853256,0.9999999988726374
500.0,1.04930929663279,4.0,8.318557314243325,0.31798802188687625,3.9020050231212773,6.99370953825268,1.998481798367861,14.42903858421596,0.2047624793409694,1.4890747704361602e-06,3.049625129853256,0.9999999996746876
500.0,1.04930929663279,4.5,9.702805456495252,0.38483733243474266,4.371308940842945,8.620906076261862,1.998481798367861,16.232668407242958,0.2047624793409694,1.4890747704361602e-06,3.049625129853256,1.000000000954772
500.0,1.04930929663279,5.0,10.807888518859214,0.4316808650511138,4.662948507015551,1.9970056389155175,1.998481798367861,18.03629823026995,0.2047624793409694,1.4890747704361602e-06,3.049625129853256,1.0000000003850713
500.0,1.04930929663279,5.5,12.031406201085975,0.4782563982464481,5.128122286097564,2.0047785085105594,1.998481798367861,19.839928053296944,0.2047624793409694,1.4890747704361602e-06,3.049625129853256,0.9999999993197178
500.0,1.04930929663279,6.0,13.379622665533049,0.5243838742273387,5.717604233622219,10.279496772381597,1.998481798367861,21.64355787632394,0.2047624793409694,1.4890747704361602e-06,3.049625129853256,1.0000000001481095
450.0,1.100247699384098,0.0,1.246558038756779,-0.5063474876097002,0.8076596590276195,1.7416891608728475,1.7153618937057784,0.0,0.17575429238788712,1.2781212819505987e-06,2.617592385434826,1.00000000028744
450.0,1.100247699384098,0.5,1.366862470402958,-0.4663351719685061,0.8368715255373557,1.7454055956339036,1.7153618937057784,1.8911864878106208,0.17575429238788712,1.2781212819505987e-06,2.617592385434826,1.0000000051665603
450.0,1.100247699384098,1.0,1.8015379428277947,-0.3464165779433637,0.9670063741055943,1.7749678090343264,1.7153618937057784,3.7823729756212416,0.17575429238788712,1.2781212819505987e-06,2.617592385434826,1.0000000019995974
450.0,1.100247699384098,1.5,3.1905318691936997,-0.09819690432039326,1.6042439644241668,1.6658550750042893,1.7153618937057784,5.673559463431864,0.17575429238788712,1.2781212819505987e-06,2.617592385434826,0.9999999995456461
450.0,1.100247699384098,2.0,4.106473643047743,0.011409048372650542,2.5791467060442943,3.2270738770684106,1.7153618937057784,7.564745951242483,0.17575429238788712,1.2781212819505987e-06,2.617592385434826,1.0000000007941885
450.0,1.100247699384098,2.5,5.364317801461363,0.12745450777936676,3.325542852805167,4.594100152795529,1.7153618937057784,9.455932439053104,0.17575429238788712,1.2781212819505987e-06,2.617592385434826,0.9999999993508084
450.0,1.100247699384098,3.0,6.5314305352835,0.21294832096367172,4.069194993648457,5.993041542552223,1.7153618937057784,11.347118926863727,0.17575429238788712,1.2781212819505987e-06,2.617592385434826,1.0000000010232022
450.0,1.100247699384098,3.5,7.762626775258586,0.28794871459041405,4.878017358212396,6.018829478198083,1.7153618937057784,13.238305414674347,0.17575429238788712,1.2781212819505987e-06,2.617592385434826,0.9999999997923436
450.0,1.100247699384098,4.0,9.06752054700254,0.35542855703696746,5.354427554770454,1.7118210004801384,1.7153618937057784,15.129491902484967,0.17575429238788712,1.2781212819505987e-06,2.617592385434826,0.9999999999382081
450.0,1.100247699384098,4.5,10.32006694572324,0.411622523217483,5.970881605577393,1.7207191673509479,1.7153618937057784,17.02067839029559,0.17575429238788712,1.2781212819505987e-06,2.617592385434826,1.0000000004372973
450.0,1.100247699384098,5.0,11.694978448675064,0.46593943450681,6.798421978078542,8.828538710329461,1.7153618937057784,18.911864878106208,0.17575429238788712,1.2781212819505987e-06,2.617592385434826,0.9999999998545321
450.0,1.100247699384098,5.5,12.955025320865978,0.510378274832293,7.434246253752175,10.221710389127031,1.7153618937057784,20.80305136591683,0.17575429238788712,1.2781212819505987e-06,2.617592385434826,1.0000000005785337
450.0,1.100247699384098,6.0,14.364304367486842,0.5552246075571196,8.165317056786275,11.621702445300631,1.7153618937057784,22.694237853727454,0.17575429238788712,1.2781212819505987e-06,2.617592385434826,0.9999999996083004
550.0,1.1005248747756682,0.0,1.5231872135633044,-0.41930670596915975,0.6609789207625825,2.128195059805751,2.0960253930352093,0.0,0.21475670010606654,1.5617547948203818e-06,3.198473819792142,1.00000000028744
550.0,1.1005248747756682,0.5,1.6199927419875726,-0.3925469225395339,0.6765245130310181,2.131064583715493,2.0960253930352093,1.8916629172142767,0.21475670010606654,1.5617547948203818e-06,3.198473819792142,0.9999999970863368
550.0,1.1005248747756682,1.0,1.939542333207507,-0.3143607282076746,0.7363145957818884,2.14581342033072,2.0960253930352093,3.7833258344285534,0.21475670010606654,1.5617547948203818e-06,3.198473819792142,0.9999999988725109
550.0,1.1005248747756682,1.5,2.9455675970122415,-0.13289099763820997,0.9268133053853627,3.868339446934483,2.0960253930352093,5.674988751642831,0.21475670010606654,1.5617547948203818e-06,3.198473819792142,1.000000001072438
550.0,1.1005248747756682,2.0,4.217072990775465,0.02295112669346476,1.5643258593854685,3.883957305748369,2.0960253930352093,7.566651668857107,0.21475670010606654,1.5617547948203818e-06,3.198473819792142,0.9999999971954336
550.0,1.1005248747756682,2.5,5.116483205722464,0.10691156161493003,2.1838342779644693,3.968388726888049,2.0960253930352093,9.458314586071383,0.21475670010606654,1.5617547948203818e-06,3.198473819792142,1.0000000000737992
550.0,1.1005248747756682,3.0,6.3814852704882705,0.20286177982349782,2.68146528226056,5.6107734609105115,2.0960253930352093,11.349977503285661,0.21475670010606654,1.5617547948203818e-06,3.198473819792142,0.9999999994196668
550.0,1.1005248747756682,3.5,7.6420793456230225,0.28115155120884927,3.138868802150051,5.673158986881312,2.0960253930352093,13.241640420499936,0.21475670010606654,1.5617547948203818e-06,3.198473819792142,0.9999999988726374
550.0,1.1005248747756682,4.0,8.724576515188929,0.3386843644659887,3.7204158125945215,7.335064445251395,2.0960253930352093,15.133303337714214,0.21475670010606654,1.5617547948203818e-06,3.198473819792142,0.9999999996746876
550.0,1.1005248747756682,4.5,10.176388214845845,0.4055336750138551,4.1678795411285225,9.041682572027264,2.0960253930352093,17.02496625492849,0.21475670010606654,1.5617547948203818e-06,3.198473819792142,1.000000000954772
550.0,1.1005248747756682,5.0,11.335409108616137,0.4523772076302263,4.4459469570179175,2.0944771839402816,2.0960253930352093,18.916629172142766,0.21475670010606654,1.5617547948203818e-06,3.198473819792142,1.0000000003850713
550.0,1.1005248747756682,5.5,12.6186452796282,0.4989527408255606,4.889472752870609,2.102629438347234,2.0960253930352093,20.808292089357046,0.21475670010606654,1.5617547948203818e-06,3.198473819792142,0.9999999993197178
550.0,1.1005248747756682,6.0,14.032666636788969,0.5450802168064512,5.451521736871002,10.781227169610332,2.0960253930352093,22.699955006571322,0.21475670010606654,1.5617547948203818e-06,3.198473819792142,1.0000000001481095
400.0,1.102398582221007,0.0,1.1058896776217118,-0.5583481869541171,0.9103933791168174,1.5451475220165947,1.52179116627957,0.0,0.15592122605323464,1.1338911534897115e-06,2.3222090823469292,1.00000000028744
400.0,1.102398582221007,0.5,1.2440391303024383,-0.5072259503564795,0.9534798061026766,1.5495770712518682,1.52179116627957,1.8948835830740811,0.15592122605323464,1.1338911534897115e-06,2.3222090823469292,0.9999999988382536
400.0,1.102398582221007,1.0,1.8760140749726817,-0.3288238989373485,1.1808026676507462,1.6147319905197914,1.52179116627957,3.7897671661481622,0.15592122605323464,1.1338911534897115e-06,2.3222090823469292,1.0000000011650765
400.0,1.102398582221007,1.5,3.153864459902391,-0.1032169661211668,2.2716213341993554,2.822775368078466,1.52179116627957,5.684650749222244,0.15592122605323464,1.1338911534897115e-06,2.3222090823469292,0.9999999996268435
400.0,1.102398582221007,2.0,4.107592458191685,0.011527356465207812,3.410750093484356,4.066935276317435,1.52179116627957,7.5795343322963245,0.15592122605323464,1.1338911534897115e-06,2.3222090823469292,1.0000000000828724
400.0,1.102398582221007,2.5,5.473636691651511,0.13621597674665076,4.243523936043016,4.108645115814848,1.52179116627957,9.474417915370404,0.15592122605323464,1.1338911534897115e-06,2.3222090823469292,1.0000000001909486
400.0,1.102398582221007,3.0,6.583480016205109,0.21639553029745542,5.322352398600765,5.3313568605985315,1.52179116627957,11.369301498444488,0.15592122605323464,1.1338911534897115e-06,2.3222090823469292,1.0000000003839609
400.0,1.102398582221007,3.5,7.95614646981952,0.29864277840458275,5.994578730016666,1.5172260948706295,1.52179116627957,13.264185081518571,0.15592122605323464,1.1338911534897115e-06,2.3222090823469292,1.0000000000338276
400.0,1.102398582221007,4.0,9.20287720002567,0.3618636356636026,6.76227360472379,1.5268820328903954,1.52179116627957,15.159068664592649,0.15592122605323464,1.1338911534897115e-06,2.3222090823469292,0.9999999993935667
400.0,1.102398582221007,4.5,10.537445660931386,0.4206753567585969,7.798855957978962,7.837877764478152,1.52179116627957,17.05395224766673,0.15592122605323464,1.1338911534897115e-06,2.3222090823469292,0.9999999997803459
400.0,1.102398582221007,5.0,11.866353978555027,0.47225730806199506,8.583736882351504,9.073338466502538,1.52179116627957,18.94883583074081,0.15592122605323464,1.1338911534897115e-06,2.3222090823469292,0.9999999996381601
400.0,1.102398582221007,5.5,13.195275417761403,0.5183584681137207,9.60883937401683,10.314941832148794,1.52179116627957,20.843719413814895,0.15592122605323464,1.1338911534897115e-06,2.3222090823469292,0.9999999998290762
400.0,1.102398582221007,6.0,14.603888254416663,0.5624085098412714,10.509734623514763,10.343380785194675,1.52179116627957,22.738602996888975,0.15592122605323464,1.1338911534897115e-06,2.3222090823469292,1.000000000511577
450.0,1.102398582221007,0.0,1.2441258873244256,-0.5071956645067358,0.8092385592149488,1.7382909622686689,1.7120150620645165,0.0,0.17541137930988895,1.2756275476759255e-06,2.6124852176402955,1.00000000028744
450.0,1.102398582221007,0.5,1.3651875604055883,-0.46686766899635646,0.8387583463705387,1.7420346409365732,1.7120150620645165,1.8948835830740811,0.17541137930988895,1.2756275476759255e-06,2.6124852176402955,0.9999999988248003
450.0,1.102398582221007,1.0,1.8067850741370621,-0.3451534971332518,0.9709634208426261,1.7722068500475443,1.7120150620645165,3.7897671661481622,0.17541137930988895,1.2756275476759255e-06,2.6124852176402955,1.0000000019881108
450.0,1.102398582221007,1.5,3.1962509348415358,-0.09741912327082165,1.621323516115395,1.6610581009984762,1.7120150620645165,5.684650749222244,0.17541137930988895,1.2756275476759255e-06,2.6124852176402955,1.0000000010867982
450.0,1.102398582221007,2.0,4.111979795096573,0.011990980685612962,2.59947661046572,3.2236145921120394,1.7120150620645165,7.5795343322963245,0.17541137930988895,1.2756275476759255e-06,2.6124852176402955,1.0000000010973893
450.0,1.102398582221007,2.5,5.385381435137072,0.12915647755183068,3.3429304488672673,4.585690474528876,1.7120150620645165,9.474417915370404,0.17541137930988895,1.2756275476759255e-06,2.6124852176402955,0.9999999999424377
450.0,1.102398582221007,3.0,6.542753869882166,0.21370059166907537,4.097577367163867,5.981665919166465,1.7120150620645165,11.369301498444488,0.17541137930988895,1.2756275476759255e-06,2.6124852176402955,0.9999999997243413
450.0,1.102398582221007,3.5,7.792086595067027,0.2895937789736539,4.905373828736236,6.008521467838371,1.7120150620645165,13.264185081518571,0.17541137930988895,1.2756275476759255e-06,2.6124852176402955,0.9999999998479414
450.0,1.102398582221007,4.0,9.082503301814148,0.3561455730883648,5.377328772033581,1.7089298259549277,1.7120150620645165,15.159068664592649,0.17541137930988895,1.2756275476759255e-06,2.6124852176402955,0.9999999990295468
450.0,1.102398582221007,4.5,10.353236850028878,0.41301615811098386,6.01090987086559,1.7177422870016947,1.7120150620645165,17.05395224766673,0.17541137930988895,1.2756275476759255e-06,2.6124852176402955,0.9999999993935667
450.0,1.102398582221007,5.0,11.715837090215068,0.4667133328191422,6.840766369185011,8.812671003040158,1.7120150620645165,18.94883583074081,0.17541137930988895,1.2756275476759255e-06,2.6124852176402955,1.0000000002865441
450.0,1.102398582221007,5.5,12.992099675742741,0.5116193525010185,7.473919941980514,10.202506859961156,1.7120150620645165,20.843719413814895,0.17541137930988895,1.2756275476759255e-06,2.6124852176402955,0.9999999998797787
450.0,1.102398582221007,6.0,14.392665124711046,0.5560812294178965,8.222373073704947,11.5995366974254,1.7120150620645165,22.738602996888975,0.17541137930988895,1.2756275476759255e-06,2.6124852176402955,0.9999999997798138
500.0,1.102398582221007,0.0,1.38236209702714,-0.4614381739460606,0.728314703293454,1.9314344025207435,1.9022389578494627,0.0,0.19490153256654333,1.4173639418621395e-06,2.9027613529336618,1.00000000028744
500.0,1.102398582221007,0.5,1.4902198720645001,-0.42880964091596385,0.7494610301403011,1.9346892680888024,1.9022389578494627,1.8948835830740811,0.19490153256654333,1.4173639418621395e-06,2.9027613529336618,1.000000006110092
500.0,1.102398582221007,1.0,1.852950998443031,-0.33419605683755094,0.8356900248258132,1.9545266398509824,1.9022389578494627,3.7897671661481622,0.19490153256654333,1.4173639418621395e-06,2.9027613529336618,0.9999999961173003
500.0,1.102398582221007,1.5,3.107645833938988,-0.10962847319726285,1.17194631106978,3.5137716304847615,1.9022389578494627,5.684650749222244,0.19490153256654333,1.4173639418621395e-06,2.9027613529336618,0.9999999986683016
500.0,1.102398582221007,2.0,4.179116374393064,0.019024473630700735,1.9967672662279266,3.538454758473968,1.9022389578494627,7.5795343322963245,0.19490153256654333,1.4173639418621395e-06,2.9027613529336618,0.9999999984527691
500.0,1.102398582221007,2.5,5.134490572739607,0.10843736947326432,2.728600074787485,5.083669095396794,1.9022389578494627,9.474417915370404,0.19490153256654333,1.4173639418621395e-06,2.9027613529336618,1.0000000000828724
500.0,1.102398582221007,3.0,6.5749963848065,0.21583552704158676,3.2359787049837,5.11410088016507,1.9022389578494627,11.369301498444488,0.19490153256654333,1.4173639418621395e-06,2.9027613529336618,1.0000000022648026
500.0,1.102398582221007,3.5,7.6314185064752795,0.28054527955960984,3.929052879784223,6.651612883268304,1.9022389578494627,13.264185081518571,0.19490153256654333,1.4173639418621395e-06,2.9027613529336618,0.9999999997410877
500.0,1.102398582221007,4.0,9.01124738790992,0.352724921314743,4.525326887607818,8.204090117662739,1.9022389578494627,15.159068664592649,0.19490153256654333,1.4173639418621395e-06,2.9027613529336618,0.9999999998982892
500.0,1.102398582221007,4.5,10.216987505687737,0.4072628709564289,4.876944404465878,1.9001930475564186,1.9022389578494627,17.05395224766673,0.19490153256654333,1.4173639418621395e-06,2.9027613529336618,1.000000000444063
500.0,1.102398582221007,5.0,11.50359650003209,0.4587736486716591,5.409818883779031,1.9086025411129945,1.9022389578494627,18.94883583074081,0.19490153256654333,1.4173639418621395e-06,2.9027613529336618,0.9999999993935667
500.0,1.102398582221007,5.5,12.892599137705837,0.50828048827323,6.088650441585944,9.788147345466106,1.9022389578494627,20.843719413814895,0.19490153256654333,1.4173639418621395e-06,2.9027613529336618,0.9999999991124822
500.0,1.102398582221007,6.0,14.113222434441736,0.547566195049616,6.622071494893742,11.332543846467507,1.9022389578494627,22.738602996888975,0.19490153256654333,1.4173639418621395e-06,2.9027613529336618,1.0000000000250602
550.0,1.102398582221007,0.0,1.5205983067298536,-0.42004548878783565,0.6621042757213219,2.1245778427728177,2.0924628536344088,0.0,0.21439168582319762,1.5591003360483533e-06,3.1930374882270276,1.00000000028744
550.0,1.102398582221007,0.5,1.6179224832107642,-0.3931022811717812,0.6777891079721949,2.1274643357724217,2.0924628536344088,1.8948835830740811,0.21439168582319762,1.5591003360483533e-06,3.1930374882270276,1.0000000014651527
550.0,1.102398582221007,1.0,1.9393609833250527,-0.3144013372390807,0.7382238519473427,2.142373400438337,2.0924628536344088,3.7897671661481622,0.21439168582319762,1.5591003360483533e-06,3.1930374882270276,1.000000001773046
550.0,1.102398582221007,1.5,2.9558913523820016,-0.13137152436841243,0.9321305143602184,3.8618636612770754,2.0924628536344088,5.684650749222244,0.21439168582319762,1.5591003360483533e-06,3.1930374882270276,1.0000000001934146
550.0,1.102398582221007,2.0,4.22197442335901,0.02345560670390902,1.5755134075581987,3.8777104846439205,2.0924628536344088,7.5795343322963245,0.21439168582319762,1.5591003360483533e-06,3.1930374882270276,0.999999999186926
550.0,1.102398582221007,2.5,5.122675293485398,0.10743683717833476,2.19832523362227,5.585814842459226,2.0924628536344088,9.474417915370404,0.21439168582319762,1.5591003360483533e-06,3.1930374882270276,1.0000000010654633
550.0,1.102398582221007,3.0,6.402137242867152,0.2042649885677824,2.69364592153658,5.60174338791755,2.0924628536344088,11.369301498444488,0.21439168582319762,1.5591003360483533e-06,3.1930374882270276,0.999999999792778
550.0,1.102398582221007,3.5,7.652952685667845,0.2817690369868697,3.1577598620016327,7.306864644764739,2.0924628536344088,13.264185081518571,0.21439168582319762,1.5591003360483533e-06,3.1930374882270276,0.9999999984496682
550.0,1.102398582221007,4.0,8.742075227054965,0.3395545480201683,3.74133598473537,7.323274174214452,2.0924628536344088,15.159068664592649,0.21439168582319762,1.5591003360483533e-06,3.1930374882270276,0.9999999988801851
550.0,1.102398582221007,4.5,10.202574800570126,0.4066497961757401,4.185238216137898,9.02666295169782,2.0924628536344088,17.05395224766673,0.21439168582319762,1.5591003360483533e-06,3.1930374882270276,1.0000000004677736
550.0,1.102398582221007,5.0,11.35588692440064,0.4531610680847393,4.464203095769454,2.0912553718002393,2.0924628536344088,18.94883583074081,0.21439168582319762,1.5591003360483533e-06,3.1930374882270276,0.9999999994683892
550.0,1.102398582221007,5.5,12.653956150035297,0.5001663338298841,4.918017167071847,2.0994627952242935,2.0924628536344088,20.843719413814895,0.21439168582319762,1.5591003360483533e-06,3.1930374882270276,0.9999999993935667
550.0,1.102398582221007,6.0,14.06014367042544,0.545929767119299,5.482440049881822,10.76401507069989,2.0924628536344088,22.738602996888975,0.21439168582319762,1.5591003360483533e-06,3.1930374882270276,1.0000000005225351
600.0,1.102398582221007,0.0,1.6588345164325675,-0.3822569278984359,0.6069289194112116,2.3177212830248917,2.282686749419355,0.0,0.23388183907985194,1.7008367302345673e-06,3.483313623520394,1.00000000028744
600.0,1.102398582221007,0.5,1.7475457277930224,-0.35963144263651015,0.6188936463753892,2.320318825312735,2.282686749419355,1.8948835830740811,0.23388183907985194,1.7008367302345673e-06,3.483313623520394,0.9999999999079274
600.0,1.102398582221007,1.0,2.036990344075823,-0.293071021004542,0.6630928493444687,2.3323433099375865,2.282686749419355,3.7897671661481622,0.23388183907985194,1.7008367302345673e-06,3.483313623520394,1.000000002756258
600.0,1.102398582221007,1.5,2.8140211124590224,-0.15273263988166724,0.7872017784338308,2.422097985779687,2.282686749419355,5.684650749222244,0.23388183907985194,1.7008367302345673e-06,3.483313623520394,1.0000000011650765
600.0,1.102398582221007,2.0,4.261667913122048,0.027519613337478356,1.2159926370865461,2.2147441346646346,2.282686749419355,7.5795343322963245,0.23388183907985194,1.7008367302345673e-06,3.483313623520394,1.0000000010867982
600.0,1.102398582221007,2.5,5.195575208811012,0.11357364452743987,1.7686976024902383,4.2584804658327835,2.282686749419355,9.474417915370404,0.23388183907985194,1.7008367302345673e-06,3.483313623520394,1.0000000013382249
600.0,1.102398582221007,3.0,6.161388687287527,0.18761861552088901,2.2738333956562373,6.100402914476152,2.282686749419355,11.369301498444488,0.23388183907985194,1.7008367302345673e-06,3.483313623520394,1.0000000000828724
600.0,1.102398582221007,3.5,7.656200194144357,0.2819532895112922,2.619378196127699,6.1262654817244,2.282686749419355,13.264185081518571,0.23388183907985194,1.7008367302345673e-06,3.483313623520394,1.0000000007856709
600.0,1.102398582221007,4.0,8.723671826509555,0.33863932827737536,3.0731830253729,7.9755545588886205,2.282686749419355,15.159068664592649,0.23388183907985194,1.7008367302345673e-06,3.483313623520394,0.9999999997243413
600.0,1.102398582221007,4.5,9.875220024307662,0.39248678935313663,3.54823493240051,7.997035290897797,2.282686749419355,17.05395224766673,0.23388183907985194,1.7008367302345673e-06,3.483313623520394,1.0000000003839609
600.0,1.102398582221007,5.0,11.365942016250024,0.45354544481794007,3.8843821204437727,9.849477708444233,2.282686749419355,18.94883583074081,0.23388183907985194,1.7008367302345673e-06,3.483313623520394,1.0000000001697864
600.0,1.102398582221007,5.5,12.494426880369685,0.49465634849413714,4.117327100830244,2.2822126304381727,2.282686749419355,20.843719413814895,0.23388183907985194,1.7008367302345673e-06,3.483313623520394,0.9999999993634731
600.0,1.102398582221007,6.0,13.804315800038506,0.5379548947192838,4.508182403149193,2.290323049335593,2.282686749419355,22.738602996888975,0.23388183907985194,1.7008367302345673e-06,3.483313623520394,0.9999999993935667
650.0,1.102398582221007,0.0,1.7970707261352814,-0.34749482163922396,0.5602420794565031,2.510864723276966,2.472910645204301,0.0,0.25337199233650626,1.842573124420781e-06,3.7735897588137597,1.00000000028744
650.0,1.102398582221007,0.5,1.8785997376839096,-0.32822573396960436,0.5695823028984818,2.513228844120802,2.472910645204301,1.8948835830740811,0.25337199233650626,1.842573124420781e-06,3.7735897588137597,1.0000000004482774
650.0,1.102398582221007,1.0,2.1425020735703364,-0.27113874041080405,0.6029926669314372,2.5233560167918276,2.472910645204301,3.7897671661481622,0.25337199233650626,1.842573124420781e-06,3.7735897588137597,1.0000000048344173
650.0,1.102398582221007,1.5,2.73783223555292,-0.16465315870817018,0.6871142439308149,2.5718064232555355,2.472910645204301,5.684650749222244,0.25337199233650626,1.842573124420781e-06,3.7735897588137597,1.0000000011025367
650.0,1.102398582221007,2.0,4.186934168287675,0.01983614114813539,0.9461753673832674,4.5691844591007165,2.472910645204301,7.5795343322963245,0.25337199233650626,1.842573124420781e-06,3.7735897588137597,0.9999999972696544
650.0,1.102398582221007,2.5,5.245238699629942,0.11770526546725252,1.4514011265281586,4.591300252091624,2.472910645204301,9.474417915370404,0.25337199233650626,1.842573124420781e-06,3.7735897588137597,0.99999999762934
650.0,1.102398582221007,3.0,6.140783714761313,0.1861638099884436,1.9005483381670494,6.602379618555268,2.472910645204301,11.369301498444488,0.25337199233650626,1.842573124420781e-06,3.7735897588137597,1.0000000002762457
650.0,1.102398582221007,3.5,7.425069130594799,0.26864051014897616,2.2548457965363884,6.618058998265991,2.472910645204301,13.264185081518571,0.25337199233650626,1.842573124420781e-06,3.7735897588137597,0.999999999254626
650.0,1.102398582221007,4.0,8.764761563815329,0.34068011473473425,2.5621528711810395,6.663478066472534,2.472910645204301,15.159068664592649,0.25337199233650626,1.842573124420781e-06,3.7735897588137597,1.0000000003704441
650.0,1.102398582221007,4.5,9.808193948682796,0.3895290537348265,2.9796415941930965,8.645304609296394,2.472910645204301,17.05395224766673,0.25337199233650626,1.842573124420781e-06,3.7735897588137597,1.0000000006676293
650.0,1.102398582221007,5.0,11.07863965799555,0.44242644548178334,3.360726352594609,8.673408257476074,2.472910645204301,18.94883583074081,0.25337199233650626,1.842573124420781e-06,3.7735897588137597,1.0000000000251505
650.0,1.102398582221007,5.5,12.512202677577546,0.4952737793175278,3.619552986238254,10.672517456724204,2.472910645204301,20.843719413814895,0.25337199233650626,1.842573124420781e-06,3.7735897588137597,0.9999999997413712
650.0,1.102398582221007,6.0,13.632848217941675,0.5325266081685575,3.821448198443247,2.4731102722216507,2.472910645204301,22.738602996888975,0.25337199233650626,1.842573124420781e-06,3.7735897588137597,0.9999999997460363
700.0,1.102398582221007,0.0,1.9353069358379953,-0.3153101382678227,0.5202247880667529,2.70400816352904,2.663134540989248,0.0,0.2728621455931606,1.984309518606995e-06,4.063865894107126,1.00000000028744
700.0,1.102398582221007,0.5,2.010750082415787,-0.29870189615270104,0.5276588403075975,2.706179273247845,2.663134540989248,1.8948835830740811,0.2728621455931606,1.984309518606995e-06,4.063865894107126,0.9999999993800316
700.0,1.102398582221007,1.0,2.253777743754695,-0.2491489054475715,0.5535892367768674,2.714960380108349,2.663134540989248,3.7897671661481622,0.2728621455931606,1.984309518606995e-06,4.063865894107126,0.9999999963527977
700.0,1.102398582221007,1.5,2.706286081984611,-0.1696862872924711,0.6128715505633536,2.747849814538805,2.663134540989248,5.684650749222244,0.2728621455931606,1.984309518606995e-06,4.063865894107126,0.9999999983672505
700.0,1.102398582221007,2.0,4.050289659159999,0.005426091856205301,0.7769640180521518,4.916966691782723,2.663134540989248,7.5795343322963245,0.2728621455931606,1.984309518606995e-06,4.063865894107126,0.9999999986328248
700.0,1.102398582221007,2.5,5.291839849147452,0.12154670101214492,1.1991059908675603,4.93298208415539,2.663134540989248,9.474417915370404,0.2728621455931606,1.984309518606995e-06,4.063865894107126,0.9999999996489941
700.0,1.102398582221007,3.0,6.20468409984475,0.190659683759537,1.5821056049374342,4.983103504097149,2.663134540989248,11.369301498444488,0.2728621455931606,1.984309518606995e-06,4.063865894107126,1.0000000017330068
700.0,1.102398582221007,3.5,7.1882868018354475,0.25456540515150217,1.9490000534196323,7.117136733555509,2.663134540989248,13.264185081518571,0.2728621455931606,1.984309518606995e-06,4.063865894107126,1.0000000000828724
700.0,1.102398582221007,4.0,8.725528750090747,0.33873176250255743,2.2028695975097663,7.140526063364206,2.663134540989248,15.159068664592649,0.2728621455931606,1.984309518606995e-06,4.063865894107126,1.000000001197175
700.0,1.102398582221007,4.5,9.831111319372582,0.3905426223933952,2.5136015837598915,9.3006553749923,2.663134540989248,17.05395224766673,0.2728621455931606,1.984309518606995e-06,4.063865894107126,1.0000000000792442
700.0,1.102398582221007,5.0,10.910662739343886,0.4357911401309806,2.878905104190514,9.316276000489616,2.663134540989248,18.94883583074081,0.2728621455931606,1.984309518606995e-06,4.063865894107126,0.999999997792868
700.0,1.102398582221007,5.5,12.300988319104944,0.4878800147691867,3.1825925817930147,9.353087967072138,2.663134540989248,20.843719413814895,0.2728621455931606,1.984309518606995e-06,4.063865894107126,0.9999999999561651
700.0,1.102398582221007,6.0,13.65295232805846,0.5331665824769916,3.3863404190244655,11.495765590334672,2.663134540989248,22.738602996888975,0.2728621455931606,1.984309518606995e-06,4.063865894107126,1.000000000506948
500.0,1.1045361017187263,0.0,1.3796869233223548,-0.46227944325942455,0.7297268847892148,1.9276966535349658,1.898557708449468,0.0,0.1945243553739209,1.414621031914352e-06,2.897143873360593,1.00000000028744
500.0,1.1045361017187263,0.5,1.4882096439496968,-0.4293958767865765,0.7510913494038363,1.9309741600812285,1.898557708449468,1.8985577084494685,0.1945243553739209,1.414621031914352e-06,2.897143873360593,1.0000000056851732
500.0,1.1045361017187263,1.0,1.8534875622668892,-0.3340703152634218,0.8384343853937778,1.9511117865336463,1.898557708449468,3.797115416898937,0.1945243553739209,1.414621031914352e-06,2.897143873360593,1.00000000225397
500.0,1.1045361017187263,1.5,3.1186771918059906,-0.10808956721933272,1.182794010383401,3.5071159349113987,1.898557708449468,5.695673125348405,0.1945243553739209,1.414621031914352e-06,2.897143873360593,1.00000000065351
500.0,1.1045361017187263,2.0,4.1853775403565665,0.019674648133500297,2.011489646469612,3.5324046205705,1.898557708449468,7.594230833797874,0.1945243553739209,1.414621031914352e-06,2.897143873360593,1.0000000026264786
500.0,1.1045361017187263,2.5,5.152331814253749,0.10994383283339716,2.7455145356995754,5.074125914689726,1.898557708449468,9.492788542247343,0.1945243553739209,1.414621031914352e-06,2.897143873360593,1.0000000001549096
500.0,1.1045361017187263,3.0,6.58856827327147,0.21673105929458308,3.2560390508699717,5.105705151488858,1.898557708449468,11.39134625069681,0.1945243553739209,1.414621031914352e-06,2.897143873360593,1.0000000004032377
500.0,1.1045361017187263,3.5,7.647268441973508,0.28144634416259934,3.956262785525233,6.63925261963895,1.898557708449468,13.28990395914628,0.1945243553739209,1.414621031914352e-06,2.897143873360593,0.9999999994531913
500.0,1.1045361017187263,4.0,9.039685496408943,0.35409332968388996,4.5483322838089135,8.188531697764844,1.898557708449468,15.188461667595748,0.1945243553739209,1.414621031914352e-06,2.897143873360593,0.9999999997603551
500.0,1.1045361017187263,4.5,10.238142196417698,0.40816116579588485,4.899009811271236,1.896895261326303,1.898557708449468,17.087019376045212,0.1945243553739209,1.414621031914352e-06,2.897143873360593,0.9999999992706962
500.0,1.1045361017187263,5.0,11.54014762306223,0.4601513730785148,5.445869591042492,1.9053647813504342,1.898557708449468,18.985577084494686,0.1945243553739209,1.414621031914352e-06,2.897143873360593,0.9999999998043795
500.0,1.1045361017187263,5.5,12.91579199065784,0.5090610507436308,6.127026919769992,9.770566254320164,1.898557708449468,20.884134792944156,0.1945243553739209,1.414621031914352e-06,2.897143873360593,1.0000000000504425
500.0,1.1045361017187263,6.0,14.153119188641,0.5487921727111028,6.65671212025208,11.311308643785596,1.898557708449468,22.78269250139362,0.1945243553739209,1.414621031914352e-06,2.897143873360593,1.0000000006450185
600.0,1.149460743131317,0.0,1.590917158312746,-0.4004124255244598,0.6328391363936249,2.222827244564888,2.1892271234591374,0.0,0.22430605773146903,1.6311996831594238e-06,3.3406969511105,1.00000000028744
600.0,1.149460743131317,0.5,1.692027235142642,-0.37365264209483384,0.6477229078375526,2.225824364540389,2.1892271234591374,1.9757774789218712,0.22430605773146903,1.6311996831594238e-06,3.3406969511105,0.9999999970863368
600.0,1.149460743131317,1.0,2.025785897949648,-0.29546644776297454,0.7049675538382305,2.241229021976703,2.1892271234591374,3.9515549578437423,0.22430605773146903,1.6311996831594238e-06,3.3406969511105,0.9999999988725109
600.0,1.149460743131317,1.5,3.0765450164816923,-0.11399671719350997,0.8873561824051992,4.040348780179894,2.1892271234591374,5.927332436765615,0.22430605773146903,1.6311996831594238e-06,3.3406969511105,1.000000001072438
600.0,1.149460743131317,2.0,4.404589087369664,0.041845407138164765,1.4977279831398769,4.056661101700103,2.1892271234591374,7.903109915687485,0.22430605773146903,1.6311996831594238e-06,3.3406969511105,0.9999999971954336
600.0,1.149460743131317,2.5,5.343992419133167,0.12580584205963002,2.090862136570672,4.144846844986127,2.1892271234591374,9.878887394609356,0.22430605773146903,1.6311996831594238e-06,3.3406969511105,1.0000000000737992
600.0,1.149460743131317,3.0,6.665243984414465,0.22175606026819783,2.5673075497437603,5.860261753042442,2.1892271234591374,11.85466487353123,0.22430605773146903,1.6311996831594238e-06,3.3406969511105,0.9999999994196668
600.0,1.149460743131317,3.5,7.981891554681056,0.30004583165354926,3.005238078869124,5.925421309801803,2.1892271234591374,13.830442352453096,0.22430605773146903,1.6311996831594238e-06,3.3406969511105,0.9999999988726374
600.0,1.149460743131317,4.0,9.11252297382132,0.35757864491068875,3.562026951103318,7.661224949480065,2.1892271234591374,15.80621983137497,0.22430605773146903,1.6311996831594238e-06,3.3406969511105,0.9999999996746876
600.0,1.149460743131317,4.5,10.628890839213323,0.42442795545855516,3.9904408545394934,9.44372944820395,2.1892271234591374,17.78199731029684,0.22430605773146903,1.6311996831594238e-06,3.3406969511105,1.000000000954772
600.0,1.149460743131317,5.0,11.839448681560583,0.4712714880749263,4.256670136295755,2.1876100717980917,2.1892271234591374,19.75777478921871,0.22430605773146903,1.6311996831594238e-06,3.3406969511105,1.0000000003850713
600.0,1.149460743131317,5.5,13.179745149684653,0.5178470212702606,4.681313756234328,2.1961248238255924,2.1892271234591374,21.73355226814058,0.22430605773146903,1.6311996831594238e-06,3.3406969511105,0.9999999993197178
600.0,1.149460743131317,6.0,14.656642289639702,0.5639744972511512,5.219434689403211,11.260624524069899,2.1892271234591374,23.70932974706246,0.22430605773146903,1.6311996831594238e-06,3.3406969511105,1.0000000001481095
550.0,1.1584472366059666,0.0,1.447027852885139,-0.44158310068031204,0.6957672850132448,2.021785306815463,1.991224123383449,0.0,0.2040188651007632,1.4836670550793627e-06,3.0385501288025347,1.00000000028744
550.0,1.1584472366059666,0.5,1.5608474425065928,-0.408699534207464,0.7161375027625477,2.025222784681119,1.991224123383449,1.9912241233834493,0.2040188651007632,1.4836670550793627e-06,3.0385501288025347,1.0000000056851732
550.0,1.1584472366059666,1.0,1.943954155278838,-0.3133739726843093,0.7994158200100883,2.0463433054855598,1.991224123383449,3.9824482467668987,0.2040188651007632,1.4836670550793627e-06,3.0385501288025347,1.00000000225397
550.0,1.1584472366059666,1.5,3.2708962333525635,-0.08739322464022023,1.1277498396843355,3.6782942240936083,1.991224123383449,5.973672370150348,0.2040188651007632,1.4836670550793627e-06,3.0385501288025347,1.00000000065351
550.0,1.1584472366059666,2.0,4.389660997258592,0.0403709907126128,1.9178801265636176,3.704817221371467,1.991224123383449,7.964896493533797,0.2040188651007632,1.4836670550793627e-06,3.0385501288025347,1.0000000026264786
550.0,1.1584472366059666,2.5,5.403811195497902,0.13064017541250966,2.6177453980195278,5.321788156056048,1.991224123383449,9.956120616917246,0.2040188651007632,1.4836670550793627e-06,3.0385501288025347,1.0000000001549096
550.0,1.1584472366059666,3.0,6.910148701780255,0.2374274018736956,3.1045114241272445,5.3549087390294385,1.991224123383449,11.947344740300696,0.2040188651007632,1.4836670550793627e-06,3.0385501288025347,1.0000000004032377
550.0,1.1584472366059666,3.5,8.020522806274183,0.3021426867417118,3.7721485592228685,6.963306892714188,1.991224123383449,13.938568863684146,0.2040188651007632,1.4836670550793627e-06,3.0385501288025347,0.9999999994531913
550.0,1.1584472366059666,4.0,9.480902133309087,0.37478967226300247,4.336664676069765,8.588204498137522,1.991224123383449,15.929792987067595,0.2040188651007632,1.4836670550793627e-06,3.0385501288025347,0.9999999997603551
550.0,1.1584472366059666,4.5,10.73785412442707,0.4288575083749973,4.671022579394233,1.9894805341310584,1.991224123383449,17.921017110451043,0.2040188651007632,1.4836670550793627e-06,3.0385501288025347,0.9999999992706962
550.0,1.1584472366059666,5.0,12.10340893625741,0.4808477156576273,5.19243292096921,1.9983634416721214,1.991224123383449,19.912241233834493,0.2040188651007632,1.4836670550793627e-06,3.0385501288025347,0.9999999998043795
550.0,1.1584472366059666,5.5,13.546196920927116,0.5297573933227433,5.841890951301343,10.247456339163682,1.991224123383449,21.903465357217947,0.2040188651007632,1.4836670550793627e-06,3.0385501288025347,1.0000000000504425
550.0,1.1584472366059666,6.0,14.843916634253436,0.5694885152902154,6.346925974038066,11.863400589985849,1.991224123383449,23.894689480601393,0.2040188651007632,1.4836670550793627e-06,3.0385501288025347,1.0000000006450185
500.0,1.1597629068046627,0.0,1.3139875460212902,-0.4834687423293626,0.7662132290286756,1.8359015747952054,1.8081501985233026,0.0,0.1852612908323056,1.347258125632716e-06,2.7591846412958025,1.00000000028744
500.0,1.1597629068046627,0.5,1.4407995515592786,-0.4434564266881686,0.7939260388913435,1.8398190410019923,1.8081501985233026,1.993485593871942,0.1852612908323056,1.347258125632716e-06,2.7591846412958025,1.0000000051665603
500.0,1.1597629068046627,1.0,1.8989877301833447,-0.32353783266302616,0.9173827962223643,1.870980350009088,1.8081501985233026,3.986971187743884,0.1852612908323056,1.347258125632716e-06,2.7591846412958025,1.0000000019995974
500.0,1.1597629068046627,1.5,3.3631158846688325,-0.07531815904005572,1.5219194550475499,1.7559654295880613,1.8081501985233026,5.9804567816158265,0.1852612908323056,1.347258125632716e-06,2.7591846412958025,0.9999999995456461
500.0,1.1597629068046627,2.0,4.328603287826712,0.03428779365298803,2.4467934032462204,3.4016345430554646,1.8081501985233026,7.973942375487768,0.1852612908323056,1.347258125632716e-06,2.7591846412958025,1.0000000007941885
500.0,1.1597629068046627,2.5,5.65448744853494,0.15033325305970427,3.1548869614075206,4.842606760587146,1.8081501985233026,9.96742796935971,0.1852612908323056,1.347258125632716e-06,2.7591846412958025,0.9999999993508084
500.0,1.1597629068046627,3.0,6.884732290222869,0.23582706624400923,3.860377326985059,6.31722046215798,1.8081501985233026,11.960913563231653,0.1852612908323056,1.347258125632716e-06,2.7591846412958025,1.0000000010232022
500.0,1.1597629068046627,3.5,8.18252707854171,0.31082745987075155,4.627693595336591,6.344403333089566,1.8081501985233026,13.954399157103595,0.1852612908323056,1.347258125632716e-06,2.7591846412958025,0.9999999997923436
500.0,1.1597629068046627,4.0,9.558005886301297,0.37830730231730497,5.079655991832182,1.8044177693418086,1.8081501985233026,15.947884750975536,0.1852612908323056,1.347258125632716e-06,2.7591846412958025,0.9999999999382081
500.0,1.1597629068046627,4.5,10.878305717967573,0.43450126849782045,5.66447565384831,1.8137972607791457,1.8081501985233026,17.941370344847478,0.1852612908323056,1.347258125632716e-06,2.7591846412958025,1.0000000004372973
500.0,1.1597629068046627,5.0,12.3275896947986,0.4888181797871476,6.44954938370265,9.30609691186887,1.8081501985233026,19.93485593871942,0.1852612908323056,1.347258125632716e-06,2.7591846412958025,0.9999999998545321
500.0,1.1597629068046627,5.5,13.655795719696723,0.5332570201126305,7.052745254529291,10.77462880408248,1.8081501985233026,21.928341532591364,0.1852612908323056,1.347258125632716e-06,2.7591846412958025,1.0000000005785337
500.0,1.1597629068046627,6.0,15.141306268387572,0.5781033528374571,7.746299915060121,12.250350005299468,1.8081501985233026,23.921827126463306,0.1852612908323056,1.347258125632716e-06,2.7591846412958025,0.9999999996083004
650.0,1.1963966733487683,0.0,1.6558790782134607,-0.3830313723948539,0.6080121753979014,2.313591948848858,2.278619834006966,0.0,0.2334651469269432,1.6978064593864502e-06,3.47710762882345,1.00000000028744
650.0,1.1963966733487683,0.5,1.761117782783562,-0.35627158896522804,0.6223120404557395,2.3167114502235187,2.278619834006966,2.0564544001912863,0.2334651469269432,1.6978064593864502e-06,3.47710762882345,0.9999999970863368
650.0,1.1963966733487683,1.0,2.1085048129798745,-0.2780853946333688,0.6773109173316254,2.332745126032817,2.278619834006966,4.112908800382573,0.2334651469269432,1.6978064593864502e-06,3.47710762882345,0.9999999988725109
650.0,1.1963966733487683,1.5,3.202169578318455,-0.09661566406390412,0.8525442435364482,4.205328340842473,2.278619834006966,6.1693632005738595,0.2334651469269432,1.6978064593864502e-06,3.47710762882345,1.000000001072438
650.0,1.1963966733487683,2.0,4.584441672398496,0.05922646026777068,1.4389705010544311,4.222306743382963,2.278619834006966,8.225817600765145,0.2334651469269432,1.6978064593864502e-06,3.47710762882345,0.9999999971954336
650.0,1.1963966733487683,2.5,5.562203660157139,0.14318689518923586,2.0088353627401303,4.314093375101044,2.278619834006966,10.282272000956432,0.2334651469269432,1.6978064593864502e-06,3.47710762882345,1.0000000000737992
650.0,1.1963966733487683,3.0,6.937405890250881,0.2391371133978037,2.4665893091419817,6.099553819640121,2.278619834006966,12.338726401147719,0.2334651469269432,1.6978064593864502e-06,3.47710762882345,0.9999999994196668
650.0,1.1963966733487683,3.5,8.30781613040271,0.3174268847831551,2.887339351884358,6.167374036563244,2.278619834006966,14.395180801339004,0.2334651469269432,1.6978064593864502e-06,3.47710762882345,0.9999999988726374
650.0,1.1963966733487683,4.0,9.484614621978924,0.37495969804029455,3.4222847969048265,7.974055745797144,2.278619834006966,16.45163520153029,0.2334651469269432,1.6978064593864502e-06,3.47710762882345,0.9999999996746876
650.0,1.1963966733487683,4.5,11.062900336013708,0.441809008588161,3.833891561434821,9.829345250241609,2.278619834006966,18.50808960172158,0.2334651469269432,1.6978064593864502e-06,3.47710762882345,1.000000000954772
650.0,1.1963966733487683,5.0,12.322888886414395,0.4886525412045321,4.089676381693729,2.2769367532758755,2.278619834006966,20.564544001912864,0.2334651469269432,1.6978064593864502e-06,3.47710762882345,1.0000000003850713
650.0,1.1963966733487683,5.5,13.717913679863605,0.5352280743998664,4.497660775008964,2.2857991881706425,2.278619834006966,22.62099840210415,0.2334651469269432,1.6978064593864502e-06,3.47710762882345,0.9999999993197178
650.0,1.1963966733487683,6.0,15.255116960340205,0.5813555503807571,5.014670644322188,11.720429602255402,2.278619834006966,24.677452802295438,0.2334651469269432,1.6978064593864502e-06,3.47710762882345,1.0000000001481095
600.0,1.2099586769803339,0.0,1.5113713003971085,-0.42268882023561205,0.6661464593617106,2.1116858823366433,2.0797657672861805,0.0,0.21309075484489554,1.5496396990014525e-06,3.1736621035549746,1.00000000028744
600.0,1.2099586769803339,0.5,1.6302519845759613,-0.38980525376276404,0.6856494580257926,2.1152762108721612,2.0797657672861805,2.07976576728618,0.21309075484489554,1.5496396990014525e-06,3.1736621035549746,1.0000000056851732
600.0,1.2099586769803339,1.0,2.030393895817673,-0.2944796922396093,0.76538237644692,2.137335875397365,2.0797657672861805,4.15953153457236,0.21309075484489554,1.5496396990014525e-06,3.1736621035549746,1.00000000225397
600.0,1.2099586769803339,1.5,3.416339695058013,-0.06849894419552031,1.0797382672816471,3.841853018673586,2.0797657672861805,6.2392973018585405,0.21309075484489554,1.5496396990014525e-06,3.1736621035549746,1.00000000065351
600.0,1.2099586769803339,2.0,4.584851381057561,0.059265271157312775,1.8362304225991641,3.869555385843881,2.0797657672861805,8.31906306914472,0.21309075484489554,1.5496396990014525e-06,3.1736621035549746,1.0000000026264786
600.0,1.2099586769803339,2.5,5.644096716836592,0.1495344558572096,2.5063004052683,5.558426446194195,2.0797657672861805,10.398828836430901,0.21309075484489554,1.5496396990014525e-06,3.1736621035549746,1.0000000001549096
600.0,1.2099586769803339,3.0,7.217414929867292,0.2563216823183955,2.9723433937986576,5.593019766881559,2.0797657672861805,12.478594603717081,0.21309075484489554,1.5496396990014525e-06,3.1736621035549746,1.0000000004032377
600.0,1.2099586769803339,3.5,8.377162857932554,0.3210369671864118,3.611557285083988,7.27293684950304,2.0797657672861805,14.558360371003262,0.21309075484489554,1.5496396990014525e-06,3.1736621035549746,0.9999999994531913
600.0,1.2099586769803339,4.0,9.902479318270927,0.3936839527077024,4.1520403181185515,8.970087047423762,2.0797657672861805,16.63812613828944,0.21309075484489554,1.5496396990014525e-06,3.1736621035549746,0.9999999997603551
600.0,1.2099586769803339,4.5,11.215322855846921,0.44775178881969724,4.47216363845397,2.0779446477061465,2.0797657672861805,18.717891905575623,0.21309075484489554,1.5496396990014525e-06,3.1736621035549746,0.9999999992706962
600.0,1.2099586769803339,5.0,12.641598340181618,0.4997419961023272,4.971376033742344,2.087222542043063,2.0797657672861805,20.797657672861803,0.21309075484489554,1.5496396990014525e-06,3.1736621035549746,0.9999999998043795
600.0,1.2099586769803339,5.5,14.148541242655707,0.5486516737674433,5.593184757332366,10.703119074179822,2.0797657672861805,22.877423440147986,0.21309075484489554,1.5496396990014525e-06,3.1736621035549746,1.0000000000504425
600.0,1.2099586769803339,6.0,15.503965277355782,0.5883827957349154,6.076718978466843,12.390917798209077,2.0797657672861805,24.957189207434162,0.21309075484489554,1.5496396990014525e-06,3.1736621035549746,1.0000000006450185
550.0,1.216369598436265,0.0,1.378121764652513,-0.4627723997502502,0.7305556492639071,1.9255098160147261,1.8964039270318558,0.0,0.19430368104834586,1.4130162429327261e-06,2.893857265526223,1.00000000028744
550.0,1.216369598436265,0.5,1.5111233181149577,-0.42276008410905613,0.7569787767108372,1.929618489234812,1.8964039270318558,2.090785329552622,0.19430368104834586,1.4130162429327261e-06,2.893857265526223,1.0000000051665603
550.0,1.216369598436265,1.0,1.9916751339828438,-0.30284149008391376,0.8746901762155371,1.962300745842018,1.8964039270318558,4.181570659105244,0.19430368104834586,1.4130162429327261e-06,2.893857265526223,1.0000000019995974
550.0,1.216369598436265,1.5,3.5272656972622576,-0.05462181646094331,1.451093264232878,1.8416720796328594,1.8964039270318558,6.272355988657865,0.19430368104834586,1.4130162429327261e-06,2.893857265526223,0.9999999995456461
550.0,1.216369598436265,2.0,4.539877428491064,0.054984136232100446,2.332925973608176,3.5676644069978005,1.8964039270318558,8.363141318210488,0.19430368104834586,1.4130162429327261e-06,2.893857265526223,1.0000000007941885
550.0,1.216369598436265,2.5,5.930476467890509,0.17102959563881673,3.008066691000774,5.078968818712392,1.8964039270318558,10.45392664776311,0.19430368104834586,1.4130162429327261e-06,2.893857265526223,0.9999999993508084
550.0,1.216369598436265,3.0,7.220768143268495,0.25652340882312163,3.680725361652153,6.625556716552822,1.8964039270318558,12.54471197731573,0.19430368104834586,1.4130162429327261e-06,2.893857265526223,1.0000000010232022
550.0,1.216369598436265,3.5,8.581906800366404,0.33152380244986396,4.412332717644872,6.654066352104538,1.8964039270318558,14.635497306868354,0.19430368104834586,1.4130162429327261e-06,2.893857265526223,0.9999999997923436
550.0,1.216369598436265,4.0,10.02452114441519,0.3990036448964174,4.843261954449201,1.892489322281136,1.8964039270318558,16.726282636420976,0.19430368104834586,1.4130162429327261e-06,2.893857265526223,0.9999999999382081
550.0,1.216369598436265,4.5,11.409263290104342,0.4551976110769329,5.40086562363683,1.9023266158919514,1.8964039270318558,18.817067965973596,0.19430368104834586,1.4130162429327261e-06,2.893857265526223,1.0000000004372973
550.0,1.216369598436265,5.0,12.929285148515946,0.5095145223662599,6.149404054852444,9.760316783096991,1.8964039270318558,20.90785329552622,0.19430368104834586,1.4130162429327261e-06,2.893857265526223,0.9999999998545321
550.0,1.216369598436265,5.5,14.322319379622003,0.553953362691743,6.724528751673063,11.300526025470681,1.8964039270318558,22.998638625078843,0.19430368104834586,1.4130162429327261e-06,2.893857265526223,1.0000000005785337
550.0,1.216369598436265,6.0,15.88033598713906,0.5987996954165694,7.3858071740861355,12.848275478739343,1.8964039270318558,25.08942395463146,0.19430368104834586,1.4130162429327261e-06,2.893857265526223,0.9999999996083004
400.0,1.218475796513094,0.0,1.0005378984070126,-0.6018264478236822,1.0062533784511183,1.397950162381491,1.3768188329582653,0.0,0.14106750337687146,1.0258718339560941e-06,2.1009855159420807,1.00000000028744
400.0,1.218475796513094,0.5,1.1898738041634598,-0.5265590879704451,1.081699819317193,1.4047594913393517,1.3768188329582653,2.094405617371248,0.14106750337687146,1.0258718339560941e-06,2.1009855159420807,0.9999999975908699
400.0,1.218475796513094,1.0,2.307292370201926,-0.2389573613841639,1.6751897906439805,2.5437247928591105,1.3768188329582653,4.188811234742496,0.14106750337687146,1.0258718339560941e-06,2.1009855159420807,0.9999999983521073
400.0,1.218475796513094,1.5,3.394458572091549,-0.07128947866276641,3.378606684798556,3.675679080690133,1.3768188329582653,6.2832168521137435,0.14106750337687146,1.0258718339560941e-06,2.1009855159420807,1.000000000527985
400.0,1.218475796513094,2.0,4.8450226800128275,0.08323582303743196,4.561645108238982,3.707132702207953,1.3768188329582653,8.377622469484992,0.14106750337687146,1.0258718339560941e-06,2.1009855159420807,0.999999999589154
400.0,1.218475796513094,2.5,6.105600086163714,0.18366836348888935,5.992519743079034,4.827192028093041,1.3768188329582653,10.47202808685624,0.14106750337687146,1.0258718339560941e-06,2.1009855159420807,0.9999999995123674
400.0,1.218475796513094,3.0,7.532651033848277,0.27488785695095946,6.823974393881793,1.3765066494392548,1.3768188329582653,12.566433704227487,0.14106750337687146,1.0258718339560941e-06,2.1009855159420807,1.0000000001418368
400.0,1.218475796513094,3.5,9.048168475483209,0.35450068716011524,8.131724992206566,7.078674538932815,1.3768188329582653,14.660839321598736,0.14106750337687146,1.0258718339560941e-06,2.1009855159420807,0.9999999999361602
400.0,1.218475796513094,4.0,10.442727155590916,0.4167539397096695,9.289909054785284,8.20488400119986,1.3768188329582653,16.755244938969984,0.14106750337687146,1.0258718339560941e-06,2.1009855159420807,1.0000000000388591
400.0,1.218475796513094,4.5,11.933079093845507,0.4746925278602561,10.614942144394545,9.332231909905559,1.3768188329582653,18.849650556341228,0.14106750337687146,1.0258718339560941e-06,2.1009855159420807,1.0000000003721132
400.0,1.218475796513094,5.0,13.483778674621265,0.5277516239849622,11.78308041688479,9.372194143221899,1.3768188329582653,20.94405617371248,0.14106750337687146,1.0258718339560941e-06,2.1009855159420807,0.9999999997637624
400.0,1.218475796513094,5.5,14.935649679508074,0.5721641272150413,12.955418056629581,1.3803479278926047,1.3768188329582653,23.038461791083726,0.14106750337687146,1.0258718339560941e-06,2.1009855159420807,0.9999999996573701
400.0,1.218475796513094,6.0,16.458822921954095,0.6143387814207526,14.203394290423292,12.717438295762008,1.3768188329582653,25.132867408454974,0.14106750337687146,1.0258718339560941e-06,2.1009855159420807,0.9999999999906852
450.0,1.218475796513094,0.0,1.1256051357078891,-0.550673925376301,0.8944474475121053,1.5726939326791773,1.5489211870780484,0.0,0.15870094129898038,1.1541058132006059e-06,2.363608705434841,1.00000000028744
450.0,1.218475796513094,0.5,1.2922371940747965,-0.490717754276362,0.9454509085467621,1.5782566248291994,1.5489211870780484,2.094405617371248,0.15870094129898038,1.1541058132006059e-06,2.363608705434841,1.00000000062078
450.0,1.218475796513094,1.0,2.172831054202669,-0.2650340317262281,1.252461471427847,2.858601238206187,1.5489211870780484,4.188811234742496,0.15870094129898038,1.1541058132006059e-06,2.363608705434841,1.000000001072274
450.0,1.218475796513094,1.5,3.4571978303536577,-0.06333575955162246,2.51893938099458,2.8844576769259516,1.5489211870780484,6.2832168521137435,0.15870094129898038,1.1541058132006059e-06,2.363608705434841,0.9999999984156117
450.0,1.218475796513094,2.0,4.707793522884926,0.07075741572403633,3.6250772158260727,4.146124598073458,1.5489211870780484,8.377622469484992,0.15870094129898038,1.1541058132006059e-06,2.363608705434841,1.0000000000655402
450.0,1.218475796513094,2.5,6.019974517683084,0.17753466158218023,4.635387396508599,5.4132416819871025,1.5489211870780484,10.47202808685624,0.15870094129898038,1.1541058132006059e-06,2.363608705434841,1.0000000006998064
450.0,1.218475796513094,3.0,7.509079187037601,0.27352669287901976,5.635240250067876,6.6815368190724636,1.5489211870780484,12.566433704227487,0.15870094129898038,1.1541058132006059e-06,2.363608705434841,0.9999999997346667
450.0,1.218475796513094,3.5,8.8166714775473,0.3432446672995732,6.2644594481756375,1.550721673652357,1.5489211870780484,14.660839321598736,0.15870094129898038,1.1541058132006059e-06,2.363608705434841,0.9999999996831063
450.0,1.218475796513094,4.0,10.356802590405616,0.4131657069700551,7.3670087694782085,7.966838167764829,1.5489211870780484,16.755244938969984,0.15870094129898038,1.1541058132006059e-06,2.363608705434841,1.0000000003937053
450.0,1.218475796513094,4.5,11.748068050039778,0.46790646215705073,8.25769693758692,9.23049450134984,1.5489211870780484,18.849650556341228,0.15870094129898038,1.1541058132006059e-06,2.363608705434841,1.0000000000388591
450.0,1.218475796513094,5.0,13.261209612741904,0.5205231484406099,9.294393686885838,10.496861798391864,1.5489211870780484,20.94405617371248,0.15870094129898038,1.1541058132006059e-06,2.363608705434841,1.000000000115978
450.0,1.218475796513094,5.5,14.779832270613305,0.5676095141543609,10.28605114217289,10.524803973578864,1.5489211870780484,23.038461791083726,0.15870094129898038,1.1541058132006059e-06,2.363608705434841,1.0000000000518936
450.0,1.218475796513094,6.0,16.207952163659673,0.6076681549083011,11.096182176480703,1.5507167158109036,1.5489211870780484,25.132867408454974,0.15870094129898038,1.1541058132006059e-06,2.363608705434841,0.9999999998510896
500.0,1.218475796513094,0.0,1.2506723730087657,-0.5049164348156259,0.8050027027608946,1.7474377029768637,1.7210235411978316,0.0,0.17633437922108933,1.2823397924451178e-06,2.626231894927601,1.00000000028744
500.0,1.218475796513094,0.5,1.3994537207873632,-0.4561014501828015,0.8412010822796798,1.7521704286892787,1.7210235411978316,2.094405617371248,0.17633437922108933,1.2823397924451178e-06,2.626231894927601,0.9999999968905932
500.0,1.218475796513094,1.0,2.0551903773009004,-0.2892079334945965,1.026011620731224,1.8113477440545263,1.7210235411978316,4.188811234742496,0.17633437922108933,1.2823397924451178e-06,2.626231894927601,1.0000000022928375
500.0,1.218475796513094,1.5,3.495389014725898,-0.05856447432290779,1.9394124863326867,3.1900654266527146,1.7210235411978316,6.2832168521137435,0.17633437922108933,1.2823397924451178e-06,2.626231894927601,0.9999999995851251
500.0,1.218475796513094,2.0,4.522102374213729,0.05328039862583776,2.9379538727339423,4.597909614317622,1.7210235411978316,8.377622469484992,0.17633437922108933,1.2823397924451178e-06,2.626231894927601,0.9999999994852815
500.0,1.218475796513094,2.5,6.056278350016034,0.18014583604548834,3.649316086591185,4.633915877759941,1.7210235411978316,10.47202808685624,0.17633437922108933,1.2823397924451178e-06,2.626231894927601,0.999999999589154
500.0,1.218475796513094,3.0,7.252127395265909,0.25840543324264703,4.589664732383323,6.024654812076137,1.7210235411978316,12.566433704227487,0.17633437922108933,1.2823397924451178e-06,2.626231894927601,1.0000000009230168
500.0,1.218475796513094,3.5,8.802872032191322,0.3425643972127278,5.233274715893639,7.428746566844929,1.7210235411978316,14.660839321598736,0.17633437922108933,1.2823397924451178e-06,2.626231894927601,1.0000000003042033
500.0,1.218475796513094,4.0,10.114128971118564,0.4028684959444382,5.817176105362403,1.7248574489312634,1.7210235411978316,16.755244938969984,0.17633437922108933,1.2823397924451178e-06,2.626231894927601,0.9999999995472044
500.0,1.218475796513094,4.5,11.659367014502001,0.4646149819448639,6.726356978182022,8.855549044618233,1.7210235411978316,18.849650556341228,0.17633437922108933,1.2823397924451178e-06,2.626231894927601,0.9999999995203959
500.0,1.218475796513094,5.0,13.053408944488645,0.5136639527177259,7.431927243828227,10.256105001499824,1.7210235411978316,20.94405617371248,0.17633437922108933,1.2823397924451178e-06,2.626231894927601,1.0000000000388591
500.0,1.218475796513094,5.5,14.585137302464764,0.5618505305372026,8.261626080276828,11.66166075312474,1.7210235411978316,23.038461791083726,0.17633437922108933,1.2823397924451178e-06,2.626231894927601,0.9999999997665706
500.0,1.218475796513094,6.0,16.050289097011422,0.6034228679740536,9.105168760485888,13.069679112796171,1.7210235411978316,25.132867408454974,0.17633437922108933,1.2823397924451178e-06,2.626231894927601,1.0000000001399396
550.0,1.218475796513094,0.0,1.3757396103096422,-0.4635237496574008,0.7318206388735408,1.9221814732745501,1.8931258953176147,0.0,0.19396781714319825,1.4105737716896294e-06,2.888855084420361,1.00000000028744
550.0,1.218475796513094,0.5,1.5094824864151497,-0.4232319127879136,0.7584903374220578,1.9263168365250831,1.8931258953176147,2.094405617371248,0.19396781714319825,1.4105737716896294e-06,2.888855084420361,1.0000000015026373
550.0,1.218475796513094,1.0,1.9968111438656944,-0.3017229995947263,0.8778590629913834,1.9595948828034744,1.8931258953176147,4.188811234742496,0.19396781714319825,1.4105737716896294e-06,2.888855084420361,1.0000000003219698
550.0,1.218475796513094,1.5,3.532870657347252,-0.05393225364647879,1.46477408867388,1.836979264016792,1.8931258953176147,6.2832168521137435,0.19396781714319825,1.4105737716896294e-06,2.888855084420361,0.9999999998724254
550.0,1.218475796513094,2.0,4.545267748161297,0.05549947997568379,2.3492141103790103,3.564264689716279,1.8931258953176147,8.377622469484992,0.19396781714319825,1.4105737716896294e-06,2.888855084420361,1.000000000291247
550.0,1.218475796513094,2.5,5.951117298734508,0.17253851912689813,3.021993339762024,5.070730964926227,1.8931258953176147,10.47202808685624,0.19396781714319825,1.4105737716896294e-06,2.888855084420361,1.000000000519119
550.0,1.218475796513094,3.0,7.231858478606358,0.25718992744441843,3.7034561662930554,6.614414291312595,1.8931258953176147,12.566433704227487,0.19396781714319825,1.4105737716896294e-06,2.888855084420361,0.9999999996499572
550.0,1.218475796513094,3.5,8.610769564622084,0.3329819757741809,4.43425973607853,6.64396588251369,1.8931258953176147,14.660839321598736,0.19396781714319825,1.4105737716896294e-06,2.888855084420361,1.0000000010516923
550.0,1.218475796513094,4.0,10.039199530298248,0.3996390946450369,4.861596424155055,1.8896594982278827,1.8931258953176147,16.755244938969984,0.19396781714319825,1.4105737716896294e-06,2.888855084420361,0.9999999997762146
550.0,1.218475796513094,4.5,11.441748006346044,0.45643238728272784,5.432921345238521,1.8994093466708728,1.8931258953176147,18.849650556341228,0.19396781714319825,1.4105737716896294e-06,2.888855084420361,0.9999999995723837
550.0,1.218475796513094,5.0,12.94972155430904,0.5102004389636574,6.183346153493297,9.744771289467026,1.8931258953176147,20.94405617371248,0.19396781714319825,1.4105737716896294e-06,2.888855084420361,1.00000000030123
550.0,1.218475796513094,5.5,14.358749838937507,0.5550566378759509,6.756297494389298,11.281715501649806,1.8931258953176147,23.038461791083726,0.19396781714319825,1.4105737716896294e-06,2.888855084420361,1.0000000000388591
550.0,1.218475796513094,6.0,15.90794191246427,0.5995540051711518,7.431509199028841,12.82656479334056,1.8931258953176147,25.132867408454974,0.19396781714319825,1.4105737716896294e-06,2.888855084420361,0.9999999997238548
600.0,1.218475796513094,0.0,1.5008068476105185,-0.4257351887680011,0.670835585634079,2.096925243572236,2.0652282494373977,0.0,0.21160125506530714,1.5388077509341411e-06,3.151478273913121,1.00000000028744
600.0,1.218475796513094,0.5,1.6223657764368224,-0.3919112149551725,0.6910778203526871,2.1006072568850263,2.0652282494373977,2.094405617371248,0.21160125506530714,1.5388077509341411e-06,3.151478273913121,0.9999999967603952
600.0,1.218475796513094,1.0,2.0328174003638426,-0.2939616218271403,0.7746244079372299,2.1239303348651233,2.0652282494373977,4.188811234742496,0.21160125506530714,1.5388077509341411e-06,3.151478273913121,0.9999999949552468
600.0,1.218475796513094,1.5,3.460938555302888,-0.06286610232848275,1.1167931937626536,3.815587189288665,2.0652282494373977,6.2832168521137435,0.21160125506530714,1.5388077509341411e-06,3.151478273913121,0.9999999983521073
600.0,1.218475796513094,2.0,4.609597107138209,0.061602977056677416,1.8892045357459353,3.8459435692346013,2.0652282494373977,8.377622469484992,0.21160125506530714,1.5388077509341411e-06,3.151478273913121,0.9999999984156117
600.0,1.218475796513094,2.5,5.715248277646563,0.15497511011721526,2.561888175732491,5.520799048105043,2.0652282494373977,10.47202808685624,0.21160125506530714,1.5388077509341411e-06,3.151478273913121,1.0000000001546485
600.0,1.218475796513094,3.0,7.267534020019239,0.25932708209311306,3.041096738825989,5.560699053311928,2.0652282494373977,12.566433704227487,0.21160125506530714,1.5388077509341411e-06,3.151478273913121,0.999999999589154
600.0,1.218475796513094,3.5,8.44079956811268,0.3243235964791991,3.7024009095304433,7.224275540890469,2.0652282494373977,14.660839321598736,0.21160125506530714,1.5388077509341411e-06,3.151478273913121,0.9999999991299654
600.0,1.218475796513094,4.0,10.0121055827168,0.3984654294873196,4.226430187550908,8.908715758763282,2.0652282494373977,16.755244938969984,0.21160125506530714,1.5388077509341411e-06,3.151478273913121,0.9999999997346667
600.0,1.218475796513094,4.5,11.29897655077241,0.45097911600664053,4.549316262587862,2.0647599741588816,2.0652282494373977,18.849650556341228,0.21160125506530714,1.5388077509341411e-06,3.151478273913121,1.0000000001418368
600.0,1.218475796513094,5.0,12.783444880774113,0.5045879118770077,5.094467607990211,2.0749323290601307,2.0652282494373977,20.94405617371248,0.21160125506530714,1.5388077509341411e-06,3.151478273913121,0.9999999991940738
600.0,1.218475796513094,5.5,14.238814083701847,0.5514138281448008,5.71909519537332,10.634473155066226,2.0652282494373977,23.038461791083726,0.21160125506530714,1.5388077509341411e-06,3.151478273913121,1.00000000006619
600.0,1.218475796513094,6.0,15.664090733386368,0.5928451987653506,6.19327270319019,12.307326001799785,2.0652282494373977,25.132867408454974,0.21160125506530714,1.5388077509341411e-06,3.151478273913121,1.0000000000388591
650.0,1.218475796513094,0.0,1.6258740849113948,-0.3909730825087892,0.6192328482776114,2.2716690138699223,2.237330603557181,0.0,0.22923469298741606,1.6670417301786526e-06,3.4141014634058804,1.00000000028744
650.0,1.218475796513094,0.5,1.737344863773391,-0.3621739566644797,0.6349739781352497,2.2749936659788497,2.237330603557181,2.094405617371248,0.22923469298741606,1.6670417301786526e-06,3.4141014634058804,1.0000000017947843
650.0,1.218475796513094,1.0,2.1076102506706134,-0.278269689167363,0.6967488181943577,2.293065472086626,2.237330603557181,4.188811234742496,0.22923469298741606,1.6670417301786526e-06,3.4141014634058804,1.000000004828874
650.0,1.218475796513094,1.5,3.3323917122911824,-0.07930394562571162,0.9085461260819294,4.13032599674234,2.237330603557181,6.2832168521137435,0.22923469298741606,1.6670417301786526e-06,3.4141014634058804,1.000000001347034
650.0,1.218475796513094,2.0,4.647092173979334,0.06512129536515134,1.5506663505265244,4.15036808748551,2.237330603557181,8.377622469484992,0.22923469298741606,1.6670417301786526e-06,3.4141014634058804,0.9999999994818985
650.0,1.218475796513094,2.5,5.65371822913336,0.15027416893061837,2.151688024157792,5.9745091221499464,2.237330603557181,10.47202808685624,0.22923469298741606,1.6670417301786526e-06,3.4141014634058804,0.9999999983530599
650.0,1.218475796513094,3.0,7.1927325092863095,0.2548339182845145,2.5911515853670437,5.99575584061083,2.237330603557181,12.566433704227487,0.22923469298741606,1.6670417301786526e-06,3.4141014634058804,1.0000000004969403
650.0,1.218475796513094,3.5,8.443089774273432,0.3244414157664457,3.0825667206184844,7.815709496548696,2.237330603557181,14.660839321598736,0.22923469298741606,1.6670417301786526e-06,3.4141014634058804,0.999999999869521
650.0,1.218475796513094,4.0,9.711300243437242,0.38521739004711114,3.629409455659038,7.838871479719184,2.237330603557181,16.755244938969984,0.22923469298741606,1.6670417301786526e-06,3.4141014634058804,0.9999999993681287
650.0,1.218475796513094,4.5,11.31501648256706,0.4515951995993478,3.9996091578454367,9.655744640694115,2.237330603557181,18.849650556341228,0.22923469298741606,1.6670417301786526e-06,3.4141014634058804,0.9999999999936563
650.0,1.218475796513094,5.0,12.578869867025672,0.49758163288446433,4.290132748218791,2.239036508667367,2.237330603557181,20.94405617371248,0.22923469298741606,1.6670417301786526e-06,3.4141014634058804,1.000000000596787
650.0,1.218475796513094,5.5,14.113773631060813,0.5475831562345458,4.7948520248749515,2.252575603534347,2.237330603557181,23.038461791083726,0.22923469298741606,1.6670417301786526e-06,3.4141014634058804,1.0000000002823475
650.0,1.218475796513094,6.0,15.527158536129106,0.5890319959533031,5.3178045141809696,11.524626510456928,2.237330603557181,25.132867408454974,0.22923469298741606,1.6670417301786526e-06,3.4141014634058804,1.0000000001123461
700.0,1.218475796513094,0.0,1.7509413222122716,-0.3587883991373879,0.5750019305434962,2.4464127841676087,2.4094329576769646,0.0,0.246868130909525,1.7952757094231646e-06,3.676724652898641,1.00000000028744
700.0,1.218475796513094,0.5,1.8539115314712744,-0.3339709855273407,0.5874926914596027,2.449447443124544,2.4094329576769646,2.094405617371248,0.246868130909525,1.7952757094231646e-06,3.676724652898641,1.0000000036415333
700.0,1.218475796513094,1.0,2.1918909552715506,-0.26124104676281384,0.6346279500703731,2.464276218806506,2.4094329576769646,4.188811234742496,0.246868130909525,1.7952757094231646e-06,3.676724652898641,1.0000000001478555
700.0,1.218475796513094,1.5,3.195095618121062,-0.09757613171273898,0.7756968096799165,4.445573272056991,2.4094329576769646,6.2832168521137435,0.246868130909525,1.7952757094231646e-06,3.676724652898641,1.000000001427247
700.0,1.218475796513094,2.0,4.692944426933391,0.06938542007203026,1.2694677577829423,4.4607222767938834,2.4094329576769646,8.377622469484992,0.246868130909525,1.7952757094231646e-06,3.676724652898641,1.0000000001560974
700.0,1.218475796513094,2.5,5.698002307747511,0.15366262946910864,1.7963509922727532,4.520224785123442,2.4094329576769646,10.47202808685624,0.246868130909525,1.7952757094231646e-06,3.676724652898641,1.0000000000281215
700.0,1.218475796513094,3.0,6.93630282011783,0.23906805367009185,2.258839697006877,6.4442148594398505,2.4094329576769646,12.566433704227487,0.246868130909525,1.7952757094231646e-06,3.676724652898641,0.9999999998296436
700.0,1.218475796513094,3.5,8.478789690022445,0.32627387172372624,2.606654347565133,6.487482228863916,2.4094329576769646,14.660839321598736,0.246868130909525,1.7952757094231646e-06,3.676724652898641,0.999999999589154
700.0,1.218475796513094,4.0,9.639062951938513,0.38197482529452476,3.0911715951061214,8.424688870156915,2.4094329576769646,16.755244938969984,0.246868130909525,1.7952757094231646e-06,3.676724652898641,1.0000000013536618
700.0,1.218475796513094,4.5,11.122000890745275,0.4441229341949495,3.516284504352975,8.46179277537889,2.4094329576769646,18.849650556341228,0.246868130909525,1.7952757094231646e-06,3.676724652898641,0.9999999994490575
700.0,1.218475796513094,5.0,12.564797658530694,0.4970955078488501,3.7803805102890693,2.401598741287779,2.4094329576769646,20.94405617371248,0.246868130909525,1.7952757094231646e-06,3.676724652898641,1.000000000207361
700.0,1.218475796513094,5.5,13.872532399333178,0.5400957564552449,4.070468314807817,2.413121433444644,2.4094329576769646,23.038461791083726,0.246868130909525,1.7952757094231646e-06,3.676724652898641,0.9999999983629931
700.0,1.218475796513094,6.0,15.44465351063053,0.5867181783435554,4.528011341875942,2.4358404739635153,2.4094329576769646,25.132867408454974,0.246868130909525,1.7952757094231646e-06,3.676724652898641,0.9999999987965379
700.0,1.2415595032055449,0.0,1.7183869292787992,-0.3669390307091531,0.5858951923959211,2.4009278315635787,2.364635552843334,0.0,0.24227823287329242,1.761897028980214e-06,3.608365115351478,1.00000000028744
700.0,1.2415595032055449,0.5,1.8275982942672413,-0.3401792472795272,0.5996748871591302,2.4041650911307855,2.364635552843334,2.134083586441108,0.24227823287329242,1.761897028980214e-06,3.608365115351478,0.9999999970863368
700.0,1.2415595032055449,1.0,2.188098852517166,-0.26199305294766795,0.6526731310309221,2.420804022862877,2.364635552843334,4.268167172882216,0.24227823287329242,1.761897028980214e-06,3.608365115351478,0.9999999988725109
700.0,1.2415595032055449,1.5,3.3230484164661314,-0.08052332237820328,0.821532189328172,4.364075462579065,2.364635552843334,6.402250759323324,0.24227823287329242,1.761897028980214e-06,3.608365115351478,1.000000001072438
700.0,1.2415595032055449,2.0,4.757499959713287,0.07531880195347143,1.386626670782703,4.381694783572654,2.364635552843334,8.536334345764432,0.24227823287329242,1.761897028980214e-06,3.608365115351478,0.9999999971954336
700.0,1.2415595032055449,2.5,5.7721715271099,0.1592792368749367,1.93576219189051,4.476946272828168,2.364635552843334,10.670417932205542,0.24227823287329242,1.761897028980214e-06,3.608365115351478,1.0000000000737992
700.0,1.2415595032055449,3.0,7.199286325768832,0.2552294550835045,2.3768649318505926,6.329806141044192,2.364635552843334,12.804501518646648,0.24227823287329242,1.761897028980214e-06,3.608365115351478,0.9999999994196668
700.0,1.2415595032055449,3.5,8.62142824144992,0.33351922646885596,2.782309818018883,6.400186506274293,2.364635552843334,14.938585105087753,0.24227823287329242,1.761897028980214e-06,3.608365115351478,0.9999999988726374
700.0,1.2415595032055449,4.0,9.842649750270077,0.3910520397259954,3.297796147262991,8.275068721625528,2.364635552843334,17.072668691528865,0.24227823287329242,1.761897028980214e-06,3.608365115351478,0.9999999996746876
700.0,1.2415595032055449,4.5,11.480514240104043,0.45790135027386175,3.6944303500862197,10.200393629954691,2.364635552843334,19.206752277969972,0.24227823287329242,1.761897028980214e-06,3.608365115351478,1.000000000954772
700.0,1.2415595032055449,5.0,12.788066152883493,0.5047448828902329,3.9409107702841766,2.3628889374248057,2.364635552843334,21.340835864411083,0.24227823287329242,1.761897028980214e-06,3.608365115351478,1.0000000003850713
700.0,1.2415595032055449,5.5,14.235751797700823,0.5513204160855673,4.334054368863482,2.3720859207583853,2.364635552843334,23.474919450852187,0.24227823287329242,1.761897028980214e-06,3.608365115351478,0.9999999993197178
700.0,1.2415595032055449,6.0,15.830983031412298,0.5974478920664579,4.832257544899596,12.162864607104908,2.364635552843334,25.609003037293295,0.24227823287329242,1.761897028980214e-06,3.608365115351478,1.0000000001481095
650.0,1.2593649193144931,0.0,1.5730851243027875,-0.4053077671060062,0.6400128162083174,2.197912351406415,2.1646888423066173,0.0,0.22179188958059604,1.6129161364171274e-06,3.303252247382277,1.00000000028744
650.0,1.2593649193144931,0.5,1.696820063426982,-0.3724242006331582,0.6587506912267727,2.2016492838260655,2.1646888423066173,2.1646888423066177,0.22179188958059604,1.6129161364171274e-06,3.303252247382277,1.0000000056851732
650.0,1.2593649193144931,1.0,2.1133009692236153,-0.2770986391100034,0.7353556013723732,2.2246097106269387,2.1646888423066173,4.3293776846132355,0.22179188958059604,1.6129161364171274e-06,3.303252247382277,1.00000000225397
650.0,1.2593649193144931,1.5,3.555839092914381,-0.05111789106591437,1.0373789719950834,3.9987274019595644,2.1646888423066173,6.494066526919853,0.22179188958059604,1.6129161364171274e-06,3.303252247382277,1.00000000065351
650.0,1.2593649193144931,2.0,4.772064616276433,0.07664632428691869,1.7641931251892349,4.027560939881129,2.1646888423066173,8.658755369226471,0.22179188958059604,1.6129161364171274e-06,3.303252247382277,1.0000000026264786
650.0,1.2593649193144931,2.5,5.874562116568581,0.1669155089868155,2.407975540659328,5.785393671787911,2.1646888423066173,10.823444211533086,0.22179188958059604,1.6129161364171274e-06,3.303252247382277,1.0000000001549096
650.0,1.2593649193144931,3.0,7.512123631771991,0.27370273544800144,2.855735160742357,5.821399541529668,2.1646888423066173,12.988133053839706,0.22179188958059604,1.6129161364171274e-06,3.303252247382277,1.0000000004032377
650.0,1.2593649193144931,3.5,8.719227546674366,0.3384180203160177,3.469872002530871,7.569912677937405,2.1646888423066173,15.152821896146323,0.22179188958059604,1.6129161364171274e-06,3.303252247382277,0.9999999994531913
650.0,1.2593649193144931,4.0,10.306827253630578,0.4110650058373083,3.989151303987663,9.336362609436797,2.1646888423066173,17.317510738452942,0.22179188958059604,1.6129161364171274e-06,3.303252247382277,0.9999999997603551
650.0,1.2593649193144931,4.5,11.673278131025969,0.4651328419493031,4.296715841639254,2.162793360951258,2.1646888423066173,19.482199580759556,0.22179188958059604,1.6129161364171274e-06,3.303252247382277,0.9999999992706962
650.0,1.2593649193144931,5.0,13.157792721831784,0.5171230492319331,4.77634359692411,2.1724500995451574,2.1646888423066173,21.646888423066173,0.22179188958059604,1.6129161364171274e-06,3.303252247382277,0.9999999998043795
650.0,1.2593649193144931,5.5,14.726268623440342,0.5660327268970492,5.373758094494319,11.140159532478783,2.1646888423066173,23.81157726537279,0.22179188958059604,1.6129161364171274e-06,3.303252247382277,1.0000000000504425
650.0,1.2593649193144931,6.0,16.137038687387516,0.6057638488645212,5.838322747285385,12.896876141355795,2.1646888423066173,25.97626610767941,0.22179188958059604,1.6129161364171274e-06,3.303252247382277,1.0000000006450185
600.0,1.2704566108293507,0.0,1.4394012384734365,-0.4438781193055502,0.6994537823297962,2.011129411749184,1.9807293021773142,0.0,0.20294357604275765,1.4758473323823355e-06,3.022535336719023,1.00000000028744
600.0,1.2704566108293507,0.5,1.5783168304646893,-0.40386580366435615,0.7247520008191874,2.015420780968627,1.9807293021773142,2.1837540556504895,0.20294357604275765,1.4758473323823355e-06,3.022535336719023,1.0000000051665603
600.0,1.2704566108293507,1.0,2.080236832493904,-0.2839472096392137,0.8374520855969233,2.0495562846977773,1.9807293021773142,4.367508111300979,0.20294357604275765,1.4758473323823355e-06,3.022535336719023,1.0000000019995974
600.0,1.2704566108293507,1.5,3.684108867074125,-0.03572753601624323,1.3893160270591878,1.9235637519692614,1.9807293021773142,6.551262166951468,0.20294357604275765,1.4758473323823355e-06,3.022535336719023,0.9999999995456461
600.0,1.2704566108293507,2.0,4.7417473264674355,0.0738784166768005,2.233606567521315,3.7263039432405125,1.9807293021773142,8.735016222601958,0.20294357604275765,1.4758473323823355e-06,3.022535336719023,1.0000000007941885
600.0,1.2704566108293507,2.5,6.194180653384838,0.18992387608351669,2.8800045919030492,5.304809919801198,1.9807293021773142,10.918770278252449,0.20294357604275765,1.4758473323823355e-06,3.022535336719023,0.9999999993508084
600.0,1.2704566108293507,3.0,7.5418463554785395,0.2754176892678217,3.5240262374520217,6.920168295714273,1.9807293021773142,13.102524333902936,0.20294357604275765,1.4758473323823355e-06,3.022535336719023,1.0000000010232022
600.0,1.2704566108293507,3.5,8.963509316628283,0.35041808289456405,4.224486952313391,6.949945638888236,1.9807293021773142,15.286278389553427,0.20294357604275765,1.4758473323823355e-06,3.022535336719023,0.9999999997923436
600.0,1.2704566108293507,4.0,10.470270857388758,0.41789792534111747,4.637070285154606,1.9766406308633249,1.9807293021773142,17.470032445203916,0.20294357604275765,1.4758473323823355e-06,3.022535336719023,0.9999999999382081
600.0,1.2704566108293507,4.5,11.916586858336544,0.47409189152163295,5.17093515341924,1.986915348939637,1.9807293021773142,19.65378650085441,0.20294357604275765,1.4758473323823355e-06,3.022535336719023,1.0000000004372973
600.0,1.2704566108293507,5.0,13.50419791101884,0.52840880281096,5.8876061386624725,10.194318401919492,1.9807293021773142,21.837540556504898,0.20294357604275765,1.4758473323823355e-06,3.022535336719023,0.9999999998545321
600.0,1.2704566108293507,5.5,14.959174712720781,0.572847643136443,6.438246113738677,11.803014489481772,1.9807293021773142,24.021294612155387,0.20294357604275765,1.4758473323823355e-06,3.022535336719023,1.0000000005785337
600.0,1.2704566108293507,6.0,16.58646998658049,0.6176939758612695,7.071372001131299,13.419586070472102,1.9807293021773142,26.205048667805872,0.20294357604275765,1.4758473323823355e-06,3.022535336719023,0.9999999996083004
700.0,1.3069047402163632,0.0,1.6324675828148587,-0.3892154254203055,0.6167317814693908,2.280881439985399,2.2464037752011667,0.0,0.23016432122962774,1.673802177531203e-06,3.427946859583904,1.00000000028744
700.0,1.3069047402163632,0.5,1.760873397516936,-0.35633185894745745,0.6347880496384352,2.2847594380288636,2.2464037752011667,2.2464037752011663,0.23016432122962774,1.673802177531203e-06,3.427946859583904,1.0000000056851732
700.0,1.3069047402163632,1.0,2.193076059070747,-0.2610062974243027,0.70860638812624,2.3085865989758156,2.2464037752011667,4.492807550402333,0.23016432122962774,1.673802177531203e-06,3.427946859583904,1.00000000225397
700.0,1.3069047402163632,1.5,3.6900686168914607,-0.03502554938021372,0.9996433903429366,4.149675535903167,2.2464037752011667,6.739211325603499,0.23016432122962774,1.673802177531203e-06,3.427946859583904,1.00000000065351
700.0,1.3069047402163632,2.0,4.952205490228537,0.0927386659726194,1.7000190330561524,4.1795975122969615,2.2464037752011667,8.985615100804665,0.23016432122962774,1.673802177531203e-06,3.427946859583904,1.0000000026264786
700.0,1.3069047402163632,2.5,6.0963212164255145,0.1830078506725162,2.320383291265484,6.0037867481595475,2.2464037752011667,11.232018876005831,0.23016432122962774,1.673802177531203e-06,3.427946859583904,1.0000000001549096
700.0,1.3069047402163632,3.0,7.795699112214579,0.2897950771337021,2.7518552574049573,6.04115180503816,2.2464037752011667,13.478422651206998,0.23016432122962774,1.673802177531203e-06,3.427946859583904,1.0000000004032377
700.0,1.3069047402163632,3.5,9.048370045099034,0.35451036200171837,3.3436523260107434,7.855669639587433,2.2464037752011667,15.724826426408162,0.23016432122962774,1.673802177531203e-06,3.427946859583904,0.9999999994531913
700.0,1.3069047402163632,4.0,10.695900122176754,0.42715734752300905,3.8440423815801745,9.688801366083394,2.2464037752011667,17.97123020160933,0.23016432122962774,1.673802177531203e-06,3.427946859583904,0.9999999997603551
700.0,1.3069047402163632,4.5,12.113933212945168,0.48122518363500383,4.140418985952632,2.244436741238001,2.2464037752011667,20.2176339768105,0.23016432122962774,1.673802177531203e-06,3.427946859583904,0.9999999992706962
700.0,1.3069047402163632,5.0,13.65448680935671,0.5332153909176338,4.6025998555662095,2.254458012475465,2.2464037752011667,22.464037752011663,0.23016432122962774,1.673802177531203e-06,3.427946859583904,0.9999999998043795
700.0,1.3069047402163632,5.5,15.28217117573016,0.5821250685827499,5.178282870079766,11.560689897323773,2.2464037752011667,24.71044152721283,0.23016432122962774,1.673802177531203e-06,3.427946859583904,1.0000000000504425
700.0,1.3069047402163632,6.0,16.746196459943654,0.6218561905502219,5.62594857093393,13.38372087757998,2.2464037752011667,26.956845302413996,0.23016432122962774,1.673802177531203e-06,3.427946859583904,1.0000000006450185
650.0,1.322333165280218,0.0,1.498176308859798,-0.4264970661759442,0.6720134570187333,2.0932498584823005,2.0616084212443977,0.0,0.2112303710291391,1.5361106061115501e-06,3.1459545213164546,1.00000000028744
650.0,1.322333165280218,0.5,1.6427642411817482,-0.3864847505347501,0.6963191991463169,2.0977164571799354,2.0616084212443977,2.2729232844219487,0.2112303710291391,1.5361106061115501e-06,3.1459545213164546,1.0000000051665603
650.0,1.322333165280218,1.0,2.1651791425198423,-0.26656615650960774,0.8045979382011308,2.133245815923746,2.0616084212443977,4.545846568843897,0.2112303710291391,1.5361106061115501e-06,3.1459545213164546,1.0000000019995974
650.0,1.322333165280218,1.5,3.83454208345995,-0.0183464828866373,1.3348116627888373,2.0021086301399587,2.0616084212443977,6.818769853265845,0.2112303710291391,1.5361106061115501e-06,3.1459545213164546,0.9999999995456461
650.0,1.322333165280218,2.0,4.9353670937833485,0.09125946980640648,2.145979775904635,3.8784601111601766,2.0616084212443977,9.091693137687795,0.2112303710291391,1.5361106061115501e-06,3.1459545213164546,1.0000000007941885
650.0,1.322333165280218,2.5,6.447107630351066,0.20730492921312269,2.7670189095096513,5.521421221840409,2.0616084212443977,11.364616422109743,0.2112303710291391,1.5361106061115501e-06,3.1459545213164546,0.9999999993508084
650.0,1.322333165280218,3.0,7.849802565698623,0.29279874239742765,3.385774892183279,7.202739525885948,2.0616084212443977,13.63753970653169,0.2112303710291391,1.5361106061115501e-06,3.1459545213164546,1.0000000010232022
650.0,1.322333165280218,3.5,9.329516290161504,0.36779913602417,4.058755778685734,7.233732767305786,2.0616084212443977,15.910462990953638,0.2112303710291391,1.5361106061115501e-06,3.1459545213164546,0.9999999997923436
650.0,1.322333165280218,4.0,10.897803424513645,0.4352789784707234,4.4551530229574166,2.057352797215735,2.0616084212443977,18.18338627537559,0.2112303710291391,1.5361106061115501e-06,3.1459545213164546,0.9999999999382081
650.0,1.322333165280218,4.5,12.403176846342063,0.491472944651239,4.9680737973770865,2.0680470628525147,2.0616084212443977,20.45630955979754,0.2112303710291391,1.5361106061115501e-06,3.1459545213164546,1.0000000004372973
650.0,1.322333165280218,5.0,14.055614820714748,0.545789855940566,5.656629007893116,10.610583002503866,2.0616084212443977,22.729232844219485,0.2112303710291391,1.5361106061115501e-06,3.1459545213164546,0.9999999998545321
650.0,1.322333165280218,5.5,15.570002689772203,0.590228696266049,6.185666783614509,12.28496697698016,2.0616084212443977,25.002156128641435,0.2112303710291391,1.5361106061115501e-06,3.1459545213164546,1.0000000005785337
650.0,1.322333165280218,6.0,17.263745311115045,0.6350750289908754,6.793954460460837,13.96754802490555,2.0616084212443977,27.27507941306338,0.2112303710291391,1.5361106061115501e-06,3.1459545213164546,0.9999999996083004
400.0,1.3467753774655815,0.0,0.9052223801397632,-0.6453047086932474,1.1122069699436647,1.264775452606556,1.245657183976787,0.0,0.1276288098336872,9.281428966664825e-07,1.900836652372956,1.00000000028744
400.0,1.3467753774655815,0.5,1.1690693948654032,-0.5342197000868893,1.2487925576889558,1.2763735498622213,1.245657183976787,2.3149363524274853,0.1276288098336872,9.281428966664825e-07,1.900836652372956,0.9999999958001263
400.0,1.3467753774655815,1.0,2.569603651557615,-0.19219385057098673,2.754319516558549,2.310191492937538,1.245657183976787,4.629872704854971,0.1276288098336872,9.281428966664825e-07,1.900836652372956,1.0000000016114379
400.0,1.3467753774655815,1.5,3.961642312444016,-0.004184729803455793,4.6238435325367835,3.337338587642826,1.245657183976787,6.944809057282457,0.1276288098336872,9.281428966664825e-07,1.900836652372956,0.9999999995536841
400.0,1.3467753774655815,2.0,5.353261864259229,0.12655849685673703,6.467311886106422,4.363146493366186,1.245657183976787,9.259745409709941,0.1276288098336872,9.281428966664825e-07,1.900836652372956,1.0000000007857115
400.0,1.3467753774655815,2.5,6.945757673663497,0.23965963607370505,7.653670544239818,1.2462646547974363,1.245657183976787,11.574681762137427,0.1276288098336872,9.281428966664825e-07,1.900836652372956,1.0000000007856278
400.0,1.3467753774655815,3.0,8.584618096386942,0.3316609881548798,9.477416758931167,6.414126916090298,1.245657183976787,13.889618114564914,0.1276288098336872,9.281428966664825e-07,1.900836652372956,0.9999999998191995
400.0,1.3467753774655815,3.5,10.25383301817571,0.40882624942656964,11.010357806275676,7.438582794950398,1.245657183976787,16.2045544669924,0.1276288098336872,9.281428966664825e-07,1.900836652372956,0.9999999999540857
400.0,1.3467753774655815,4.0,11.879454917513776,0.4727365224024904,12.785413122526036,8.463928478517293,1.245657183976787,18.519490819419882,0.1276288098336872,9.281428966664825e-07,1.900836652372956,1.0000000002026086
400.0,1.3467753774655815,4.5,13.505743608753617,0.5284585095455818,14.311728303923921,1.2488141140195712,1.245657183976787,20.83442717184737,0.1276288098336872,9.281428966664825e-07,1.900836652372956,1.0000000000605707
400.0,1.3467753774655815,5.0,15.178241629187363,0.5791614709447328,15.925858946995396,11.508415217485464,1.245657183976787,23.149363524274854,0.1276288098336872,9.281428966664825e-07,1.900836652372956,1.0000000000271942
400.0,1.3467753774655815,5.5,16.885563171627613,0.6254555585858135,17.57587354703414,12.53289767766254,1.245657183976787,25.46429987670234,0.1276288098336872,9.281428966664825e-07,1.900836652372956,1.000000000203819
400.0,1.3467753774655815,6.0,18.602279363018976,0.6675061708539918,19.033882261866648,1.2455639981226352,1.245657183976787,27.77923622912983,0.1276288098336872,9.281428966664825e-07,1.900836652372956,0.9999999999271679
450.0,1.3467753774655815,0.0,1.0183751776572332,-0.5941521862458663,0.9886284177277019,1.4228723841823752,1.4013643319738855,0.0,0.14358241106289807,1.0441607587497928e-06,2.1384412339195755,1.00000000028744
450.0,1.3467753774655815,0.5,1.2480405228130036,-0.505831304580623,1.0789991612141694,1.4317112772667375,1.4013643319738855,2.3149363524274853,0.14358241106289807,1.0441607587497928e-06,2.1384412339195755,0.9999999983201985
450.0,1.3467753774655815,1.0,2.6037209158038856,-0.18646555952009253,1.9588704507727754,1.361261598080185,1.4013643319738855,4.629872704854971,0.14358241106289807,1.0441607587497928e-06,2.1384412339195755,0.9999999978648961
450.0,1.3467753774655815,1.5,3.756132419392353,-0.02731909676539408,3.6832573681748157,3.7448237952865853,1.4013643319738855,6.944809057282457,0.14358241106289807,1.0441607587497928e-06,2.1384412339195755,0.9999999996800931
450.0,1.3467753774655815,2.0,5.330261196472574,0.1246884997637795,4.973907124901611,4.895941042242315,1.4013643319738855,9.259745409709941,0.14358241106289807,1.0441607587497928e-06,2.1384412339195755,1.0000000009815269
450.0,1.3467753774655815,2.5,6.940155571629304,0.23930921445007408,6.306676839094752,6.046305242845759,1.4013643319738855,11.574681762137427,0.14358241106289807,1.0441607587497928e-06,2.1384412339195755,1.0000000014890642
450.0,1.3467753774655815,3.0,8.418604434593584,0.32318011245336004,7.298969316106334,1.4056567732731298,1.4013643319738855,13.889618114564914,0.14358241106289807,1.0441607587497928e-06,2.1384412339195755,0.9999999995999158
450.0,1.3467753774655815,3.5,10.027783863421565,0.39914497337435756,8.733633704886355,8.34489573207506,1.4013643319738855,16.2045544669924,0.14358241106289807,1.0441607587497928e-06,2.1384412339195755,0.9999999987748259
450.0,1.3467753774655815,4.0,11.72185264351795,0.4669362661962867,9.980657430140473,9.494230397525326,1.4013643319738855,18.519490819419882,0.14358241106289807,1.0441607587497928e-06,2.1384412339195755,0.9999999998960388
450.0,1.3467753774655815,4.5,13.364386782202994,0.5238890448498715,11.36481166446759,9.521919538331952,1.4013643319738855,20.83442717184737,0.14358241106289807,1.0441607587497928e-06,2.1384412339195755,1.0000000002026086
450.0,1.3467753774655815,5.0,14.975161135474783,0.5733115128466444,12.529686110597156,1.4039962483900517,1.4013643319738855,23.149363524274854,0.14358241106289807,1.0441607587497928e-06,2.1384412339195755,1.0000000001652392
450.0,1.3467753774655815,5.5,16.67175029507611,0.6199212055960098,13.901740620913035,12.94353044079973,1.4013643319738855,25.46429987670234,0.14358241106289807,1.0441607587497928e-06,2.1384412339195755,1.0000000001876461
450.0,1.3467753774655815,6.0,18.40723845584442,0.6629286470756727,15.08049940608524,12.966013696729647,1.4013643319738855,27.77923622912983,0.14358241106289807,1.0441607587497928e-06,2.1384412339195755,0.9999999998552537
500.0,1.3467753774655815,0.0,1.1315279751747038,-0.5483946956851911,0.8897655759549318,1.580969315758195,1.557071479970984,0.0,0.159536012292109,1.1601786208331031e-06,2.376045815466195,1.00000000028744
500.0,1.3467753774655815,0.5,1.3355703118832583,-0.47639323468071476,0.9529674359918392,1.5881892846309338,1.557071479970984,2.3149363524274853,0.159536012292109,1.1601786208331031e-06,2.376045815466195,1.0000000024603175
500.0,1.3467753774655815,1.0,2.525916529913659,-0.19964099633464186,1.418411764547199,2.8760356828144444,1.557071479970984,4.629872704854971,0.159536012292109,1.1601786208331031e-06,2.376045815466195,1.0000000006253833
500.0,1.3467753774655815,1.5,3.763334528817461,-0.026487166161963255,2.889928404384928,2.9373498628491443,1.557071479970984,6.944809057282457,0.159536012292109,1.1601786208331031e-06,2.376045815466195,1.0000000004685718
500.0,1.3467753774655815,2.0,5.353902087502896,0.12661043319085777,3.931987621342005,4.184632455757978,1.557071479970984,9.259745409709941,0.159536012292109,1.1601786208331031e-06,2.376045815466195,0.999999999702905
500.0,1.3467753774655815,2.5,6.691577330324036,0.2234685098647934,5.173849508885137,5.453933116707732,1.557071479970984,11.574681762137427,0.159536012292109,1.1601786208331031e-06,2.376045815466195,1.0000000007857115
500.0,1.3467753774655815,3.0,8.319705129117654,0.3180479427672753,5.939195880527965,1.554966981853676,1.557071479970984,13.889618114564914,0.159536012292109,1.1601786208331031e-06,2.376045815466195,0.9999999996022025
500.0,1.3467753774655815,3.5,9.95236130512243,0.3958661426961004,6.985963539130021,1.5724449893968273,1.557071479970984,16.2045544669924,0.159536012292109,1.1601786208331031e-06,2.376045815466195,1.0000000002678122
500.0,1.3467753774655815,4.0,11.482056171706764,0.45795967583372127,8.055801541120257,9.27550945949507,1.557071479970984,18.519490819419882,0.159536012292109,1.1601786208331031e-06,2.376045815466195,1.0000000006111378
500.0,1.3467753774655815,4.5,13.189698547780306,0.5181748784768074,9.126460083742092,10.550663012224312,1.557071479970984,20.83442717184737,0.159536012292109,1.1601786208331031e-06,2.376045815466195,1.0000000002565113
500.0,1.3467753774655815,5.0,14.84931864689222,0.5696465354105468,10.22833049802083,10.579910598146617,1.557071479970984,23.149363524274854,0.159536012292109,1.1601786208331031e-06,2.376045815466195,1.0000000002026086
500.0,1.3467753774655815,5.5,16.443650613463152,0.6139382492045163,11.140255813293244,1.5593452273273605,1.557071479970984,25.46429987670234,0.159536012292109,1.1601786208331031e-06,2.376045815466195,0.999999999926797
500.0,1.3467753774655815,6.0,18.179182576416657,0.6575143600259282,12.305008593649179,13.123055030821241,1.557071479970984,27.77923622912983,0.159536012292109,1.1601786208331031e-06,2.376045815466195,0.9999999998663911
550.0,1.3467753774655815,0.0,1.244680772692174,-0.507002010526966,0.8088777963226653,1.7390662473340142,1.7127786279680821,0.0,0.17548961352131986,1.2761964829164133e-06,2.6136503970128144,1.00000000028744
550.0,1.3467753774655815,0.5,1.4287712914079211,-0.4470972760631546,0.8549549402850957,1.7452102492147288,1.7127786279680821,2.3149363524274853,0.17548961352131986,1.2761964829164133e-06,2.6136503970128144,0.9999999975382482
550.0,1.3467753774655815,1.0,2.401051096379871,-0.2216585890219966,1.1320502489855997,3.1609967283689073,1.7127786279680821,4.629872704854971,0.17548961352131986,1.2761964829164133e-06,2.6136503970128144,1.0000000013718044
550.0,1.3467753774655815,1.5,3.8214254121688422,-0.019834604025997803,2.276416600441307,3.1895022907615256,1.7127786279680821,6.944809057282457,0.17548961352131986,1.2761964829164133e-06,2.6136503970128144,0.9999999989570355
550.0,1.3467753774655815,2.0,5.202444607517069,0.11414747347540508,3.277057471835487,4.584682290537575,1.7127786279680821,9.259745409709941,0.17548961352131986,1.2761964829164133e-06,2.6136503970128144,1.0000000001777898
550.0,1.3467753774655815,2.5,6.654029752643336,0.221024747101435,4.189483333391757,5.985856420370995,1.7127786279680821,11.574681762137427,0.17548961352131986,1.2761964829164133e-06,2.6136503970128144,1.0000000004781477
550.0,1.3467753774655815,3.0,8.298771606171947,0.31695382103092,5.0944640143709945,7.3883273182767635,1.7127786279680821,13.889618114564914,0.17548961352131986,1.2761964829164133e-06,2.6136503970128144,0.9999999999487031
550.0,1.3467753774655815,3.5,9.744501460662475,0.38669963371400806,5.662580582264382,1.7147419537011364,1.7127786279680821,16.2045544669924,0.17548961352131986,1.2761964829164133e-06,2.6136503970128144,0.9999999997166684
550.0,1.3467753774655815,4.0,11.446909571593112,0.45662826066107265,6.658735798012789,8.809520442365724,1.7127786279680821,18.519490819419882,0.17548961352131986,1.2761964829164133e-06,2.6136503970128144,1.000000000237517
550.0,1.3467753774655815,4.5,12.98380503301341,0.5113419941006444,7.464821626184847,10.206885269712362,1.7127786279680821,20.83442717184737,0.17548961352131986,1.2761964829164133e-06,2.6136503970128144,0.9999999996907306
550.0,1.3467753774655815,5.0,14.657474700351994,0.5639991619121572,8.400625672085136,11.607234538675193,1.7127786279680821,23.149363524274854,0.17548961352131986,1.2761964829164133e-06,2.6136503970128144,1.0000000001116611
550.0,1.3467753774655815,5.5,16.334250511581438,0.6110392205687717,9.298482270928028,11.637901657961274,1.7127786279680821,25.46429987670234,0.17548961352131986,1.2761964829164133e-06,2.6136503970128144,1.0000000002026086
550.0,1.3467753774655815,6.0,17.913243356902182,0.6511142346372236,10.029588434072965,1.7147351718928592,1.7127786279680821,27.77923622912983,0.17548961352131986,1.2761964829164133e-06,2.6136503970128144,0.9999999998072393
600.0,1.3467753774655815,0.0,1.3578335702096447,-0.46921344963756617,0.7414713132957765,1.897163178909834,1.8684857759651803,0.0,0.1914432147505308,1.3922143449997237e-06,2.851254978559434,1.00000000028744
600.0,1.3467753774655815,0.5,1.5256490444654591,-0.4186053499643998,0.7761716642598648,1.9025343172460893,1.8684857759651803,2.3149363524274853,0.1914432147505308,1.3922143449997237e-06,2.851254978559434,1.0000000027702811
600.0,1.3467753774655815,1.0,2.2866553367708344,-0.24285928217327715,0.9579283722712116,1.978551748120915,1.8684857759651803,4.629872704854971,0.1914432147505308,1.3922143449997237e-06,2.851254978559434,1.0000000002963974
600.0,1.3467753774655815,1.5,3.8544054773364222,-0.016102591515305503,1.8362130110390327,3.465287239406307,1.8684857759651803,6.944809057282457,0.1914432147505308,1.3922143449997237e-06,2.851254978559434,1.0000000016114379
600.0,1.3467753774655815,2.0,5.008176559189805,0.097619639842906,2.762443026131112,4.9930983937154485,1.8684857759651803,9.259745409709941,0.1914432147505308,1.3922143449997237e-06,2.851254978559434,0.9999999996800931
600.0,1.3467753774655815,2.5,6.68898815531979,0.22330043558837112,3.4345792803549973,5.041160981095678,1.8684857759651803,11.574681762137427,0.1914432147505308,1.3922143449997237e-06,2.851254978559434,1.000000000230897
600.0,1.3467753774655815,3.0,8.029892796388843,0.3026497559124182,4.311541257404282,6.544719740049278,1.8684857759651803,13.889618114564914,0.1914432147505308,1.3922143449997237e-06,2.851254978559434,1.0000000007857115
600.0,1.3467753774655815,3.5,9.722770489226162,0.3857300428103085,4.868573503277025,1.861985763750424,1.8684857759651803,16.2045544669924,0.1914432147505308,1.3922143449997237e-06,2.851254978559434,1.0000000000926614
600.0,1.3467753774655815,4.0,11.22480591279145,0.44811884906166016,5.47422698707975,1.8742090310308404,1.8684857759651803,18.519490819419882,0.1914432147505308,1.3922143449997237e-06,2.851254978559434,0.9999999995999158
600.0,1.3467753774655815,4.5,12.876927144580412,0.507752247210561,6.318277839287445,9.621190374135447,1.8684857759651803,20.83442717184737,0.1914432147505308,1.3922143449997237e-06,2.851254978559434,0.9999999998191995
600.0,1.3467753774655815,5.0,14.48104245677074,0.5587398355143228,6.957593810718058,11.139072237386399,1.8684857759651803,23.149363524274854,0.1914432147505308,1.3922143449997237e-06,2.851254978559434,0.999999999746859
600.0,1.3467753774655815,5.5,16.122865131645362,0.6053822297823089,7.778865606543905,12.663926700701973,1.8684857759651803,25.46429987670234,0.1914432147505308,1.3922143449997237e-06,2.851254978559434,1.0000000001576306
600.0,1.3467753774655815,6.0,17.819182376270664,0.6488277814581717,8.523608748350693,12.695892717775939,1.8684857759651803,27.77923622912983,0.1914432147505308,1.3922143449997237e-06,2.851254978559434,1.0000000002026086
650.0,1.3467753774655815,0.0,1.4709863677271147,-0.43445134337835434,0.6844350584268707,2.055260110485653,2.0241929239622785,0.0,0.20739681597974166,1.5082322070830339e-06,3.0888595601060533,1.00000000028744
650.0,1.3467753774655815,0.5,1.6243587063520617,-0.39137805079030347,0.7112588450340435,2.0600457497938023,2.0241929239622785,2.3149363524274853,0.20739681597974166,1.5082322070830339e-06,3.0888595601060533,0.9999999978708909
650.0,1.3467753774655815,1.0,2.226610948188159,-0.25441565117560627,0.8368651747262879,2.103626112984253,2.0241929239622785,4.629872704854971,0.20739681597974166,1.5082322070830339e-06,3.0888595601060533,0.9999999983746222
650.0,1.3467753774655815,1.5,3.895747081310569,-0.011469237360771972,1.4714709726749127,3.7464811008676695,2.0241929239622785,6.944809057282457,0.20739681597974166,1.5082322070830339e-06,3.0888595601060533,0.9999999987717775
650.0,1.3467753774655815,2.0,5.002124034058993,0.097094465086819,2.3057929194047504,5.404091690893805,2.0241929239622785,9.259745409709941,0.20739681597974166,1.5082322070830339e-06,3.0888595601060533,0.9999999999758027
650.0,1.3467753774655815,2.5,6.667782811374839,0.2219214538535572,2.910180754096884,5.428406372321265,2.0241929239622785,11.574681762137427,0.20739681597974166,1.5082322070830339e-06,3.0888595601060533,0.9999999993867665
650.0,1.3467753774655815,3.0,7.9870110585204666,0.3003242944130219,3.6164455173119316,7.075960129540868,2.0241929239622785,13.889618114564914,0.20739681597974166,1.5082322070830339e-06,3.0888595601060533,0.999999999766513
650.0,1.3467753774655815,3.5,9.646436188687641,0.38230690445582427,4.268346329645926,8.730460395210935,2.0241929239622785,16.2045544669924,0.20739681597974166,1.5082322070830339e-06,3.0888595601060533,1.0000000002452452
650.0,1.3467753774655815,4.0,11.101797533526344,0.4433333113945885,4.650096654730245,2.023939761045247,2.0241929239622785,18.519490819419882,0.20739681597974166,1.5082322070830339e-06,3.0888595601060533,1.0000000006165766
650.0,1.3467753774655815,4.5,12.762250637164566,0.5038672781284989,5.296598567699405,2.037809928480443,2.0241929239622785,20.83442717184737,0.20739681597974166,1.5082322070830339e-06,3.0888595601060533,1.0000000002512048
650.0,1.3467753774655815,5.0,14.313473312977267,0.5536850412875615,5.983616501778514,10.438392108691597,2.0241929239622785,23.149363524274854,0.20739681597974166,1.5082322070830339e-06,3.0888595601060533,1.0000000003710847
650.0,1.3467753774655815,5.5,15.990636653061099,0.6018057638133347,6.52124462780306,12.072127967987356,2.0241929239622785,25.46429987670234,0.20739681597974166,1.5082322070830339e-06,3.0888595601060533,0.9999999998627322
650.0,1.3467753774655815,6.0,17.584802304650868,0.6430774988409587,7.240779264919937,13.720725182291647,2.0241929239622785,27.77923622912983,0.20739681597974166,1.5082322070830339e-06,3.0888595601060533,0.9999999999658657
700.0,1.3467753774655815,0.0,1.584139165244585,-0.4022666600069531,0.6355468399678085,2.2133570420614728,2.1799000719593775,0.0,0.22335041720895257,1.6242500691663442e-06,3.326464141652673,1.00000000028744
700.0,1.3467753774655815,0.5,1.7254414659288833,-0.3651597605056015,0.6567328936451052,2.217681621765147,2.1799000719593775,2.3149363524274853,0.22335041720895257,1.6242500691663442e-06,3.326464141652673,1.0000000004465908
700.0,1.3467753774655815,1.0,2.20797743433619,-0.25806536076416703,0.7471551229242063,2.248392869559932,2.1799000719593775,4.629872704854971,0.22335041720895257,1.6242500691663442e-06,3.326464141652673,1.000000003777428
700.0,1.3467753774655815,1.5,3.88260154738454,-0.012937168036953588,1.1625130114292677,4.029758452964191,2.1799000719593775,6.944809057282457,0.22335041720895257,1.6242500691663442e-06,3.326464141652673,1.00000000179042
700.0,1.3467753774655815,2.0,5.057710040898667,0.10189393624124986,1.918069425491804,4.076384742068666,2.1799000719593775,9.259745409709941,0.22335041720895257,1.6242500691663442e-06,3.326464141652673,0.999999999465143
700.0,1.3467753774655815,2.5,6.447755362452921,0.207348559995083,2.536220998931633,5.832515989559523,2.1799000719593775,11.574681762137427,0.22335041720895257,1.6242500691663442e-06,3.326464141652673,1.0000000008317227
700.0,1.3467753774655815,3.0,8.010240088948958,0.30158554195266274,3.0510230571174666,7.612607037494373,2.1799000719593775,13.889618114564914,0.22335041720895257,1.6242500691663442e-06,3.326464141652673,0.9999999999255713
700.0,1.3467753774655815,3.5,9.36820826245365,0.3695965455430314,3.695606792060813,7.635506363390823,2.1799000719593775,16.2045544669924,0.22335041720895257,1.6242500691663442e-06,3.326464141652673,1.0000000007857115
700.0,1.3467753774655815,4.0,11.119266567078945,0.4440161505605853,4.125166665978158,9.409071287600758,2.1799000719593775,18.519490819419882,0.22335041720895257,1.6242500691663442e-06,3.326464141652673,1.0000000007969754
700.0,1.3467753774655815,4.5,12.544625662828306,0.4963977149768214,4.4968936748330375,2.183201499918681,2.1799000719593775,20.83442717184737,0.22335041720895257,1.6242500691663442e-06,3.326464141652673,1.0000000000920326
700.0,1.3467753774655815,5.0,14.281533248951805,0.5527148439702979,5.1189494473170765,11.20685557272084,2.1799000719593775,23.149363524274854,0.22335041720895257,1.6242500691663442e-06,3.326464141652673,0.999999999545385
700.0,1.3467753774655815,5.5,15.768331143206504,0.5957257404506043,5.665917777500249,12.982527822493024,2.1799000719593775,25.46429987670234,0.22335041720895257,1.6242500691663442e-06,3.326464141652673,1.000000000344235
700.0,1.3467753774655815,6.0,17.502508978093577,0.6410403177719387,6.141687488354224,13.006115326586595,2.1799000719593775,27.77923622912983,0.22335041720895257,1.6242500691663442e-06,3.326464141652673,1.0000000004253973
700.0,1.3722499772271814,0.0,1.5547310312522464,-0.41040472449024357,0.6475683705428603,2.1722680380813326,2.1394321668582545,0.0,0.2192041154567883,1.5940973119344791e-06,3.2647112948418133,1.00000000028744
700.0,1.3722499772271814,0.5,1.7047770196957683,-0.37039240884904956,0.6709899697087764,2.1769032466067224,2.1394321668582545,2.358723963961225,0.2192041154567883,1.5940973119344791e-06,3.2647112948418133,1.0000000051665603
700.0,1.3722499772271814,1.0,2.246912583778383,-0.25047381482390707,0.7753299734420748,2.2137738046530817,2.1394321668582545,4.71744792792245,0.2192041154567883,1.5940973119344791e-06,3.2647112948418133,1.0000000019995974
700.0,1.3722499772271814,1.5,3.9792923787020924,-0.0022541412009366643,1.286256702787542,2.0776863155615524,2.1394321668582545,7.076171891883676,0.2192041154567883,1.5940973119344791e-06,3.2647112948418133,0.9999999995456461
700.0,1.3722499772271814,2.0,5.121672480034028,0.10735181149210704,2.0679178551952098,4.024868269932747,2.1394321668582545,9.4348958558449,0.2192041154567883,1.5940973119344791e-06,3.2647112948418133,1.0000000007941885
700.0,1.3722499772271814,2.5,6.6904797756136185,0.2233972708988233,2.666366138621087,5.729849590762227,2.1394321668582545,11.793619819806125,0.2192041154567883,1.5940973119344791e-06,3.2647112948418133,0.9999999993508084
700.0,1.3722499772271814,3.0,8.146125102848128,0.30889108408312826,3.26261432275892,7.474636052311208,2.1394321668582545,14.152343783767352,0.2192041154567883,1.5940973119344791e-06,3.2647112948418133,1.0000000010232022
700.0,1.3722499772271814,3.5,9.681696604805156,0.3838914777098706,3.9111149316786253,7.506799258944202,2.1394321668582545,16.511067747728575,0.2192041154567883,1.5940973119344791e-06,3.2647112948418133,0.9999999997923436
700.0,1.3722499772271814,4.0,11.309185078138848,0.45137132015642406,4.293092874054171,2.1350158970937563,2.1394321668582545,18.8697917116898,0.2192041154567883,1.5940973119344791e-06,3.2647112948418133,0.9999999999382081
700.0,1.3722499772271814,4.5,12.871384906488984,0.5075652863369395,4.787355699655993,2.1461138610273935,2.1394321668582545,21.22851567565102,0.2192041154567883,1.5940973119344791e-06,3.2647112948418133,1.0000000004372973
700.0,1.3722499772271814,5.0,14.586200833549034,0.5618821976262666,5.450864102717976,11.011122359974639,2.1394321668582545,23.58723963961225,0.2192041154567883,1.5940973119344791e-06,3.2647112948418133,0.9999999998545321
700.0,1.3722499772271814,5.5,16.157755395887214,0.6063210379517496,5.960657659381783,12.748712727647032,2.1394321668582545,25.945963603573478,0.2192041154567883,1.5940973119344791e-06,3.2647112948418133,1.0000000005785337
700.0,1.3722499772271814,6.0,17.915435180825444,0.6511673706765762,6.5468183316162065,14.494809600449294,2.1394321668582545,28.304687567534703,0.2192041154567883,1.5940973119344791e-06,3.2647112948418133,0.9999999996083004
400.0,1.4885842809008711,0.0,0.8189870256894154,-0.6887829695628127,1.2293169598052278,1.1442875351085533,1.1269905544936814,0.0,0.1154703436981231,8.397240358090555e-07,1.7197548253369457,1.00000000028744
400.0,1.4885842809008711,0.5,1.2279707848504617,-0.5128719568755526,1.4964351755214018,1.1700428331920898,1.1269905544936814,2.5586879023540954,0.1154703436981231,8.397240358090555e-07,1.7197548253369457,1.0000000016121182
400.0,1.4885842809008711,1.0,2.76576998080783,-0.16024393277078602,4.0982500295169295,3.0085726290556862,1.1269905544936814,5.117375804708191,0.1154703436981231,8.397240358090555e-07,1.7197548253369457,0.9999999997374283
400.0,1.4885842809008711,1.5,4.412958305871255,0.04266983287527313,6.432890123156331,3.9391237612341987,1.1269905544936814,7.676063707062287,0.1154703436981231,8.397240358090555e-07,1.7197548253369457,0.9999999993812403
400.0,1.4885842809008711,2.0,6.134115183602836,0.1856919353777567,8.305603365423938,1.1264868018533676,1.1269905544936814,10.234751609416382,0.1154703436981231,8.397240358090555e-07,1.7197548253369457,1.0000000000574762
400.0,1.4885842809008711,2.5,7.905823863448836,0.2958871429916183,10.668399358054469,5.808713902797247,1.1269905544936814,12.793439511770478,0.1154703436981231,8.397240358090555e-07,1.7197548253369457,0.9999999993675933
400.0,1.4885842809008711,3.0,9.7204193585513,0.38562501034482344,12.889951562663208,7.638287897461579,1.1269905544936814,15.352127414124574,0.1154703436981231,8.397240358090555e-07,1.7197548253369457,0.9999999998094382
400.0,1.4885842809008711,3.5,11.540748955004739,0.46017400262789987,14.924161350784122,1.127355399637012,1.1269905544936814,17.91081531647867,0.1154703436981231,8.397240358090555e-07,1.7197548253369457,0.9999999996402932
400.0,1.4885842809008711,4.0,13.401289375057361,0.5250865937184568,17.27973290969648,10.409262901155008,1.1269905544936814,20.469503218832763,0.1154703436981231,8.397240358090555e-07,1.7197548253369457,0.9999999999415334
400.0,1.4885842809008711,4.5,15.269867966667201,0.5817752905486443,19.416889691315095,11.338880770425344,1.1269905544936814,23.02819112118686,0.1154703436981231,8.397240358090555e-07,1.7197548253369457,0.9999999999744377
400.0,1.4885842809008711,5.0,17.143309983931395,0.632034686759369,21.4309878208807,1.127962957585289,1.1269905544936814,25.586879023540956,0.1154703436981231,8.397240358090555e-07,1.7197548253369457,0.9999999993253158
400.0,1.4885842809008711,5.5,19.030384573755963,0.6773875734473661,23.790996143416912,14.107518115147998,1.1269905544936814,28.145566925895046,0.1154703436981231,8.397240358090555e-07,1.7197548253369457,0.9999999995709662
400.0,1.4885842809008711,6.0,20.92686371497784,0.7186441546724666,26.010992106867658,15.039242738533133,1.1269905544936814,30.704254828249148,0.1154703436981231,8.397240358090555e-07,1.7197548253369457,1.0000000000202884
450.0,1.4885842809008711,0.0,0.9213604039005922,-0.6376304471154315,1.092726186493536,1.2873234769971222,1.2678643738053916,0.0,0.12990413666038847,9.446895402851873e-07,1.9347241785040636,1.00000000028744
450.0,1.4885842809008711,0.5,1.2442779633246601,-0.507142581669883,1.259509996815353,1.3035557778401994,1.2678643738053916,2.5586879023540954,0.12990413666038847,9.446895402851873e-07,1.9347241785040636,1.0000000027156064
450.0,1.4885842809008711,1.0,2.81738089311017,-0.1522144263466073,3.0538979500729604,2.3602741471266264,1.2678643738053916,5.117375804708191,0.12990413666038847,9.446895402851873e-07,1.9347241785040636,0.9999999993451236
450.0,1.4885842809008711,1.5,4.439799005530811,0.04530331825406603,4.925208956974982,3.4121772949874383,1.2678643738053916,7.676063707062287,0.12990413666038847,9.446895402851873e-07,1.9347241785040636,1.0000000001658254
450.0,1.4885842809008711,2.0,6.107476260287015,0.1838017962215007,6.858794908815082,5.468849982370115,1.2678643738053916,10.234751609416382,0.12990413666038847,9.446895402851873e-07,1.9347241785040636,0.9999999994969659
450.0,1.4885842809008711,2.5,7.798316131685381,0.28994084550805554,8.246556265583077,1.273247273589288,1.2678643738053916,12.793439511770478,0.12990413666038847,9.446895402851873e-07,1.9347241785040636,0.9999999993418787
450.0,1.4885842809008711,3.0,9.55699569687674,0.37826139913584184,10.04478705979475,7.554894849266386,1.2678643738053916,15.352127414124574,0.12990413666038847,9.446895402851873e-07,1.9347241785040636,1.0000000003026495
450.0,1.4885842809008711,3.5,11.351890818276926,0.4530082141263987,11.942283220291392,8.598823364725163,1.2678643738053916,17.91081531647867,0.12990413666038847,9.446895402851873e-07,1.9347241785040636,0.9999999995222489
450.0,1.4885842809008711,4.0,13.19603324418019,0.5183834096455125,13.480634455379413,1.269092314919884,1.2678643738053916,20.469503218832763,0.12990413666038847,9.446895402851873e-07,1.9347241785040636,0.9999999999870108
450.0,1.4885842809008711,4.5,15.076450546939528,0.576239116165838,15.359762586396876,11.710420763799382,1.2678643738053916,23.02819112118686,0.12990413666038847,9.446895402851873e-07,1.9347241785040636,0.9999999999415334
450.0,1.4885842809008711,5.0,16.954139782095396,0.6272157681434661,17.020938620644,12.753965220641957,1.2678643738053916,25.586879023540956,0.12990413666038847,9.446895402851873e-07,1.9347241785040636,0.9999999999855232
450.0,1.4885842809008711,5.5,18.845795852285104,0.6731544909701428,18.622754198905383,1.2673179256353837,1.2678643738053916,28.145566925895046,0.12990413666038847,9.446895402851873e-07,1.9347241785040636,0.9999999995446461
450.0,1.4885842809008711,6.0,20.742025634423747,0.7147911753294496,20.531221982310672,14.842068292781823,1.2678643738053916,30.704254828249148,0.12990413666038847,9.446895402851873e-07,1.9347241785040636,0.9999999998061565
500.0,1.4885842809008711,0.0,1.0237337821117691,-0.5918729565547564,0.9834535678441824,1.4303594188856916,1.4087381931171017,0.0,0.14433792962265388,1.0496550447613194e-06,2.1496935316711823,1.00000000028744
500.0,1.4885842809008711,0.5,1.3074258729570367,-0.4856429162577311,1.0973373524973375,1.442458341049912,1.4087381931171017,2.5586879023540954,0.14433792962265388,1.0496550447613194e-06,2.1496935316711823,1.0000000002172766
500.0,1.4885842809008711,1.0,2.8491885302468845,-0.14733880395688842,2.350726988306958,2.6108488207395375,1.4087381931171017,5.117375804708191,0.14433792962265388,1.0496550447613194e-06,2.1496935316711823,1.0000000001413947
500.0,1.4885842809008711,1.5,4.327894114046822,0.034216635482262094,4.010446594233006,3.771631524753137,1.4087381931171017,7.676063707062287,0.14433792962265388,1.0496550447613194e-06,2.1496935316711823,1.000000000623741
500.0,1.4885842809008711,2.0,5.903783941078404,0.16907046403946416,5.575229071550361,4.930741745485312,1.4087381931171017,10.234751609416382,0.14433792962265388,1.0496550447613194e-06,2.1496935316711823,1.000000000321279
500.0,1.4885842809008711,2.5,7.667643979503544,0.2826019483858131,6.6444826923391505,1.4081085023167095,1.4087381931171017,12.793439511770478,0.14433792962265388,1.0496550447613194e-06,2.1496935316711823,1.0000000000574762
500.0,1.4885842809008711,3.0,9.494662782486008,0.3754195533842287,8.17030808430923,7.24746194279139,1.4087381931171017,15.352127414124574,0.14433792962265388,1.0496550447613194e-06,2.1496935316711823,1.000000000926491
500.0,1.4885842809008711,3.5,11.277615268681895,0.45015728339515726,9.479217655410848,8.404399312309806,1.4087381931171017,17.91081531647867,0.14433792962265388,1.0496550447613194e-06,2.1496935316711823,1.0000000005911296
500.0,1.4885842809008711,4.0,13.05662034498836,0.5137707847329472,11.069453202832905,9.562005074539652,1.4087381931171017,20.469503218832763,0.14433792962265388,1.0496550447613194e-06,2.1496935316711823,1.0000000003117615
500.0,1.4885842809008711,4.5,14.8693710516135,0.5702326076855563,12.306689263874913,1.4107708162844286,1.4087381931171017,23.02819112118686,0.14433792962265388,1.0496550447613194e-06,2.1496935316711823,1.000000000183577
500.0,1.4885842809008711,5.0,16.7516117188217,0.6219966067265131,13.823786327757185,13.011578626443761,1.4087381931171017,25.586879023540956,0.14433792962265388,1.0496550447613194e-06,2.1496935316711823,0.9999999999415334
500.0,1.4885842809008711,5.5,18.6477049599333,0.6685653979229449,15.1404482224606,14.169298325052118,1.4087381931171017,28.145566925895046,0.14433792962265388,1.0496550447613194e-06,2.1496935316711823,0.9999999997882185
500.0,1.4885842809008711,6.0,20.550322070601784,0.7107586413264158,16.50459070216011,3.7412408410211206,1.4087381931171017,30.704254828249148,0.14433792962265388,1.0496550447613194e-06,2.1496935316711823,1.000000000358171
550.0,1.4885842809008711,0.0,1.1261071603229458,-0.5504802713965313,0.8940486980401658,1.5733953607742606,1.5496120124288117,0.0,0.15877172258491923,1.1546205492374511e-06,2.3646628848383,1.00000000028744
550.0,1.4885842809008711,0.5,1.3798253464242114,-0.4622358729589669,0.9756849452663897,1.583156096000689,1.5496120124288117,2.5586879023540954,0.15877172258491923,1.1546205492374511e-06,2.3646628848383,0.9999999946874674
550.0,1.4885842809008711,1.0,2.8779261596386156,-0.1429803444907136,1.769715986406795,1.5054180232388406,1.5496120124288117,5.117375804708191,0.15877172258491923,1.1546205492374511e-06,2.3646628848383,1.000000002439821
550.0,1.4885842809008711,1.5,4.150899050589403,0.01608218018472159,3.329224784528827,4.140955037696382,1.5496120124288117,7.676063707062287,0.15877172258491923,1.1546205492374511e-06,2.3646628848383,0.9999999997868031
550.0,1.4885842809008711,2.0,5.891657000928796,0.16817746392681757,4.495505636375884,5.4138409793088496,1.5496120124288117,10.234751609416382,0.15877172258491923,1.1546205492374511e-06,2.3646628848383,0.9999999994886619
550.0,1.4885842809008711,2.5,7.670640859550137,0.2827716581672366,5.701652991876239,6.685894659577394,1.5496120124288117,12.793439511770478,0.15877172258491923,1.1546205492374511e-06,2.3646628848383,1.0000000001633105
550.0,1.4885842809008711,3.0,9.30369863662422,0.36659564304818504,6.5971460820677965,1.5543216593086642,1.5496120124288117,15.352127414124574,0.15877172258491923,1.1546205492374511e-06,2.3646628848383,1.0000000006364396
550.0,1.4885842809008711,3.5,11.083284532402148,0.4426084913489315,7.894871224862649,9.227639695029938,1.5496120124288117,17.91081531647867,0.15877172258491923,1.1546205492374511e-06,2.3646628848383,0.9999999994574189
550.0,1.4885842809008711,4.0,12.956079717387246,0.5104136201863797,9.020666147320664,10.498555303683737,1.5496120124288117,20.469503218832763,0.15877172258491923,1.1546205492374511e-06,2.3646628848383,1.0000000002302927
550.0,1.4885842809008711,4.5,14.769934854714867,0.567318588459258,10.273663147829089,10.528954024713832,1.5496120124288117,23.02819112118686,0.15877172258491923,1.1546205492374511e-06,2.3646628848383,0.9999999997345127
550.0,1.4885842809008711,5.0,16.55077328930902,0.6167582984716429,11.324897379473178,1.5524912528282124,1.5496120124288117,25.586879023540956,0.15877172258491923,1.1546205492374511e-06,2.3646628848383,0.9999999998406005
550.0,1.4885842809008711,5.5,18.426772890703866,0.6633892918847382,12.567078479779264,14.312736489088133,1.5496120124288117,28.145566925895046,0.15877172258491923,1.1546205492374511e-06,2.3646628848383,0.9999999999415334
550.0,1.4885842809008711,6.0,20.345543052670926,0.7064092949788553,13.630655224936985,14.337416727957674,1.5496120124288117,30.704254828249148,0.15877172258491923,1.1546205492374511e-06,2.3646628848383,1.0000000000039448
600.0,1.4885842809008711,0.0,1.2284805385341229,-0.5126917105071315,0.819544639870152,1.71643130266283,1.6904858317405218,0.0,0.17320551554718464,1.2595860537135832e-06,2.579632238005418,1.00000000028744
600.0,1.4885842809008711,0.5,1.4585059387386847,-0.4381517895080653,0.8802673734994078,1.7246739102718212,1.6904858317405218,2.5586879023540954,0.17320551554718464,1.2595860537135832e-06,2.579632238005418,0.999999999421094
600.0,1.4885842809008711,1.0,2.8130070664615507,-0.15288916818465859,1.3512933509419072,3.123060900005321,1.6904858317405218,5.117375804708191,0.17320551554718464,1.2595860537135832e-06,2.579632238005418,1.0000000005213279
600.0,1.4885842809008711,1.5,4.148654971211744,0.015847326284895137,2.73216668634462,4.512858943583529,1.6904858317405218,7.676063707062287,0.17320551554718464,1.2595860537135832e-06,2.579632238005418,0.9999999997374283
600.0,1.4885842809008711,2.0,5.9197320073744155,0.17024205486236602,3.6939067177312364,4.549569726649918,1.6904858317405218,10.234751609416382,0.17320551554718464,1.2595860537135832e-06,2.579632238005418,1.0000000001658254
600.0,1.4885842809008711,2.5,7.444937879691034,0.26980108703693484,4.856175175558473,5.925535117620812,1.6904858317405218,12.793439511770478,0.17320551554718464,1.2595860537135832e-06,2.579632238005418,1.000000000172009
600.0,1.4885842809008711,3.0,9.201172775404252,0.36178319443343787,5.537068910282626,1.6897302027800511,1.6904858317405218,15.352127414124574,0.17320551554718464,1.2595860537135832e-06,2.579632238005418,1.0000000000574762
600.0,1.4885842809008711,3.5,11.044688556157393,0.44109348259164244,6.58226818298174,8.690319616952477,1.6904858317405218,17.91081531647867,0.17320551554718464,1.2595860537135832e-06,2.579632238005418,0.9999999996663846
600.0,1.4885842809008711,4.0,12.742660929168988,0.5032001357441418,7.533590294846062,10.073193132355183,1.6904858317405218,20.469503218832763,0.17320551554718464,1.2595860537135832e-06,2.579632238005418,1.0000000003026495
600.0,1.4885842809008711,4.5,14.580629037826949,0.5617162694005047,8.593301041775472,11.457431846192367,1.6904858317405218,23.02819112118686,0.17320551554718464,1.2595860537135832e-06,2.579632238005418,0.9999999998094382
600.0,1.4885842809008711,5.0,16.46427260719202,0.614482556980767,9.559764763889367,11.501543563697373,1.6904858317405218,25.586879023540956,0.17320551554718464,1.2595860537135832e-06,2.579632238005418,0.9999999994074292
600.0,1.4885842809008711,5.5,18.230851420495696,0.658746960299502,10.48685227293731,1.694314080122906,1.6904858317405218,28.145566925895046,0.17320551554718464,1.2595860537135832e-06,2.579632238005418,1.0000000000843356
600.0,1.4885842809008711,6.0,20.10193406258604,0.701177852774138,11.519821939797657,15.613894351732512,1.6904858317405218,30.704254828249148,0.17320551554718464,1.2595860537135832e-06,2.579632238005418,0.9999999999415334
650.0,1.4885842809008711,0.0,1.3308539167452995,-0.47792960424791964,0.7565027444955251,1.8594672445513987,1.8313596510522316,0.0,0.18763930850945,1.364551558189715e-06,2.794601591172536,1.00000000028744
650.0,1.4885842809008711,0.5,1.541659360773032,-0.4140715670807739,0.8030043005214776,1.8666368540757117,1.8313596510522316,2.5586879023540954,0.18763930850945,1.364551558189715e-06,2.794601591172536,0.9999999968823984
650.0,1.4885842809008711,1.0,2.705976885868416,-0.16973590874214312,1.1027566152050843,3.3807230920342457,1.8313596510522316,5.117375804708191,0.18763930850945,1.364551558189715e-06,2.794601591172536,0.9999999980900226
650.0,1.4885842809008711,1.5,4.202281628218736,0.021425163234781032,2.2363486907371852,3.41964756227422,1.8313596510522316,7.676063707062287,0.18763930850945,1.364551558189715e-06,2.794601591172536,0.9999999984826947
650.0,1.4885842809008711,2.0,5.844886220518409,0.16471607005835456,3.1516512392277205,4.906940264354381,1.8313596510522316,10.234751609416382,0.18763930850945,1.364551558189715e-06,2.794601591172536,1.0000000011135064
650.0,1.4885842809008711,2.5,7.361055836771585,0.264880120726434,4.090749231453243,6.403999597098946,1.8313596510522316,12.793439511770478,0.18763930850945,1.364551558189715e-06,2.794601591172536,0.9999999995178217
650.0,1.4885842809008711,3.0,9.213681372225716,0.36237319806505774,4.871451830220718,7.90311173838265,1.8313596510522316,15.352127414124574,0.18763930850945,1.364551558189715e-06,2.794601591172536,1.000000000219925
650.0,1.4885842809008711,3.5,10.81869943630114,0.43211506412034867,5.496574082257185,1.8357940076602852,1.8313596510522316,17.91081531647867,0.18763930850945,1.364551558189715e-06,2.794601591172536,1.0000000005069813
650.0,1.4885842809008711,4.0,12.64973579763646,0.5000214636046784,6.462814913389548,9.431080224427157,1.8313596510522316,20.469503218832763,0.18763930850945,1.364551558189715e-06,2.794601591172536,1.0000000007214398
650.0,1.4885842809008711,4.5,14.459183859188313,0.5580837888052367,7.204490701299136,10.92194502540164,1.8313596510522316,23.02819112118686,0.18763930850945,1.364551558189715e-06,2.794601591172536,0.9999999997847312
650.0,1.4885842809008711,5.0,16.196337790386934,0.6073568344969441,8.16781088853127,12.417588901542919,1.8313596510522316,25.586879023540956,0.18763930850945,1.364551558189715e-06,2.794601591172536,0.9999999992884908
650.0,1.4885842809008711,5.5,18.13649039798837,0.6564932589676536,8.929033189957968,1.8272846029087182,1.8313596510522316,28.145566925895046,0.18763930850945,1.364551558189715e-06,2.794601591172536,0.999999999791057
650.0,1.4885842809008711,6.0,19.914662838205935,0.6971129667311581,9.763294864164818,1.836296441881527,1.8313596510522316,30.704254828249148,0.18763930850945,1.364551558189715e-06,2.794601591172536,0.999999999886194
700.0,1.4885842809008711,0.0,1.4332272949564764,-0.4457449208765184,0.7024668341744161,2.002503186439968,1.9722334703639424,0.0,0.20207310147171537,1.4695170626658468e-06,3.009570944339654,1.00000000028744
700.0,1.4885842809008711,0.5,1.6281192221047232,-0.3903737875767436,0.7389286129941497,2.00886950610913,1.9722334703639424,2.5586879023540954,0.20207310147171537,1.4695170626658468e-06,3.009570944339654,1.000000002462458
700.0,1.4885842809008711,1.0,2.594888005250075,-0.18794137278568104,0.9433283490635425,3.6387886728017405,1.9722334703639424,5.117375804708191,0.20207310147171537,1.4695170626658468e-06,3.009570944339654,1.00000000018337
700.0,1.4885842809008711,1.5,4.24308435852636,0.025621674913860918,1.8625170477101947,3.664224972404874,1.9722334703639424,7.676063707062287,0.20207310147171537,1.4695170626658468e-06,3.009570944339654,1.0000000013947714
700.0,1.4885842809008711,2.0,5.636409004861679,0.14894250874270507,2.746100463291242,5.274375299972074,1.9722334703639424,10.234751609416382,0.20207310147171537,1.4695170626658468e-06,3.009570944339654,1.0000000004636478
700.0,1.4885842809008711,2.5,7.371260364533198,0.2654817601082531,3.4519953393158875,6.888786548022018,1.9722334703639424,12.793439511770478,0.20207310147171537,1.4695170626658468e-06,3.009570944339654,0.9999999991754017
700.0,1.4885842809008711,3.0,9.038075774233395,0.3540159867596618,4.276454746416726,6.923913759751709,1.9722334703639424,15.352127414124574,0.20207310147171537,1.4695170626658468e-06,3.009570944339654,1.0000000003488771
700.0,1.4885842809008711,3.5,10.734701571304958,0.42872998406405094,4.746059065956536,1.9713519032433926,1.9722334703639424,17.91081531647867,0.20207310147171537,1.4695170626658468e-06,3.009570944339654,1.0000000000574762
700.0,1.4885842809008711,4.0,12.563056192131725,0.4970353109650893,5.495989810268539,1.989683933289468,1.9722334703639424,20.469503218832763,0.20207310147171537,1.4695170626658468e-06,3.009570944339654,0.999999999758239
700.0,1.4885842809008711,4.5,14.259412293977835,0.5520416349773528,6.260052649020562,11.745691701689733,1.9722334703639424,23.02819112118686,0.20207310147171537,1.4695170626658468e-06,3.009570944339654,0.9999999993162522
700.0,1.4885842809008711,5.0,16.189206992561218,0.6071655845909705,6.931132548119011,11.775820467257784,1.9722334703639424,25.586879023540956,0.20207310147171537,1.4695170626658468e-06,3.009570944339654,1.0000000002833311
700.0,1.4885842809008711,5.5,17.870361510354243,0.6500733468723625,7.761007954585162,13.379317001812078,1.9722334703639424,28.145566925895046,0.20207310147171537,1.4695170626658468e-06,3.009570944339654,1.000000000194716
700.0,1.4885842809008711,6.0,19.80267525610213,0.6946638742102811,8.375985068633298,1.9705042491619926,1.9722334703639424,30.704254828249148,0.20207310147171537,1.4695170626658468e-06,3.009570944339654,1.0000000002495557
400.0,1.645324972836306,0.0,0.740966819826124,-0.732261230432378,1.3587580625765314,1.0352778118094395,1.0196286155257657,0.0,0.10447014503337763,7.597283336951837e-07,1.5559236274077362,1.00000000028744
400.0,1.645324972836306,0.5,1.4886185943705066,-0.4292765518554564,1.962052514337602,1.8821385678102545,1.0196286155257657,2.8281053061299146,0.10447014503337763,7.597283336951837e-07,1.5559236274077362,0.9999999981559209
400.0,1.645324972836306,1.0,3.218843635274863,-0.09436011125206849,5.624239351764701,2.7313175804331746,1.0196286155257657,5.656210612259829,0.10447014503337763,7.597283336951837e-07,1.5559236274077362,1.000000000057219
400.0,1.645324972836306,1.5,5.089882668881257,0.1046477798408713,8.709399972044535,4.3996949498306925,1.0196286155257657,8.484315918389745,0.10447014503337763,7.597283336951837e-07,1.5559236274077362,0.9999999987277681
400.0,1.645324972836306,2.0,6.99354287880003,0.24263725064258976,11.515565559430533,5.249102432888046,1.0196286155257657,11.312421224519658,0.10447014503337763,7.597283336951837e-07,1.5559236274077362,1.0000000003958007
400.0,1.645324972836306,2.5,8.948516615279297,0.34969105748604407,14.549967777323221,6.912651192034449,1.0196286155257657,14.140526530649572,0.10447014503337763,7.597283336951837e-07,1.5559236274077362,1.0000000002872682
400.0,1.645324972836306,3.0,10.990339343770701,0.43895111081817084,17.377061816423254,1.0219130134215142,1.0196286155257657,16.96863183677949,0.10447014503337763,7.597283336951837e-07,1.5559236274077362,0.999999999902738
400.0,1.645324972836306,3.5,13.08031373699456,0.5145581695266037,20.251035303036144,9.427818190134285,1.0196286155257657,19.796737142909404,0.10447014503337763,7.597283336951837e-07,1.5559236274077362,0.9999999998108008
400.0,1.645324972836306,4.0,15.149071835006122,0.5783260336368623,23.147360816099546,1.0191490543466613,1.0196286155257657,22.624842449039317,0.10447014503337763,7.597283336951837e-07,1.5559236274077362,1.0000000002255194
400.0,1.645324972836306,4.5,17.209002140588655,0.6336956972796622,26.28580686308612,12.763510006910035,1.0196286155257657,25.452947755169234,0.10447014503337763,7.597283336951837e-07,1.5559236274077362,1.0000000003028755
400.0,1.645324972836306,5.0,19.31953892731721,0.6839367661701812,29.245813759874896,13.611401010228896,1.0196286155257657,28.281053061299144,0.10447014503337763,7.597283336951837e-07,1.5559236274077362,1.000000000110579
400.0,1.645324972836306,5.5,21.44257276843416,0.7292169012645987,32.11383169540657,14.468294024836831,1.0196286155257657,31.10915836742906,0.10447014503337763,7.597283336951837e-07,1.5559236274077362,1.0000000000220035
400.0,1.645324972836306,6.0,23.526220644211087,0.7694921744713341,35.09124644013348,16.94716976626212,1.0196286155257657,33.93726367355898,0.10447014503337763,7.597283336951837e-07,1.5559236274077362,0.9999999997907331
450.0,1.645324972836306,0.0,0.8335876723043893,-0.6811087079849968,1.2077849445124724,1.164687538285619,1.1470821924664865,0.0,0.11752891316254982,8.546943754070817e-07,1.7504140808337032,1.00000000028744
450.0,1.645324972836306,0.5,1.394140324260292,-0.45775350236882534,1.5543397228365836,1.2123716574323766,1.1470821924664865,2.8281053061299146,0.11752891316254982,8.546943754070817e-07,1.7504140808337032,0.9999999996615725
450.0,1.645324972836306,1.0,3.053796828003353,-0.11721985166983379,4.474356533242641,3.065094664594408,1.1470821924664865,5.656210612259829,0.11752891316254982,8.546943754070817e-07,1.7504140808337032,0.9999999984508625
450.0,1.645324972836306,1.5,4.902440409372526,0.08835233206479684,6.984978286553856,4.01715847610131,1.1470821924664865,8.484315918389745,0.11752891316254982,8.546943754070817e-07,1.7504140808337032,0.9999999992892833
450.0,1.645324972836306,2.0,6.845343211497755,0.23333523632435255,8.863421744201865,1.150300988528695,1.1470821924664865,11.312421224519658,0.11752891316254982,8.546943754070817e-07,1.7504140808337032,1.000000000649878
450.0,1.645324972836306,2.5,8.836638552749564,0.3442270999723243,11.280240888130765,6.837608827283256,1.1470821924664865,14.140526530649572,0.11752891316254982,8.546943754070817e-07,1.7504140808337032,0.9999999994928613
450.0,1.645324972836306,3.0,10.870673513876174,0.43419646115745,13.824219235751125,7.791997138547734,1.1470821924664865,16.96863183677949,0.11752891316254982,8.546943754070817e-07,1.7504140808337032,1.0000000003843768
450.0,1.645324972836306,3.5,12.914634247688067,0.5090221198038987,16.130802128761975,3.9919890819586845,1.1470821924664865,19.796737142909404,0.11752891316254982,8.546943754070817e-07,1.7504140808337032,1.000000000079478
450.0,1.645324972836306,4.0,14.985015496539503,0.5735972050733619,18.316102669879434,10.611313109325495,1.1470821924664865,22.624842449039317,0.11752891316254982,8.546943754070817e-07,1.7504140808337032,1.000000000092118
450.0,1.645324972836306,4.5,17.042705814381883,0.6294785560842435,20.57543183653293,1.1465426861399937,1.1470821924664865,25.452947755169234,0.11752891316254982,8.546943754070817e-07,1.7504140808337032,1.0000000002255194
450.0,1.645324972836306,5.0,19.11521252553033,0.6793191395989908,23.103881497005343,13.43445748100835,1.1470821924664865,28.281053061299144,0.11752891316254982,8.546943754070817e-07,1.7504140808337032,1.000000000202531
450.0,1.645324972836306,5.5,21.196836870846987,0.7242110662031471,25.435241655212927,15.306216033371998,1.1470821924664865,31.10915836742906,0.11752891316254982,8.546943754070817e-07,1.7504140808337032,0.9999999998834477
450.0,1.645324972836306,6.0,23.291674940424986,0.7651407291186378,27.558820977211735,1.148620564131583,1.1470821924664865,33.93726367355898,0.11752891316254982,8.546943754070817e-07,1.7504140808337032,0.999999999902526
500.0,1.645324972836306,0.0,0.926208524782655,-0.6353512174243215,1.087006450061225,1.2940972647617992,1.274535769407207,0.0,0.13058768129172205,9.496604171189797e-07,1.9449045342596705,1.00000000028744
500.0,1.645324972836306,0.5,1.3491101577740454,-0.4720125791207014,1.3059614175213705,1.3196757643029389,1.274535769407207,2.8281053061299146,0.13058768129172205,9.496604171189797e-07,1.9449045342596705,1.000000000820234
500.0,1.645324972836306,1.0,3.067415341200189,-0.115287406027362,3.5042881136274135,2.4012452159361293,1.274535769407207,5.656210612259829,0.13058768129172205,9.496604171189797e-07,1.9449045342596705,0.9999999994215782
500.0,1.645324972836306,1.5,4.8818422563160375,0.08652375091455486,5.520953707451671,4.45328978535762,1.274535769407207,8.484315918389745,0.13058768129172205,9.496604171189797e-07,1.9449045342596705,0.9999999990534297
500.0,1.645324972836306,2.0,6.776502307261568,0.2289455992040413,7.233477724381479,1.2724323869269973,1.274535769407207,11.312421224519658,0.13058768129172205,9.496604171189797e-07,1.9449045342596705,0.999999999767673
500.0,1.645324972836306,2.5,8.741928598500037,0.33954726365064614,9.212452447544425,6.561378041110058,1.274535769407207,14.140526530649572,0.13058768129172205,9.496604171189797e-07,1.9449045342596705,1.0000000003958007
500.0,1.645324972836306,3.0,10.741175198292426,0.4289918090497197,11.078558522644228,8.63569177418582,1.274535769407207,16.96863183677949,0.13058768129172205,9.496604171189797e-07,1.9449045342596705,1.0000000000305054
500.0,1.645324972836306,3.5,12.766083876420131,0.5039977022004752,12.937127546232576,1.273178876111305,1.274535769407207,19.796737142909404,0.13058768129172205,9.496604171189797e-07,1.9449045342596705,1.0000000001419307
500.0,1.645324972836306,4.0,14.803270430897923,0.5682976817147494,14.95869852276016,10.740290911100821,1.274535769407207,22.624842449039317,0.13058768129172205,9.496604171189797e-07,1.9449045342596705,0.9999999998593331
500.0,1.645324972836306,4.5,16.863858299004793,0.6248969529979647,16.725873012880108,12.81940315379591,1.274535769407207,25.452947755169234,0.13058768129172205,9.496604171189797e-07,1.9449045342596705,1.0000000000414562
500.0,1.645324972836306,5.0,18.936339793757654,0.6752360466449188,18.517888652879638,1.2739363179333265,1.274535769407207,28.281053061299144,0.13058768129172205,9.496604171189797e-07,1.9449045342596705,1.0000000002255194
500.0,1.645324972836306,5.5,21.022501475865234,0.7206244003132665,20.592144364552055,14.922937075372483,1.274535769407207,31.10915836742906,0.13058768129172205,9.496604171189797e-07,1.9449045342596705,0.9999999997774596
500.0,1.645324972836306,6.0,23.114512091228185,0.7618247393112196,22.43688044674029,17.00262337790421,1.274535769407207,33.93726367355898,0.13058768129172205,9.496604171189797e-07,1.9449045342596705,0.9999999996338247
550.0,1.645324972836306,0.0,1.0188293772609203,-0.5939585322660966,0.9881876818738412,1.4235069912379787,1.4019893463479276,0.0,0.14364644942089422,1.0446264588308775e-06,2.139394987685637,1.00000000028744
550.0,1.645324972836306,0.5,1.3755476296727756,-0.46358435847362844,1.1388342181573825,1.4414232805320957,1.4019893463479276,2.8281053061299146,0.14364644942089422,1.0446264588308775e-06,2.139394987685637,0.999999998457125
550.0,1.645324972836306,1.0,3.114199613062976,-0.10871354492201234,2.759854336693229,2.609887961063187,1.4019893463479276,5.656210612259829,0.14364644942089422,1.0446264588308775e-06,2.139394987685637,1.0000000001187144
550.0,1.645324972836306,1.5,4.907327912371392,0.08878508759758995,4.451768748762886,3.772995980776176,1.4019893463479276,8.484315918389745,0.14364644942089422,1.0446264588308775e-06,2.139394987685637,0.9999999995902015
550.0,1.645324972836306,2.0,6.749723447570267,0.22722598777644687,6.200536645866803,6.047360193847019,1.4019893463479276,11.312421224519658,0.14364644942089422,1.0446264588308775e-06,2.139394987685637,1.0000000004802814
550.0,1.645324972836306,2.5,8.61839131126818,0.33336621767088515,7.453468390266056,1.4078900302001744,1.4019893463479276,14.140526530649572,0.14364644942089422,1.0446264588308775e-06,2.139394987685637,0.9999999996425107
550.0,1.645324972836306,3.0,10.56220040231016,0.42169441200552005,9.080361000545187,8.354046996917438,1.4019893463479276,16.96863183677949,0.14364644942089422,1.0446264588308775e-06,2.139394987685637,0.9999999996915309
550.0,1.645324972836306,3.5,12.546518104420658,0.4964632262942858,10.794546931648897,9.50837943308753,1.4019893463479276,19.796737142909404,0.14364644942089422,1.0446264588308775e-06,2.139394987685637,0.9999999992196907
550.0,1.645324972836306,4.0,14.58525218480722,0.5618539513189112,12.18505348788997,1.4033232836776544,1.4019893463479276,22.624842449039317,0.14364644942089422,1.0446264588308775e-06,2.139394987685637,0.9999999998970576
550.0,1.645324972836306,4.5,16.663539322023876,0.6197072593306125,13.885110579263023,12.949183804250072,1.4019893463479276,25.452947755169234,0.14364644942089422,1.0446264588308775e-06,2.139394987685637,0.9999999994611585
550.0,1.645324972836306,5.0,18.738836760394094,0.6706826366207129,15.384723878490256,14.103099995182959,1.4019893463479276,28.281053061299144,0.14364644942089422,1.0446264588308775e-06,2.139394987685637,0.9999999994872051
550.0,1.645324972836306,5.5,20.829973773133414,0.7166287318031437,16.834444229890583,1.401329949726659,1.4019893463479276,31.10915836742906,0.14364644942089422,1.0446264588308775e-06,2.139394987685637,1.0000000002255194
550.0,1.645324972836306,6.0,22.925696571033296,0.7582625487549971,18.55814136816741,16.412021728027636,1.4019893463479276,33.93726367355898,0.14364644942089422,1.0446264588308775e-06,2.139394987685637,1.0000000002424194
600.0,1.645324972836306,0.0,1.1114502297391857,-0.5561699713766969,0.9058387083843544,1.5529167177141587,1.5294429232886484,0.0,0.15670521755006642,1.1395925005427755e-06,2.333885441111604,1.00000000028744
600.0,1.645324972836306,0.5,1.4318372924074123,-0.44616632183684274,1.0156537971965742,1.5669042279483323,1.5294429232886484,2.8281053061299146,0.15670521755006642,1.1395925005427755e-06,2.333885441111604,1.0000000015752757
600.0,1.645324972836306,1.0,3.1402996547552275,-0.10508889987977359,2.2262351014506008,2.8360474249268828,1.5294429232886484,5.656210612259829,0.15670521755006642,1.1395925005427755e-06,2.333885441111604,1.0000000009846965
600.0,1.645324972836306,1.5,4.8282654529122935,0.08173114780361265,3.749492901176468,4.096976370649761,1.5294429232886484,8.484315918389745,0.15670521755006642,1.1395925005427755e-06,2.333885441111604,1.000000000057219
600.0,1.645324972836306,2.0,6.5365872124967,0.21329106867309675,5.2387337149153925,5.356211301468413,1.5294429232886484,11.312421224519658,0.15670521755006642,1.1395925005427755e-06,2.333885441111604,0.9999999992892833
600.0,1.645324972836306,2.5,8.480606466923751,0.32636691939816026,6.206735781081468,1.529896199793567,1.5294429232886484,14.140526530649572,0.15670521755006642,1.1395925005427755e-06,2.333885441111604,1.0000000001774711
600.0,1.645324972836306,3.0,10.490314318200042,0.4187285096982709,7.677043706287023,7.873653649332068,1.5294429232886484,16.96863183677949,0.15670521755006642,1.1395925005427755e-06,2.333885441111604,1.0000000003958007
600.0,1.645324972836306,3.5,12.522378159685287,0.4956268234529326,8.913111243679129,9.131008834172901,1.5294429232886484,19.796737142909404,0.15670521755006642,1.1395925005427755e-06,2.333885441111604,1.0000000003025586
600.0,1.645324972836306,4.0,14.494231351834898,0.5591351977657499,10.368164426813344,10.389329518063645,1.5294429232886484,22.624842449039317,0.15670521755006642,1.1395925005427755e-06,2.333885441111604,1.0000000003843768
600.0,1.645324972836306,4.5,16.48550901565605,0.615042369873852,11.584707877615504,1.5328695201322708,1.5294429232886484,25.452947755169234,0.15670521755006642,1.1395925005427755e-06,2.333885441111604,0.999999999902738
600.0,1.645324972836306,5.0,18.53570935960254,0.6659492197587461,12.91923422630144,14.129339978326454,1.5294429232886484,28.281053061299144,0.15670521755006642,1.1395925005427755e-06,2.333885441111604,1.0000000000767726
600.0,1.645324972836306,5.5,20.623057874561276,0.7122930692115728,14.23539227053314,15.386973659210161,1.5294429232886484,31.10915836742906,0.15670521755006642,1.1395925005427755e-06,2.333885441111604,0.9999999999080176
600.0,1.645324972836306,6.0,22.723607752509178,0.7544172926925434,15.431573877399698,1.5287235815199915,1.5294429232886484,33.93726367355898,0.15670521755006642,1.1395925005427755e-06,2.333885441111604,1.0000000002255194
650.0,1.645324972836306,0.0,1.2040710822174512,-0.5214078651174849,0.8361588077394041,1.6823264441903385,1.656896500229369,0.0,0.16976398567923862,1.2345585422546733e-06,2.5283758945375707,1.00000000028744
650.0,1.645324972836306,0.5,1.4954606307691982,-0.4272850069694849,0.9189964704716708,1.6939041647171247,1.656896500229369,2.8281053061299146,0.16976398567923862,1.2345585422546733e-06,2.5283758945375707,1.0000000059052083
650.0,1.645324972836306,1.0,3.174358054160526,-0.10040407956575406,1.778708752643457,3.066370519998234,1.656896500229369,5.656210612259829,0.16976398567923862,1.2345585422546733e-06,2.5283758945375707,1.0000000019886195
650.0,1.645324972836306,1.5,4.648198699229468,0.06522469348771573,3.2255514458525005,4.429979938697226,1.656896500229369,8.484315918389745,0.16976398567923862,1.2345585422546733e-06,2.5283758945375707,0.9999999987884403
650.0,1.645324972836306,2.0,6.503993183051218,0.21112008606666086,4.389282391415702,5.791511225611157,1.656896500229369,11.312421224519658,0.16976398567923862,1.2345585422546733e-06,2.5283758945375707,1.000000001285665
650.0,1.645324972836306,2.5,8.490534806125641,0.32687505533932826,5.441473946760427,7.152154863818343,1.656896500229369,14.140526530649572,0.16976398567923862,1.2345585422546733e-06,2.5283758945375707,0.9999999997865305
650.0,1.645324972836306,3.0,10.382133734343515,0.41422662748508166,6.4277114363774706,1.6666380687986884,1.656896500229369,16.96863183677949,0.16976398567923862,1.2345585422546733e-06,2.5283758945375707,0.9999999998832301
650.0,1.645324972836306,3.5,12.285994987276293,0.48735034246213516,7.59965440339286,9.870850874171905,1.656896500229369,19.796737142909404,0.16976398567923862,1.2345585422546733e-06,2.5283758945375707,0.9999999994768497
650.0,1.645324972836306,4.0,14.324184129748414,0.5540099036717553,8.792954557059977,11.230178698154484,1.656896500229369,22.624842449039317,0.16976398567923862,1.2345585422546733e-06,2.5283758945375707,1.0000000000183205
650.0,1.645324972836306,4.5,16.400843904645786,0.6128062038966596,9.865783533667665,1.6531043422135765,1.656896500229369,25.452947755169234,0.16976398567923862,1.2345585422546733e-06,2.5283758945375707,1.00000000005724
650.0,1.645324972836306,5.0,18.42760365804296,0.6634088715224887,11.028520465234891,1.6651746950090986,1.656896500229369,28.281053061299144,0.16976398567923862,1.2345585422546733e-06,2.5283758945375707,1.0000000003888936
650.0,1.645324972836306,5.5,20.419444292820295,0.7079839274295077,12.073236025997996,15.310034249784511,1.656896500229369,31.10915836742906,0.16976398567923862,1.2345585422546733e-06,2.5283758945375707,0.9999999997091374
650.0,1.645324972836306,6.0,22.505997011842876,0.7502382655444367,13.242134487032624,16.671007148176663,1.656896500229369,33.93726367355898,0.16976398567923862,1.2345585422546733e-06,2.5283758945375707,1.0000000000935696
700.0,1.645324972836306,0.0,1.2966919346957169,-0.48922318174608365,0.7764331786151609,1.8117361706665187,1.78435007717009,0.0,0.18282275380841084,1.3295245839665714e-06,2.722866347963538,1.00000000028744
700.0,1.645324972836306,0.5,1.5643681576864976,-0.4077210239109391,0.840637789630007,1.8216736113586869,1.78435007717009,2.8281053061299146,0.18282275380841084,1.3295245839665714e-06,2.722866347963538,1.0000000023909712
700.0,1.645324972836306,1.0,3.158085642685802,-0.1026360880617892,1.4046221387335813,3.298321188878811,1.78435007717009,5.656210612259829,0.18282275380841084,1.3295245839665714e-06,2.722866347963538,0.9999999989621429
700.0,1.645324972836306,1.5,4.579588753335795,0.05876648882089494,2.7528726852651593,4.765717696041463,1.78435007717009,8.484315918389745,0.18282275380841084,1.3295245839665714e-06,2.722866347963538,0.9999999995885374
700.0,1.645324972836306,2.0,6.526789152934051,0.21263959176845476,3.7035960753543433,6.230944869599118,1.78435007717009,11.312421224519658,0.18282275380841084,1.3295245839665714e-06,2.722866347963538,0.9999999995346295
700.0,1.645324972836306,2.5,8.389290259135397,0.32166522938402237,4.801983022869175,6.2732282243443,1.78435007717009,14.140526530649572,0.18282275380841084,1.3295245839665714e-06,2.722866347963538,1.0000000001586002
700.0,1.645324972836306,3.0,10.210350247132673,0.40698064868138273,5.464415276727268,1.7867265445866793,1.78435007717009,16.96863183677949,0.18282275380841084,1.3295245839665714e-06,2.722866347963538,1.000000000348817
700.0,1.645324972836306,3.5,12.23870003790005,0.48567529932888415,6.580323176817448,9.185929257554081,1.78435007717009,19.796737142909404,0.18282275380841084,1.3295245839665714e-06,2.722866347963538,1.0000000003958007
700.0,1.645324972836306,4.0,14.23566240098554,0.5513176888237686,7.461257173212033,10.644301251573248,1.78435007717009,22.624842449039317,0.18282275380841084,1.3295245839665714e-06,2.722866347963538,0.9999999997223336
700.0,1.645324972836306,4.5,16.15890273965554,0.6063518756123487,8.574062717385422,12.1046030387449,1.78435007717009,25.452947755169234,0.18282275380841084,1.3295245839665714e-06,2.722866347963538,1.000000000034724
700.0,1.645324972836306,5.0,18.225108047362646,0.6586101203799805,9.402154408391139,1.784702824171718,1.78435007717009,28.281053061299144,0.18282275380841084,1.3295245839665714e-06,2.722866347963538,0.9999999998386452
700.0,1.645324972836306,5.5,20.325233085299562,0.7059755433602335,10.48582905537337,6.212465519594337,1.78435007717009,31.10915836742906,0.18282275380841084,1.3295245839665714e-06,2.722866347963538,0.9999999998813717
700.0,1.645324972836306,6.0,22.33073754226382,0.7468430759103212,11.33744876171711,16.491295271242645,1.78435007717009,33.93726367355898,0.18282275380841084,1.3295245839665714e-06,2.722866347963538,0.9999999997113869
400.0,1.8185696980492723,0.0,0.670379152369441,-0.7757394913019432,1.5018286845316469,0.9366528208517665,0.9224944339183623,0.0,0.09451787232770106,6.873533642075085e-07,1.4076996898969774,1.00000000028744
400.0,1.8185696980492723,0.5,1.75537778347464,-0.3576893938184009,3.144648249212625,0.8894532562055811,0.9224944339183623,3.125891053458114,0.09451787232770106,6.873533642075085e-07,1.4076996898969774,0.9999999984308007
400.0,1.8185696980492723,1.0,3.5935600659638864,-0.04653508288971086,7.807495518398745,3.2240968611263425,0.9224944339183623,6.251782106916228,0.09451787232770106,6.873533642075085e-07,1.4076996898969774,1.0000000013168482
400.0,1.8185696980492723,1.5,5.72726280805444,0.15588712080040265,11.439238206701125,0.9270559948734511,0.9224944339183623,9.377673160374343,0.09451787232770106,6.873533642075085e-07,1.4076996898969774,0.9999999998833001
400.0,1.8185696980492723,2.0,7.917126913028082,0.2965076154894815,15.651542783534458,6.25184582961492,0.9224944339183623,12.503564213832457,0.09451787232770106,6.873533642075085e-07,1.4076996898969774,1.0000000000092004
400.0,1.8185696980492723,2.5,10.169633024760188,0.40524529018896394,19.632389721245865,0.925890770725522,0.9224944339183623,15.62945526729057,0.09451787232770106,6.873533642075085e-07,1.4076996898969774,0.999999999754732
400.0,1.8185696980492723,3.0,12.433051252933986,0.4925177326229461,23.58978078375399,9.280702717783216,0.9224944339183623,18.755346320748686,0.09451787232770106,6.873533642075085e-07,1.4076996898969774,0.9999999999772067
400.0,1.8185696980492723,3.5,14.753725016413886,0.5668416933815624,27.57533114752958,0.9263273201443436,0.9224944339183623,21.8812373742068,0.09451787232770106,6.873533642075085e-07,1.4076996898969774,0.9999999995820089
400.0,1.8185696980492723,4.0,17.038687105127057,0.629376136370005,31.613044278229204,12.309318730889663,0.9224944339183623,25.007128427664913,0.09451787232770106,6.873533642075085e-07,1.4076996898969774,0.9999999999925101
400.0,1.8185696980492723,4.5,19.390067216026488,0.6855193232432032,35.478152769791436,13.089608145184801,0.9224944339183623,28.13301948112303,0.09451787232770106,6.873533642075085e-07,1.4076996898969774,0.9999999999865875
400.0,1.8185696980492723,5.0,21.678855392879345,0.7339763571251421,39.54135763891187,15.336493438051917,0.9224944339183623,31.25891053458114,0.09451787232770106,6.873533642075085e-07,1.4076996898969774,0.9999999999666532
400.0,1.8185696980492723,5.5,24.028930226442974,0.7786744450150752,43.45375754341297,16.851276115686627,0.9224944339183623,34.38480158803926,0.09451787232770106,6.873533642075085e-07,1.4076996898969774,1.0000000000143694
400.0,1.8185696980492723,6.0,26.320555020132996,0.8182350516549762,47.414105725656405,18.364299072580184,0.9224944339183623,37.51069264149737,0.09451787232770106,6.873533642075085e-07,1.4076996898969774,0.9999999997092485
450.0,1.8185696980492723,0.0,0.754176546415621,-0.724586968854562,1.3349588306947975,1.053734423458237,1.0378062381581576,0.0,0.10633260636866368,7.73272534733447e-07,1.5836621511340994,1.00000000028744
450.0,1.8185696980492723,0.5,1.71462372912738,-0.36789116158044566,2.180210047943326,1.9171729880448667,1.0378062381581576,3.125891053458114,0.10633260636866368,7.73272534733447e-07,1.5836621511340994,0.9999999984733414
450.0,1.8185696980492723,1.0,3.6162522483729127,-0.043801274653078766,5.983077850208787,2.7918228090748287,1.0378062381581576,6.251782106916228,0.10633260636866368,7.73272534733447e-07,1.5836621511340994,0.9999999991649352
450.0,1.8185696980492723,1.5,5.619595016101085,0.1476450273354037,8.987023112673546,1.0371007956976008,1.0378062381581576,9.377673160374343,0.10633260636866368,7.73272534733447e-07,1.5836621511340994,0.999999999853831
450.0,1.8185696980492723,2.0,7.774642482472626,0.2886204357652188,12.219123567484726,6.18349562399333,1.0378062381581576,12.503564213832457,0.10633260636866368,7.73272534733447e-07,1.5836621511340994,1.0000000001884537
450.0,1.8185696980492723,2.5,10.051277162199272,0.4001612574190942,15.511030406517213,7.057841652349353,1.0378062381581576,15.62945526729057,0.10633260636866368,7.73272534733447e-07,1.5836621511340994,0.9999999999020948
450.0,1.8185696980492723,3.0,12.277427892998004,0.4870474008126749,18.684504572043917,8.75051170222124,1.0378062381581576,18.755346320748686,0.10633260636866368,7.73272534733447e-07,1.5836621511340994,0.9999999998815136
450.0,1.8185696980492723,3.5,14.550033981531856,0.5608040162877463,21.77712750171959,10.44812474786239,1.0378062381581576,21.8812373742068,0.10633260636866368,7.73272534733447e-07,1.5836621511340994,1.0000000002397242
450.0,1.8185696980492723,4.0,16.890308476716346,0.6255775900673397,24.9465500100055,12.14764448566199,1.0378062381581576,25.007128427664913,0.10633260636866368,7.73272534733447e-07,1.5836621511340994,1.0000000001712095
450.0,1.8185696980492723,4.5,19.168522993267935,0.6805286588173862,28.100483802870407,13.847983572250868,1.0378062381581576,28.13301948112303,0.10633260636866368,7.73272534733447e-07,1.5836621511340994,0.9999999999925101
450.0,1.8185696980492723,5.0,21.507858999135788,0.7305371893459124,31.100764819812916,1.0403495218892322,1.0378062381581576,31.25891053458114,0.10633260636866368,7.73272534733447e-07,1.5836621511340994,1.0000000000051936
450.0,1.8185696980492723,5.5,23.83626539847988,0.775178220986695,34.29462761950313,16.411786694545263,1.0378062381581576,34.38480158803926,0.10633260636866368,7.73272534733447e-07,1.5836621511340994,1.0000000000223042
450.0,1.8185696980492723,6.0,26.129672815227977,0.8150739803805851,37.33965816608825,1.0391727058378315,1.0378062381581576,37.51069264149737,0.10633260636866368,7.73272534733447e-07,1.5836621511340994,1.0000000000106426
500.0,1.8185696980492723,0.0,0.8379739404618013,-0.6788294782938867,1.2014629476253176,1.170816026064708,1.153118042397953,0.0,0.11814734040962634,8.591917052593856e-07,1.7596246123712216,1.00000000028744
500.0,1.8185696980492723,0.5,1.6235258983324632,-0.39160077048594877,1.6871012375031254,2.1281674449690797,1.153118042397953,3.125891053458114,0.11814734040962634,8.591917052593856e-07,1.7596246123712216,1.0000000005230725
500.0,1.8185696980492723,1.0,3.5169870357529285,-0.05588922389567785,4.879074582190294,3.086838696119431,1.153118042397953,6.251782106916228,0.11814734040962634,8.591917052593856e-07,1.7596246123712216,1.000000000337518
500.0,1.8185696980492723,1.5,5.6071207917543715,0.14667992068765823,7.582701912035293,4.974305431673285,1.153118042397953,9.377673160374343,0.11814734040962634,8.591917052593856e-07,1.7596246123712216,1.0000000001052374
500.0,1.8185696980492723,2.0,7.730187821962165,0.28613005486083837,9.923393002286458,5.931456186865149,1.153118042397953,12.503564213832457,0.11814734040962634,8.591917052593856e-07,1.7596246123712216,1.000000000046304
500.0,1.8185696980492723,2.5,9.896408641285102,0.3934176284975379,12.521234226827566,7.814807287018651,1.153118042397953,15.62945526729057,0.11814734040962634,8.591917052593856e-07,1.7596246123712216,1.0000000000092004
500.0,1.8185696980492723,3.0,12.099994383580768,0.4807251774033268,14.945971601732397,1.1545594327294435,1.153118042397953,18.755346320748686,0.11814734040962634,8.591917052593856e-07,1.7596246123712216,1.000000000193657
500.0,1.8185696980492723,3.5,14.391039916782765,0.556032186472596,17.507170202142937,10.656889290289477,1.153118042397953,21.8812373742068,0.11814734040962634,8.591917052593856e-07,1.7596246123712216,0.9999999997704401
500.0,1.8185696980492723,4.0,16.727452286171594,0.621369808432178,20.081929556346356,11.620477703215235,1.153118042397953,25.007128427664913,0.11814734040962634,8.591917052593856e-07,1.7596246123712216,0.9999999998877042
500.0,1.8185696980492723,4.5,19.010950088771136,0.6769438303244335,22.750242346457686,13.5011620382177,1.153118042397953,28.13301948112303,0.11814734040962634,8.591917052593856e-07,1.7596246123712216,0.9999999998512217
500.0,1.8185696980492723,5.0,21.298358881408824,0.7262861493780615,25.290435422583364,15.38664841361208,1.153118042397953,31.25891053458114,0.11814734040962634,8.591917052593856e-07,1.7596246123712216,0.9999999999925101
500.0,1.8185696980492723,5.5,23.6310349677888,0.7714227515044291,27.66718751255723,1.1550949186498614,1.153118042397953,34.38480158803926,0.11814734040962634,8.591917052593856e-07,1.7596246123712216,1.0000000000220886
500.0,1.8185696980492723,6.0,25.985180084524718,0.8126657396228864,30.225371104801734,18.22720938170083,1.153118042397953,37.51069264149737,0.11814734040962634,8.591917052593856e-07,1.7596246123712216,0.9999999999256473
550.0,1.8185696980492723,0.0,0.9217713345079812,-0.6374367931356618,1.0922390432957434,1.2878976286711785,1.2684298466377482,0.0,0.12996207445058894,9.451108757853241e-07,1.9355870736083436,1.00000000028744
550.0,1.8185696980492723,0.5,1.5406797309045646,-0.41434762227642485,1.4051599095835692,1.3404112410626683,1.2684298466377482,3.125891053458114,0.12996207445058894,9.451108757853241e-07,1.9355870736083436,1.0000000001159182
550.0,1.8185696980492723,1.0,3.375311920500693,-0.07374607813344757,4.044253192039926,3.3893241320084857,1.2684298466377482,6.251782106916228,0.12996207445058894,9.451108757853241e-07,1.9355870736083436,1.0000000007784393
550.0,1.8185696980492723,1.5,5.418399906901652,0.1318110638083428,6.313669465267806,4.4420587166869065,1.2684298466377482,9.377673160374343,0.12996207445058894,9.451108757853241e-07,1.9355870736083436,1.0000000002530112
550.0,1.8185696980492723,2.0,7.565015828578794,0.2767498497235412,8.011209162695597,1.2719616342144828,1.2684298466377482,12.503564213832457,0.12996207445058894,9.451108757853241e-07,1.9355870736083436,1.0000000008597232
550.0,1.8185696980492723,2.5,9.766210341630455,0.3876660824216657,10.19688566910877,7.5608726013521155,1.2684298466377482,15.62945526729057,0.12996207445058894,9.451108757853241e-07,1.9355870736083436,0.9999999997680802
550.0,1.8185696980492723,3.0,12.013900671192106,0.4776240456281809,12.496811771877777,8.616100537892633,1.2684298466377482,18.755346320748686,0.12996207445058894,9.451108757853241e-07,1.9355870736083436,1.0000000006839005
550.0,1.8185696980492723,3.5,14.273840318407192,0.552480842663459,14.580374925054164,4.414218114214472,1.2684298466377482,21.8812373742068,0.12996207445058894,9.451108757853241e-07,1.9355870736083436,1.0000000002411156
550.0,1.8185696980492723,4.0,16.561833913279763,0.6170484337730504,16.555493102310002,11.733681130250107,1.2684298466377482,25.007128427664913,0.12996207445058894,9.451108757853241e-07,1.9355870736083436,1.0000000000372484
550.0,1.8185696980492723,4.5,18.837044926277052,0.6729527822418921,18.599632447961305,1.2677816163489048,1.2684298466377482,28.13301948112303,0.12996207445058894,9.451108757853241e-07,1.9355870736083436,1.0000000001595488
550.0,1.8185696980492723,5.0,21.128116669013274,0.722800795042468,20.884874561352742,14.855457053523432,1.2684298466377482,31.25891053458114,0.12996207445058894,9.451108757853241e-07,1.9355870736083436,0.9999999998412845
550.0,1.8185696980492723,5.5,23.428194769549698,0.7676788345362864,22.991304929621244,16.925313254973283,1.2684298466377482,34.38480158803926,0.12996207445058894,9.451108757853241e-07,1.9355870736083436,0.9999999999925101
550.0,1.8185696980492723,6.0,25.742367404896633,0.8085884931053814,24.909437994239124,1.2701062663166613,1.2684298466377482,37.51069264149737,0.12996207445058894,9.451108757853241e-07,1.9355870736083436,1.000000000102628
600.0,1.8185696980492723,0.0,1.0055687285541617,-0.599648232246262,1.001219123021098,1.40497923127765,1.3837416508775435,0.0,0.1417768084915516,1.0310300463112627e-06,2.111549534845466,1.00000000028744
600.0,1.8185696980492723,0.5,1.4981269206337424,-0.4265113831741957,1.2151858419412165,1.4356857607515952,1.3837416508775435,3.125891053458114,0.1417768084915516,1.0310300463112627e-06,2.111549534845466,1.0000000004065246
600.0,1.8185696980492723,1.0,3.3813058143382535,-0.0729755400317568,3.3138312623613233,2.620978991045965,1.3837416508775435,6.251782106916228,0.1417768084915516,1.0310300463112627e-06,2.111549534845466,1.0000000004255316
600.0,1.8185696980492723,1.5,5.39034009894583,0.12955617616597043,5.20499701226583,4.8361452916895145,1.3837416508775435,9.377673160374343,0.1417768084915516,1.0310300463112627e-06,2.111549534845466,1.0000000013168482
600.0,1.8185696980492723,2.0,7.492793354801449,0.27258376394370376,6.74026733450516,1.3828010609301347,1.3837416508775435,12.503564213832457,0.1417768084915516,1.0310300463112627e-06,2.111549534845466,0.999999999853831
600.0,1.8185696980492723,2.5,9.654543628399248,0.38267175811295157,8.645907379638114,7.129882762921946,1.3837416508775435,15.62945526729057,0.1417768084915516,1.0310300463112627e-06,2.111549534845466,0.9999999993400561
600.0,1.8185696980492723,3.0,11.875690369542124,0.47259887454516275,10.434361855689637,9.377768744422381,1.3837416508775435,18.755346320748686,0.1417768084915516,1.0310300463112627e-06,2.111549534845466,1.0000000000092004
600.0,1.8185696980492723,3.5,14.102427762120818,0.5472338924573318,12.098674114515301,1.3838603675749888,1.3837416508775435,21.8812373742068,0.1417768084915516,1.0310300463112627e-06,2.111549534845466,1.0000000001362894
600.0,1.8185696980492723,4.0,16.369903857330677,0.611986137420975,14.013378429032938,11.66734893629499,1.3837416508775435,25.007128427664913,0.1417768084915516,1.0310300463112627e-06,2.111549534845466,0.9999999998815136
600.0,1.8185696980492723,4.5,18.649576879400982,0.6686089916786274,15.726520522502657,13.921054076674825,1.3837416508775435,28.13301948112303,0.1417768084915516,1.0310300463112627e-06,2.111549534845466,0.9999999999772067
600.0,1.8185696980492723,5.0,20.93932889314186,0.7189027670714117,17.360491533863758,1.384630697230307,1.3837416508775435,31.25891053458114,0.1417768084915516,1.0310300463112627e-06,2.111549534845466,1.000000000013162
600.0,1.8185696980492723,5.5,23.238832761218283,0.7641543192193901,19.29058529636455,17.320528439394607,1.3837416508775435,34.38480158803926,0.1417768084915516,1.0310300463112627e-06,2.111549534845466,0.9999999998317355
600.0,1.8185696980492723,6.0,25.558030657690587,0.8054673954256862,21.075362852152804,18.463978096334497,1.3837416508775435,37.51069264149737,0.1417768084915516,1.0310300463112627e-06,2.111549534845466,0.9999999999925101
650.0,1.8185696980492723,0.0,1.0893661226003415,-0.5648861259870501,0.9242022674040906,1.5220608338841202,1.4990534551173387,0.0,0.1535915425325142,1.116949216837201e-06,2.287511996082588,1.00000000028744
650.0,1.8185696980492723,0.5,1.500670291086369,-0.42577470647358834,1.0784396348180896,1.544188560687372,1.4990534551173387,3.125891053458114,0.1535915425325142,1.116949216837201e-06,2.287511996082588,1.0000000004833343
650.0,1.8185696980492723,1.0,3.425513403907858,-0.0673343200909139,2.7122382994754646,2.797786517606896,1.4990534551173387,6.251782106916228,0.1535915425325142,1.116949216837201e-06,2.287511996082588,1.00000000084289
650.0,1.8185696980492723,1.5,5.416048894268667,0.1316225850314057,4.3341123562098485,4.050227788847328,1.4990534551173387,9.377673160374343,0.1535915425325142,1.116949216837201e-06,2.287511996082588,1.0000000003024014
650.0,1.8185696980492723,2.0,7.50217229170569,0.27312704242407143,5.9329250242420715,6.4686197585167005,1.4990534551173387,12.503564213832457,0.1535915425325142,1.116949216837201e-06,2.287511996082588,1.0000000001142126
650.0,1.8185696980492723,2.5,9.603530478441327,0.38037092769482067,7.2735651189054344,1.5151259663827095,1.4990534551173387,15.62945526729057,0.1535915425325142,1.116949216837201e-06,2.287511996082588,1.0000000003527216
650.0,1.8185696980492723,3.0,11.76069407060096,0.4683729615462753,8.755439408173464,8.93887879004578,1.4990534551173387,18.755346320748686,0.1535915425325142,1.116949216837201e-06,2.287511996082588,0.9999999999311874
650.0,1.8185696980492723,3.5,13.972218530967911,0.5432053782264884,10.448775694244683,11.383962668647943,1.4990534551173387,21.8812373742068,0.1535915425325142,1.116949216837201e-06,2.287511996082588,0.99999999995532
650.0,1.8185696980492723,4.0,16.20335140001475,0.6075448592640499,11.854427139461889,1.5026134131768505,1.4990534551173387,25.007128427664913,0.1535915425325142,1.116949216837201e-06,2.287511996082588,0.9999999997861545
650.0,1.8185696980492723,4.5,18.464466116268635,0.6642767635991634,13.339513611871348,13.851441692778428,1.4990534551173387,28.13301948112303,0.1535915425325142,1.116949216837201e-06,2.287511996082588,0.9999999996434638
650.0,1.8185696980492723,5.0,20.75123234838325,0.7149839018266723,14.914382675493247,15.087843923940941,1.4990534551173387,31.25891053458114,0.1535915425325142,1.116949216837201e-06,2.287511996082588,0.9999999995995226
650.0,1.8185696980492723,5.5,23.05228277693668,0.7606539470024031,16.300916384030128,1.5009728559222324,1.4990534551173387,34.38480158803926,0.1535915425325142,1.116949216837201e-06,2.287511996082588,1.0000000000100966
650.0,1.8185696980492723,6.0,25.367793678380394,0.8022227054967591,17.916658765326762,18.765378220542846,1.4990534551173387,37.51069264149737,0.1535915425325142,1.116949216837201e-06,2.287511996082588,0.9999999999172958
700.0,1.8185696980492723,0.0,1.1731635166465217,-0.5327014426156488,0.8581878197323699,1.639142436490591,1.614365259357134,0.0,0.16540627657347684,1.2028683873631397e-06,2.4634744573197103,1.00000000028744
700.0,1.8185696980492723,0.5,1.5477875247585617,-0.4123486494244602,0.9754827168132859,1.6566494171662967,1.614365259357134,3.125891053458114,0.16540627657347684,1.2028683873631397e-06,2.4634744573197103,1.0000000001397358
700.0,1.8185696980492723,1.0,3.457538854289646,-0.06329292211023566,2.2588131353990564,2.99865762946705,1.614365259357134,6.251782106916228,0.16540627657347684,1.2028683873631397e-06,2.4634744573197103,0.9999999995674932
700.0,1.8185696980492723,1.5,5.412693302111198,0.1313534281565399,3.702620540319005,4.332554408435101,1.614365259357134,9.377673160374343,0.16540627657347684,1.2028683873631397e-06,2.4634744573197103,0.9999999989479681
700.0,1.8185696980492723,2.0,7.344149250893724,0.26388150287025103,5.200529476980672,5.665692717198489,1.614365259357134,12.503564213832457,0.16540627657347684,1.2028683873631397e-06,2.4634744573197103,0.9999999995278366
700.0,1.8185696980492723,2.5,9.427207524652154,0.37232307614587457,6.160993917355347,1.6175977563645172,1.614365259357134,15.62945526729057,0.16540627657347684,1.2028683873631397e-06,2.4634744573197103,1.000000000157669
700.0,1.8185696980492723,3.0,11.60998436857577,0.46277164368659274,7.613690700194529,9.613809083936493,1.614365259357134,18.755346320748686,0.16540627657347684,1.2028683873631397e-06,2.4634744573197103,0.9999999997994024
700.0,1.8185696980492723,3.5,13.854972097799141,0.5395456641757759,8.943738733448262,10.940730201826108,1.614365259357134,21.8812373742068,0.16540627657347684,1.2028683873631397e-06,2.4634744573197103,1.0000000000092004
700.0,1.8185696980492723,4.0,16.123234932099905,0.6053921908192407,10.191800186143723,1.6122503690311538,1.614365259357134,25.007128427664913,0.16540627657347684,1.2028683873631397e-06,2.4634744573197103,0.9999999999953985
700.0,1.8185696980492723,4.5,18.379570273106474,0.6622753617395233,11.58436781519564,5.620519799192184,1.614365259357134,28.13301948112303,0.16540627657347684,1.2028683873631397e-06,2.4634744573197103,0.9999999996449084
700.0,1.8185696980492723,5.0,20.64421421056909,0.7127383654633573,12.753949199665836,14.925929143029437,1.614365259357134,31.25891053458114,0.16540627657347684,1.2028683873631397e-06,2.4634744573197103,0.9999999999236968
700.0,1.8185696980492723,5.5,22.91752564210172,0.758107734620507,14.129868024033529,16.25732706540421,1.614365259357134,34.38480158803926,0.16540627657347684,1.2028683873631397e-06,2.4634744573197103,1.0000000000051377
700.0,1.8185696980492723,6.0,25.19065865145943,0.7991795316665654,15.374833110945941,1.6173609931584152,1.614365259357134,37.51069264149737,0.16540627657347684,1.2028683873631397e-06,2.4634744573197103,1.00000000013451
400.0,2.0100562510528768,0.0,0.6065159679309645,-0.8192177521715084,1.659963947816514,0.8474232682300128,0.8346136697738211,0.0,0.08551369567354725,6.218731437715956e-07,1.2735961984442277,1.00000000028744
400.0,2.0100562510528768,0.5,1.8955281065747478,-0.32432976287159204,4.818792715262756,1.5566634493953753,0.8346136697738211,3.4550321930765544,0.08551369567354725,6.218731437715956e-07,1.2735961984442277,0.9999999990762738
400.0,2.0100562510528768,1.0,4.144033782284177,0.015363295804919585,10.605876086772788,3.6011207100973377,0.8346136697738211,6.910064386153109,0.08551369567354725,6.218731437715956e-07,1.2735961984442277,1.000000000078214
400.0,2.0100562510528768,1.5,6.486972416310741,0.20998205991357846,15.611700644352089,4.9758751052207835,0.8346136697738211,10.365096579229663,0.08551369567354725,6.218731437715956e-07,1.2735961984442277,1.000000000393831
400.0,2.0100562510528768,2.0,8.943639394750639,0.3494542889251286,21.09921015289307,0.8362729641643103,0.8346136697738211,13.820128772306218,0.08551369567354725,6.218731437715956e-07,1.2735961984442277,1.0000000002944252
400.0,2.0100562510528768,2.5,11.462744348329876,0.45722861519092317,26.585692542173128,8.399070683652543,0.8346136697738211,17.275160965382774,0.08551369567354725,6.218731437715956e-07,1.2735961984442277,1.0000000004902647
400.0,2.0100562510528768,3.0,14.01043990415422,0.5443917802852513,31.969854775858423,10.446950293143361,0.8346136697738211,20.730193158459326,0.08551369567354725,6.218731437715956e-07,1.2735961984442277,1.0000000000734646
400.0,2.0100562510528768,3.5,16.583363696880838,0.6176126342125552,37.061084802432966,0.834878927119749,0.8346136697738211,24.185225351535884,0.08551369567354725,6.218731437715956e-07,1.2735961984442277,1.0000000001931155
400.0,2.0100562510528768,4.0,19.160846850863408,0.6803547083273721,42.62177759219403,13.198339903421866,0.8346136697738211,27.640257544612435,0.08551369567354725,6.218731437715956e-07,1.2735961984442277,0.999999999954368
400.0,2.0100562510528768,4.5,21.73038916453883,0.7350075127421415,48.007372581725456,15.245834427299393,0.8346136697738211,31.09528973768899,0.08551369567354725,6.218731437715956e-07,1.2735961984442277,1.0000000000561298
400.0,2.0100562510528768,5.0,24.283432007540824,0.7832500747904398,53.269817985654086,16.62134744423457,0.8346136697738211,34.55032193076555,0.08551369567354725,6.218731437715956e-07,1.2735961984442277,0.9999999997148596
400.0,2.0100562510528768,5.5,26.80160484935808,0.826100808534893,58.58228251659279,18.673484061322554,0.8346136697738211,38.0053541238421,0.08551369567354725,6.218731437715956e-07,1.2735961984442277,0.9999999999979883
400.0,2.0100562510528768,6.0,29.283297888736602,0.8645599941125874,63.95511046772739,0.8361955665188757,0.8346136697738211,41.46038631691865,0.08551369567354725,6.218731437715956e-07,1.2735961984442277,0.999999999892286
450.0,2.0100562510528768,0.0,0.6823304639223351,-0.7680652297241272,1.4755235091702348,0.9533511767587645,0.9389403784955489,0.0,0.09620290763274066,6.99607286743045e-07,1.4327957232497561,1.00000000028744
450.0,2.0100562510528768,0.5,1.9194615668670432,-0.3188805706102345,3.598540286101198,1.7408098448095848,0.9389403784955489,3.4550321930765544,0.09620290763274066,6.99607286743045e-07,1.4327957232497561,1.0000000010963643
450.0,2.0100562510528768,1.0,3.9908124438352295,-0.0009986735969176866,8.4866162674175,3.2876818253633795,0.9389403784955489,6.910064386153109,0.09620290763274066,6.99607286743045e-07,1.4327957232497561,1.0000000006126617
450.0,2.0100562510528768,1.5,6.409363168051714,0.20475488899574412,12.437593711449669,4.8327306908436185,0.9389403784955489,10.365096579229663,0.09620290763274066,6.99607286743045e-07,1.4327957232497561,1.0000000002448524
450.0,2.0100562510528768,2.0,8.842070997072412,0.34449400640689964,16.812753368693446,6.376549387268663,0.9389403784955489,13.820128772306218,0.09620290763274066,6.99607286743045e-07,1.4327957232497561,0.9999999998561782
450.0,2.0100562510528768,2.5,11.318373791160537,0.4517240411550541,20.960364134840685,8.673609793818786,0.9389403784955489,17.275160965382774,0.09620290763274066,6.99607286743045e-07,1.4327957232497561,0.9999999998688986
450.0,2.0100562510528768,3.0,13.878976312586282,0.5402974432209652,25.026064924937298,0.9380053882696281,0.9389403784955489,20.730193158459326,0.09620290763274066,6.99607286743045e-07,1.4327957232497561,0.9999999995726855
450.0,2.0100562510528768,3.5,16.41986493784855,0.61330958916628,29.36145607017705,11.758796978576548,0.9389403784955489,24.185225351535884,0.09620290763274066,6.99607286743045e-07,1.4327957232497561,1.0000000000624114
450.0,2.0100562510528768,4.0,18.963509142859387,0.6758587140562214,33.47477256940901,0.9399955066590789,0.9389403784955489,27.640257544612435,0.09620290763274066,6.99607286743045e-07,1.4327957232497561,0.9999999999636598
450.0,2.0100562510528768,4.5,21.555952707221337,0.7315072307747534,37.8860245263947,14.8481323913496,0.9389403784955489,31.09528973768899,0.09620290763274066,6.99607286743045e-07,1.4327957232497561,0.999999999954368
450.0,2.0100562510528768,5.0,24.124368627858512,0.7803959646764612,42.114035444890746,0.9414348682629903,0.9389403784955489,34.55032193076555,0.09620290763274066,6.99607286743045e-07,1.4327957232497561,0.9999999999875171
450.0,2.0100562510528768,5.5,26.65525874309237,0.8237229112580946,46.37235943450387,18.69024470967167,0.9389403784955489,38.0053541238421,0.09620290763274066,6.99607286743045e-07,1.4327957232497561,0.9999999998067388
450.0,2.0100562510528768,6.0,29.198646874069482,0.8633027344786302,50.61057750135961,20.231235820841945,0.9389403784955489,41.46038631691865,0.09620290763274066,6.99607286743045e-07,1.4327957232497561,1.000000000014295
500.0,2.0100562510528768,0.0,0.7581449599137057,-0.722307739163452,1.3279711582532114,1.059279085287516,1.0432670872172765,0.0,0.10689211959193405,7.773414297144945e-07,1.5919952480552848,1.00000000028744
500.0,2.0100562510528768,0.5,1.9428430340681286,-0.3136222767764314,2.645233854756556,1.012855882929279,1.0432670872172765,3.4550321930765544,0.10689211959193405,7.773414297144945e-07,1.5919952480552848,0.9999999982643457
500.0,2.0100562510528768,1.0,3.9771649129060247,-0.002486391973818792,6.70163068991924,3.6449749221432017,1.0432670872172765,6.910064386153109,0.10689211959193405,7.773414297144945e-07,1.5919952480552848,1.000000000895468
500.0,2.0100562510528768,1.5,6.287219070587629,0.19639860175481552,9.832677194119338,1.0465993501914768,1.0432670872172765,10.365096579229663,0.10689211959193405,7.773414297144945e-07,1.5919952480552848,0.999999999556896
500.0,2.0100562510528768,2.0,8.74746476010619,0.33982221023884196,13.447690558553822,7.068311580057281,1.0432670872172765,13.820128772306218,0.10689211959193405,7.773414297144945e-07,1.5919952480552848,0.9999999998406166
500.0,2.0100562510528768,2.5,11.179549243438297,0.44636430193318494,16.879368122314453,1.0453412052053879,1.0432670872172765,17.275160965382774,0.10689211959193405,7.773414297144945e-07,1.5919952480552848,1.0000000002944252
500.0,2.0100562510528768,3.0,13.735916905828338,0.53579766360814,20.313736518362408,9.653679734194487,1.0432670872172765,20.730193158459326,0.10689211959193405,7.773414297144945e-07,1.5919952480552848,1.0000000001813514
500.0,2.0100562510528768,3.5,16.236230112633496,0.608425206524156,23.72401269297728,1.0450828929915177,1.0432670872172765,24.185225351535884,0.10689211959193405,7.773414297144945e-07,1.5919952480552848,0.999999999999574
500.0,2.0100562510528768,4.0,18.830379910713955,0.6727990908481434,27.25267971256393,13.074352597979855,1.0432670872172765,27.640257544612435,0.10689211959193405,7.773414297144945e-07,1.5919952480552848,0.999999999967611
500.0,2.0100562510528768,4.5,21.36860871801851,0.7277162554146241,30.564420675615168,1.0450312100183925,1.0432670872172765,31.09528973768899,0.10689211959193405,7.773414297144945e-07,1.5919952480552848,0.9999999999334483
500.0,2.0100562510528768,5.0,23.95105856357926,0.7772647213354286,34.097422073755226,16.49792487927733,1.0432670872172765,34.55032193076555,0.10689211959193405,7.773414297144945e-07,1.5919952480552848,0.999999999954368
500.0,2.0100562510528768,5.5,26.505723283722244,0.8212796683510112,37.476675344836345,1.0450602227170065,1.0432670872172765,38.0053541238421,0.10689211959193405,7.773414297144945e-07,1.5919952480552848,0.9999999999016306
500.0,2.0100562510528768,6.0,29.063531636052502,0.8612883948507776,40.908984410535496,19.927262943623354,1.0432670872172765,41.46038631691865,0.10689211959193405,7.773414297144945e-07,1.5919952480552848,0.999999999854707
550.0,2.0100562510528768,0.0,0.8339594559050761,-0.680915054005227,1.2072465075029193,1.1652069938162675,1.147593795939004,0.0,0.11758133155112745,8.550755726859439e-07,1.751194772860813,1.00000000028744
550.0,2.0100562510528768,0.5,1.8947965513027631,-0.32449740572567576,1.9699690826011838,2.119976846606965,1.147593795939004,3.4550321930765544,0.11758133155112745,8.550755726859439e-07,1.751194772860813,0.9999999992376442
550.0,2.0100562510528768,1.0,3.9970202283875307,-0.00032364515571032794,5.407997308112941,3.0870501144433606,1.147593795939004,6.910064386153109,0.11758133155112745,8.550755726859439e-07,1.751194772860813,1.0000000017697628
550.0,2.0100562510528768,1.5,6.2112252168211155,0.19111728556681315,8.124717666074815,1.1467890974643817,1.147593795939004,10.365096579229663,0.11758133155112745,8.550755726859439e-07,1.751194772860813,0.9999999997229736
550.0,2.0100562510528768,2.0,8.592390360600227,0.3320540078938569,11.045964574626753,6.837585158186202,1.147593795939004,13.820128772306218,0.11758133155112745,8.550755726859439e-07,1.751194772860813,1.00000000084091
550.0,2.0100562510528768,2.5,11.109034067289635,0.4436163072633783,14.022041088515717,7.80420064352048,1.147593795939004,17.275160965382774,0.11758133155112745,8.550755726859439e-07,1.751194772860813,0.9999999995926031
550.0,2.0100562510528768,3.0,13.570044471790807,0.5305212796052972,16.89038548855127,9.67604478130539,1.147593795939004,20.730193158459326,0.11758133155112745,8.550755726859439e-07,1.751194772860813,0.9999999997720225
550.0,2.0100562510528768,3.5,16.08032852894327,0.6042349260228845,19.68547638321689,11.553280046429057,1.147593795939004,24.185225351535884,0.11758133155112745,8.550755726859439e-07,1.751194772860813,0.9999999997553364
550.0,2.0100562510528768,4.0,18.668467012500635,0.6690486653813573,22.549033332063647,13.432601867927463,1.147593795939004,27.640257544612435,0.11758133155112745,8.550755726859439e-07,1.751194772860813,0.9999999999887741
550.0,2.0100562510528768,4.5,21.186375983559174,0.7239966838847152,25.400429297041082,15.312830158270291,1.147593795939004,31.09528973768899,0.11758133155112745,8.550755726859439e-07,1.751194772860813,0.9999999999900451
550.0,2.0100562510528768,5.0,23.771093377481268,0.7739891667101048,28.111007215343005,1.1503524357516575,1.147593795939004,34.55032193076555,0.11758133155112745,8.550755726859439e-07,1.751194772860813,0.9999999999024224
550.0,2.0100562510528768,5.5,26.346164419937182,0.8186574064936535,30.997656430686572,18.147717367205065,1.147593795939004,38.0053541238421,0.11758133155112745,8.550755726859439e-07,1.751194772860813,0.999999999954368
550.0,2.0100562510528768,6.0,28.880586802790823,0.8585460217602554,33.750630357891865,1.149080765485032,1.147593795939004,41.46038631691865,0.11758133155112745,8.550755726859439e-07,1.751194772860813,1.0000000001070735
600.0,2.0100562510528768,0.0,0.9097739518964467,-0.6431264931158273,1.106642631877676,1.2711349023450191,1.2519205046607316,0.0,0.12827054351032086,9.328097156573934e-07,1.9103942976663415,1.00000000028744
600.0,2.0100562510528768,0.5,1.8127801699464579,-0.34371484954227505,1.5880019863197543,2.310834654703669,1.2519205046607316,3.4550321930765544,0.12827054351032086,9.328097156573934e-07,1.9103942976663415,0.999999999085501
600.0,2.0100562510528768,1.0,3.9226107275153823,-0.008484779624705202,4.561483337427268,3.3530379230172302,1.2519205046607316,6.910064386153109,0.12827054351032086,9.328097156573934e-07,1.9103942976663415,1.0000000008378183
600.0,2.0100562510528768,1.5,6.216050673426265,0.19145455486060076,7.070584057848526,5.401681065146006,1.2519205046607316,10.365096579229663,0.12827054351032086,9.328097156573934e-07,1.9103942976663415,1.000000000078214
600.0,2.0100562510528768,2.0,8.545817557402284,0.329693625604044,9.32819528358725,6.443640921124824,1.2519205046607316,13.820128772306218,0.12827054351032086,9.328097156573934e-07,1.9103942976663415,1.0000000002448524
600.0,2.0100562510528768,2.5,10.933725763775504,0.4367081855284147,11.783125876630276,8.486744743804318,1.2519205046607316,17.275160965382774,0.12827054351032086,9.328097156573934e-07,1.9103942976663415,1.0000000003242628
600.0,2.0100562510528768,3.0,13.415459092125955,0.5255455479808098,14.066140101928712,1.2544094462464652,1.2519205046607316,20.730193158459326,0.12827054351032086,9.328097156573934e-07,1.9103942976663415,1.0000000002944252
600.0,2.0100562510528768,3.5,15.966212309324558,0.601141908638704,16.407184849177757,11.57423524644747,1.2519205046607316,24.185225351535884,0.12827054351032086,9.328097156573934e-07,1.9103942976663415,1.0000000000881233
600.0,2.0100562510528768,4.0,18.50530175011504,0.6652361798292651,18.769548693702973,1.2506738510261706,1.2519205046607316,27.640257544612435,0.12827054351032086,9.328097156573934e-07,1.9103942976663415,0.9999999995726855
600.0,2.0100562510528768,4.5,21.015659856231327,0.7204830393409325,21.313236517238952,15.670425439715041,1.2519205046607316,31.09528973768899,0.12827054351032086,9.328097156573934e-07,1.9103942976663415,1.0000000000734646
600.0,2.0100562510528768,5.0,23.582723120950558,0.7705339607508552,23.7115761041888,16.710474001565213,1.2519205046607316,34.55032193076555,0.12827054351032086,9.328097156573934e-07,1.9103942976663415,0.9999999997620015
600.0,2.0100562510528768,5.5,26.178706709007976,0.8158881962261556,26.011540093788827,10.5205615357826,1.2519205046607316,38.0053541238421,0.12827054351032086,9.328097156573934e-07,1.9103942976663415,0.9999999997495568
600.0,2.0100562510528768,6.0,28.74127027629511,0.8564459673830533,28.41451839479602,19.797509855132798,1.2519205046607316,41.46038631691865,0.12827054351032086,9.328097156573934e-07,1.9103942976663415,0.999999999954368
650.0,2.0100562510528768,0.0,0.9855884478878172,-0.6083643868566153,1.0215162755793934,1.3770628108737706,1.3562472133824592,0.0,0.13895975546951425,1.0105438586288427e-06,2.06959382247187,1.00000000028744
650.0,2.0100562510528768,0.5,1.7335382784767785,-0.3631265555185873,1.3498450694163115,1.4564684097012484,1.3562472133824592,3.4550321930765544,0.13895975546951425,1.0105438586288427e-06,2.06959382247187,1.0000000000830715
650.0,2.0100562510528768,1.0,3.7783299753152146,-0.024760107567281968,3.920484107073131,3.6258315011224074,1.3562472133824592,6.910064386153109,0.13895975546951425,1.0105438586288427e-06,2.06959382247187,1.0000000003005063
650.0,2.0100562510528768,1.5,6.054129900212412,0.1799917438159171,6.112172987192583,4.756203549237017,1.3562472133824592,10.365096579229663,0.13895975546951425,1.0105438586288427e-06,2.06959382247187,1.0000000005981757
650.0,2.0100562510528768,2.0,8.445481436160845,0.3245644203183741,7.803988656420241,1.3633208556749763,1.3562472133824592,13.820128772306218,0.13895975546951425,1.0105438586288427e-06,2.06959382247187,1.000000000243477
650.0,2.0100562510528768,2.5,10.882955513568557,0.4346868625753633,9.866438276455307,8.091757100042482,1.3562472133824592,17.275160965382774,0.13895975546951425,1.0105438586288427e-06,2.06959382247187,0.9999999998664983
650.0,2.0100562510528768,3.0,13.352123017834808,0.5234903336704235,12.006018380094485,9.237406666455374,1.3562472133824592,20.730193158459326,0.13895975546951425,1.0105438586288427e-06,2.06959382247187,1.0000000001155032
650.0,2.0100562510528768,3.5,15.826938463778225,0.5973369224682178,14.120713750497108,11.430343933347107,1.3562472133824592,24.185225351535884,0.13895975546951425,1.0105438586288427e-06,2.06959382247187,1.0000000006303047
650.0,2.0100562510528768,4.0,18.325724506149072,0.6610011621245075,16.087939921321123,13.644932658514007,1.3562472133824592,27.640257544612435,0.13895975546951425,1.0105438586288427e-06,2.06959382247187,0.9999999999547231
650.0,2.0100562510528768,4.5,20.84585978508767,0.7169598209296847,18.007901480308632,1.3579592443694832,1.3562472133824592,31.09528973768899,0.13895975546951425,1.0105438586288427e-06,2.06959382247187,1.0000000004435057
650.0,2.0100562510528768,5.0,23.416082702531078,0.767454251971597,20.11829513556393,16.981785796720605,1.3562472133824592,34.55032193076555,0.13895975546951425,1.0105438586288427e-06,2.06959382247187,1.000000000071335
650.0,2.0100562510528768,5.5,26.0028065472329,0.812960233650408,22.178372823927308,18.109927594700824,1.3562472133824592,38.0053541238421,0.13895975546951425,1.0105438586288427e-06,2.06959382247187,0.9999999998134276
650.0,2.0100562510528768,6.0,28.584812092516696,0.854075350317612,24.195392361009535,20.322180306278725,1.3562472133824592,41.46038631691865,0.13895975546951425,1.0105438586288427e-06,2.06959382247187,1.000000000012833
700.0,2.0100562510528768,0.0,1.0614029438791879,-0.576179703485214,0.9485508273237225,1.4829907194025223,1.460573922104187,0.0,0.14964896742870767,1.0882780016002922e-06,2.2287933472773984,1.00000000028744
700.0,2.0100562510528768,0.5,1.6787446709177225,-0.3770753442928586,1.1849831737255165,1.5265310644141121,1.460573922104187,3.4550321930765544,0.14964896742870767,1.0882780016002922e-06,2.2287933472773984,1.0000000003986607
700.0,2.0100562510528768,1.0,3.7300417660113685,-0.030346296611307895,3.34188393284667,3.9007388777200127,1.460573922104187,6.910064386153109,0.14964896742870767,1.0882780016002922e-06,2.2287933472773984,0.9999999992553124
700.0,2.0100562510528768,1.5,5.967494310785073,0.17373202230879758,5.2330382174912256,5.109125499887043,1.460573922104187,10.365096579229663,0.14964896742870767,1.0882780016002922e-06,2.2287933472773984,1.0000000007495686
700.0,2.0100562510528768,2.0,8.310764641163619,0.31758099204229273,6.641187239496378,1.462254558280817,1.460573922104187,13.820128772306218,0.14964896742870767,1.0882780016002922e-06,2.2287933472773984,0.9999999990408107
700.0,2.0100562510528768,2.5,10.706196968863523,0.4275752377907786,8.547635909773845,8.699971747374756,1.460573922104187,17.275160965382774,0.14964896742870767,1.0882780016002922e-06,2.2287933472773984,1.0000000005330592
700.0,2.0100562510528768,3.0,13.146390230116436,0.5167465281629344,10.419175133503165,9.90691254724657,1.460573922104187,20.730193158459326,0.14964896742870767,1.0882780016002922e-06,2.2287933472773984,1.0000000006809382
700.0,2.0100562510528768,3.5,15.651368940813617,0.5924923376114231,12.056691515938896,1.463477687287543,1.460573922104187,24.185225351535884,0.14964896742870767,1.0882780016002922e-06,2.2287933472773984,1.0000000002944252
700.0,2.0100562510528768,4.0,18.16917904176541,0.6572753132125456,13.788758591366111,13.49769827047768,1.460573922104187,27.640257544612435,0.14964896742870767,1.0882780016002922e-06,2.2287933472773984,1.000000000237168
700.0,2.0100562510528768,4.5,20.723342422532212,0.7143998118008938,15.611523932785287,14.708378364837397,1.460573922104187,31.09528973768899,0.14964896742870767,1.0882780016002922e-06,2.2287933472773984,1.000000000091672
700.0,2.0100562510528768,5.0,23.282521112537193,0.7649700141164237,17.36197660559787,1.4657248645021244,1.460573922104187,34.55032193076555,0.14964896742870767,1.0882780016002922e-06,2.2287933472773984,0.9999999995238473
700.0,2.0100562510528768,5.5,25.841895691399447,0.8102643778293075,19.070473710239465,18.295204688363373,1.460573922104187,38.0053541238421,0.14964896742870767,1.0882780016002922e-06,2.2287933472773984,0.9999999998791318
700.0,2.0100562510528768,6.0,28.416860798649715,0.8515161085433978,20.807495834950306,3.877329815042201,1.460573922104187,41.46038631691865,0.14964896742870767,1.0882780016002922e-06,2.2287933472773984,0.9999999996627719
400.0,2.2217054076787313,0.0,0.5487366635060706,-0.8626960130410736,1.8347500859659618,0.7666941043156117,0.7551048029791905,0.0,0.07736729538721214,5.626308491124471e-07,1.1522679789822916,1.00000000028744
400.0,2.2217054076787313,0.5,2.082036345856759,-0.2835716846610085,6.987636216046343,2.018470703069845,0.7551048029791905,3.818830295441498,0.07736729538721214,5.626308491124471e-07,1.1522679789822916,0.9999999994615917
400.0,2.2217054076787313,1.0,4.658546961756448,0.06619048654333069,13.88790632141616,0.7584666713147513,0.7551048029791905,7.637660590882996,0.07736729538721214,5.626308491124471e-07,1.1522679789822916,1.0000000001189138
400.0,2.2217054076787313,1.5,7.373726664769516,0.2656270434633635,21.4413299797376,5.138688945863455,0.7551048029791905,11.456490886324493,0.07736729538721214,5.626308491124471e-07,1.1522679789822916,1.000000000295161
400.0,2.2217054076787313,2.0,10.123022604117494,0.40325021527581806,28.657136240471786,7.596151397149966,0.7551048029791905,15.275321181765992,0.07736729538721214,5.626308491124471e-07,1.1522679789822916,0.9999999998191426
400.0,2.2217054076787313,2.5,12.928207146036698,0.5094783107705527,35.89582874144697,9.453773801248689,0.7551048029791905,19.094151477207493,0.07736729538721214,5.626308491124471e-07,1.1522679789822916,1.0000000002203568
400.0,2.2217054076787313,3.0,15.781906516991414,0.5960994752130426,43.10416239575502,6.3454562481709065,0.7551048029791905,22.912981772648987,0.07736729538721214,5.626308491124471e-07,1.1522679789822916,0.9999999999552183
400.0,2.2217054076787313,3.5,18.61158435400813,0.66772335369508,50.25468959659517,0.755139524584564,0.7551048029791905,26.731812068090488,0.07736729538721214,5.626308491124471e-07,1.1522679789822916,0.9999999999090544
400.0,2.2217054076787313,4.0,21.4258056890014,0.7288771706422313,57.63572591415914,15.030764787037489,0.7551048029791905,30.550642363531985,0.07736729538721214,5.626308491124471e-07,1.1522679789822916,0.9999999998482118
400.0,2.2217054076787313,4.5,24.23701888228675,0.7824192098679547,64.72193932732017,16.89444090210071,0.7551048029791905,34.36947265897348,0.07736729538721214,5.626308491124471e-07,1.1522679789822916,0.9999999999750647
400.0,2.2217054076787313,5.0,26.979459160949883,0.8289732480861542,72.05817585241067,18.75777653841343,0.7551048029791905,38.188302954414986,0.07736729538721214,5.626308491124471e-07,1.1522679789822916,1.0000000000948222
400.0,2.2217054076787313,5.5,29.63924528537262,0.8698071495255127,79.12118319612563,0.7560224970905678,0.7551048029791905,42.00713324985648,0.07736729538721214,5.626308491124471e-07,1.1522679789822916,0.9999999999872778
400.0,2.2217054076787313,6.0,32.21471729895271,0.905994333209173,86.48880959975462,23.08592730225951,0.7551048029791905,45.825963545297974,0.07736729538721214,5.626308491124471e-07,1.1522679789822916,0.9999999999934728
450.0,2.2217054076787313,0.0,0.6173287464443293,-0.8115434905936925,1.6308889653030774,0.8625308673550631,0.8494929033515893,0.0,0.08703820731061365,6.32959705251503e-07,1.2963014763550782,1.00000000028744
450.0,2.2217054076787313,0.5,2.066948767153567,-0.28673027929586026,5.3587391675332725,1.6062777279159484,0.8494929033515893,3.818830295441498,0.08703820731061365,6.32959705251503e-07,1.2963014763550782,1.0000000012254886
450.0,2.2217054076787313,1.0,4.576153926647904,0.05844063292935947,10.941396639640223,0.8487053065357194,0.8494929033515893,7.637660590882996,0.08703820731061365,6.32959705251503e-07,1.2963014763550782,1.000000000218649
450.0,2.2217054076787313,1.5,7.253705526266903,0.2584999295176095,16.892349981545586,5.756713136117804,0.8494929033515893,11.456490886324493,0.08703820731061365,6.32959705251503e-07,1.2963014763550782,1.000000000186716
450.0,2.2217054076787313,2.0,9.998262397748135,0.39786453900806207,22.722981473857015,7.16138091453863,0.8494929033515893,15.275321181765992,0.08703820731061365,6.32959705251503e-07,1.2963014763550782,0.9999999997636462
450.0,2.2217054076787313,2.5,12.78867707056032,0.5047656297205604,28.128911046270442,0.8498306814228631,0.8494929033515893,19.094151477207493,0.08703820731061365,6.32959705251503e-07,1.2963014763550782,0.9999999998690675
450.0,2.2217054076787313,3.0,15.607219989298429,0.5912655606243351,34.14910850747732,11.334368216469441,0.8494929033515893,22.912981772648987,0.08703820731061365,6.32959705251503e-07,1.2963014763550782,0.9999999998986963
450.0,2.2217054076787313,3.5,18.438777485122692,0.663672132056373,39.7463954676274,13.42122587808356,0.8494929033515893,26.731812068090488,0.08703820731061365,6.32959705251503e-07,1.2963014763550782,1.0000000002949205
450.0,2.2217054076787313,4.0,21.279423294272764,0.7258998623933132,45.366193593540764,0.8504108862107712,0.8494929033515893,30.550642363531985,0.08703820731061365,6.32959705251503e-07,1.2963014763550782,0.9999999999330095
450.0,2.2217054076787313,4.5,24.104031400126573,0.7800296930896126,51.231756368141454,16.909610385417174,0.8494929033515893,34.36947265897348,0.08703820731061365,6.32959705251503e-07,1.2963014763550782,0.9999999998482118
450.0,2.2217054076787313,5.0,26.901461178574465,0.8277158784349546,56.86781122791338,19.00271546202203,0.8494929033515893,38.188302954414986,0.08703820731061365,6.32959705251503e-07,1.2963014763550782,0.9999999996472608
450.0,2.2217054076787313,5.5,29.65922769787673,0.8700998468371818,62.51070969562664,0.8508390364280897,0.8494929033515893,42.00713324985648,0.08703820731061365,6.32959705251503e-07,1.2963014763550782,0.9999999998252628
450.0,2.2217054076787313,6.0,32.352343957120254,0.9078457598519007,68.35741716908396,22.495390440419488,0.8494929033515893,45.825963545297974,0.08703820731061365,6.32959705251503e-07,1.2963014763550782,0.9999999999838252
500.0,2.2217054076787313,0.0,0.6859208293825884,-0.7657860000330171,1.4678000687727695,0.9583676303945148,0.9438810037239882,0.0,0.09670911923401519,7.03288561390559e-07,1.4403349737278648,1.00000000028744
500.0,2.2217054076787313,0.5,2.1018748592993624,-0.27945313574115765,4.1171462269601635,1.7574187632435607,0.9438810037239882,3.818830295441498,0.09670911923401519,7.03288561390559e-07,1.4403349737278648,0.9999999986644746
500.0,2.2217054076787313,1.0,4.560687192243308,0.05697029460703974,9.229597787397077,4.07147434211554,0.9438810037239882,7.637660590882996,0.09670911923401519,7.03288561390559e-07,1.4403349737278648,1.0000000000514249
500.0,2.2217054076787313,1.5,7.135892191733454,0.251388288816878,13.520337095129246,5.624600624092266,0.9438810037239882,11.456490886324493,0.09670911923401519,7.03288561390559e-07,1.4403349737278648,0.9999999999722299
500.0,2.2217054076787313,2.0,9.848481755219064,0.39130929336742576,18.15553667935593,0.944881265354593,0.9438810037239882,15.275321181765992,0.09670911923401519,7.03288561390559e-07,1.4403349737278648,1.0000000000077773
500.0,2.2217054076787313,2.5,12.653778255146872,0.5001602282838745,22.925708992377427,9.495189246437459,0.9438810037239882,19.094151477207493,0.09670911923401519,7.03288561390559e-07,1.4403349737278648,0.9999999998191426
500.0,2.2217054076787313,3.0,15.480064504130324,0.5877127746913593,27.64893180991021,11.049997630759417,0.9438810037239882,22.912981772648987,0.09670911923401519,7.03288561390559e-07,1.4403349737278648,0.9999999997425587
500.0,2.2217054076787313,3.5,18.3159983353655,0.660770604057201,32.1388721800098,2.505454429548544,0.9438810037239882,26.731812068090488,0.09670911923401519,7.03288561390559e-07,1.4403349737278648,0.9999999999233767
500.0,2.2217054076787313,4.0,21.14885161004558,0.72322679868282,36.73324089561791,14.918417628864953,0.9438810037239882,30.550642363531985,0.09670911923401519,7.03288561390559e-07,1.4403349737278648,0.9999999998433007
500.0,2.2217054076787313,4.5,23.967972823463764,0.7775713122587325,41.40177115420729,0.9454786486467026,0.9438810037239882,34.36947265897348,0.09670911923401519,7.03288561390559e-07,1.4403349737278648,1.0000000001016711
500.0,2.2217054076787313,5.0,26.782257111251756,0.8257871836502879,46.10858073132731,18.788455983796865,0.9438810037239882,38.188302954414986,0.09670911923401519,7.03288561390559e-07,1.4403349737278648,0.9999999998482118
500.0,2.2217054076787313,5.5,29.58327290981608,0.868986228638597,50.7154225226838,21.11153160869681,0.9438810037239882,42.00713324985648,0.09670911923401519,7.03288561390559e-07,1.4403349737278648,0.9999999999027953
500.0,2.2217054076787313,6.0,32.35705073399609,0.9079089385367914,55.18488772788117,0.9441542163057166,0.9438810037239882,45.825963545297974,0.09670911923401519,7.03288561390559e-07,1.4403349737278648,1.000000000056918
550.0,2.2217054076787313,0.0,0.7545129123208469,-0.7243933148747923,1.334363698884336,1.054204393433966,1.038269104096387,0.0,0.10638003115741668,7.736174175296147e-07,1.584368471100651,1.00000000028744
550.0,2.2217054076787313,0.5,2.121736996474665,-0.27536844213903533,3.252040962040705,1.9249410316686322,1.038269104096387,3.818830295441498,0.10638003115741668,7.736174175296147e-07,1.584368471100651,0.9999999987792876
550.0,2.2217054076787313,1.0,4.410834098505893,0.04246073195522904,7.670953743059488,3.6354269554817904,1.038269104096387,7.637660590882996,0.10638003115741668,7.736174175296147e-07,1.584368471100651,0.9999999991037323
550.0,2.2217054076787313,1.5,7.084373419845846,0.24824145361021588,11.242232222653966,5.34388274551141,1.038269104096387,11.456490886324493,0.10638003115741668,7.736174175296147e-07,1.584368471100651,0.9999999998330902
550.0,2.2217054076787313,2.0,9.772083101389239,0.387927160211395,15.19809869482903,7.050966304471501,1.038269104096387,15.275321181765992,0.10638003115741668,7.736174175296147e-07,1.584368471100651,0.9999999999230029
550.0,2.2217054076787313,2.5,12.509783649768465,0.49518980753218805,18.94839020703648,9.591123831330243,1.038269104096387,19.094151477207493,0.10638003115741668,7.736174175296147e-07,1.584368471100651,1.0000000001240983
550.0,2.2217054076787313,3.0,15.340213097004986,0.583771401284385,22.623170266056732,1.0371772942313677,1.038269104096387,22.912981772648987,0.10638003115741668,7.736174175296147e-07,1.584368471100651,1.0000000000981129
550.0,2.2217054076787313,3.5,18.14744632078677,0.6567555291285232,26.540976082725184,13.002631344439125,1.038269104096387,26.731812068090488,0.10638003115741668,7.736174175296147e-07,1.584368471100651,1.0000000000780667
550.0,2.2217054076787313,4.0,20.95988901470286,0.7193289873449035,30.257081988044053,1.039415819154377,1.038269104096387,30.550642363531985,0.10638003115741668,7.736174175296147e-07,1.584368471100651,0.9999999999492537
550.0,2.2217054076787313,4.5,23.825590383752626,0.7749836796709314,34.243784224166276,16.418674088901906,1.038269104096387,34.36947265897348,0.10638003115741668,7.736174175296147e-07,1.584368471100651,0.9999999998895271
550.0,2.2217054076787313,5.0,26.66275680405164,0.8238450600848142,38.06639923127,1.0409541483527813,1.038269104096387,38.188302954414986,0.10638003115741668,7.736174175296147e-07,1.584368471100651,1.0000000000112315
550.0,2.2217054076787313,5.5,29.46048282237692,0.8671798688085127,41.91689157393393,20.667301582176545,1.038269104096387,42.00713324985648,0.10638003115741668,7.736174175296147e-07,1.584368471100651,0.9999999998482118
550.0,2.2217054076787313,6.0,32.27360000245083,0.9067874207445757,45.74938076973549,22.371294866802838,1.038269104096387,45.825963545297974,0.10638003115741668,7.736174175296147e-07,1.584368471100651,1.000000000035954
600.0,2.2217054076787313,0.0,0.823104995259106,-0.6866047539853923,1.2231667239773079,1.1500411564734176,1.1326572044687857,0.0,0.11605094308081822,8.439462736686707e-07,1.7284019684734375,1.00000000028744
600.0,2.2217054076787313,0.5,2.1452946997993987,-0.2705730315412418,2.5336899611943804,1.094075555937091,1.1326572044687857,3.818830295441498,0.11605094308081822,8.439462736686707e-07,1.7284019684734375,1.0000000014143609
600.0,2.2217054076787313,1.0,4.391304868569979,0.04053359793800085,6.317192219653912,3.9583030154141468,1.1326572044687857,7.637660590882996,0.11605094308081822,8.439462736686707e-07,1.7284019684734375,0.9999999998557503
600.0,2.2217054076787313,1.5,6.987820442634673,0.24228174559901197,9.258604214277442,1.137700006972127,1.1326572044687857,11.456490886324493,0.11605094308081822,8.439462736686707e-07,1.7284019684734375,1.0000000001189138
600.0,2.2217054076787313,2.0,9.671607368355872,0.3834386661259095,12.66926248615919,7.675617514823739,1.1326572044687857,15.275321181765992,0.11605094308081822,8.439462736686707e-07,1.7284019684734375,1.000000000186716
600.0,2.2217054076787313,2.5,12.405142078542182,0.4915417513692225,15.89247690061145,1.136210428606509,1.1326572044687857,19.094151477207493,0.11605094308081822,8.439462736686707e-07,1.7284019684734375,0.9999999997639156
600.0,2.2217054076787313,3.0,15.184533906176243,0.5793414743314993,19.10475749364786,11.39422709572495,1.1326572044687857,22.912981772648987,0.11605094308081822,8.439462736686707e-07,1.7284019684734375,0.9999999998191426
600.0,2.2217054076787313,3.5,18.00438593622753,0.6533183224351214,22.328277919122783,1.1362202535017616,1.1326572044687857,26.731812068090488,0.11605094308081822,8.439462736686707e-07,1.7284019684734375,0.999999999470047
600.0,2.2217054076787313,4.0,20.80962665239791,0.7162042972326351,25.611831380607995,15.11249095529259,1.1326572044687857,30.550642363531985,0.11605094308081822,8.439462736686707e-07,1.7284019684734375,0.9999999998986963
600.0,2.2217054076787313,4.5,23.672859775487122,0.7721907342687239,28.73610826383668,9.51818437225636,1.1326572044687857,34.36947265897348,0.11605094308081822,8.439462736686707e-07,1.7284019684734375,0.9999999999552183
600.0,2.2217054076787313,5.0,26.473795353435634,0.8207562160442554,32.034753408562615,18.82900768437129,1.1326572044687857,38.188302954414986,0.11605094308081822,8.439462736686707e-07,1.7284019684734375,0.9999999999776671
600.0,2.2217054076787313,5.5,29.352781762223604,0.8655892742807435,35.20671873095999,20.688628763478285,1.1326572044687857,42.00713324985648,0.11605094308081822,8.439462736686707e-07,1.7284019684734375,0.9999999999526078
600.0,2.2217054076787313,6.0,32.138708533502104,0.9049684296979127,38.42381727610609,22.546147180556236,1.1326572044687857,45.825963545297974,0.11605094308081822,8.439462736686707e-07,1.7284019684734375,0.9999999998482118
650.0,2.2217054076787313,0.0,0.8916970781973648,-0.6518426477261804,1.1290769759790535,1.245877919512869,1.2270453048411845,0.0,0.12572185500421973,9.142751298077265e-07,1.8724354658462237,1.00000000028744
650.0,2.2217054076787313,0.5,2.1207357756550396,-0.2755734285743327,1.965187421061165,2.2676215953482513,1.2270453048411845,3.818830295441498,0.12572185500421973,9.142751298077265e-07,1.8724354658462237,1.0000000007468588
650.0,2.2217054076787313,1.0,4.412552031973877,0.042629848215997204,5.2613630888402865,3.3127596711376324,1.2270453048411845,7.637660590882996,0.12572185500421973,9.142751298077265e-07,1.8724354658462237,1.0000000002926923
650.0,2.2217054076787313,1.5,6.878613978822259,0.23544094661831097,7.8032768732236075,1.2278625914101442,1.2270453048411845,11.456490886324493,0.12572185500421973,9.142751298077265e-07,1.8724354658462237,1.000000000377156
650.0,2.2217054076787313,2.0,9.56527823094648,0.3786376158014105,10.643300690533072,7.315941286644506,1.2270453048411845,15.275321181765992,0.12572185500421973,9.142751298077265e-07,1.8724354658462237,0.9999999998432891
650.0,2.2217054076787313,2.5,12.314408754369284,0.4883535737810638,13.45771439992633,1.2259244903381457,1.2270453048411845,19.094151477207493,0.12572185500421973,9.142751298077265e-07,1.8724354658462237,1.0000000002856564
650.0,2.2217054076787313,3.0,15.029378694011328,0.5748810361425332,16.229469251369455,11.337214362095914,1.2270453048411845,22.912981772648987,0.12572185500421973,9.142751298077265e-07,1.8724354658462237,1.0000000002242146
650.0,2.2217054076787313,3.5,17.891328865430154,0.6505826073439624,18.94143534317542,3.258657620733616,1.2270453048411845,26.731812068090488,0.12572185500421973,9.142751298077265e-07,1.8724354658462237,0.9999999998130288
650.0,2.2217054076787313,4.0,20.650254877332145,0.7128654250100167,21.792150996723965,15.359460073672333,1.2270453048411845,30.550642363531985,0.12572185500421973,9.142751298077265e-07,1.8724354658462237,0.9999999997655488
650.0,2.2217054076787313,4.5,23.513836840228784,0.7692635090254846,24.50474807862175,16.384485291648204,1.2270453048411845,34.36947265897348,0.12572185500421973,9.142751298077265e-07,1.8724354658462237,1.0000000001533385
650.0,2.2217054076787313,5.0,26.342141048884443,0.8185910795228124,27.240414073608473,18.39301142449174,1.2270453048411845,38.188302954414986,0.12572185500421973,9.142751298077265e-07,1.8724354658462237,1.0000000000936502
650.0,2.2217054076787313,5.5,29.17459240106714,0.8629448058931669,30.030296491895236,20.403363075974678,1.2270453048411845,42.00713324985648,0.12572185500421973,9.142751298077265e-07,1.8724354658462237,1.0000000000396896
650.0,2.2217054076787313,6.0,32.022878548447785,0.9034003769023332,32.73275539417362,22.415299518671013,1.2270453048411845,45.825963545297974,0.12572185500421973,9.142751298077265e-07,1.8724354658462237,0.9999999999955647
700.0,2.2217054076787313,0.0,0.9602891611356235,-0.6196579643547793,1.0484286205519784,1.3417146825523203,1.3214334052135834,0.0,0.13539276692762123,9.846039859467823e-07,2.01646896321901,1.00000000028744
700.0,2.2217054076787313,0.5,2.056858904582547,-0.2888554901353761,1.5993807589282094,2.440110953063064,1.3214334052135834,3.818830295441498,0.13539276692762123,9.846039859467823e-07,2.01646896321901,1.0000000016725132
700.0,2.2217054076787313,1.0,4.405964079467625,0.041980960825735894,4.502126585868601,3.5455106398819356,1.3214334052135834,7.637660590882996,0.13539276692762123,9.846039859467823e-07,2.01646896321901,0.9999999996824677
700.0,2.2217054076787313,1.5,6.874047529806942,0.2351525393626124,6.882837249999045,1.3167924732993783,1.3214334052135834,11.456490886324493,0.13539276692762123,9.846039859467823e-07,2.01646896321901,0.9999999995265217
700.0,2.2217054076787313,2.0,9.452517312833942,0.3734874901428829,9.259151707611075,7.868890674516491,1.3214334052135834,15.275321181765992,0.13539276692762123,9.846039859467823e-07,2.01646896321901,0.9999999998845464
700.0,2.2217054076787313,2.5,12.162570502696125,0.48296537942784096,11.735154605339947,8.967693246562508,1.3214334052135834,19.094151477207493,0.13539276692762123,9.846039859467823e-07,2.01646896321901,1.0000000000796847
700.0,2.2217054076787313,3.0,14.957933929475887,0.5728116192463506,14.07521685735042,4.599626124900365,1.3214334052135834,22.912981772648987,0.13539276692762123,9.846039859467823e-07,2.01646896321901,0.9999999998995439
700.0,2.2217054076787313,3.5,17.715289557205615,0.6462882639621125,16.37550642312674,13.293264945012439,1.3214334052135834,26.731812068090488,0.13539276692762123,9.846039859467823e-07,2.01646896321901,0.9999999998191426
700.0,2.2217054076787313,4.0,20.50183769756799,0.7097327997835424,18.667778983061513,1.3235663431787787,1.3214334052135834,30.550642363531985,0.13539276692762123,9.846039859467823e-07,2.01646896321901,0.9999999999308495
700.0,2.2217054076787313,4.5,23.368492238767864,0.7665707008029335,21.068534679963484,16.55216306445706,1.3214334052135834,34.36947265897348,0.13539276692762123,9.846039859467823e-07,2.01646896321901,0.9999999999319509
700.0,2.2217054076787313,5.0,26.18594317789006,0.8160082298186936,23.349146547753307,1.3215962970865136,1.3214334052135834,38.188302954414986,0.13539276692762123,9.846039859467823e-07,2.01646896321901,1.0000000000290192
700.0,2.2217054076787313,5.5,28.99874830380344,0.8603192611750268,25.785518034553764,20.8800338345063,1.3214334052135834,42.00713324985648,0.13539276692762123,9.846039859467823e-07,2.01646896321901,0.9999999998282287
700.0,2.2217054076787313,6.0,31.878191780583062,0.9014336877076992,28.20809932100355,21.979260351647014,1.3214334052135834,45.825963545297974,0.13539276692762123,9.846039859467823e-07,2.01646896321901,1.0000000002488427
400.0,2.455640192120709,0.0,0.4964616626714237,-0.9061742739106389,2.027940355198728,0.6936555457346357,0.6831702907966518,0.0,0.06999695602424712,5.090322287486633e-07,1.0424980044772625,1.00000000028744
400.0,2.455640192120709,0.5,2.439612156479698,-0.21473920256667245,9.363298010681122,1.8425639447061575,0.6831702907966518,4.220934570336338,0.06999695602424712,5.090322287486633e-07,1.0424980044772625,1.0000000007534897
400.0,2.455640192120709,1.0,5.27800991008817,0.12041020999611528,18.982316755834212,4.072507511680132,0.6831702907966518,8.441869140672676,0.06999695602424712,5.090322287486633e-07,1.0424980044772625,0.9999999994367625
400.0,2.455640192120709,1.5,8.300841337302051,0.3170621214854603,28.977845430401214,6.31147530421709,0.6831702907966518,12.662803711009014,0.06999695602424712,5.090322287486633e-07,1.0424980044772625,0.9999999995260984
400.0,2.455640192120709,2.0,11.411329989640802,0.4552762730289591,38.87890527142154,8.001806244128808,0.6831702907966518,16.88373828134535,0.06999695602424712,5.090322287486633e-07,1.0424980044772625,1.000000000035443
400.0,2.455640192120709,2.5,14.554242547835148,0.5609296168765904,48.57395318929324,10.23876682775745,0.6831702907966518,21.10467285168169,0.06999695602424712,5.090322287486633e-07,1.0424980044772625,0.9999999999292166
400.0,2.455640192120709,3.0,17.696260494773117,0.6458215113012677,58.34324035090527,12.478408446167032,0.6831702907966518,25.325607422018027,0.06999695602424712,5.090322287486633e-07,1.0424980044772625,0.9999999997529272
400.0,2.455640192120709,3.5,20.797210424827092,0.7159450946756074,68.07241247814001,0.6846563173266051,0.6831702907966518,29.546541992354367,0.06999695602424712,5.090322287486633e-07,1.0424980044772625,1.000000000223237
400.0,2.455640192120709,4.0,23.840993130108124,0.7752643512646582,77.69005435758399,0.6842348411962796,0.6831702907966518,33.7674765626907,0.06999695602424712,5.090322287486633e-07,1.0424980044772625,1.0000000001331304
400.0,2.455640192120709,4.5,26.804187955599396,0.8261426632945726,87.41162550566204,0.6839807463378882,0.6831702907966518,37.98841113302704,0.06999695602424712,5.090322287486633e-07,1.0424980044772625,0.9999999999747318
400.0,2.455640192120709,5.0,29.66228046623234,0.8701445456485766,97.18108555567144,0.6836634425167083,0.6831702907966518,42.20934570336338,0.06999695602424712,5.090322287486633e-07,1.0424980044772625,1.000000000030242
400.0,2.455640192120709,5.5,32.40762647915921,0.9085872333250175,106.92689083608226,0.6828878783623729,0.6831702907966518,46.43028027369972,0.06999695602424712,5.090322287486633e-07,1.0424980044772625,1.0000000000483376
400.0,2.455640192120709,6.0,35.2236459943257,0.9447743163868648,116.74127116847716,25.40707309101741,0.6831702907966518,50.651214844036055,0.06999695602424712,5.090322287486633e-07,1.0424980044772625,0.9999999999854635
450.0,2.455640192120709,0.0,0.5585193705053517,-0.8550217514632575,1.8026136490655362,0.7803624889514653,0.7685665771462333,0.0,0.07874657552727801,5.726612573422462e-07,1.1728102550369202,1.00000000028744
450.0,2.455640192120709,0.5,2.389894492645622,-0.2236812628790857,7.399213974853075,2.0581533655428212,0.7685665771462333,4.220934570336338,0.07874657552727801,5.726612573422462e-07,1.1728102550369202,0.99999999975682
450.0,2.455640192120709,1.0,5.22116149518332,0.11570713520630554,15.110647743605803,3.955069825260645,0.7685665771462333,8.441869140672676,0.07874657552727801,5.726612573422462e-07,1.1728102550369202,0.9999999994551912
450.0,2.455640192120709,1.5,8.18796382929327,0.3111159241508989,22.773886741661393,0.7699216031423111,0.7685665771462333,12.662803711009014,0.07874657552727801,5.726612573422462e-07,1.1728102550369202,0.9999999997818515
450.0,2.455640192120709,2.0,11.302511653392086,0.45111497215552226,30.446001629806986,0.7672230232242531,0.7685665771462333,16.88373828134535,0.07874657552727801,5.726612573422462e-07,1.1728102550369202,0.9999999994927523
450.0,2.455640192120709,2.5,14.395357930283948,0.5561624764422112,38.44062576178421,10.25768149180226,0.7685665771462333,21.10467285168169,0.07874657552727801,5.726612573422462e-07,1.1728102550369202,0.999999999985345
450.0,2.455640192120709,3.0,17.55331572934578,0.6422991731744666,46.014690789653166,12.152197224519647,0.7685665771462333,25.325607422018027,0.07874657552727801,5.726612573422462e-07,1.1728102550369202,0.9999999996814704
450.0,2.455640192120709,3.5,20.66799130376317,0.7132382788125253,53.64946381963753,14.669516221581652,0.7685665771462333,29.546541992354367,0.07874657552727801,5.726612573422462e-07,1.1728102550369202,0.9999999998306057
450.0,2.455640192120709,4.0,23.786239455753922,0.7742657952780588,61.53163068758379,16.55889242724685,0.7685665771462333,33.7674765626907,0.07874657552727801,5.726612573422462e-07,1.1728102550369202,0.9999999999448492
450.0,2.455640192120709,4.5,26.82111727137164,0.8264168737120394,69.05782609563022,0.7697641963458147,0.7685665771462333,37.98841113302704,0.07874657552727801,5.726612573422462e-07,1.1728102550369202,1.0000000001331304
450.0,2.455640192120709,5.0,29.810105945666592,0.8723035281980136,76.77244485773184,0.7683691468624421,0.7685665771462333,42.20934570336338,0.07874657552727801,5.726612573422462e-07,1.1728102550369202,0.9999999999876614
450.0,2.455640192120709,5.5,32.64886662328862,0.9118081183935423,84.60635644983677,23.49599763588594,0.7685665771462333,46.43028027369972,0.07874657552727801,5.726612573422462e-07,1.1728102550369202,1.0000000000875333
450.0,2.455640192120709,6.0,35.43204426953797,0.9473362185656976,92.2119946956049,25.39112054630971,0.7685665771462333,50.651214844036055,0.07874657552727801,5.726612573422462e-07,1.1728102550369202,1.0000000000768232
500.0,2.455640192120709,0.0,0.6205770783392798,-0.8092642609025824,1.6223522841589824,0.8670694321682948,0.8539628634958149,0.0,0.08749619503030891,6.362902859358292e-07,1.303122505596578,1.00000000028744
500.0,2.455640192120709,0.5,2.280528696019449,-0.24402444996499753,6.026466076852178,2.2819336705592868,0.8539628634958149,4.220934570336338,0.08749619503030891,6.362902859358292e-07,1.303122505596578,1.000000001343949
500.0,2.455640192120709,1.0,5.1123202822310745,0.10655806283027884,11.939929674082439,0.8564614315913023,0.8539628634958149,8.441869140672676,0.08749619503030891,6.362902859358292e-07,1.303122505596578,1.0000000000580977
500.0,2.455640192120709,1.5,8.117236420805053,0.3073482039869027,18.60791972654236,5.801608142766318,0.8539628634958149,12.662803711009014,0.08749619503030891,6.362902859358292e-07,1.303122505596578,1.0000000004664642
500.0,2.455640192120709,2.0,11.186217162745383,0.4466232548878075,24.67132351511524,7.900434955048052,0.8539628634958149,16.88373828134535,0.08749619503030891,6.362902859358292e-07,1.303122505596578,0.9999999998390169
500.0,2.455640192120709,2.5,14.264162487051003,0.5521862860370156,31.103124217137232,10.00225780516101,0.8539628634958149,21.10467285168169,0.08749619503030891,6.362902859358292e-07,1.303122505596578,1.000000000035443
500.0,2.455640192120709,3.0,17.38813177250901,0.6381929314179294,37.12152270178049,0.8551992629194225,0.8539628634958149,25.325607422018027,0.08749619503030891,6.362902859358292e-07,1.303122505596578,1.0000000000126286
500.0,2.455640192120709,3.5,20.54881957737497,0.7107268876453593,43.56305750323702,14.20304227730815,0.8539628634958149,29.546541992354367,0.08749619503030891,6.362902859358292e-07,1.303122505596578,1.000000000157031
500.0,2.455640192120709,4.0,23.670307359420917,0.7721439059603857,49.69351305006445,16.3089798077818,0.8539628634958149,33.7674765626907,0.08749619503030891,6.362902859358292e-07,1.303122505596578,0.9999999999944815
500.0,2.455640192120709,4.5,26.75280078042231,0.8253092641810227,56.032680839271386,19.100261635733403,0.8539628634958149,37.98841113302704,0.08749619503030891,6.362902859358292e-07,1.303122505596578,0.9999999998192313
500.0,2.455640192120709,5.0,29.801241412635157,0.8721743642727146,62.152043486067186,0.8552935514953497,0.8539628634958149,42.20934570336338,0.08749619503030891,6.362902859358292e-07,1.303122505596578,1.0000000001331304
500.0,2.455640192120709,5.5,32.78995458593747,0.9136808238442874,68.48030462163815,23.300872410943615,0.8539628634958149,46.43028027369972,0.08749619503030891,6.362902859358292e-07,1.303122505596578,0.999999999916626
500.0,2.455640192120709,6.0,35.676674003961125,0.9503243686963257,74.6782640658285,25.426172501271157,0.8539628634958149,50.651214844036055,0.08749619503030891,6.362902859358292e-07,1.303122505596578,0.9999999999675019
550.0,2.455640192120709,0.0,0.6826347861732075,-0.7678715757443575,1.4748657128718026,0.953776375385124,0.9393591498453963,0.0,0.09624581453333977,6.999193145294119e-07,1.4334347561562355,1.00000000028744
550.0,2.455640192120709,0.5,2.284739196888489,-0.24322335883306476,4.8429276433560196,1.7759483138506713,0.9393591498453963,4.220934570336338,0.09624581453333977,6.999193145294119e-07,1.4334347561562355,0.999999999046541
550.0,2.455640192120709,1.0,5.057925297865292,0.1019124194921145,9.891685247726466,0.9384668833940292,0.9393591498453963,8.441869140672676,0.09624581453333977,6.999193145294119e-07,1.4334347561562355,0.9999999998606524
550.0,2.455640192120709,1.5,8.01743853197854,0.3019756476404774,15.267906180226275,6.365667420752148,0.9393591498453963,12.662803711009014,0.09624581453333977,6.999193145294119e-07,1.4334347561562355,0.9999999998658703
550.0,2.455640192120709,2.0,11.050922823238219,0.4413385545941565,20.540667177300715,7.918847021836001,0.9393591498453963,16.88373828134535,0.09624581453333977,6.999193145294119e-07,1.4334347561562355,1.000000000537947
550.0,2.455640192120709,2.5,14.135098575159436,0.548238850185126,25.42617018036285,0.9397105479017783,0.9393591498453963,21.10467285168169,0.09624581453333977,6.999193145294119e-07,1.4334347561562355,1.000000000133892
550.0,2.455640192120709,3.0,17.250151729564138,0.6347329280826433,30.867455234087593,12.53332926716333,0.9393591498453963,25.325607422018027,0.09624581453333977,6.999193145294119e-07,1.4334347561562355,1.0000000001013238
550.0,2.455640192120709,3.5,20.380290051706133,0.7071503692530954,35.92951373449,14.840957743695368,0.9393591498453963,29.546541992354367,0.09624581453333977,6.999193145294119e-07,1.4334347561562355,0.9999999998358979
550.0,2.455640192120709,4.0,23.520018713326433,0.7693776716157292,41.00646832123014,0.9403540781217493,0.9393591498453963,33.7674765626907,0.09624581453333977,6.999193145294119e-07,1.4334347561562355,1.0000000002182716
550.0,2.455640192120709,4.5,26.640805750775133,0.8234873645991116,46.309312769727605,18.69831407750338,0.9393591498453963,37.98841113302704,0.09624581453333977,6.999193145294119e-07,1.4334347561562355,0.9999999999023953
550.0,2.455640192120709,5.0,29.732777598695776,0.8711754910165463,51.40636579522036,21.012854585205357,0.9393591498453963,42.20934570336338,0.09624581453333977,6.999193145294119e-07,1.4334347561562355,1.0000000001536868
550.0,2.455640192120709,5.5,32.78136555389867,0.9135670494309396,56.50185771460655,0.9408229066448844,0.9393591498453963,46.43028027369972,0.09624581453333977,6.999193145294119e-07,1.4334347561562355,1.0000000001331304
550.0,2.455640192120709,6.0,35.758612848548196,0.9513206719305448,61.792238124999024,24.87488611650226,0.9393591498453963,50.651214844036055,0.09624581453333977,6.999193145294119e-07,1.4334347561562355,1.0000000000446918
600.0,2.455640192120709,0.0,0.7446924940071356,-0.7300830148549576,1.3519602367991521,1.0404833186019535,1.0247554361949778,0.0,0.10499543403637067,7.635483431229949e-07,1.5637470067158936,1.00000000028744
600.0,2.455640192120709,0.5,2.317734267109193,-0.23699634958117402,3.895678283688561,1.9105055602168297,1.0247554361949778,4.220934570336338,0.10499543403637067,7.635483431229949e-07,1.5637470067158936,1.0000000006439833
600.0,2.455640192120709,1.0,5.060604602837045,0.10214241483791718,8.609422847927952,4.421249684088263,1.0247554361949778,8.441869140672676,0.10499543403637067,7.635483431229949e-07,1.5637470067158936,1.0000000004007086
600.0,2.455640192120709,1.5,7.917014865132254,0.2965014690517964,12.654877837222811,6.108761267520197,1.0247554361949778,12.662803711009014,0.10499543403637067,7.635483431229949e-07,1.5637470067158936,0.9999999994367625
600.0,2.455640192120709,2.0,10.917285105724359,0.4360546607591988,17.080415056246046,1.0265621375230813,1.0247554361949778,16.88373828134535,0.10499543403637067,7.635483431229949e-07,1.5637470067158936,0.9999999997818515
600.0,2.455640192120709,2.5,13.999675115604479,0.5440579659833192,21.538145577416298,10.311610911443246,1.0247554361949778,21.10467285168169,0.10499543403637067,7.635483431229949e-07,1.5637470067158936,1.0000000002940095
600.0,2.455640192120709,3.0,17.1169949844612,0.6313675320846404,25.919270180947695,12.00270936619321,1.0247554361949778,25.325607422018027,0.10499543403637067,7.635483431229949e-07,1.5637470067158936,1.000000000035443
600.0,2.455640192120709,3.5,20.26106704839436,0.7046023224024472,30.04649196960553,1.0246861257611237,1.0247554361949778,29.546541992354367,0.10499543403637067,7.635483431229949e-07,1.5637470067158936,0.9999999999680859
600.0,2.455640192120709,4.0,23.404420972461036,0.7672379097827665,34.51101809223988,16.20292963269286,1.0247554361949778,33.7674765626907,0.10499543403637067,7.635483431229949e-07,1.5637470067158936,0.9999999996814704
600.0,2.455640192120709,4.5,26.54439074215967,0.8219127703569489,38.89549356727018,18.71761266925055,1.0247554361949778,37.98841113302704,0.10499543403637067,7.635483431229949e-07,1.5637470067158936,0.9999999997529272
600.0,2.455640192120709,5.0,29.656529928842982,0.8700603421169357,43.19083070086014,20.405429870730696,1.0247554361949778,42.20934570336338,0.10499543403637067,7.635483431229949e-07,1.5637470067158936,1.0000000001262206
600.0,2.455640192120709,5.5,32.73456569487677,0.9129465919758846,47.48254611114787,22.925824035311443,1.0247554361949778,46.43028027369972,0.10499543403637067,7.635483431229949e-07,1.5637470067158936,0.9999999998486019
600.0,2.455640192120709,6.0,35.76148969516218,0.9513556103203393,51.793369571722664,1.0263522617944194,1.0247554361949778,50.651214844036055,0.10499543403637067,7.635483431229949e-07,1.5637470067158936,1.0000000001331304
650.0,2.455640192120709,0.0,0.8067502018410634,-0.6953209085957458,1.2479632955069098,1.1271902618187828,1.1101517225445592,0.0,0.11374505353940154,8.271773717165778e-07,1.6940592572755513,1.00000000028744
650.0,2.455640192120709,0.5,2.338417762221517,-0.23313789013942143,3.1961964203097355,2.0605291688931406,1.1101517225445592,4.220934570336338,0.11374505353940154,8.271773717165778e-07,1.6940592572755513,1.000000001170994
650.0,2.455640192120709,1.0,4.921521045913105,0.09003935529234726,7.430308652230894,3.892202440473152,1.1101517225445592,8.441869140672676,0.11374505353940154,8.271773717165778e-07,1.6940592572755513,0.9999999997422488
650.0,2.455640192120709,1.5,7.827976447645342,0.2915895189802991,10.882221182053984,5.7237611724088415,1.1101517225445592,12.662803711009014,0.11374505353940154,8.271773717165778e-07,1.6940592572755513,0.9999999999998355
650.0,2.455640192120709,2.0,10.86950438800243,0.43414975087583235,14.610939053554924,7.556767511894622,1.1101517225445592,16.88373828134535,0.11374505353940154,8.271773717165778e-07,1.6940592572755513,1.000000000099087
650.0,2.455640192120709,2.5,13.885470562446535,0.5405006107425471,18.21497639637672,10.260142997211913,1.1101517225445592,21.10467285168169,0.11374505353940154,8.271773717165778e-07,1.6940592572755513,0.9999999996187324
650.0,2.455640192120709,3.0,16.972494267137733,0.6276856793252349,21.872658994718414,1.1113288148005496,1.1101517225445592,25.325607422018027,0.11374505353940154,8.271773717165778e-07,1.6940592572755513,0.9999999998286221
650.0,2.455640192120709,3.5,20.124460338825585,0.7016642517485849,25.745509719813416,14.809617785909792,1.1101517225445592,29.546541992354367,0.11374505353940154,8.271773717165778e-07,1.6940592572755513,0.9999999998366959
650.0,2.455640192120709,4.0,23.26549499415166,0.7646523056419793,29.39686540243373,15.749841407973927,1.1101517225445592,33.7674765626907,0.11374505353940154,8.271773717165778e-07,1.6940592572755513,1.0000000004057266
650.0,2.455640192120709,4.5,26.381734906546964,0.8192433607453493,33.178327095939935,18.45949109012756,1.1101517225445592,37.98841113302704,0.11374505353940154,8.271773717165778e-07,1.6940592572755513,0.9999999997881489
650.0,2.455640192120709,5.0,29.500093891291378,0.8677634069012126,36.778917624347585,21.185974084505915,1.1101517225445592,42.20934570336338,0.11374505353940154,8.271773717165778e-07,1.6940592572755513,0.9999999998475457
650.0,2.455640192120709,5.5,32.634370096229404,0.9116152430972665,40.41938949665438,1.109769045763891,1.1101517225445592,46.43028027369972,0.11374505353940154,8.271773717165778e-07,1.6940592572755513,0.9999999999461578
650.0,2.455640192120709,6.0,35.72344568544129,0.9508933505459358,44.12948016696133,24.839157416686273,1.1101517225445592,50.651214844036055,0.11374505353940154,8.271773717165778e-07,1.6940592572755513,1.0000000001366962
700.0,2.455640192120709,0.0,0.8688079096749913,-0.6631362252243445,1.158823060113559,1.2138972050356123,1.1955480088941408,0.0,0.12249467304243243,8.908064003101607e-07,1.8243715078352092,1.00000000028744
700.0,2.455640192120709,0.5,2.3600257469669117,-0.22914325034740626,2.633536527923216,2.214137918902021,1.1955480088941408,4.220934570336338,0.12249467304243243,8.908064003101607e-07,1.8243715078352092,0.9999999977053685
700.0,2.455640192120709,1.0,4.859222663341372,0.08450680879387876,6.352611556181327,4.181591228999436,1.1955480088941408,8.441869140672676,0.12249467304243243,8.908064003101607e-07,1.8243715078352092,1.0000000008693606
700.0,2.455640192120709,1.5,7.807996645122977,0.29047962672656297,9.303485242247497,6.145936177688301,1.1955480088941408,12.662803711009014,0.12249467304243243,8.908064003101607e-07,1.8243715078352092,0.9999999994783421
700.0,2.455640192120709,2.0,10.700510909607292,0.4273445227989311,12.660169428562735,8.108303845267624,1.1955480088941408,16.88373828134535,0.12249467304243243,8.908064003101607e-07,1.8243715078352092,0.9999999994104515
700.0,2.455640192120709,2.5,13.805378581195813,0.5379883293517679,15.856895355330142,10.073207815207601,1.1955480088941408,21.10467285168169,0.12249467304243243,8.908064003101607e-07,1.8243715078352092,1.0000000001828264
700.0,2.455640192120709,3.0,16.8600146977855,0.6247979575588842,18.98635874205656,12.037709590534913,1.1955480088941408,25.325607422018027,0.12249467304243243,8.908064003101607e-07,1.8243715078352092,1.0000000005101044
700.0,2.455640192120709,3.5,19.9698274818714,0.6983143217152534,22.21651729795517,14.00316092722541,1.1955480088941408,29.546541992354367,0.12249467304243243,8.908064003101607e-07,1.8243715078352092,1.000000000035443
700.0,2.455640192120709,4.0,23.12789608449603,0.7620761360188597,25.318922787447335,15.968185957066105,1.1955480088941408,33.7674765626907,0.12249467304243243,8.908064003101607e-07,1.8243715078352092,1.0000000000069051
700.0,2.455640192120709,4.5,26.22284511531433,0.8166198184840814,28.489129826120724,18.89080237128844,1.1955480088941408,37.98841113302704,0.12249467304243243,8.908064003101607e-07,1.8243715078352092,1.00000000011027
700.0,2.455640192120709,5.0,29.38532398618565,0.8660704920374788,31.662464590241477,1.1952241205042688,1.1955480088941408,42.20934570336338,0.12249467304243243,8.908064003101607e-07,1.8243715078352092,0.9999999998704531
700.0,2.455640192120709,5.5,32.509581523277845,0.9099513877867136,34.820016610128,22.82320471928451,1.1955480088941408,46.43028027369972,0.12249467304243243,8.908064003101607e-07,1.8243715078352092,0.9999999999875822
700.0,2.455640192120709,6.0,35.59366415755606,0.9493127070298014,38.00382612311906,1.196633957865853,1.1955480088941408,50.651214844036055,0.12249467304243243,8.908064003101607e-07,1.8243715078352092,0.9999999999998793
400.0,2.714207172704789,0.0,0.449166601931908,-0.949652534780204,2.241472621094532,0.6275749525398012,0.6180885678196963,0.0,0.06332874670283775,4.6053964213584237e-07,0.9431851870942052,1.00000000028744
400.0,2.714207172704789,0.5,2.7122317979287627,-0.1687331880431537,13.246357629673334,2.1662878777123877,0.6180885678196963,4.6653784716036055,0.06332874670283775,4.6053964213584237e-07,0.9431851870942052,1.0000000002930776
400.0,2.714207172704789,1.0,6.002268017463637,0.1762553926143734,26.093186784907246,4.2042928332363845,0.6180885678196963,9.330756943207211,0.06332874670283775,4.6053964213584237e-07,0.9431851870942052,1.0000000000646148
400.0,2.714207172704789,1.5,9.37635438869524,0.3699740222507226,38.96500754130605,0.6185521074161993,0.6180885678196963,13.996135414810816,0.06332874670283775,4.6053964213584237e-07,0.9431851870942052,1.000000000543811
400.0,2.714207172704789,2.0,12.844374571301064,0.5066529707702655,52.36291352709081,0.6197864757082008,0.6180885678196963,18.661513886414422,0.06332874670283775,4.6053964213584237e-07,0.9431851870942052,0.9999999998834579
400.0,2.714207172704789,2.5,16.301920959984955,0.6101787917978513,65.62599163761828,11.293432296570096,0.6180885678196963,23.326892358018025,0.06332874670283775,4.6053964213584237e-07,0.9431851870942052,1.0000000000872138
400.0,2.714207172704789,3.0,19.734225042281974,0.6931600851107484,78.69053938956715,13.827779926251086,0.6180885678196963,27.99227082962163,0.06332874670283775,4.6053964213584237e-07,0.9431851870942052,1.0000000000779472
400.0,2.714207172704789,3.5,23.07138850929022,0.7610137411981838,91.95075038760083,15.86028349855113,0.6180885678196963,32.657649301225234,0.06332874670283775,4.6053964213584237e-07,0.9431851870942052,0.9999999999835582
400.0,2.714207172704789,4.0,26.245848094702023,0.8170006195692341,105.15876313781202,18.895591312862905,0.6180885678196963,37.323027772828844,0.06332874670283775,4.6053964213584237e-07,0.9431851870942052,1.0000000000094602
400.0,2.714207172704789,4.5,29.307482416769943,0.8649185217721973,118.13696261494006,0.6177143433358423,0.6180885678196963,41.98840624443245,0.06332874670283775,4.6053964213584237e-07,0.9431851870942052,0.999999999932832
400.0,2.714207172704789,5.0,32.43243601804893,0.9089195786667464,131.27775246971925,0.619116444580649,0.6180885678196963,46.65378471603605,0.06332874670283775,4.6053964213584237e-07,0.9431851870942052,1.0000000000353817
400.0,2.714207172704789,5.5,35.68444756487853,0.9504189864531744,144.59031693140193,25.534367543018924,0.6180885678196963,51.31916318763966,0.06332874670283775,4.6053964213584237e-07,0.9431851870942052,0.9999999998702463
400.0,2.714207172704789,6.0,39.02210504285597,0.9892507023270934,157.7015191626381,28.067055140967607,0.6180885678196963,55.98454165924326,0.06332874670283775,4.6053964213584237e-07,0.9431851870942052,0.9999999999423649
450.0,2.714207172704789,0.0,0.5053124271733964,-0.8985000123328227,1.9924201076395844,0.7060218216072763,0.6953496387971585,0.0,0.07124484004069247,5.181070974028226e-07,1.0610833354809805,1.00000000028744
450.0,2.714207172704789,0.5,2.683191921757732,-0.1734082535873151,10.222708205789134,2.429859503359354,0.6953496387971585,4.6653784716036055,0.07124484004069247,5.181070974028226e-07,1.0610833354809805,1.00000000042662
450.0,2.714207172704789,1.0,5.90735064419817,0.1693327588290802,20.509349965996805,4.711832799814225,0.6953496387971585,9.330756943207211,0.07124484004069247,5.181070974028226e-07,1.0610833354809805,1.0000000002458571
450.0,2.714207172704789,1.5,9.272562332762048,0.3651397701316889,30.94131066515363,6.994566836506553,0.6953496387971585,13.996135414810816,0.07124484004069247,5.181070974028226e-07,1.0610833354809805,0.9999999999036161
450.0,2.714207172704789,2.0,12.708071210331884,0.5020196484254748,41.49200011700314,9.277062902376116,0.6953496387971585,18.661513886414422,0.07124484004069247,5.181070974028226e-07,1.0610833354809805,0.9999999999637724
450.0,2.714207172704789,2.5,16.170476307713393,0.6066628210809153,51.90569114649644,11.558503496703155,0.6953496387971585,23.326892358018025,0.07124484004069247,5.181070974028226e-07,1.0610833354809805,1.0000000000332725
450.0,2.714207172704789,3.0,19.623610110113994,0.6907189152162617,62.25922626385137,13.840246149722985,0.6953496387971585,27.99227082962163,0.07124484004069247,5.181070974028226e-07,1.0610833354809805,1.000000000124829
450.0,2.714207172704789,3.5,23.02942141975942,0.7602230357651336,72.68375864498539,16.1280065712709,0.6953496387971585,32.657649301225234,0.07124484004069247,5.181070974028226e-07,1.0610833354809805,0.9999999998662188
450.0,2.714207172704789,4.0,26.349859406372534,0.8187183109834306,83.11412059120127,18.411553254006602,0.6953496387971585,37.323027772828844,0.07124484004069247,5.181070974028226e-07,1.0610833354809805,1.000000000054924
450.0,2.714207172704789,4.5,29.526579106539774,0.8681531420166154,93.47445612249957,21.257540226970768,0.6953496387971585,41.98840624443245,0.07124484004069247,5.181070974028226e-07,1.0610833354809805,1.0000000000094602
450.0,2.714207172704789,5.0,32.59222536477781,0.911054023345463,103.82758333164037,23.57225841157876,0.6953496387971585,46.65378471603605,0.07124484004069247,5.181070974028226e-07,1.0610833354809805,0.999999999983377
450.0,2.714207172704789,5.5,35.699756752643246,0.9506052656429234,114.22599192523852,25.8471732729297,0.6953496387971585,51.31916318763966,0.07124484004069247,5.181070974028226e-07,1.0610833354809805,1.0000000000499034
450.0,2.714207172704789,6.0,38.91294214377689,0.9880340770111566,124.6110237194113,28.151388280221806,0.6953496387971585,55.98454165924326,0.07124484004069247,5.181070974028226e-07,1.0610833354809805,0.9999999999106243
500.0,2.714207172704789,0.0,0.561458252414885,-0.8527425217721476,1.7931780968756255,0.7844686906747516,0.7726107097746205,0.0,0.0791609333785472,5.75674552669803e-07,1.1789814838677566,1.00000000028744
500.0,2.714207172704789,0.5,2.6985464766797387,-0.17093008907061388,8.058350183814177,2.078833961616658,0.7726107097746205,4.6653784716036055,0.0791609333785472,5.75674552669803e-07,1.1789814838677566,1.0000000005036251
500.0,2.714207172704789,1.0,5.805024647639163,0.1617440767278457,16.44672629798246,4.603586659453998,0.7726107097746205,9.330756943207211,0.0791609333785472,5.75674552669803e-07,1.1789814838677566,1.0000000001687757
500.0,2.714207172704789,1.5,9.162505342334194,0.3599542495431139,25.149552473997275,6.515070363784557,0.7726107097746205,13.996135414810816,0.0791609333785472,5.75674552669803e-07,1.1789814838677566,1.0000000003671254
500.0,2.714207172704789,2.0,12.605458006569153,0.4984986386219893,33.59638566982508,9.043944758668264,0.7726107097746205,18.661513886414422,0.0791609333785472,5.75674552669803e-07,1.1789814838677566,1.000000000200709
500.0,2.714207172704789,2.5,16.055468214126332,0.603562983778322,41.89033082167264,0.7747330946352511,0.7726107097746205,23.326892358018025,0.0791609333785472,5.75674552669803e-07,1.1789814838677566,0.9999999998834579
500.0,2.714207172704789,3.0,19.503985275020344,0.6880633690659185,50.29142483059992,0.7737159638240885,0.7726107097746205,27.99227082962163,0.0791609333785472,5.75674552669803e-07,1.1789814838677566,0.9999999998969736
500.0,2.714207172704789,3.5,22.948098470686066,0.7586867134515466,58.66774737234743,0.7732012554040729,0.7726107097746205,32.657649301225234,0.0791609333785472,5.75674552669803e-07,1.1789814838677566,1.0000000003320761
500.0,2.714207172704789,4.0,26.354481886599984,0.8187944913363725,67.10899809681747,0.7721346340717107,0.7726107097746205,37.323027772828844,0.0791609333785472,5.75674552669803e-07,1.1789814838677566,0.9999999997897219
500.0,2.714207172704789,4.5,29.65266819197816,0.8700037866055997,75.66079454745355,21.081032090825797,0.7726107097746205,41.98840624443245,0.0791609333785472,5.75674552669803e-07,1.1789814838677566,0.9999999999294165
500.0,2.714207172704789,5.0,32.80731011837753,0.9139106325772905,84.1270105102496,23.619489141078635,0.7726107097746205,46.65378471603605,0.0791609333785472,5.75674552669803e-07,1.1789814838677566,1.0000000000094602
500.0,2.714207172704789,5.5,35.892672866198396,0.9529458093796978,92.51218913099912,25.527437359396334,0.7726107097746205,51.31916318763966,0.0791609333785472,5.75674552669803e-07,1.1789814838677566,0.9999999998883283
500.0,2.714207172704789,6.0,38.94358753590878,0.9883759654934904,100.90323814071371,28.10716951919589,0.7726107097746205,55.98454165924326,0.0791609333785472,5.75674552669803e-07,1.1789814838677566,0.9999999999768848
550.0,2.714207172704789,0.0,0.6176040776563733,-0.8113498366139227,1.6301619062505694,0.8629155597422263,0.8498717807520825,0.0,0.08707702671640188,6.332420079367831e-07,1.2968796322545317,1.00000000028744
550.0,2.714207172704789,0.5,2.640918957580304,-0.18030491720006378,6.688865226971267,2.2758519185551256,0.8498717807520825,4.6653784716036055,0.08707702671640188,6.332420079367831e-07,1.2968796322545317,1.000000000395248
550.0,2.714207172704789,1.0,5.771018095746008,0.1591924447672739,13.658221555383639,4.373398666223123,0.8498717807520825,9.330756943207211,0.08707702671640188,6.332420079367831e-07,1.2968796322545317,1.0000000001482097
550.0,2.714207172704789,1.5,9.049369537942711,0.3545583319954472,20.58416080992007,0.8513539348937952,0.8498717807520825,13.996135414810816,0.08707702671640188,6.332420079367831e-07,1.2968796322545317,1.000000000395376
550.0,2.714207172704789,2.0,12.492486570771977,0.4945888999271254,27.523225841473955,0.8483147795209252,0.8498717807520825,18.661513886414422,0.08707702671640188,6.332420079367831e-07,1.2968796322545317,0.9999999997148222
550.0,2.714207172704789,2.5,15.910218799897986,0.5996161608475282,34.7480746252782,11.342723774302803,0.8498717807520825,23.326892358018025,0.08707702671640188,6.332420079367831e-07,1.2968796322545317,0.9999999997826703
550.0,2.714207172704789,3.0,19.40132431934402,0.6857713842184223,41.59101222049406,13.437599791802135,0.8498717807520825,27.99227082962163,0.08707702671640188,6.332420079367831e-07,1.2968796322545317,1.0000000000506204
550.0,2.714207172704789,3.5,22.843565388694785,0.7567038975537076,48.49736993938318,16.221265685280244,0.8498717807520825,32.657649301225234,0.08707702671640188,6.332420079367831e-07,1.2968796322545317,0.9999999999116617
550.0,2.714207172704789,4.0,26.29084363962687,0.8177445309577894,55.620595390396495,18.31050363647613,0.8498717807520825,37.323027772828844,0.08707702671640188,6.332420079367831e-07,1.2968796322545317,1.0000000002342433
550.0,2.714207172704789,4.5,29.64455002351626,0.8698848712198769,62.419657444051815,0.8511739155647563,0.8498717807520825,41.98840624443245,0.08707702671640188,6.332420079367831e-07,1.2968796322545317,0.9999999999333617
550.0,2.714207172704789,5.0,32.94989828523815,0.9157940869578179,69.4002069998942,0.8495560878191684,0.8498717807520825,46.65378471603605,0.08707702671640188,6.332420079367831e-07,1.2968796322545317,1.0000000000737925
550.0,2.714207172704789,5.5,36.088041130215274,0.9553033177355155,76.4791004638633,25.981438055186487,0.8498717807520825,51.31916318763966,0.08707702671640188,6.332420079367831e-07,1.2968796322545317,1.0000000000094602
550.0,2.714207172704789,6.0,39.16272926721803,0.9908129590245179,83.34980216451855,28.07704001495563,0.8498717807520825,55.98454165924326,0.08707702671640188,6.332420079367831e-07,1.2968796322545317,0.9999999999047656
600.0,2.714207172704789,0.0,0.673749902897862,-0.7735612757245228,1.494315080729688,0.9413624288097018,0.9271328517295446,0.0,0.09499312005425663,6.908094632037636e-07,1.4147777806413078,1.00000000028744
600.0,2.714207172704789,0.5,2.5385743957666227,-0.19747009591450773,5.660996287148404,2.478120026999625,0.9271328517295446,4.6653784716036055,0.09499312005425663,6.908094632037636e-07,1.4147777806413078,0.9999999997632089
600.0,2.714207172704789,1.0,5.683040574543292,0.15252076540959797,11.240283045610571,0.9308746910512457,0.9271328517295446,9.330756943207211,0.09499312005425663,6.908094632037636e-07,1.4147777806413078,0.9999999987588993
600.0,2.714207172704789,1.5,9.003402026195456,0.3523466516700547,17.395457856604832,6.306439249854577,0.9271328517295446,13.996135414810816,0.09499312005425663,6.908094632037636e-07,1.4147777806413078,1.0000000000646148
600.0,2.714207172704789,2.0,12.36341644368273,0.4900785067399889,23.205982998865217,9.326089115342072,0.9271328517295446,18.661513886414422,0.09499312005425663,6.908094632037636e-07,1.4147777806413078,0.9999999999036161
600.0,2.714207172704789,2.5,15.78535738329047,0.5961944275156666,29.107518443033776,11.606766527402103,0.9271328517295446,23.326892358018025,0.09499312005425663,6.908094632037636e-07,1.4147777806413078,0.9999999998828375
600.0,2.714207172704789,3.0,19.266561856951597,0.6827442298259467,34.908609018060545,0.9296797135623012,0.9271328517295446,27.99227082962163,0.09499312005425663,6.908094632037636e-07,1.4147777806413078,0.9999999998834579
600.0,2.714207172704789,3.5,22.734256100764664,0.7546207566735282,40.74570602094245,0.9265594546816133,0.9271328517295446,32.657649301225234,0.09499312005425663,6.908094632037636e-07,1.4147777806413078,1.0000000002680989
600.0,2.714207172704789,4.0,26.16481348015199,0.8156576518245616,46.69441969788852,18.45366153296398,0.9271328517295446,37.323027772828844,0.09499312005425663,6.908094632037636e-07,1.4147777806413078,1.000000000124829
600.0,2.714207172704789,4.5,29.601337563422963,0.8692513441664297,52.46035959304477,20.741669889376627,0.9271328517295446,41.98840624443245,0.09499312005425663,6.908094632037636e-07,1.4147777806413078,1.0000000000779472
600.0,2.714207172704789,5.0,32.9645085351873,0.9159866139437118,58.38951119775758,23.028623975108157,0.9271328517295446,46.65378471603605,0.09499312005425663,6.908094632037636e-07,1.4147777806413078,1.0000000000019778
600.0,2.714207172704789,5.5,36.22137053773268,0.9569048877178172,64.11263368543933,0.9279205578294886,0.9271328517295446,51.31916318763966,0.09499312005425663,6.908094632037636e-07,1.4147777806413078,0.9999999999683183
600.0,2.714207172704789,6.0,39.36877214205303,0.9930918786249153,70.10584209187466,28.343386969294357,0.9271328517295446,55.98454165924326,0.09499312005425663,6.908094632037636e-07,1.4147777806413078,1.0000000000094602
650.0,2.714207172704789,0.0,0.7298957281393502,-0.738799169465311,1.3793677668274047,1.0198092978771767,1.0043939227070064,0.0,0.10290921339211132,7.483769184707437e-07,1.532675929028083,1.00000000028744
650.0,2.714207172704789,0.5,2.5191868925807768,-0.20079960334327043,4.744836503549446,2.681891491781025,1.0043939227070064,4.6653784716036055,0.10290921339211132,7.483769184707437e-07,1.532675929028083,0.9999999996741642
650.0,2.714207172704789,1.0,5.599074968849687,0.14605629119466224,9.490272175969771,1.0048752232700882,1.0043939227070064,9.330756943207211,0.10290921339211132,7.483769184707437e-07,1.532675929028083,0.9999999997872819
650.0,2.714207172704789,1.5,8.856895676633743,0.3452215379237178,14.849772992093426,6.809973970682056,1.0043939227070064,13.996135414810816,0.10290921339211132,7.483769184707437e-07,1.532675929028083,1.0000000006990588
650.0,2.714207172704789,2.0,12.235490837704527,0.4855614048225194,19.74783697621456,9.279396789371566,1.0043939227070064,18.661513886414422,0.10290921339211132,7.483769184707437e-07,1.532675929028083,0.9999999997080202
650.0,2.714207172704789,2.5,15.664288586610438,0.5928506843069142,24.697969824738298,1.0062337890087922,1.0043939227070064,23.326892358018025,0.10290921339211132,7.483769184707437e-07,1.532675929028083,1.0000000000170337
650.0,2.714207172704789,3.0,19.138722776156595,0.6798529604108973,29.812321445504594,13.409617047444845,1.0043939227070064,27.99227082962163,0.10290921339211132,7.483769184707437e-07,1.532675929028083,1.000000000041685
650.0,2.714207172704789,3.5,22.621768857400603,0.7524665692514634,34.68395046375046,15.87620066135008,1.0043939227070064,32.657649301225234,0.10290921339211132,7.483769184707437e-07,1.532675929028083,1.000000000462167
650.0,2.714207172704789,4.0,26.081082245769544,0.814265617342884,39.78452091790859,18.34639966640884,1.0043939227070064,37.323027772828844,0.10290921339211132,7.483769184707437e-07,1.532675929028083,0.9999999998638599
650.0,2.714207172704789,4.5,29.512599247855775,0.8679474692492447,44.65719084627029,1.0039660099314434,1.0043939227070064,41.98840624443245,0.10290921339211132,7.483769184707437e-07,1.532675929028083,1.0000000000790805
650.0,2.714207172704789,5.0,32.90846869271117,0.9152476827081831,49.727545573160064,22.481634361857335,1.0043939227070064,46.65378471603605,0.10290921339211132,7.483769184707437e-07,1.532675929028083,1.0000000002721565
650.0,2.714207172704789,5.5,36.241374321415215,0.9571446670170443,54.70814123721126,25.75716800841909,1.0043939227070064,51.31916318763966,0.10290921339211132,7.483769184707437e-07,1.532675929028083,1.0000000000631404
650.0,2.714207172704789,6.0,39.49921256762236,0.9945284465530501,59.606434351544095,1.005736315590642,1.0043939227070064,55.98454165924326,0.10290921339211132,7.483769184707437e-07,1.532675929028083,1.000000000055088
700.0,2.714207172704789,0.0,0.7860415533808388,-0.7066144860939096,1.2808414977683042,1.0982561669446518,1.0816549936844686,0.0,0.11082530672996604,8.059443737377241e-07,1.650574077414859,1.00000000028744
700.0,2.714207172704789,0.5,2.5417095977265705,-0.1969340624622609,3.9561347348620006,2.0267936129820736,1.0816549936844686,4.6653784716036055,0.11082530672996604,8.059443737377241e-07,1.650574077414859,0.9999999993458946
700.0,2.714207172704789,1.0,5.6000684492203465,0.146133344059847,8.38516477859977,1.0772606661233852,1.0816549936844686,9.330756943207211,0.11082530672996604,8.059443737377241e-07,1.650574077414859,1.000000000000157
700.0,2.714207172704789,1.5,8.852552644549498,0.3450085267815839,12.598140514582942,6.457548267527584,1.0816549936844686,13.996135414810816,0.11082530672996604,8.059443737377241e-07,1.650574077414859,1.0000000004292253
700.0,2.714207172704789,2.0,12.173660522024939,0.4833611954050317,17.100352413574743,3.764247110530029,1.0816549936844686,18.661513886414422,0.11082530672996604,8.059443737377241e-07,1.650574077414859,0.9999999999299464
700.0,2.714207172704789,2.5,15.585227787084403,0.5906531627953785,21.312074846232147,10.897605724102448,1.0816549936844686,23.326892358018025,0.11082530672996604,8.059443737377241e-07,1.650574077414859,0.9999999999237151
700.0,2.714207172704789,3.0,19.019598502409206,0.677141353553738,25.606161497888095,13.547296523075893,1.0816549936844686,27.99227082962163,0.11082530672996604,8.059443737377241e-07,1.650574077414859,0.9999999999054417
700.0,2.714207172704789,3.5,22.47765549977686,0.7496910194565599,29.92166487262332,1.0846263324893513,1.0816549936844686,32.657649301225234,0.11082530672996604,8.059443737377241e-07,1.650574077414859,0.9999999998834579
700.0,2.714207172704789,4.0,25.950367479743324,0.8120835208871399,34.31131921599362,17.98882904854547,1.0816549936844686,37.323027772828844,0.11082530672996604,8.059443737377241e-07,1.650574077414859,0.9999999998955882
700.0,2.714207172704789,4.5,29.397917408499207,0.8662565741170976,38.469550372458,20.64879773684031,1.0816549936844686,41.98840624443245,0.11082530672996604,8.059443737377241e-07,1.650574077414859,0.9999999999835743
700.0,2.714207172704789,5.0,32.83132482450932,0.914228416602872,42.862699995498126,1.0837380246033317,1.0816549936844686,46.65378471603605,0.11082530672996604,8.059443737377241e-07,1.650574077414859,1.0000000000589664
700.0,2.714207172704789,5.5,36.2201217430229,0.9568899144025399,47.17622359034996,25.09223968754418,1.0816549936844686,51.31916318763966,0.11082530672996604,8.059443737377241e-07,1.650574077414859,0.9999999998828006
700.0,2.714207172704789,6.0,39.54115794497511,0.994989391953928,51.415084403590946,27.743653488034905,1.0816549936844686,55.98454165924326,0.11082530672996604,8.059443737377241e-07,1.650574077414859,0.9999999998664164
400.0,3.0000000000000004,0.0,0.40637707090100705,-0.9931307956497694,2.477488797062795,0.5677894791977985,0.5592068080476834,0.0,0.05729577951308232,4.1666666666666667e-07,0.8533333333333333,1.00000000028744
400.0,3.0000000000000004,0.5,3.0918695554781808,-0.11183882837502904,16.938451329679783,0.5593152801567591,0.5592068080476834,5.156620156177411,0.05729577951308232,4.1666666666666667e-07,0.8533333333333333,0.9999999992678487
400.0,3.0000000000000004,1.0,6.758128572787284,0.2277664586029063,35.260772629393315,5.16591031645558,0.5592068080476834,10.313240312354822,0.05729577951308232,4.1666666666666667e-07,0.8533333333333333,0.9999999996036621
400.0,3.0000000000000004,1.5,10.563167858470731,0.42173418985621847,53.20089421978167,7.4646104573718635,0.5592068080476834,15.469860468532232,0.05729577951308232,4.1666666666666667e-07,0.8533333333333333,1.0000000000977396
400.0,3.0000000000000004,2.0,14.407538336045796,0.5565297925118271,70.8967450902724,0.5609711008598234,0.5592068080476834,20.626480624709643,0.05729577951308232,4.1666666666666667e-07,0.8533333333333333,1.000000000009467
400.0,3.0000000000000004,2.5,18.190030646727557,0.6577734394393944,88.59652100645636,12.514610112902616,0.5592068080476834,25.78310078088705,0.05729577951308232,4.1666666666666667e-07,0.8533333333333333,1.000000000073742
400.0,3.0000000000000004,3.0,21.838368986996453,0.7371602083458493,106.24827044875668,0.5596600228401188,0.5592068080476834,30.939720937064465,0.05729577951308232,4.1666666666666667e-07,0.8533333333333333,0.9999999998140419
400.0,3.0000000000000004,3.5,25.28866102044859,0.8008658436777643,124.1237776487665,18.027856588429927,0.5592068080476834,36.09634109324187,0.05729577951308232,4.1666666666666667e-07,0.8533333333333333,0.9999999999469491
400.0,3.0000000000000004,4.0,28.698157423145496,0.8557940222475247,141.9767193863276,20.78571971775471,0.5592068080476834,41.252961249419286,0.05729577951308232,4.1666666666666667e-07,0.8533333333333333,0.9999999999196532
400.0,3.0000000000000004,4.5,32.27078528912242,0.9067495424857026,159.74230273189502,23.10045804053743,0.5592068080476834,46.40958140559669,0.05729577951308232,4.1666666666666667e-07,0.8533333333333333,1.0000000000814608
400.0,3.0000000000000004,5.0,35.96908573224081,0.9538694076668335,177.45526120088996,26.296752500871907,0.5592068080476834,51.5662015617741,0.05729577951308232,4.1666666666666667e-07,0.8533333333333333,0.9999999999966852
400.0,3.0000000000000004,5.5,39.73117500160854,0.997071417653125,195.1324550452359,0.5603017004572116,0.5592068080476834,56.72282171795151,0.05729577951308232,4.1666666666666667e-07,0.8533333333333333,1.0000000000007456
400.0,3.0000000000000004,6.0,43.50993867425821,1.0365284798422534,212.9510579437888,31.347195268319584,0.5592068080476834,61.87944187412893,0.05729577951308232,4.1666666666666667e-07,0.8533333333333333,1.0000000000263634
450.0,3.0000000000000004,0.0,0.457174204763633,-0.9419782732023879,2.202212264055818,0.6387631640975234,0.6291076590536439,0.0,0.06445775195221762,4.6874999999999996e-07,0.9599999999999999,1.00000000028744
450.0,3.0000000000000004,0.5,3.089230208439014,-0.11220971833583994,13.976190419213829,2.714084404654822,0.6291076590536439,5.156620156177411,0.06445775195221762,4.6874999999999996e-07,0.9599999999999999,1.0000000003605771
450.0,3.0000000000000004,1.0,6.6626335523644515,0.2215859362186524,27.6530462118782,0.6300864031295279,0.6291076590536439,10.313240312354822,0.06445775195221762,4.6874999999999996e-07,0.9599999999999999,1.000000000126608
450.0,3.0000000000000004,1.5,10.456622427915832,0.4173314352877343,42.02200374906434,7.367427060053075,0.6291076590536439,15.469860468532232,0.06445775195221762,4.6874999999999996e-07,0.9599999999999999,1.0000000000277725
450.0,3.0000000000000004,2.0,14.293973266472332,0.5530929741918797,55.889777120875735,9.945912080013882,0.6291076590536439,20.626480624709643,0.06445775195221762,4.6874999999999996e-07,0.9599999999999999,1.0000000000070646
450.0,3.0000000000000004,2.5,18.105212604805768,0.6557436376622316,70.03754493578194,12.525690795654095,0.6291076590536439,25.78310078088705,0.06445775195221762,4.6874999999999996e-07,0.9599999999999999,0.9999999999505692
450.0,3.0000000000000004,3.0,21.840088490926256,0.7371944023678835,83.8948649216234,0.629910636001841,0.6291076590536439,30.939720937064465,0.06445775195221762,4.6874999999999996e-07,0.9599999999999999,1.0000000000935394
450.0,3.0000000000000004,3.5,25.455871667470383,0.803727981539835,98.10478523607958,18.202758225871182,0.6291076590536439,36.09634109324187,0.06445775195221762,4.6874999999999996e-07,0.9599999999999999,1.0000000000919431
450.0,3.0000000000000004,4.0,28.858018839615553,0.8582065212730202,112.04693409942253,20.782564024048174,0.6291076590536439,41.252961249419286,0.06445775195221762,4.6874999999999996e-07,0.9599999999999999,0.9999999998934117
450.0,3.0000000000000004,4.5,32.28542710103869,0.9069465446949061,126.20152834340232,23.383934682474052,0.6291076590536439,46.40958140559669,0.06445775195221762,4.6874999999999996e-07,0.9599999999999999,0.9999999999196532
450.0,3.0000000000000004,5.0,35.83912426072692,0.9522973976816406,140.1227392978374,0.6301811166485626,0.6291076590536439,51.5662015617741,0.06445775195221762,4.6874999999999996e-07,0.9599999999999999,0.9999999999773516
450.0,3.0000000000000004,5.5,39.530774527026935,0.9948753322363233,154.28072824668442,28.559820659748592,0.6291076590536439,56.72282171795151,0.06445775195221762,4.6874999999999996e-07,0.9599999999999999,0.9999999999359901
450.0,3.0000000000000004,6.0,43.29245625957245,1.034352235504283,168.2307640179938,31.159151964647904,0.6291076590536439,61.87944187412893,0.06445775195221762,4.6874999999999996e-07,0.9599999999999999,0.9999999999847342
500.0,3.0000000000000004,0.0,0.5079713386262589,-0.8962207826417129,1.9819910376502357,0.7097368489972482,0.6990085100596044,0.0,0.0716197243913529,5.208333333333334e-07,1.0666666666666667,1.00000000028744
500.0,3.0000000000000004,0.5,2.9788359181479356,-0.12801340949777362,11.429603306157206,2.4477573853008563,0.6990085100596044,5.156620156177411,0.0716197243913529,5.208333333333334e-07,1.0666666666666667,0.9999999999056706
500.0,3.0000000000000004,1.0,6.602431132887535,0.21764388863613224,22.632899960119207,4.747659570308002,0.6990085100596044,10.313240312354822,0.0716197243913529,5.208333333333334e-07,1.0666666666666667,1.0000000002291556
500.0,3.0000000000000004,1.5,10.35769207537534,0.4132030043717593,33.68623852052054,0.6985021441950554,0.6990085100596044,15.469860468532232,0.0716197243913529,5.208333333333334e-07,1.0666666666666667,0.9999999998411494
500.0,3.0000000000000004,2.0,14.153074732737002,0.5487908085606382,45.08754132787433,0.6998662589346194,0.6990085100596044,20.626480624709643,0.0716197243913529,5.208333333333334e-07,1.0666666666666667,1.0000000000236398
500.0,3.0000000000000004,2.5,18.009422920057247,0.6534398055198836,56.717396072217916,0.7012138760747794,0.6990085100596044,25.78310078088705,0.0716197243913529,5.208333333333334e-07,1.0666666666666667,1.000000000009467
500.0,3.0000000000000004,3.0,21.78822090920993,0.7361617785760746,68.13674445797437,15.062073162533684,0.6990085100596044,30.939720937064465,0.0716197243913529,5.208333333333334e-07,1.0666666666666667,0.9999999999985264
500.0,3.0000000000000004,3.5,25.492244193139157,0.8043480786565845,79.3893882295814,17.928397056153266,0.6990085100596044,36.09634109324187,0.0716197243913529,5.208333333333334e-07,1.0666666666666667,0.9999999999933842
500.0,3.0000000000000004,4.0,29.058858875025255,0.8612185644698894,90.73191040718575,20.804148970142148,0.6990085100596044,41.252961249419286,0.0716197243913529,5.208333333333334e-07,1.0666666666666667,1.000000000010255
500.0,3.0000000000000004,4.5,32.45953998357992,0.9092823693868817,102.20516466917954,23.095435529227125,0.6990085100596044,46.40958140559669,0.0716197243913529,5.208333333333334e-07,1.0666666666666667,1.0000000001063873
500.0,3.0000000000000004,5.0,35.872696778931875,0.9527040352555812,113.58137550906207,25.98214964719339,0.6990085100596044,51.5662015617741,0.0716197243913529,5.208333333333334e-07,1.0666666666666667,0.9999999999196532
500.0,3.0000000000000004,5.5,39.419455093609805,0.9936506252802503,124.85854399556393,0.6991669619816087,0.6990085100596044,56.72282171795151,0.0716197243913529,5.208333333333334e-07,1.0666666666666667,0.9999999999293521
500.0,3.0000000000000004,6.0,43.09380551895724,1.0323548560420928,136.21856639366783,0.7002911764848183,0.6990085100596044,61.87944187412893,0.0716197243913529,5.208333333333334e-07,1.0666666666666667,1.0000000000947014
550.0,3.0000000000000004,0.0,0.5587684724888847,-0.8548280974834879,1.8018100342274872,0.780710533896973,0.7689093610655647,0.0,0.07878169683048819,5.729166666666667e-07,1.1733333333333333,1.00000000028744
550.0,3.0000000000000004,0.5,2.965798188456349,-0.12991839575552647,9.239327717413348,2.6868921721417456,0.7689093610655647,5.156620156177411,0.07878169683048819,5.729166666666667e-07,1.1733333333333333,1.0000000000704834
550.0,3.0000000000000004,1.0,6.5293160061548505,0.2128076967906957,18.53699449178089,5.210259502490373,0.7689093610655647,10.313240312354822,0.07878169683048819,5.729166666666667e-07,1.1733333333333333,1.0000000003683076
550.0,3.0000000000000004,1.5,10.248650506177805,0.40860669198531124,27.966766743160846,7.734464526591926,0.7689093610655647,15.469860468532232,0.07878169683048819,5.729166666666667e-07,1.1733333333333333,1.000000000004209
550.0,3.0000000000000004,2.0,14.045885237804113,0.5454891243547535,37.50400034430855,10.258404969975514,0.7689093610655647,20.626480624709643,0.07878169683048819,5.729166666666667e-07,1.1733333333333333,0.9999999996406479
550.0,3.0000000000000004,2.5,17.87321688293419,0.6501427340246081,46.91751324522383,12.78117881988349,0.7689093610655647,25.78310078088705,0.07878169683048819,5.729166666666667e-07,1.1733333333333333,0.9999999999469948
550.0,3.0000000000000004,3.0,21.689428700582237,0.734188121522918,56.275917717200734,15.304281054024203,0.7689093610655647,30.939720937064465,0.07878169683048819,5.729166666666667e-07,1.1733333333333333,1.0000000001170741
550.0,3.0000000000000004,3.5,25.453929457829375,0.8036948448584278,65.70102731074606,17.834038366948658,0.7689093610655647,36.09634109324187,0.07878169683048819,5.729166666666667e-07,1.1733333333333333,0.9999999999421961
550.0,3.0000000000000004,4.0,29.124405288530937,0.8621970746358532,75.13016723443343,20.359093564442002,0.7689093610655647,41.252961249419286,0.07878169683048819,5.729166666666667e-07,1.1733333333333333,1.0000000000622637
550.0,3.0000000000000004,4.5,32.636912271677375,0.9116490727610816,84.49519165483339,23.50619746316982,0.7689093610655647,46.40958140559669,0.07878169683048819,5.729166666666667e-07,1.1733333333333333,1.0000000001374103
550.0,3.0000000000000004,5.0,36.026457549037495,0.9545615690865566,93.85556721240592,26.06386103120647,0.7689093610655647,51.5662015617741,0.07878169683048819,5.729166666666667e-07,1.1733333333333333,0.9999999999270831
550.0,3.0000000000000004,5.5,39.45996645682506,0.9940967204138061,103.25579591732915,28.580364611912728,0.7689093610655647,56.72282171795151,0.07878169683048819,5.729166666666667e-07,1.1733333333333333,0.9999999999196532
550.0,3.0000000000000004,6.0,43.00984296766255,1.0315078655855312,112.64396856911998,31.1275594619182,0.7689093610655647,61.87944187412893,0.07878169683048819,5.729166666666667e-07,1.1733333333333333,1.0000000000426328
600.0,3.0000000000000004,0.0,0.6095656063515106,-0.8170395365940881,1.6516591980418631,0.8516842187966979,0.8388102120715252,0.0,0.08594366926962348,6.249999999999999e-07,1.2799999999999998,1.00000000028744
600.0,3.0000000000000004,0.5,2.9811318007061383,-0.12767881400246878,7.579479226084292,2.2609720218121727,0.8388102120715252,5.156620156177411,0.08594366926962348,6.249999999999999e-07,1.2799999999999998,1.0000000011322108
600.0,3.0000000000000004,1.0,6.4414655509698635,0.20692469719461065,15.388657796603281,4.999754947120076,0.8388102120715252,10.313240312354822,0.08594366926962348,6.249999999999999e-07,1.2799999999999998,0.9999999999785318
600.0,3.0000000000000004,1.5,10.137192859180926,0.4038577176585875,23.507181752928883,7.74886547468337,0.8388102120715252,15.469860468532232,0.08594366926962348,6.249999999999999e-07,1.2799999999999998,0.9999999996036621
600.0,3.0000000000000004,2.0,13.942163237221106,0.5422701718960342,31.516502811798258,9.823236080070764,0.8388102120715252,20.626480624709643,0.08594366926962348,6.249999999999999e-07,1.2799999999999998,1.0000000000277725
600.0,3.0000000000000004,2.5,17.779601029365868,0.6478620199356526,39.35499091203876,12.570094107820148,0.8388102120715252,25.78310078088705,0.08594366926962348,6.249999999999999e-07,1.2799999999999998,0.9999999999528862
600.0,3.0000000000000004,3.0,21.611307504068694,0.7326210515675083,47.26449672684827,0.8414566512897351,0.8388102120715252,30.939720937064465,0.08594366926962348,6.249999999999999e-07,1.2799999999999998,1.000000000009467
600.0,3.0000000000000004,3.5,25.396451317832792,0.8027130449473543,55.12791611988602,0.8402866904125992,0.8388102120715252,36.09634109324187,0.08594366926962348,6.249999999999999e-07,1.2799999999999998,0.9999999998699216
600.0,3.0000000000000004,4.0,29.120117987901672,0.8621331389761834,62.921148691217546,0.8398808480024545,0.8388102120715252,41.252961249419286,0.08594366926962348,6.249999999999999e-07,1.2799999999999998,1.0000000000935394
600.0,3.0000000000000004,4.5,32.75755348049468,0.9132514674015305,70.83218029917111,0.8394900342601782,0.8388102120715252,46.40958140559669,0.08594366926962348,6.249999999999999e-07,1.2799999999999998,0.9999999998140419
600.0,3.0000000000000004,5.0,36.2471803578087,0.9572142374363738,78.77406884207963,0.8386715701762459,0.8388102120715252,51.5662015617741,0.08594366926962348,6.249999999999999e-07,1.2799999999999998,1.0000000000268217
600.0,3.0000000000000004,5.5,39.5995433593013,0.9956301865753506,86.68752566769055,29.07709380070344,0.8388102120715252,56.72282171795151,0.08594366926962348,6.249999999999999e-07,1.2799999999999998,1.0000000001060838
600.0,3.0000000000000004,6.0,43.04723613471825,1.031885281303206,94.65114625755173,31.178579576632064,0.8388102120715252,61.87944187412893,0.08594366926962348,6.249999999999999e-07,1.2799999999999998,0.9999999999196532
650.0,3.0000000000000004,0.0,0.6603627402141364,-0.7822774303348762,1.5246084905001815,0.9226579036964226,0.9087110630774855,0.0,0.09310564170875876,6.770833333333332e-07,1.3866666666666665,1.00000000028744
650.0,3.0000000000000004,0.5,2.9644447186807903,-0.1301166353468413,6.438025412760672,2.436175831869785,0.9087110630774855,5.156620156177411,0.09310564170875876,6.770833333333332e-07,1.3866666666666665,0.9999999996132588
650.0,3.0000000000000004,1.0,6.373050455512971,0.2022873654798689,13.228013192067419,4.683594062718565,0.9087110630774855,10.313240312354822,0.09310564170875876,6.770833333333332e-07,1.3866666666666665,1.000000000131232
650.0,3.0000000000000004,1.5,10.076883345262143,0.4012662396654191,20.04569273175446,0.9127337298962005,0.9087110630774855,15.469860468532232,0.09310564170875876,6.770833333333332e-07,1.3866666666666665,0.9999999997361897
650.0,3.0000000000000004,2.0,13.819676681576963,0.5384378912869499,26.572330000175068,0.9094865304074627,0.9087110630774855,20.626480624709643,0.09310564170875876,6.770833333333332e-07,1.3866666666666665,1.0000000001094431
650.0,3.0000000000000004,2.5,17.670529699989295,0.6451895769866343,33.43163756435979,2.4122764738617533,0.9087110630774855,25.78310078088705,0.09310564170875876,6.770833333333332e-07,1.3866666666666665,0.999999999905031
650.0,3.0000000000000004,3.0,21.46973855307547,0.7297667645359539,40.336961815114954,15.108557693574456,0.9087110630774855,30.939720937064465,0.09310564170875876,6.770833333333332e-07,1.3866666666666665,1.0000000001433547
650.0,3.0000000000000004,3.5,25.303199427088348,0.8011154470683991,46.94211297637973,17.35687966504073,0.9087110630774855,36.09634109324187,0.09310564170875876,6.770833333333332e-07,1.3866666666666665,0.9999999999458051
650.0,3.0000000000000004,4.0,29.087994816425383,0.8616537928212387,53.64524875473556,20.33030091833035,0.9087110630774855,41.252961249419286,0.09310564170875876,6.770833333333332e-07,1.3866666666666665,1.0000000001288474
650.0,3.0000000000000004,4.5,32.77448514362464,0.913475886729383,60.44302556072129,23.3032960561411,0.9087110630774855,46.40958140559669,0.09310564170875876,6.770833333333332e-07,1.3866666666666665,1.0000000000822178
650.0,3.0000000000000004,5.0,36.38145654576159,0.9588200908960428,67.17967431130022,26.28984094372422,0.9087110630774855,51.5662015617741,0.09310564170875876,6.770833333333332e-07,1.3866666666666665,1.0000000000763043
650.0,3.0000000000000004,5.5,39.81770854618279,0.9980162720383906,73.84211158645277,0.9101095355501372,0.9087110630774855,56.72282171795151,0.09310564170875876,6.770833333333332e-07,1.3866666666666665,0.9999999999682154
650.0,3.0000000000000004,6.0,43.18960506301276,1.0333192414359413,80.5348902940884,0.9088876213988436,0.9087110630774855,61.87944187412893,0.09310564170875876,6.770833333333332e-07,1.3866666666666665,1.000000000043431
700.0,3.0000000000000004,0.0,0.7111598740767624,-0.7500927469634748,1.4157078840358828,0.9936315885961475,0.978611914083446,0.0,0.10026761414789406,7.291666666666666e-07,1.4933333333333332,1.00000000028744
700.0,3.0000000000000004,0.5,2.8615605456159448,-0.14545705207473675,5.612935698327046,2.61792515226711,0.978611914083446,5.156620156177411,0.10026761414789406,7.291666666666666e-07,1.4933333333333332,0.9999999988930168
700.0,3.0000000000000004,1.0,6.352603671719999,0.2008917699487203,11.29498280213259,5.030180292090435,0.978611914083446,10.313240312354822,0.10026761414789406,7.291666666666666e-07,1.4933333333333332,0.9999999992000578
700.0,3.0000000000000004,1.5,9.970457890029564,0.3966551122742468,17.102303226386354,0.978679986055026,0.978611914083446,15.469860468532232,0.10026761414789406,7.291666666666666e-07,1.4933333333333332,0.9999999997117597
700.0,3.0000000000000004,2.0,13.71458935345202,0.5351228170252907,23.08731477643134,9.85210312691004,0.978611914083446,20.626480624709643,0.10026761414789406,7.291666666666666e-07,1.4933333333333332,0.999999999513259
700.0,3.0000000000000004,2.5,17.556448694006917,0.6423766803460634,28.86566609309598,12.261982089738343,0.978611914083446,25.78310078088705,0.10026761414789406,7.291666666666666e-07,1.4933333333333332,1.0000000000040037
700.0,3.0000000000000004,3.0,21.34723202561705,0.7272815791837606,34.64785250200448,15.462034450371597,0.978611914083446,30.939720937064465,0.10026761414789406,7.291666666666666e-07,1.4933333333333332,0.9999999998231401
700.0,3.0000000000000004,3.5,25.213192088080145,0.7995678411981215,40.51242576586994,0.981699426504691,0.978611914083446,36.09634109324187,0.10026761414789406,7.291666666666666e-07,1.4933333333333332,1.000000000009467
700.0,3.0000000000000004,4.0,28.989435884243523,0.8601797730182777,46.19397940021799,0.979168461098612,0.978611914083446,41.252961249419286,0.10026761414789406,7.291666666666666e-07,1.4933333333333332,1.0000000000679505
700.0,3.0000000000000004,4.5,32.75395676751391,0.9132037801295934,52.122677018727614,22.701659986334857,0.978611914083446,46.40958140559669,0.10026761414789406,7.291666666666666e-07,1.4933333333333332,1.000000000006951
700.0,3.0000000000000004,5.0,36.43582825381614,0.9594686549624787,57.899437743043784,25.109652625005975,0.978611914083446,51.5662015617741,0.10026761414789406,7.291666666666666e-07,1.4933333333333332,1.0000000000026155
700.0,3.0000000000000004,5.5,39.96651108727022,0.9996362464572734,63.658130159820615,28.318966289222406,0.978611914083446,56.72282171795151,0.10026761414789406,7.291666666666666e-07,1.4933333333333332,1.0000000001146194
700.0,3.0000000000000004,6.0,43.39547737331846,1.0353844788721343,69.54903149716297,30.726925109744116,0.978611914083446,61.87944187412893,0.10026761414789406,7.291666666666666e-07,1.4933333333333332,0.9999999999529746
