wavelength_nm,diameter_mm,myopia_d,stroke_arcmin,contrast_ratio,optical_d50_arcmin,optical_log_mar
550.0,0.3,0.5,0.5,-0.013576506044241885,5.5895789540651135,0.14531910371176304
550.0,0.3,0.5,0.8,-0.031743554779882395,5.5895789540651135,0.14531910371176304
550.0,0.3,0.5,1.2,-0.054258152761417974,5.5895789540651135,0.14531910371176304
550.0,0.3,0.5,1.8,-0.05813512422864204,5.5895789540651135,0.14531910371176304
550.0,0.3,0.5,2.5,-0.04021429420263898,5.5895789540651135,0.14531910371176304
550.0,0.3,0.5,3.5,0.02696730493792377,5.5895789540651135,0.14531910371176304
550.0,0.3,0.5,5.0,0.20293996293630945,5.5895789540651135,0.14531910371176304
550.0,0.3,0.5,7.0,0.36190696198734884,5.5895789540651135,0.14531910371176304
550.0,0.3,0.5,10.0,0.49268813489698704,5.5895789540651135,0.14531910371176304
550.0,0.3,0.5,14.0,0.5987575124052534,5.5895789540651135,0.14531910371176304
550.0,0.3,0.5,20.0,0.6896427589380664,5.5895789540651135,0.14531910371176304
550.0,0.3315885423378064,0.5,0.5,-0.016540037610776565,5.057935926010706,0.10191333206788118
550.0,0.3315885423378064,0.5,0.8,-0.03706371231489777,5.057935926010706,0.10191333206788118
550.0,0.3315885423378064,0.5,1.2,-0.0585657242551688,5.057935926010706,0.10191333206788118
550.0,0.3315885423378064,0.5,1.8,-0.05424041410070149,5.057935926010706,0.10191333206788118
550.0,0.3315885423378064,0.5,2.5,-0.031010308137685447,5.057935926010706,0.10191333206788118
550.0,0.3315885423378064,0.5,3.5,0.07094732742380302,5.057935926010706,0.10191333206788118
550.0,0.3315885423378064,0.5,5.0,0.2536411185511057,5.057935926010706,0.10191333206788118
550.0,0.3315885423378064,0.5,7.0,0.40231308718408043,5.057935926010706,0.10191333206788118
550.0,0.3315885423378064,0.5,10.0,0.5264214506457341,5.057935926010706,0.10191333206788118
550.0,0.3315885423378064,0.5,14.0,0.6258906955569457,5.057935926010706,0.10191333206788118
550.0,0.3315885423378064,0.5,20.0,0.7115064699478284,5.057935926010706,0.10191333206788118
550.0,0.3665032046990376,0.5,0.5,-0.019836600804986355,4.5772355313380295,0.05854326921570227
550.0,0.3665032046990376,0.5,0.8,-0.04273858690381428,4.5772355313380295,0.05854326921570227
550.0,0.3665032046990376,0.5,1.2,-0.06116985947964937,4.5772355313380295,0.05854326921570227
550.0,0.3665032046990376,0.5,1.8,-0.0493987438826769,4.5772355313380295,0.05854326921570227
550.0,0.3665032046990376,0.5,2.5,-0.014409209069346082,4.5772355313380295,0.05854326921570227
550.0,0.3665032046990376,0.5,3.5,0.12146650950734995,4.5772355313380295,0.05854326921570227
550.0,0.3665032046990376,0.5,5.0,0.30173550378023856,4.5772355313380295,0.05854326921570227
550.0,0.3665032046990376,0.5,7.0,0.43946964296232677,4.5772355313380295,0.05854326921570227
550.0,0.3665032046990376,0.5,10.0,0.5586556888570261,4.5772355313380295,0.05854326921570227
550.0,0.3665032046990376,0.5,14.0,0.6516439449371284,4.5772355313380295,0.05854326921570227
550.0,0.3665032046990376,0.5,20.0,0.7321230692368841,4.5772355313380295,0.05854326921570227
550.0,0.4050942113609619,0.5,0.5,-0.023685947710439137,4.142728766339762,0.015226508676094553
550.0,0.4050942113609619,0.5,0.8,-0.04843877446834902,4.142728766339762,0.015226508676094553
550.0,0.4050942113609619,0.5,1.2,-0.061354173849865114,4.142728766339762,0.015226508676094553
550.0,0.4050942113609619,0.5,1.8,-0.04392177962931183,4.142728766339762,0.015226508676094553
550.0,0.4050942113609619,0.5,2.5,0.01366234259042267,4.142728766339762,0.015226508676094553
550.0,0.4050942113609619,0.5,3.5,0.17381340093774886,4.142728766339762,0.015226508676094553
550.0,0.4050942113609619,0.5,5.0,0.3466480562912652,4.142728766339762,0.015226508676094553
550.0,0.4050942113609619,0.5,7.0,0.47387223913647913,4.142728766339762,0.015226508676094553
550.0,0.4050942113609619,0.5,10.0,0.5887787367385734,4.142728766339762,0.015226508676094553
550.0,0.4050942113609619,0.5,14.0,0.6761636845248231,4.142728766339762,0.015226508676094553
550.0,0.4050942113609619,0.5,20.0,0.7514166905752097,4.142728766339762,0.015226508676094553
550.0,0.4477486635155488,0.5,0.5,-0.0280586526571668,3.7501555963399618,-0.028010704072250706
550.0,0.4477486635155488,0.5,0.8,-0.053843082856609895,3.7501555963399618,-0.028010704072250706
550.0,0.4477486635155488,0.5,1.2,-0.05900075704291521,3.7501555963399618,-0.028010704072250706
550.0,0.4477486635155488,0.5,1.8,-0.036121501184345754,3.7501555963399618,-0.028010704072250706
550.0,0.4477486635155488,0.5,2.5,0.05396560044633361,3.7501555963399618,-0.028010704072250706
550.0,0.4477486635155488,0.5,3.5,0.22538605670376832,3.7501555963399618,-0.028010704072250706
550.0,0.4477486635155488,0.5,5.0,0.3881599159404742,3.7501555963399618,-0.028010704072250706
550.0,0.4477486635155488,0.5,7.0,0.5077202320195632,3.7501555963399618,-0.028010704072250706
550.0,0.4477486635155488,0.5,10.0,0.6166042685226394,3.7501555963399618,-0.028010704072250706
550.0,0.4477486635155488,0.5,14.0,0.6989464410821925,3.7501555963399618,-0.028010704072250706
550.0,0.4477486635155488,0.5,20.0,0.7693436351825077,3.7501555963399618,-0.028010704072250706
550.0,0.4492873987401234,0.5,0.5,-0.02822109946681995,3.737398851199006,-0.029490543563517824
550.0,0.4492873987401234,0.5,0.8,-0.054009382345477794,3.737398851199006,-0.029490543563517824
550.0,0.4492873987401234,0.5,1.2,-0.05887588153983865,3.737398851199006,-0.029490543563517824
550.0,0.4492873987401234,0.5,1.8,-0.035773526960203285,3.737398851199006,-0.029490543563517824
550.0,0.4492873987401234,0.5,2.5,0.055533196811280855,3.737398851199006,-0.029490543563517824
550.0,0.4492873987401234,0.5,3.5,0.2271266795925468,3.737398851199006,-0.029490543563517824
550.0,0.4492873987401234,0.5,5.0,0.38951764644864634,3.737398851199006,-0.029490543563517824
550.0,0.4492873987401234,0.5,7.0,0.5088733836384902,3.737398851199006,-0.029490543563517824
550.0,0.4492873987401234,0.5,10.0,0.6175158085533191,3.737398851199006,-0.029490543563517824
550.0,0.4492873987401234,0.5,14.0,0.6996949555652247,3.737398851199006,-0.029490543563517824
550.0,0.4492873987401234,0.5,20.0,0.7699499293415901,3.737398851199006,-0.029490543563517824
550.0,0.47293410393697205,0.5,0.5,-0.030708523696128292,3.551908113311556,-0.051598269130724156
550.0,0.47293410393697205,0.5,0.8,-0.05642349708745539,3.551908113311556,-0.051598269130724156
550.0,0.47293410393697205,0.5,1.2,-0.056812404168699614,3.551908113311556,-0.051598269130724156
550.0,0.47293410393697205,0.5,1.8,-0.029561195138955568,3.551908113311556,-0.051598269130724156
550.0,0.47293410393697205,0.5,2.5,0.0799771917321944,3.551908113311556,-0.051598269130724156
550.0,0.47293410393697205,0.5,3.5,0.2528510561251303,3.551908113311556,-0.051598269130724156
550.0,0.47293410393697205,0.5,5.0,0.4094226772548178,3.551908113311556,-0.051598269130724156
550.0,0.47293410393697205,0.5,7.0,0.5260002922918777,3.551908113311556,-0.051598269130724156
550.0,0.47293410393697205,0.5,10.0,0.6309412755595475,3.551908113311556,-0.051598269130724156
550.0,0.47293410393697205,0.5,14.0,0.7106739191937557,3.551908113311556,-0.051598269130724156
550.0,0.47293410393697205,0.5,20.0,0.7786917640135163,3.551908113311556,-0.051598269130724156
550.0,0.4948944222294061,0.5,0.5,-0.032969076689260336,3.395711745396012,-0.07112917450786936
550.0,0.4948944222294061,0.5,0.8,-0.058294225831981926,3.395711745396012,-0.07112917450786936
550.0,0.4948944222294061,0.5,1.2,-0.054662263499762644,3.395711745396012,-0.07112917450786936
550.0,0.4948944222294061,0.5,1.8,-0.0221793486991868,3.395711745396012,-0.07112917450786936
550.0,0.4948944222294061,0.5,2.5,0.10273527245512142,3.395711745396012,-0.07112917450786936
550.0,0.4948944222294061,0.5,3.5,0.27488433379204646,3.395711745396012,-0.07112917450786936
550.0,0.4948944222294061,0.5,5.0,0.42622465182221986,3.395711745396012,-0.07112917450786936
550.0,0.4948944222294061,0.5,7.0,0.5407322580301978,3.395711745396012,-0.07112917450786936
550.0,0.4948944222294061,0.5,10.0,0.6425520687228703,3.395711745396012,-0.07112917450786936
550.0,0.4948944222294061,0.5,14.0,0.7201159902613221,3.395711745396012,-0.07112917450786936
550.0,0.4948944222294061,0.5,20.0,0.78614085085978,3.395711745396012,-0.07112917450786936
550.0,0.4965808091338207,0.5,0.5,-0.03314126580998396,3.3842963984468186,-0.07259159955764707
550.0,0.4965808091338207,0.5,0.8,-0.058425755427858196,3.3842963984468186,-0.07259159955764707
550.0,0.4965808091338207,0.5,1.2,-0.05449118239628477,3.3842963984468186,-0.07259159955764707
550.0,0.4965808091338207,0.5,1.8,-0.02154071356464595,3.3842963984468186,-0.07259159955764707
550.0,0.4965808091338207,0.5,2.5,0.10447697811513992,3.3842963984468186,-0.07259159955764707
550.0,0.4965808091338207,0.5,3.5,0.2765170876813235,3.3842963984468186,-0.07259159955764707
550.0,0.4965808091338207,0.5,5.0,0.4274617108794471,3.3842963984468186,-0.07259159955764707
550.0,0.4965808091338207,0.5,7.0,0.5418237936219261,3.3842963984468186,-0.07259159955764707
550.0,0.4965808091338207,0.5,10.0,0.6434180280089594,3.3842963984468186,-0.07259159955764707
550.0,0.4965808091338207,0.5,14.0,0.720817711080595,3.3842963984468186,-0.07259159955764707
550.0,0.4965808091338207,0.5,20.0,0.7866962857006717,3.3842963984468186,-0.07259159955764707
550.0,0.5470044002605323,0.5,0.5,-0.038325293882432804,3.076023262797929,-0.11407037578160802
550.0,0.5470044002605323,0.5,0.8,-0.061167501177905155,3.076023262797929,-0.11407037578160802
550.0,0.5470044002605323,0.5,1.2,-0.049231918287584886,3.076023262797929,-0.11407037578160802
550.0,0.5470044002605323,0.5,1.8,0.0022777871788117366,3.076023262797929,-0.11407037578160802
550.0,0.5470044002605323,0.5,2.5,0.15465805976895547,3.076023262797929,-0.11407037578160802
550.0,0.5470044002605323,0.5,3.5,0.32121085771861263,3.076023262797929,-0.11407037578160802
550.0,0.5470044002605323,0.5,5.0,0.4610517150290632,3.076023262797929,-0.11407037578160802
550.0,0.5470044002605323,0.5,7.0,0.5717832534891618,3.076023262797929,-0.11407037578160802
550.0,0.5470044002605323,0.5,10.0,0.6673879565418117,3.076023262797929,-0.11407037578160802
550.0,0.5470044002605323,0.5,14.0,0.7400944172837115,3.076023262797929,-0.11407037578160802
550.0,0.5470044002605323,0.5,20.0,0.8017325806537048,3.076023262797929,-0.11407037578160802
550.0,0.5502624373878341,0.5,0.5,-0.03865090736545732,3.058086046462328,-0.11661029018036222
550.0,0.5502624373878341,0.5,0.8,-0.061270314790866906,3.058086046462328,-0.11661029018036222
550.0,0.5502624373878341,0.5,1.2,-0.04889719406921141,3.058086046462328,-0.11661029018036222
550.0,0.5502624373878341,0.5,1.8,0.004116785765752256,3.058086046462328,-0.11661029018036222
550.0,0.5502624373878341,0.5,2.5,0.15778246254602643,3.058086046462328,-0.11661029018036222
550.0,0.5502624373878341,0.5,3.5,0.32389301960006683,3.058086046462328,-0.11661029018036222
550.0,0.5502624373878341,0.5,5.0,0.46307425239070565,3.058086046462328,-0.11661029018036222
550.0,0.5502624373878341,0.5,7.0,0.5735785285804474,3.058086046462328,-0.11661029018036222
550.0,0.5502624373878341,0.5,10.0,0.668825720765036,3.058086046462328,-0.11661029018036222
550.0,0.5502624373878341,0.5,14.0,0.7412412787262411,3.058086046462328,-0.11661029018036222
550.0,0.5502624373878341,0.5,20.0,0.8026258288292939,3.058086046462328,-0.11661029018036222
550.0,0.5792236183029833,0.5,0.5,-0.041507248428220456,2.90772227842246,-0.13850706737632093
550.0,0.5792236183029833,0.5,0.8,-0.06181881848721533,2.90772227842246,-0.13850706737632093
550.0,0.5792236183029833,0.5,1.2,-0.04594344474146494,2.90772227842246,-0.13850706737632093
550.0,0.5792236183029833,0.5,1.8,0.021838602773744144,2.90772227842246,-0.13850706737632093
550.0,0.5792236183029833,0.5,2.5,0.18434313020639123,2.90772227842246,-0.13850706737632093
550.0,0.5792236183029833,0.5,3.5,0.3461181459783414,2.90772227842246,-0.13850706737632093
550.0,0.5792236183029833,0.5,5.0,0.48010442479070736,2.90772227842246,-0.13850706737632093
550.0,0.5792236183029833,0.5,7.0,0.5884838855897476,2.90772227842246,-0.13850706737632093
550.0,0.5792236183029833,0.5,10.0,0.6808270065446115,2.90772227842246,-0.13850706737632093
550.0,0.5792236183029833,0.5,14.0,0.7508288986025639,2.90772227842246,-0.13850706737632093
550.0,0.5792236183029833,0.5,20.0,0.8101563577685318,2.90772227842246,-0.13850706737632093
550.0,0.6046013057825199,0.5,0.5,-0.043922917478414134,2.788130323948162,-0.15674692145409258
550.0,0.6046013057825199,0.5,0.8,-0.06176401327921012,2.788130323948162,-0.15674692145409258
550.0,0.6046013057825199,0.5,1.2,-0.043240072747492336,2.788130323948162,-0.15674692145409258
550.0,0.6046013057825199,0.5,1.8,0.03897974929138817,2.788130323948162,-0.15674692145409258
550.0,0.6046013057825199,0.5,2.5,0.20627019508888583,2.788130323948162,-0.15674692145409258
550.0,0.6046013057825199,0.5,3.5,0.3639924388403627,2.788130323948162,-0.15674692145409258
550.0,0.6046013057825199,0.5,5.0,0.4943435568664337,2.788130323948162,-0.15674692145409258
550.0,0.6046013057825199,0.5,7.0,0.6004561842917964,2.788130323948162,-0.15674692145409258
550.0,0.6046013057825199,0.5,10.0,0.6904855555584298,2.788130323948162,-0.15674692145409258
550.0,0.6046013057825199,0.5,14.0,0.7585362422741228,2.788130323948162,-0.15674692145409258
550.0,0.6046013057825199,0.5,20.0,0.8162249245141199,2.788130323948162,-0.15674692145409258
550.0,0.6081847992181325,0.5,0.5,-0.04426208456783034,2.772073299286001,-0.1592552816022759
550.0,0.6081847992181325,0.5,0.8,-0.06172140584549275,2.772073299286001,-0.1592552816022759
550.0,0.6081847992181325,0.5,1.2,-0.042840860378951226,2.772073299286001,-0.1592552816022759
550.0,0.6081847992181325,0.5,1.8,0.04149548137728277,2.772073299286001,-0.1592552816022759
550.0,0.6081847992181325,0.5,2.5,0.2092626750421734,2.772073299286001,-0.1592552816022759
550.0,0.6081847992181325,0.5,3.5,0.36639753234277533,2.772073299286001,-0.1592552816022759
550.0,0.6081847992181325,0.5,5.0,0.49630479808060196,2.772073299286001,-0.1592552816022759
550.0,0.6081847992181325,0.5,7.0,0.6020711882871356,2.772073299286001,-0.1592552816022759
550.0,0.6081847992181325,0.5,10.0,0.6917891497390682,2.772073299286001,-0.1592552816022759
550.0,0.6081847992181325,0.5,14.0,0.7595795207164389,2.772073299286001,-0.1592552816022759
550.0,0.6081847992181325,0.5,20.0,0.8170405813943615,2.772073299286001,-0.1592552816022759
550.0,0.6353883327016112,0.5,0.5,-0.046697049156281374,2.65629914765023,-0.17778300841138062
550.0,0.6353883327016112,0.5,0.8,-0.061175128515134666,2.65629914765023,-0.17778300841138062
550.0,0.6353883327016112,0.5,1.2,-0.03968232429572687,2.65629914765023,-0.17778300841138062
550.0,0.6353883327016112,0.5,1.8,0.06100166465944428,2.65629914765023,-0.17778300841138062
550.0,0.6353883327016112,0.5,2.5,0.23118420536231343,2.65629914765023,-0.17778300841138062
550.0,0.6353883327016112,0.5,3.5,0.3837696531177872,2.65629914765023,-0.17778300841138062
550.0,0.6353883327016112,0.5,5.0,0.5107439245138187,2.65629914765023,-0.17778300841138062
550.0,0.6353883327016112,0.5,7.0,0.6137624167271046,2.65629914765023,-0.17778300841138062
550.0,0.6353883327016112,0.5,10.0,0.701236847827359,2.65629914765023,-0.17778300841138062
550.0,0.6353883327016112,0.5,14.0,0.767206111370409,2.65629914765023,-0.17778300841138062
550.0,0.6353883327016112,0.5,20.0,0.8229926995570713,2.65629914765023,-0.17778300841138062
550.0,0.6682628855998672,0.5,0.5,-0.049415604324182454,2.5294826344823678,-0.19902828911109752
550.0,0.6682628855998672,0.5,0.8,-0.05998956906603238,2.5294826344823678,-0.19902828911109752
550.0,0.6682628855998672,0.5,1.2,-0.03524349068643398,2.5294826344823678,-0.19902828911109752
550.0,0.6682628855998672,0.5,1.8,0.08499377416624217,2.5294826344823678,-0.19902828911109752
550.0,0.6682628855998672,0.5,2.5,0.25579409007817944,2.5294826344823678,-0.19902828911109752
550.0,0.6682628855998672,0.5,3.5,0.40287230725346124,2.5294826344823678,-0.19902828911109752
550.0,0.6682628855998672,0.5,5.0,0.5270194117224084,2.5294826344823678,-0.19902828911109752
550.0,0.6682628855998672,0.5,7.0,0.6266571454202333,2.5294826344823678,-0.19902828911109752
550.0,0.6682628855998672,0.5,10.0,0.7116785367506201,2.5294826344823678,-0.19902828911109752
550.0,0.6682628855998672,0.5,14.0,0.7756924376803686,2.5294826344823678,-0.19902828911109752
550.0,0.6682628855998672,0.5,20.0,0.8296035671622047,2.5294826344823678,-0.19902828911109752
550.0,0.6688298238964329,0.5,0.5,-0.049460188002424216,2.527410237926736,-0.1993842509483448
550.0,0.6688298238964329,0.5,0.8,-0.05996495189224792,2.527410237926736,-0.1993842509483448
550.0,0.6688298238964329,0.5,1.2,-0.03515722233119271,2.527410237926736,-0.1993842509483448
550.0,0.6688298238964329,0.5,1.8,0.08540528142618788,2.527410237926736,-0.1993842509483448
550.0,0.6688298238964329,0.5,2.5,0.25619658060622985,2.527410237926736,-0.1993842509483448
550.0,0.6688298238964329,0.5,3.5,0.40318227339887097,2.527410237926736,-0.1993842509483448
550.0,0.6688298238964329,0.5,5.0,0.5272872957032158,2.527410237926736,-0.1993842509483448
550.0,0.6688298238964329,0.5,7.0,0.6268690985285574,2.527410237926736,-0.1993842509483448
550.0,0.6688298238964329,0.5,10.0,0.7118509605915383,2.527410237926736,-0.1993842509483448
550.0,0.6688298238964329,0.5,14.0,0.7758320234599105,2.527410237926736,-0.1993842509483448
550.0,0.6688298238964329,0.5,20.0,0.8297118657975355,2.527410237926736,-0.1993842509483448
550.0,0.7022713150912545,0.5,0.5,-0.051977194599865016,2.4114096228799977,-0.21978900166969934
550.0,0.7022713150912545,0.5,0.8,-0.05838211059846191,2.4114096228799977,-0.21978900166969934
550.0,0.7022713150912545,0.5,1.2,-0.029474334636862186,2.4114096228799977,-0.21978900166969934
550.0,0.7022713150912545,0.5,1.8,0.10950701863002041,2.4114096228799977,-0.21978900166969934
550.0,0.7022713150912545,0.5,2.5,0.27910075909185256,2.4114096228799977,-0.21978900166969934
550.0,0.7022713150912545,0.5,3.5,0.4207119422584598,2.4114096228799977,-0.21978900166969934
550.0,0.7022713150912545,0.5,5.0,0.5425221453790974,2.4114096228799977,-0.21978900166969934
550.0,0.7022713150912545,0.5,7.0,0.6389864059753912,2.4114096228799977,-0.21978900166969934
550.0,0.7022713150912545,0.5,10.0,0.7216648963795694,2.4114096228799977,-0.21978900166969934
550.0,0.7022713150912545,0.5,14.0,0.7837011651415159,2.4114096228799977,-0.21978900166969934
550.0,0.7022713150912545,0.5,20.0,0.8358347863257323,2.4114096228799977,-0.21978900166969934
550.0,0.7386277204483878,0.5,0.5,-0.054361726720386944,2.297949947714389,-0.2407194263613271
550.0,0.7386277204483878,0.5,0.8,-0.05637134073486434,2.297949947714389,-0.2407194263613271
550.0,0.7386277204483878,0.5,1.2,-0.02159073796964028,2.297949947714389,-0.2407194263613271
550.0,0.7386277204483878,0.5,1.8,0.13471949369043426,2.297949947714389,-0.2407194263613271
550.0,0.7386277204483878,0.5,2.5,0.30180452857894896,2.297949947714389,-0.2407194263613271
550.0,0.7386277204483878,0.5,3.5,0.4379031730546295,2.297949947714389,-0.2407194263613271
550.0,0.7386277204483878,0.5,5.0,0.5576962339767141,2.297949947714389,-0.2407194263613271
550.0,0.7386277204483878,0.5,7.0,0.6512569392892416,2.297949947714389,-0.2407194263613271
550.0,0.7386277204483878,0.5,10.0,0.7314824959308782,2.297949947714389,-0.2407194263613271
550.0,0.7386277204483878,0.5,14.0,0.7914906681491412,2.297949947714389,-0.2407194263613271
550.0,0.7386277204483878,0.5,20.0,0.8419273240507783,2.297949947714389,-0.2407194263613271
550.0,0.7781886018183509,0.5,0.5,-0.056488924147224416,2.187452988019306,-0.26212126323964363
550.0,0.7781886018183509,0.5,0.8,-0.054063395568727884,2.187452988019306,-0.26212126323964363
550.0,0.7781886018183509,0.5,1.2,-0.010750139545941317,2.187452988019306,-0.26212126323964363
550.0,0.7781886018183509,0.5,1.8,0.16058727926493332,2.187452988019306,-0.26212126323964363
550.0,0.7781886018183509,0.5,2.5,0.32404173513917733,2.187452988019306,-0.26212126323964363
550.0,0.7781886018183509,0.5,3.5,0.45462924990871006,2.187452988019306,-0.26212126323964363
550.0,0.7781886018183509,0.5,5.0,0.5725746747096596,2.187452988019306,-0.26212126323964363
550.0,0.7781886018183509,0.5,7.0,0.663399876841978,2.187452988019306,-0.26212126323964363
550.0,0.7781886018183509,0.5,10.0,0.7411212008219387,2.187452988019306,-0.26212126323964363
550.0,0.7781886018183509,0.5,14.0,0.7991764731206248,2.187452988019306,-0.26212126323964363
550.0,0.7781886018183509,0.5,20.0,0.8479342866375204,2.187452988019306,-0.26212126323964363
550.0,0.8164016305125923,0.5,0.5,-0.05806600744297284,2.091853606509322,-0.28152870315462397
550.0,0.8164016305125923,0.5,0.8,-0.05188192110958748,2.091853606509322,-0.28152870315462397
550.0,0.8164016305125923,0.5,1.2,0.002006722596830978,2.091853606509322,-0.28152870315462397
550.0,0.8164016305125923,0.5,1.8,0.18372850605941443,2.091853606509322,-0.28152870315462397
550.0,0.8164016305125923,0.5,2.5,0.34326846496927005,2.091853606509322,-0.28152870315462397
550.0,0.8164016305125923,0.5,3.5,0.46935491093165965,2.091853606509322,-0.28152870315462397
550.0,0.8164016305125923,0.5,5.0,0.5855111680468533,2.091853606509322,-0.28152870315462397
550.0,0.8164016305125923,0.5,7.0,0.674038573073539,2.091853606509322,-0.28152870315462397
550.0,0.8164016305125923,0.5,10.0,0.7495367563929556,2.091853606509322,-0.28152870315462397
550.0,0.8164016305125923,0.5,14.0,0.8059378480469745,2.091853606509322,-0.28152870315462397
550.0,0.8164016305125923,0.5,20.0,0.8531767296112734,2.091853606509322,-0.28152870315462397
550.0,0.8191458966508958,0.5,0.5,-0.05816485578552555,2.085370610534921,-0.282876742662272
550.0,0.8191458966508958,0.5,0.8,-0.0517249475683221,2.085370610534921,-0.282876742662272
550.0,0.8191458966508958,0.5,1.2,0.003010689620068556,2.085370610534921,-0.282876742662272
550.0,0.8191458966508958,0.5,1.8,0.18532929819343347,2.085370610534921,-0.282876742662272
550.0,0.8191458966508958,0.5,2.5,0.34457796205640545,2.085370610534921,-0.282876742662272
550.0,0.8191458966508958,0.5,3.5,0.47037664331606494,2.085370610534921,-0.282876742662272
550.0,0.8191458966508958,0.5,5.0,0.5863904094441882,2.085370610534921,-0.282876742662272
550.0,0.8191458966508958,0.5,7.0,0.6747639699993099,2.085370610534921,-0.282876742662272
550.0,0.8191458966508958,0.5,10.0,0.750109854091055,2.085370610534921,-0.282876742662272
550.0,0.8191458966508958,0.5,14.0,0.8063990832256325,2.085370610534921,-0.282876742662272
550.0,0.8191458966508958,0.5,20.0,0.8535348090993975,2.085370610534921,-0.282876742662272
550.0,0.8601031914834406,0.5,0.5,-0.05926849154667021,1.9941681481697149,-0.3022982161169214
550.0,0.8601031914834406,0.5,0.8,-0.0493962342790959,1.9941681481697149,-0.3022982161169214
550.0,0.8601031914834406,0.5,1.2,0.01906609481194501,1.9941681481697149,-0.3022982161169214
550.0,0.8601031914834406,0.5,1.8,0.20811602081595793,1.9941681481697149,-0.3022982161169214
550.0,0.8601031914834406,0.5,2.5,0.3629221282667003,1.9941681481697149,-0.3022982161169214
550.0,0.8601031914834406,0.5,3.5,0.48511805555175846,1.9941681481697149,-0.3022982161169214
550.0,0.8601031914834406,0.5,5.0,0.5987811737196269,1.9941681481697149,-0.3022982161169214
550.0,0.8601031914834406,0.5,7.0,0.6849997395721362,1.9941681481697149,-0.3022982161169214
550.0,0.8601031914834406,0.5,10.0,0.7582149656700512,1.9941681481697149,-0.3022982161169214
550.0,0.8601031914834406,0.5,14.0,0.8129198055728735,1.9941681481697149,-0.3022982161169214
550.0,0.8601031914834406,0.5,20.0,0.8586282885673182,1.9941681481697149,-0.3022982161169214
550.0,0.9023647554129298,0.5,0.5,-0.0597443127437237,1.9100306293169296,-0.32101965966313034
550.0,0.9023647554129298,0.5,0.8,-0.04686759108305716,1.9100306293169296,-0.32101965966313034
550.0,0.9023647554129298,0.5,1.2,0.0374322825209726,1.9100306293169296,-0.32101965966313034
550.0,0.9023647554129298,0.5,1.8,0.22953756857560442,1.9100306293169296,-0.32101965966313034
550.0,0.9023647554129298,0.5,2.5,0.379682042850432,1.9100306293169296,-0.32101965966313034
550.0,0.9023647554129298,0.5,3.5,0.49929746842085426,1.9100306293169296,-0.32101965966313034
550.0,0.9023647554129298,0.5,5.0,0.6102026387955565,1.9100306293169296,-0.32101965966313034
550.0,0.9023647554129298,0.5,7.0,0.6944764175572584,1.9100306293169296,-0.32101965966313034
550.0,0.9023647554129298,0.5,10.0,0.7658406248802021,1.9100306293169296,-0.32101965966313034
550.0,0.9023647554129298,0.5,14.0,0.8190046436008849,1.9100306293169296,-0.32101965966313034
550.0,0.9023647554129298,0.5,20.0,0.8633791055046998,1.9100306293169296,-0.32101965966313034
550.0,0.9973793796812823,0.5,0.5,-0.058967707494758825,1.751950124959787,-0.35853825294513814
550.0,0.9973793796812823,0.5,0.8,-0.039909455182057546,1.751950124959787,-0.35853825294513814
550.0,0.9973793796812823,0.5,1.2,0.08123283159991473,1.751950124959787,-0.35853825294513814
550.0,0.9973793796812823,0.5,1.8,0.26995812963183896,1.751950124959787,-0.35853825294513814
550.0,0.9973793796812823,0.5,2.5,0.4104451085219973,1.751950124959787,-0.35853825294513814
550.0,0.9973793796812823,0.5,3.5,0.5267338062950633,1.751950124959787,-0.35853825294513814
550.0,0.9973793796812823,0.5,5.0,0.6319462660330254,1.751950124959787,-0.35853825294513814
550.0,0.9973793796812823,0.5,7.0,0.7125023536928237,1.751950124959787,-0.35853825294513814
550.0,0.9973793796812823,0.5,10.0,0.7804029365984517,1.751950124959787,-0.35853825294513814
550.0,0.9973793796812823,0.5,14.0,0.8306684429105882,1.751950124959787,-0.35853825294513814
550.0,0.9973793796812823,0.5,20.0,0.8724786395069738,1.751950124959787,-0.35853825294513814
550.0,1.1005248747756682,0.5,0.5,-0.05582018230564605,1.6199927419875726,-0.3925469225395339
550.0,1.1005248747756682,0.5,0.8,-0.027815540349442166,1.6199927419875726,-0.3925469225395339
550.0,1.1005248747756682,0.5,1.2,0.12577607586358192,1.6199927419875726,-0.3925469225395339
550.0,1.1005248747756682,0.5,1.8,0.30269555579441054,1.6199927419875726,-0.3925469225395339
550.0,1.1005248747756682,0.5,2.5,0.43478667065971377,1.6199927419875726,-0.3925469225395339
550.0,1.1005248747756682,0.5,3.5,0.5496664223673176,1.6199927419875726,-0.3925469225395339
550.0,1.1005248747756682,0.5,5.0,0.6507316331732685,1.6199927419875726,-0.3925469225395339
550.0,1.1005248747756682,0.5,7.0,0.7279610767292293,1.6199927419875726,-0.3925469225395339
550.0,1.1005248747756682,0.5,10.0,0.7927652959315831,1.6199927419875726,-0.3925469225395339
550.0,1.1005248747756682,0.5,14.0,0.8406514697197377,1.6199927419875726,-0.3925469225395339
550.0,1.1005248747756682,0.5,20.0,0.8803077013952134,1.6199927419875726,-0.3925469225395339
550.0,1.102398582221007,0.5,0.5,-0.055741835110873696,1.6179224832107642,-0.3931022811717812
550.0,1.102398582221007,0.5,0.8,-0.027536769645679873,1.6179224832107642,-0.3931022811717812
550.0,1.102398582221007,0.5,1.2,0.12653012659192947,1.6179224832107642,-0.3931022811717812
550.0,1.102398582221007,0.5,1.8,0.30319905557097815,1.6179224832107642,-0.3931022811717812
550.0,1.102398582221007,0.5,2.5,0.435158462123542,1.6179224832107642,-0.3931022811717812
550.0,1.102398582221007,0.5,3.5,0.5500143432608864,1.6179224832107642,-0.3931022811717812
550.0,1.102398582221007,0.5,5.0,0.6510184025498417,1.6179224832107642,-0.3931022811717812
550.0,1.102398582221007,0.5,7.0,0.7281965556022871,1.6179224832107642,-0.3931022811717812
550.0,1.102398582221007,0.5,10.0,0.7929571955667308,1.6179224832107642,-0.3931022811717812
550.0,1.102398582221007,0.5,14.0,0.8408069887051705,1.6179224832107642,-0.3931022811717812
550.0,1.102398582221007,0.5,20.0,0.8804317748001352,1.6179224832107642,-0.3931022811717812
550.0,1.1584472366059666,0.5,0.5,-0.05343291697693126,1.5608474425065928,-0.408699534207464
550.0,1.1584472366059666,0.5,0.8,-0.018064595191316635,1.5608474425065928,-0.408699534207464
550.0,1.1584472366059666,0.5,1.2,0.14735220291025103,1.5608474425065928,-0.408699534207464
550.0,1.1584472366059666,0.5,1.8,0.31647827516048005,1.5608474425065928,-0.408699534207464
550.0,1.1584472366059666,0.5,2.5,0.4454136439289277,1.5608474425065928,-0.408699534207464
550.0,1.1584472366059666,0.5,3.5,0.5596286965002311,1.5608474425065928,-0.408699534207464
550.0,1.1584472366059666,0.5,5.0,0.6590994414887099,1.5608474425065928,-0.408699534207464
550.0,1.1584472366059666,0.5,7.0,0.734876907351829,1.5608474425065928,-0.408699534207464
550.0,1.1584472366059666,0.5,10.0,0.7984099030928272,1.5608474425065928,-0.408699534207464
550.0,1.1584472366059666,0.5,14.0,0.845214839895378,1.5608474425065928,-0.408699534207464
550.0,1.1584472366059666,0.5,20.0,0.883916396330684,1.5608474425065928,-0.408699534207464
550.0,1.216369598436265,0.5,0.5,-0.050993036744649,1.5111233181149577,-0.42276008410905613
550.0,1.216369598436265,0.5,0.8,-0.006203952644833794,1.5111233181149577,-0.42276008410905613
550.0,1.216369598436265,0.5,1.2,0.16592097576074652,1.5111233181149577,-0.42276008410905613
550.0,1.216369598436265,0.5,1.8,0.3272956405651491,1.5111233181149577,-0.42276008410905613
550.0,1.216369598436265,0.5,2.5,0.4545638055340253,1.5111233181149577,-0.42276008410905613
550.0,1.216369598436265,0.5,3.5,0.5677564971415737,1.5111233181149577,-0.42276008410905613
550.0,1.216369598436265,0.5,5.0,0.666065441664049,1.5111233181149577,-0.42276008410905613
550.0,1.216369598436265,0.5,7.0,0.7406964033319119,1.5111233181149577,-0.42276008410905613
550.0,1.216369598436265,0.5,10.0,0.8032191723663541,1.5111233181149577,-0.42276008410905613
550.0,1.216369598436265,0.5,14.0,0.8491628452593585,1.5111233181149577,-0.42276008410905613
550.0,1.216369598436265,0.5,20.0,0.8870458041911101,1.5111233181149577,-0.42276008410905613
550.0,1.218475796513094,0.5,0.5,-0.05091048847426239,1.5094824864151497,-0.4232319127879136
550.0,1.218475796513094,0.5,0.8,-0.005730271175986352,1.5094824864151497,-0.4232319127879136
550.0,1.218475796513094,0.5,1.2,0.16650989053488074,1.5094824864151497,-0.4232319127879136
550.0,1.218475796513094,0.5,1.8,0.3276046075547244,1.5094824864151497,-0.4232319127879136
550.0,1.218475796513094,0.5,2.5,0.45484508534378726,1.5094824864151497,-0.4232319127879136
550.0,1.218475796513094,0.5,3.5,0.5679944156715224,1.5094824864151497,-0.4232319127879136
550.0,1.218475796513094,0.5,5.0,0.6662758362690111,1.5094824864151497,-0.4232319127879136
550.0,1.218475796513094,0.5,7.0,0.7408837987814543,1.5094824864151497,-0.4232319127879136
550.0,1.218475796513094,0.5,10.0,0.8033771416549633,1.5094824864151497,-0.4232319127879136
550.0,1.218475796513094,0.5,14.0,0.8492936718527909,1.5094824864151497,-0.4232319127879136
550.0,1.218475796513094,0.5,20.0,0.8871505931712469,1.5094824864151497,-0.4232319127879136
550.0,1.3467753774655815,0.5,0.5,-0.045941439995684126,1.4287712914079211,-0.4470972760631546
550.0,1.3467753774655815,0.5,0.8,0.025611592573112532,1.4287712914079211,-0.4470972760631546
550.0,1.3467753774655815,0.5,1.2,0.195959486819065,1.4287712914079211,-0.4470972760631546
550.0,1.3467753774655815,0.5,1.8,0.3415700353275136,1.4287712914079211,-0.4470972760631546
550.0,1.3467753774655815,0.5,2.5,0.4689722021808331,1.4287712914079211,-0.4470972760631546
550.0,1.3467753774655815,0.5,3.5,0.5797113049982875,1.4287712914079211,-0.4470972760631546
550.0,1.3467753774655815,0.5,5.0,0.6769236816215988,1.4287712914079211,-0.4470972760631546
550.0,1.3467753774655815,0.5,7.0,0.7503339176474981,1.4287712914079211,-0.4470972760631546
550.0,1.3467753774655815,0.5,10.0,0.8113080247149433,1.4287712914079211,-0.4470972760631546
550.0,1.3467753774655815,0.5,14.0,0.8558905892995377,1.4287712914079211,-0.4470972760631546
550.0,1.3467753774655815,0.5,20.0,0.8924672152148131,1.4287712914079211,-0.4470972760631546
550.0,1.4885842809008711,0.5,0.5,-0.04114457281661783,1.3798253464242114,-0.4622358729589669
550.0,1.4885842809008711,0.5,0.8,0.05915917939510996,1.3798253464242114,-0.4622358729589669
550.0,1.4885842809008711,0.5,1.2,0.20996142219334582,1.3798253464242114,-0.4622358729589669
550.0,1.4885842809008711,0.5,1.8,0.34379317955636907,1.3798253464242114,-0.4622358729589669
550.0,1.4885842809008711,0.5,2.5,0.47454488908276904,1.3798253464242114,-0.4622358729589669
550.0,1.4885842809008711,0.5,3.5,0.5851173218093267,1.3798253464242114,-0.4622358729589669
550.0,1.4885842809008711,0.5,5.0,0.6827582168290872,1.3798253464242114,-0.4622358729589669
550.0,1.4885842809008711,0.5,7.0,0.7559188253853095,1.3798253464242114,-0.4622358729589669
550.0,1.4885842809008711,0.5,10.0,0.8164243578286093,1.3798253464242114,-0.4622358729589669
550.0,1.4885842809008711,0.5,14.0,0.8603984577931487,1.3798253464242114,-0.4622358729589669
550.0,1.4885842809008711,0.5,20.0,0.8962560016962547,1.3798253464242114,-0.4622358729589669
550.0,1.645324972836306,0.5,0.5,-0.034928237165965575,1.3755476296727756,-0.46358435847362844
550.0,1.645324972836306,0.5,0.8,0.08234924386264031,1.3755476296727756,-0.46358435847362844
550.0,1.645324972836306,0.5,1.2,0.20468361827315265,1.3755476296727756,-0.46358435847362844
550.0,1.645324972836306,0.5,1.8,0.33405434250252664,1.3755476296727756,-0.46358435847362844
550.0,1.645324972836306,0.5,2.5,0.46898788927604684,1.3755476296727756,-0.46358435847362844
550.0,1.645324972836306,0.5,3.5,0.5826563545886504,1.3755476296727756,-0.46358435847362844
550.0,1.645324972836306,0.5,5.0,0.6825060145945542,1.3755476296727756,-0.46358435847362844
550.0,1.645324972836306,0.5,7.0,0.7570589099353435,1.3755476296727756,-0.46358435847362844
550.0,1.645324972836306,0.5,10.0,0.8182631575783889,1.3755476296727756,-0.46358435847362844
550.0,1.645324972836306,0.5,14.0,0.8624724857759108,1.3755476296727756,-0.46358435847362844
550.0,1.645324972836306,0.5,20.0,0.8982780765558783,1.3755476296727756,-0.46358435847362844
550.0,1.8185696980492723,0.5,0.5,-0.02402693495960972,1.5406797309045646,-0.41434762227642485
550.0,1.8185696980492723,0.5,0.8,0.0825276021680516,1.5406797309045646,-0.41434762227642485
550.0,1.8185696980492723,0.5,1.2,0.17827436797699275,1.5406797309045646,-0.41434762227642485
550.0,1.8185696980492723,0.5,1.8,0.3121899642483325,1.5406797309045646,-0.41434762227642485
550.0,1.8185696980492723,0.5,2.5,0.4506092063557079,1.5406797309045646,-0.41434762227642485
550.0,1.8185696980492723,0.5,3.5,0.5706725482430743,1.5406797309045646,-0.41434762227642485
550.0,1.8185696980492723,0.5,5.0,0.6754470040090873,1.5406797309045646,-0.41434762227642485
550.0,1.8185696980492723,0.5,7.0,0.7531464372511862,1.5406797309045646,-0.41434762227642485
550.0,1.8185696980492723,0.5,10.0,0.8164737753752419,1.5406797309045646,-0.41434762227642485
550.0,1.8185696980492723,0.5,14.0,0.8618743402642456,1.5406797309045646,-0.41434762227642485
550.0,1.8185696980492723,0.5,20.0,0.8983754291808893,1.5406797309045646,-0.41434762227642485
550.0,2.0100562510528768,0.5,0.5,-0.009423561957813359,1.8947965513027631,-0.32449740572567576
550.0,2.0100562510528768,0.5,0.8,0.05315093989169293,1.8947965513027631,-0.32449740572567576
550.0,2.0100562510528768,0.5,1.2,0.1311615369336749,1.8947965513027631,-0.32449740572567576
550.0,2.0100562510528768,0.5,1.8,0.2743431582440079,1.8947965513027631,-0.32449740572567576
550.0,2.0100562510528768,0.5,2.5,0.4185338330687866,1.8947965513027631,-0.32449740572567576
550.0,2.0100562510528768,0.5,3.5,0.5479800675571661,1.8947965513027631,-0.32449740572567576
550.0,2.0100562510528768,0.5,5.0,0.6605885310559388,1.8947965513027631,-0.32449740572567576
550.0,2.0100562510528768,0.5,7.0,0.7434279747643641,1.8947965513027631,-0.32449740572567576
550.0,2.0100562510528768,0.5,10.0,0.8104598141836221,1.8947965513027631,-0.32449740572567576
550.0,2.0100562510528768,0.5,14.0,0.8581700814424726,1.8947965513027631,-0.32449740572567576
550.0,2.0100562510528768,0.5,20.0,0.8962360462773734,1.8947965513027631,-0.32449740572567576
550.0,2.2217054076787313,0.5,0.5,-0.0029806789724231802,2.121736996474665,-0.27536844213903533
550.0,2.2217054076787313,0.5,0.8,-0.0022593295556027583,2.121736996474665,-0.27536844213903533
550.0,2.2217054076787313,0.5,1.2,0.06833531400468186,2.121736996474665,-0.27536844213903533
550.0,2.2217054076787313,0.5,1.8,0.21937631683407802,2.121736996474665,-0.27536844213903533
550.0,2.2217054076787313,0.5,2.5,0.37328518581278397,2.121736996474665,-0.27536844213903533
550.0,2.2217054076787313,0.5,3.5,0.5147054454653768,2.121736996474665,-0.27536844213903533
550.0,2.2217054076787313,0.5,5.0,0.6377301808095297,2.121736996474665,-0.27536844213903533
550.0,2.2217054076787313,0.5,7.0,0.7278245715674925,2.121736996474665,-0.27536844213903533
550.0,2.2217054076787313,0.5,10.0,0.8002078036116711,2.121736996474665,-0.27536844213903533
550.0,2.2217054076787313,0.5,14.0,0.8513622839610036,2.121736996474665,-0.27536844213903533
550.0,2.2217054076787313,0.5,20.0,0.8918723415546842,2.121736996474665,-0.27536844213903533
550.0,2.455640192120709,0.5,0.5,-0.025542687800819867,2.284739196888489,-0.24322335883306476
550.0,2.455640192120709,0.5,0.8,-0.06580830390580095,2.284739196888489,-0.24322335883306476
550.0,2.455640192120709,0.5,1.2,-0.00024185544959016658,2.284739196888489,-0.24322335883306476
550.0,2.455640192120709,0.5,1.8,0.1509633069897375,2.284739196888489,-0.24322335883306476
550.0,2.455640192120709,0.5,2.5,0.31588205832755145,2.284739196888489,-0.24322335883306476
550.0,2.455640192120709,0.5,3.5,0.4716952950007912,2.284739196888489,-0.24322335883306476
550.0,2.455640192120709,0.5,5.0,0.6077288983228407,2.284739196888489,-0.24322335883306476
550.0,2.455640192120709,0.5,7.0,0.7068752698043923,2.284739196888489,-0.24322335883306476
550.0,2.455640192120709,0.5,10.0,0.7860742750778387,2.284739196888489,-0.24322335883306476
550.0,2.455640192120709,0.5,14.0,0.8417002160603249,2.284739196888489,-0.24322335883306476
550.0,2.455640192120709,0.5,20.0,0.885457354796663,2.284739196888489,-0.24322335883306476
550.0,2.714207172704789,0.5,0.5,-0.0715627332599963,2.640918957580304,-0.18030491720006378
550.0,2.714207172704789,0.5,0.8,-0.10922426372780823,2.640918957580304,-0.18030491720006378
550.0,2.714207172704789,0.5,1.2,-0.0622890500004565,2.640918957580304,-0.18030491720006378
550.0,2.714207172704789,0.5,1.8,0.07775021860711605,2.640918957580304,-0.18030491720006378
550.0,2.714207172704789,0.5,2.5,0.2504935716317239,2.640918957580304,-0.18030491720006378
550.0,2.714207172704789,0.5,3.5,0.4217891648154852,2.640918957580304,-0.18030491720006378
550.0,2.714207172704789,0.5,5.0,0.5722337474603324,2.640918957580304,-0.18030491720006378
550.0,2.714207172704789,0.5,7.0,0.6817288921602308,2.640918957580304,-0.18030491720006378
550.0,2.714207172704789,0.5,10.0,0.7688503210208416,2.640918957580304,-0.18030491720006378
550.0,2.714207172704789,0.5,14.0,0.8297458946141569,2.640918957580304,-0.18030491720006378
550.0,2.714207172704789,0.5,20.0,0.8773828374854582,2.640918957580304,-0.18030491720006378
550.0,3.0000000000000004,0.5,0.5,-0.07872412886641922,2.965798188456349,-0.12991839575552647
550.0,3.0000000000000004,0.5,0.8,-0.10790756912926887,2.965798188456349,-0.12991839575552647
550.0,3.0000000000000004,0.5,1.2,-0.1064418047509224,2.965798188456349,-0.12991839575552647
550.0,3.0000000000000004,0.5,1.8,0.00963163247793176,2.965798188456349,-0.12991839575552647
550.0,3.0000000000000004,0.5,2.5,0.18319602276361782,2.965798188456349,-0.12991839575552647
550.0,3.0000000000000004,0.5,3.5,0.36795627216581145,2.965798188456349,-0.12991839575552647
550.0,3.0000000000000004,0.5,5.0,0.5333529519556686,2.965798188456349,-0.12991839575552647
550.0,3.0000000000000004,0.5,7.0,0.6538883742962636,2.965798188456349,-0.12991839575552647
550.0,3.0000000000000004,0.5,10.0,0.749577264062506,2.965798188456349,-0.12991839575552647
550.0,3.0000000000000004,0.5,14.0,0.8162377652261603,2.965798188456349,-0.12991839575552647
550.0,3.0000000000000004,0.5,20.0,0.868163854087697,2.965798188456349,-0.12991839575552647
550.0,0.3,1.0,0.5,-0.013575938945475857,5.595265794056446,0.14576073048372856
550.0,0.3,1.0,0.8,-0.031740383565223046,5.595265794056446,0.14576073048372856
550.0,0.3,1.0,1.2,-0.05424494114757899,5.595265794056446,0.14576073048372856
550.0,0.3,1.0,1.8,-0.058108549903005395,5.595265794056446,0.14576073048372856
550.0,0.3,1.0,2.5,-0.0402115973241728,5.595265794056446,0.14576073048372856
550.0,0.3,1.0,3.5,0.026920768762065218,5.595265794056446,0.14576073048372856
550.0,0.3,1.0,5.0,0.20266399812111288,5.595265794056446,0.14576073048372856
550.0,0.3,1.0,7.0,0.36138882778373865,5.595265794056446,0.14576073048372856
550.0,0.3,1.0,10.0,0.4921383676247832,5.595265794056446,0.14576073048372856
550.0,0.3,1.0,14.0,0.5982979861012941,5.595265794056446,0.14576073048372856
550.0,0.3,1.0,20.0,0.6892903880601129,5.595265794056446,0.14576073048372856
550.0,0.3315885423378064,1.0,0.5,-0.01653889500899295,5.065618584027339,0.10257249513559295
550.0,0.3315885423378064,1.0,0.8,-0.03705685753682911,5.065618584027339,0.10257249513559295
550.0,0.3315885423378064,1.0,1.2,-0.05853946946205009,5.065618584027339,0.10257249513559295
550.0,0.3315885423378064,1.0,1.8,-0.0542049599858914,5.065618584027339,0.10257249513559295
550.0,0.3315885423378064,1.0,2.5,-0.03102265602436345,5.065618584027339,0.10257249513559295
550.0,0.3315885423378064,1.0,3.5,0.07081987775422569,5.065618584027339,0.10257249513559295
550.0,0.3315885423378064,1.0,5.0,0.2530991527389009,5.065618584027339,0.10257249513559295
550.0,0.3315885423378064,1.0,7.0,0.4014903565522527,5.065618584027339,0.10257249513559295
550.0,0.3315885423378064,1.0,10.0,0.5256345725416263,5.065618584027339,0.10257249513559295
550.0,0.3315885423378064,1.0,14.0,0.6252498836217406,5.065618584027339,0.10257249513559295
550.0,0.3315885423378064,1.0,20.0,0.7110224731861361,5.065618584027339,0.10257249513559295
550.0,0.3665032046990376,1.0,0.5,-0.01983409472268909,4.587616746019639,0.05952713803179571
550.0,0.3665032046990376,1.0,0.8,-0.0427238652730139,4.587616746019639,0.05952713803179571
550.0,0.3665032046990376,1.0,1.2,-0.06112061175692033,4.587616746019639,0.05952713803179571
550.0,0.3665032046990376,1.0,1.8,-0.04936145708452675,4.587616746019639,0.05952713803179571
550.0,0.3665032046990376,1.0,2.5,-0.014453647442544078,4.587616746019639,0.05952713803179571
550.0,0.3665032046990376,1.0,3.5,0.12113965394452657,4.587616746019639,0.05952713803179571
550.0,0.3665032046990376,1.0,5.0,0.3007535198769522,4.587616746019639,0.05952713803179571
550.0,0.3665032046990376,1.0,7.0,0.43821317139378413,4.587616746019639,0.05952713803179571
550.0,0.3665032046990376,1.0,10.0,0.5575421267982794,4.587616746019639,0.05952713803179571
550.0,0.3665032046990376,1.0,14.0,0.6507557309254688,4.587616746019639,0.05952713803179571
550.0,0.3665032046990376,1.0,20.0,0.7314600832523445,4.587616746019639,0.05952713803179571
550.0,0.4050942113609619,1.0,0.5,-0.023680295116907543,4.156761290949486,0.01669509379887427
550.0,0.4050942113609619,1.0,0.8,-0.048407496670541963,4.156761290949486,0.01669509379887427
550.0,0.4050942113609619,1.0,1.2,-0.06126801682907605,4.156761290949486,0.01669509379887427
550.0,0.4050942113609619,1.0,1.8,-0.043899474394268063,4.156761290949486,0.01669509379887427
550.0,0.4050942113609619,1.0,2.5,0.013538578718445474,4.156761290949486,0.01669509379887427
550.0,0.4050942113609619,1.0,3.5,0.1730588430958728,4.156761290949486,0.01669509379887427
550.0,0.4050942113609619,1.0,5.0,0.3449802689173278,4.156761290949486,0.01669509379887427
550.0,0.4050942113609619,1.0,7.0,0.4720128934604538,4.156761290949486,0.01669509379887427
550.0,0.4050942113609619,1.0,10.0,0.5872137695617718,4.156761290949486,0.01669509379887427
550.0,0.4050942113609619,1.0,14.0,0.674938110877929,4.156761290949486,0.01669509379887427
550.0,0.4050942113609619,1.0,20.0,0.750510487609722,4.156761290949486,0.01669509379887427
550.0,0.4477486635155488,1.0,0.5,-0.02804645377481617,3.7691334932483134,-0.025818471985433456
550.0,0.4477486635155488,1.0,0.8,-0.05377875411231548,3.7691334932483134,-0.025818471985433456
550.0,0.4477486635155488,1.0,1.2,-0.05886595461085538,3.7691334932483134,-0.025818471985433456
550.0,0.4477486635155488,1.0,1.8,-0.03614142469696082,3.7691334932483134,-0.025818471985433456
550.0,0.4477486635155488,1.0,2.5,0.0536239681600022,3.7691334932483134,-0.025818471985433456
550.0,0.4477486635155488,1.0,3.5,0.22382334033771994,3.7691334932483134,-0.025818471985433456
550.0,0.4477486635155488,1.0,5.0,0.38547059495762503,3.7691334932483134,-0.025818471985433456
550.0,0.4477486635155488,1.0,7.0,0.5050347800067524,3.7691334932483134,-0.025818471985433456
550.0,0.4477486635155488,1.0,10.0,0.6144178428734377,3.7691334932483134,-0.025818471985433456
550.0,0.4477486635155488,1.0,14.0,0.6972607395910702,3.7691334932483134,-0.025818471985433456
550.0,0.4477486635155488,1.0,20.0,0.7681072598000296,3.7691334932483134,-0.025818471985433456
550.0,0.4492873987401234,1.0,0.5,-0.028208586984630652,3.7565742803270483,-0.027268010579389962
550.0,0.4492873987401234,1.0,0.8,-0.05394329598632599,3.7565742803270483,-0.027268010579389962
550.0,0.4492873987401234,1.0,1.2,-0.05873929047424575,3.7565742803270483,-0.027268010579389962
550.0,0.4492873987401234,1.0,1.8,-0.03579564722276108,3.7565742803270483,-0.027268010579389962
550.0,0.4492873987401234,1.0,2.5,0.055179674769201895,3.7565742803270483,-0.027268010579389962
550.0,0.4492873987401234,1.0,3.5,0.22552728695269655,3.7565742803270483,-0.027268010579389962
550.0,0.4492873987401234,1.0,5.0,0.3867860247333694,3.7565742803270483,-0.027268010579389962
550.0,0.4492873987401234,1.0,7.0,0.5061548108400798,3.7565742803270483,-0.027268010579389962
550.0,0.4492873987401234,1.0,10.0,0.6153044481528153,3.7565742803270483,-0.027268010579389962
550.0,0.4492873987401234,1.0,14.0,0.6979908549859215,3.7565742803270483,-0.027268010579389962
550.0,0.4492873987401234,1.0,20.0,0.7687002986311865,3.7565742803270483,-0.027268010579389962
550.0,0.47293410393697205,1.0,0.5,-0.030689904826797603,3.574297836156601,-0.0488692531163542
550.0,0.47293410393697205,1.0,0.8,-0.05632926583578309,3.574297836156601,-0.0488692531163542
550.0,0.47293410393697205,1.0,1.2,-0.056650621550373904,3.574297836156601,-0.0488692531163542
550.0,0.47293410393697205,1.0,1.8,-0.029622122849305717,3.574297836156601,-0.0488692531163542
550.0,0.47293410393697205,1.0,2.5,0.07938975307474824,3.574297836156601,-0.0488692531163542
550.0,0.47293410393697205,1.0,3.5,0.25061494495179754,3.574297836156601,-0.0488692531163542
550.0,0.47293410393697205,1.0,5.0,0.4059937802794146,3.574297836156601,-0.0488692531163542
550.0,0.47293410393697205,1.0,7.0,0.5227400758709403,3.574297836156601,-0.0488692531163542
550.0,0.47293410393697205,1.0,10.0,0.6283231634090757,3.574297836156601,-0.0488692531163542
550.0,0.47293410393697205,1.0,14.0,0.7086697482479428,3.574297836156601,-0.0488692531163542
550.0,0.47293410393697205,1.0,20.0,0.7772276224952379,3.574297836156601,-0.0488692531163542
550.0,0.4948944222294061,1.0,0.5,-0.03294251041890785,3.421397670565143,-0.06785643596932105
550.0,0.4948944222294061,1.0,0.8,-0.05816614582909542,3.421397670565143,-0.06785643596932105
550.0,0.4948944222294061,1.0,1.2,-0.05448176758493498,3.421397670565143,-0.06785643596932105
550.0,0.4948944222294061,1.0,1.8,-0.022290044574194468,3.421397670565143,-0.06785643596932105
550.0,0.4948944222294061,1.0,2.5,0.10183099037642103,3.421397670565143,-0.06785643596932105
550.0,0.4948944222294061,1.0,3.5,0.27193103993310275,3.421397670565143,-0.06785643596932105
550.0,0.4948944222294061,1.0,5.0,0.42206706813153333,3.421397670565143,-0.06785643596932105
550.0,0.4948944222294061,1.0,7.0,0.5369134015522957,3.421397670565143,-0.06785643596932105
550.0,0.4948944222294061,1.0,10.0,0.6395167452622155,3.421397670565143,-0.06785643596932105
550.0,0.4948944222294061,1.0,14.0,0.7178045005541113,3.421397670565143,-0.06785643596932105
550.0,0.4948944222294061,1.0,20.0,0.784457033043866,3.421397670565143,-0.06785643596932105
550.0,0.4965808091338207,1.0,0.5,-0.03311407917406698,3.4102481931138837,-0.06927400383770868
550.0,0.4965808091338207,1.0,0.8,-0.05829467972886781,3.4102481931138837,-0.06927400383770868
550.0,0.4965808091338207,1.0,1.2,-0.05430967025643687,3.4102481931138837,-0.06927400383770868
550.0,0.4965808091338207,1.0,1.8,-0.021656125152160022,3.4102481931138837,-0.06927400383770868
550.0,0.4965808091338207,1.0,2.5,0.10354364788453581,3.4102481931138837,-0.06927400383770868
550.0,0.4965808091338207,1.0,3.5,0.27350328024341947,3.4102481931138837,-0.06927400383770868
550.0,0.4965808091338207,1.0,5.0,0.42324476627727375,3.4102481931138837,-0.06927400383770868
550.0,0.4965808091338207,1.0,7.0,0.5379596077001295,3.4102481931138837,-0.06927400383770868
550.0,0.4965808091338207,1.0,10.0,0.6403489556832495,3.4102481931138837,-0.06927400383770868
550.0,0.4965808091338207,1.0,14.0,0.7184813668058423,3.4102481931138837,-0.06927400383770868
550.0,0.4965808091338207,1.0,20.0,0.7849947249176099,3.4102481931138837,-0.06927400383770868
550.0,0.5470044002605323,1.0,0.5,-0.038268083706426745,3.1108283739976206,-0.10918393980840964
550.0,0.5470044002605323,1.0,0.8,-0.06092517679252165,3.1108283739976206,-0.10918393980840964
550.0,0.5470044002605323,1.0,1.2,-0.04904451012873399,3.1108283739976206,-0.10918393980840964
550.0,0.5470044002605323,1.0,1.8,0.001950252058034497,3.1108283739976206,-0.10918393980840964
550.0,0.5470044002605323,1.0,2.5,0.15248743968919673,3.1108283739976206,-0.10918393980840964
550.0,0.5470044002605323,1.0,3.5,0.31602770069897596,3.1108283739976206,-0.10918393980840964
550.0,0.5470044002605323,1.0,5.0,0.4548433467663011,3.1108283739976206,-0.10918393980840964
550.0,0.5470044002605323,1.0,7.0,0.5664023463731835,3.1108283739976206,-0.10918393980840964
550.0,0.5470044002605323,1.0,10.0,0.6631980199991836,3.1108283739976206,-0.10918393980840964
550.0,0.5470044002605323,1.0,14.0,0.7369341313219008,3.1108283739976206,-0.10918393980840964
550.0,0.5470044002605323,1.0,20.0,0.7994430879921989,3.1108283739976206,-0.10918393980840964
550.0,0.5502624373878341,1.0,0.5,-0.038590999180173675,3.0935256827104545,-0.11160626540765295
550.0,0.5502624373878341,1.0,0.8,-0.06101929740194844,3.0935256827104545,-0.11160626540765295
550.0,0.5502624373878341,1.0,1.2,-0.04871183970799687,3.0935256827104545,-0.11160626540765295
550.0,0.5502624373878341,1.0,1.8,0.0037683757164714672,3.0935256827104545,-0.11160626540765295
550.0,0.5502624373878341,1.0,2.5,0.15550361342333102,3.0935256827104545,-0.11160626540765295
550.0,0.5502624373878341,1.0,3.5,0.318543230320262,3.0935256827104545,-0.11160626540765295
550.0,0.5502624373878341,1.0,5.0,0.4567210484440281,3.0935256827104545,-0.11160626540765295
550.0,0.5502624373878341,1.0,7.0,0.568087399715056,3.0935256827104545,-0.11160626540765295
550.0,0.5502624373878341,1.0,10.0,0.6645547956616378,3.0935256827104545,-0.11160626540765295
550.0,0.5502624373878341,1.0,14.0,0.7380215462461971,3.0935256827104545,-0.11160626540765295
550.0,0.5502624373878341,1.0,20.0,0.8002940020030384,3.0935256827104545,-0.11160626540765295
550.0,0.5792236183029833,1.0,0.5,-0.04141859625621601,2.9491593999927463,-0.13236174483028146
550.0,0.5792236183029833,1.0,0.8,-0.06148068231805309,2.9491593999927463,-0.13236174483028146
550.0,0.5792236183029833,1.0,1.2,-0.045789385187616494,2.9491593999927463,-0.13236174483028146
550.0,0.5792236183029833,1.0,1.8,0.02124501458375792,2.9491593999927463,-0.13236174483028146
550.0,0.5792236183029833,1.0,2.5,0.18093934510063964,2.9491593999927463,-0.13236174483028146
550.0,0.5792236183029833,1.0,3.5,0.3391624806107304,2.9491593999927463,-0.13236174483028146
550.0,0.5792236183029833,1.0,5.0,0.47239507373777045,2.9491593999927463,-0.13236174483028146
550.0,0.5792236183029833,1.0,7.0,0.5819564894010252,2.9491593999927463,-0.13236174483028146
550.0,0.5792236183029833,1.0,10.0,0.6757975734591929,2.9491593999927463,-0.13236174483028146
550.0,0.5792236183029833,1.0,14.0,0.7470533143800121,2.9491593999927463,-0.13236174483028146
550.0,0.5792236183029833,1.0,20.0,0.8074288953902433,2.9491593999927463,-0.13236174483028146
550.0,0.6046013057825199,1.0,0.5,-0.04380035733614853,2.83537343114066,-0.14944972584032742
550.0,0.6046013057825199,1.0,0.8,-0.0613384081739423,2.83537343114066,-0.14944972584032742
550.0,0.6046013057825199,1.0,1.2,-0.043137241973537,2.83537343114066,-0.14944972584032742
550.0,0.6046013057825199,1.0,1.8,0.03805446968228139,2.83537343114066,-0.14944972584032742
550.0,0.6046013057825199,1.0,2.5,0.2016120538915062,2.83537343114066,-0.14944972584032742
550.0,0.6046013057825199,1.0,3.5,0.3554200903334323,2.83537343114066,-0.14944972584032742
550.0,0.6046013057825199,1.0,5.0,0.4853225065956447,2.83537343114066,-0.14944972584032742
550.0,0.6046013057825199,1.0,7.0,0.5929228958272659,2.83537343114066,-0.14944972584032742
550.0,0.6046013057825199,1.0,10.0,0.6847232118445599,2.83537343114066,-0.14944972584032742
550.0,0.6046013057825199,1.0,14.0,0.7542247620321043,2.83537343114066,-0.14944972584032742
550.0,0.6046013057825199,1.0,20.0,0.8131163945260972,2.83537343114066,-0.14944972584032742
550.0,0.6081847992181325,1.0,0.5,-0.04413418209566503,2.8201796407940503,-0.15178321828493085
550.0,0.6081847992181325,1.0,0.8,-0.061282761088834556,2.8201796407940503,-0.15178321828493085
550.0,0.6081847992181325,1.0,1.2,-0.042747352196196166,2.8201796407940503,-0.15178321828493085
550.0,0.6081847992181325,1.0,1.8,0.04051220556603934,2.8201796407940503,-0.15178321828493085
550.0,0.6081847992181325,1.0,2.5,0.20440598318343484,2.8201796407940503,-0.15178321828493085
550.0,0.6081847992181325,1.0,3.5,0.3575811818533879,2.8201796407940503,-0.15178321828493085
550.0,0.6081847992181325,1.0,5.0,0.4870889643449684,2.8201796407940503,-0.15178321828493085
550.0,0.6081847992181325,1.0,7.0,0.5943883430859478,2.8201796407940503,-0.15178321828493085
550.0,0.6081847992181325,1.0,10.0,0.6859180765332857,2.8201796407940503,-0.15178321828493085
550.0,0.6081847992181325,1.0,14.0,0.7551886080346581,2.8201796407940503,-0.15178321828493085
550.0,0.6081847992181325,1.0,20.0,0.8138755874732402,2.8201796407940503,-0.15178321828493085
550.0,0.6353883327016112,1.0,0.5,-0.04651958161075317,2.7113237931634813,-0.16887860610190306
550.0,0.6353883327016112,1.0,0.8,-0.06063211192722647,2.7113237931634813,-0.16887860610190306
550.0,0.6353883327016112,1.0,1.2,-0.0396739169624731,2.7113237931634813,-0.16887860610190306
550.0,0.6353883327016112,1.0,1.8,0.05946713309455692,2.7113237931634813,-0.16887860610190306
550.0,0.6353883327016112,1.0,2.5,0.22463818764621407,2.7113237931634813,-0.16887860610190306
550.0,0.6353883327016112,1.0,3.5,0.3729737753615619,2.7113237931634813,-0.16887860610190306
550.0,0.6353883327016112,1.0,5.0,0.49997117992547707,2.7113237931634813,-0.16887860610190306
550.0,0.6353883327016112,1.0,7.0,0.6048839490460012,2.7113237931634813,-0.16887860610190306
550.0,0.6353883327016112,1.0,10.0,0.6944975547234077,2.7113237931634813,-0.16887860610190306
550.0,0.6353883327016112,1.0,14.0,0.762181776855965,2.7113237931634813,-0.16887860610190306
550.0,0.6353883327016112,1.0,20.0,0.8193776171451569,2.7113237931634813,-0.16887860610190306
550.0,0.6682628855998672,1.0,0.5,-0.04915823585426621,2.593774430644517,-0.18812778665236893
550.0,0.6682628855998672,1.0,0.8,-0.05931487887001115,2.593774430644517,-0.18812778665236893
550.0,0.6682628855998672,1.0,1.2,-0.035377685413185395,2.593774430644517,-0.18812778665236893
550.0,0.6682628855998672,1.0,1.8,0.08247500548352113,2.593774430644517,-0.18812778665236893
550.0,0.6682628855998672,1.0,2.5,0.2467509167102768,2.593774430644517,-0.18812778665236893
550.0,0.6682628855998672,1.0,3.5,0.3893711475900392,2.593774430644517,-0.18812778665236893
550.0,0.6682628855998672,1.0,5.0,0.5141633916045433,2.593774430644517,-0.18812778665236893
550.0,0.6682628855998672,1.0,7.0,0.6161827160649099,2.593774430644517,-0.18812778665236893
550.0,0.6682628855998672,1.0,10.0,0.703783219571991,2.593774430644517,-0.18812778665236893
550.0,0.6682628855998672,1.0,14.0,0.7698259835433394,2.593774430644517,-0.18812778665236893
550.0,0.6682628855998672,1.0,20.0,0.8253906619440502,2.593774430644517,-0.18812778665236893
550.0,0.6688298238964329,1.0,0.5,-0.04920126313955466,2.591871010397892,-0.18844660711796968
550.0,0.6688298238964329,1.0,0.8,-0.05928817029165474,2.591871010397892,-0.18844660711796968
550.0,0.6688298238964329,1.0,1.2,-0.03529429081375153,2.591871010397892,-0.18844660711796968
550.0,0.6688298238964329,1.0,1.8,0.08286610291902824,2.591871010397892,-0.18844660711796968
550.0,0.6688298238964329,1.0,2.5,0.2471061698657267,2.591871010397892,-0.18844660711796968
550.0,0.6688298238964329,1.0,3.5,0.3896317501179816,2.591871010397892,-0.18844660711796968
550.0,0.6688298238964329,1.0,5.0,0.5143935023956487,2.591871010397892,-0.18844660711796968
550.0,0.6688298238964329,1.0,7.0,0.6163658587061723,2.591871010397892,-0.18844660711796968
550.0,0.6688298238964329,1.0,10.0,0.7039347556139571,2.591871010397892,-0.18844660711796968
550.0,0.6688298238964329,1.0,14.0,0.7699503781321945,2.591871010397892,-0.18844660711796968
550.0,0.6688298238964329,1.0,20.0,0.8254882161579534,2.591871010397892,-0.18844660711796968
550.0,0.7022713150912545,1.0,0.5,-0.05160845952761888,2.4864136019527048,-0.20648661838794777
550.0,0.7022713150912545,1.0,0.8,-0.057576246138768904,2.4864136019527048,-0.20648661838794777
550.0,0.7022713150912545,1.0,1.2,-0.029809047541250695,2.4864136019527048,-0.20648661838794777
550.0,0.7022713150912545,1.0,1.8,0.10550591091274608,2.4864136019527048,-0.20648661838794777
550.0,0.7022713150912545,1.0,2.5,0.2669269802372892,2.4864136019527048,-0.20648661838794777
550.0,0.7022713150912545,1.0,3.5,0.4040580357316317,2.4864136019527048,-0.20648661838794777
550.0,0.7022713150912545,1.0,5.0,0.5272695116738063,2.4864136019527048,-0.20648661838794777
550.0,0.7022713150912545,1.0,7.0,0.6266863615229509,2.4864136019527048,-0.20648661838794777
550.0,0.7022713150912545,1.0,10.0,0.7124492402220384,2.4864136019527048,-0.20648661838794777
550.0,0.7022713150912545,1.0,14.0,0.7768734581567699,2.4864136019527048,-0.20648661838794777
550.0,0.7022713150912545,1.0,20.0,0.8309401273602853,2.4864136019527048,-0.20648661838794777
550.0,0.7386277204483878,1.0,0.5,-0.05383392123794984,2.385782115403764,-0.22442921268040758
550.0,0.7386277204483878,1.0,0.8,-0.055446527171876495,2.385782115403764,-0.22442921268040758
550.0,0.7386277204483878,1.0,1.2,-0.022218790441803207,2.385782115403764,-0.22442921268040758
550.0,0.7386277204483878,1.0,1.8,0.1284994808226518,2.385782115403764,-0.22442921268040758
550.0,0.7386277204483878,1.0,2.5,0.28563795900564226,2.385782115403764,-0.22442921268040758
550.0,0.7386277204483878,1.0,3.5,0.4174751231064816,2.385782115403764,-0.22442921268040758
550.0,0.7386277204483878,1.0,5.0,0.539589230395315,2.385782115403764,-0.22442921268040758
550.0,0.7386277204483878,1.0,7.0,0.6367985888684007,2.385782115403764,-0.22442921268040758
550.0,0.7386277204483878,1.0,10.0,0.7207075445173341,2.385782115403764,-0.22442921268040758
550.0,0.7386277204483878,1.0,14.0,0.783528685650195,2.385782115403764,-0.22442921268040758
550.0,0.7386277204483878,1.0,20.0,0.8362288979149521,2.385782115403764,-0.22442921268040758
550.0,0.7781886018183509,1.0,0.5,-0.05573183967131597,2.2910157066648034,-0.24203192470754328
550.0,0.7781886018183509,1.0,0.8,-0.05305561189000886,2.2910157066648034,-0.24203192470754328
550.0,0.7781886018183509,1.0,1.2,-0.011833540876432663,2.2910157066648034,-0.24203192470754328
550.0,0.7781886018183509,1.0,1.8,0.15108617603553015,2.2910157066648034,-0.24203192470754328
550.0,0.7781886018183509,1.0,2.5,0.3027568089260816,2.2910157066648034,-0.24203192470754328
550.0,0.7781886018183509,1.0,3.5,0.42962629055696694,2.2910157066648034,-0.24203192470754328
550.0,0.7781886018183509,1.0,5.0,0.5510051619244569,2.2910157066648034,-0.24203192470754328
550.0,0.7781886018183509,1.0,7.0,0.6463419240599954,2.2910157066648034,-0.24203192470754328
550.0,0.7781886018183509,1.0,10.0,0.7284707511672265,2.2910157066648034,-0.24203192470754328
550.0,0.7781886018183509,1.0,14.0,0.7898520728951535,2.2910157066648034,-0.24203192470754328
550.0,0.7781886018183509,1.0,20.0,0.8412710218370548,2.2910157066648034,-0.24203192470754328
550.0,0.8164016305125923,1.0,0.5,-0.05702388049011709,2.212545945546724,-0.257167693341047
550.0,0.8164016305125923,1.0,0.8,-0.05085660434901636,2.212545945546724,-0.257167693341047
550.0,0.8164016305125923,1.0,1.2,0.0002674272195189213,2.212545945546724,-0.257167693341047
550.0,0.8164016305125923,1.0,1.8,0.17010948349639834,2.212545945546724,-0.257167693341047
550.0,0.8164016305125923,1.0,2.5,0.316268698162456,2.212545945546724,-0.257167693341047
550.0,0.8164016305125923,1.0,3.5,0.43946927451809414,2.212545945546724,-0.257167693341047
550.0,0.8164016305125923,1.0,5.0,0.5602290966651131,2.212545945546724,-0.257167693341047
550.0,0.8164016305125923,1.0,7.0,0.6542094383411206,2.212545945546724,-0.257167693341047
550.0,0.8164016305125923,1.0,10.0,0.7348907073016903,2.212545945546724,-0.257167693341047
550.0,0.8164016305125923,1.0,14.0,0.7951658282025695,2.212545945546724,-0.257167693341047
550.0,0.8164016305125923,1.0,20.0,0.8454889267779809,2.212545945546724,-0.257167693341047
550.0,0.8191458966508958,1.0,0.5,-0.057099438407589534,2.2073716219881834,-0.2581845363754734
550.0,0.8191458966508958,1.0,0.8,-0.05070124118322489,2.2073716219881834,-0.2581845363754734
550.0,0.8191458966508958,1.0,1.2,0.001212847368919837,2.2073716219881834,-0.2581845363754734
550.0,0.8191458966508958,1.0,1.8,0.17137598719732283,2.2073716219881834,-0.2581845363754734
550.0,0.8191458966508958,1.0,2.5,0.3171381732925903,2.2073716219881834,-0.2581845363754734
550.0,0.8191458966508958,1.0,3.5,0.44012279182879593,2.2073716219881834,-0.2581845363754734
550.0,0.8191458966508958,1.0,5.0,0.5608276186786982,2.2073716219881834,-0.2581845363754734
550.0,0.8191458966508958,1.0,7.0,0.6547257992456661,2.2073716219881834,-0.2581845363754734
550.0,0.8191458966508958,1.0,10.0,0.735313469237338,2.2073716219881834,-0.2581845363754734
550.0,0.8191458966508958,1.0,14.0,0.7955180965761254,2.2073716219881834,-0.2581845363754734
550.0,0.8191458966508958,1.0,20.0,0.8457698294665262,2.2073716219881834,-0.2581845363754734
550.0,0.8601031914834406,1.0,0.5,-0.05781478638550816,2.137051090896406,-0.27224508627706556
550.0,0.8601031914834406,1.0,0.8,-0.04844923429341668,2.137051090896406,-0.27224508627706556
550.0,0.8601031914834406,1.0,1.2,0.016161816917710143,2.137051090896406,-0.27224508627706556
550.0,0.8601031914834406,1.0,1.8,0.18854064442623233,2.137051090896406,-0.27224508627706556
550.0,0.8601031914834406,1.0,2.5,0.32845299685654744,2.137051090896406,-0.27224508627706556
550.0,0.8601031914834406,1.0,3.5,0.4490800559554771,2.137051090896406,-0.27224508627706556
550.0,0.8601031914834406,1.0,5.0,0.5687976882682633,2.137051090896406,-0.27224508627706556
550.0,0.8601031914834406,1.0,7.0,0.6616755595041577,2.137051090896406,-0.27224508627706556
550.0,0.8601031914834406,1.0,10.0,0.7410584074805572,2.137051090896406,-0.27224508627706556
550.0,0.8601031914834406,1.0,14.0,0.8003282450700657,2.137051090896406,-0.27224508627706556
550.0,0.8601031914834406,1.0,20.0,0.8496535135208576,2.137051090896406,-0.27224508627706556
550.0,0.9023647554129298,1.0,0.5,-0.057803863594468825,2.0773408768337767,-0.2845522243157218
550.0,0.9023647554129298,1.0,0.8,-0.04610862417475283,2.0773408768337767,-0.2845522243157218
550.0,0.9023647554129298,1.0,1.2,0.03276913957287521,2.0773408768337767,-0.2845522243157218
550.0,0.9023647554129298,1.0,1.8,0.20287623070339608,2.0773408768337767,-0.2845522243157218
550.0,0.9023647554129298,1.0,2.5,0.3370662588395394,2.0773408768337767,-0.2845522243157218
550.0,0.9023647554129298,1.0,3.5,0.45671668746859573,2.0773408768337767,-0.2845522243157218
550.0,0.9023647554129298,1.0,5.0,0.5752078779043063,2.0773408768337767,-0.2845522243157218
550.0,0.9023647554129298,1.0,7.0,0.667436055998395,2.0773408768337767,-0.2845522243157218
550.0,0.9023647554129298,1.0,10.0,0.7460211204589614,2.0773408768337767,-0.2845522243157218
550.0,0.9023647554129298,1.0,14.0,0.8044839163673958,2.0773408768337767,-0.2845522243157218
550.0,0.9023647554129298,1.0,20.0,0.8530405599438728,2.0773408768337767,-0.2845522243157218
550.0,0.9973793796812823,1.0,0.5,-0.05563995414778092,1.9819839239260777,-0.3049598637712941
550.0,0.9973793796812823,1.0,0.8,-0.03999227756578778,1.9819839239260777,-0.3049598637712941
550.0,0.9973793796812823,1.0,1.2,0.0690150383801769,1.9819839239260777,-0.3049598637712941
550.0,0.9973793796812823,1.0,1.8,0.2225202100066331,1.9819839239260777,-0.3049598637712941
550.0,0.9973793796812823,1.0,2.5,0.3463588405953437,1.9819839239260777,-0.3049598637712941
550.0,0.9973793796812823,1.0,3.5,0.4671882308164683,1.9819839239260777,-0.3049598637712941
550.0,0.9973793796812823,1.0,5.0,0.5840207910681579,1.9819839239260777,-0.3049598637712941
550.0,0.9973793796812823,1.0,7.0,0.675888262262183,1.9819839239260777,-0.3049598637712941
550.0,0.9973793796812823,1.0,10.0,0.753732882997918,1.9819839239260777,-0.3049598637712941
550.0,0.9973793796812823,1.0,14.0,0.8111902804383674,1.9819839239260777,-0.3049598637712941
550.0,0.9973793796812823,1.0,20.0,0.8586378191973156,1.9819839239260777,-0.3049598637712941
550.0,1.1005248747756682,1.0,0.5,-0.05078447488377861,1.939542333207507,-0.3143607282076746
550.0,1.1005248747756682,1.0,0.8,-0.029615181214695578,1.939542333207507,-0.3143607282076746
550.0,1.1005248747756682,1.0,1.2,0.09701525068122575,1.939542333207507,-0.3143607282076746
550.0,1.1005248747756682,1.0,1.8,0.2255258431941745,1.939542333207507,-0.3143607282076746
550.0,1.1005248747756682,1.0,2.5,0.3429662736050452,1.939542333207507,-0.3143607282076746
550.0,1.1005248747756682,1.0,3.5,0.4680199431900241,1.939542333207507,-0.3143607282076746
550.0,1.1005248747756682,1.0,5.0,0.58618134028306,1.939542333207507,-0.3143607282076746
550.0,1.1005248747756682,1.0,7.0,0.6790526808881311,1.939542333207507,-0.3143607282076746
550.0,1.1005248747756682,1.0,10.0,0.7573075197386309,1.939542333207507,-0.3143607282076746
550.0,1.1005248747756682,1.0,14.0,0.8148205460738263,1.939542333207507,-0.3143607282076746
550.0,1.1005248747756682,1.0,20.0,0.8619817065645954,1.939542333207507,-0.3143607282076746
550.0,1.102398582221007,1.0,0.5,-0.05067731559785322,1.9393609833250527,-0.3144013372390807
550.0,1.102398582221007,1.0,0.8,-0.02937872029971167,1.9393609833250527,-0.3144013372390807
550.0,1.102398582221007,1.0,1.2,0.0973695027672995,1.9393609833250527,-0.3144013372390807
550.0,1.102398582221007,1.0,1.8,0.22542545700337482,1.9393609833250527,-0.3144013372390807
550.0,1.102398582221007,1.0,2.5,0.34279619080908724,1.9393609833250527,-0.3144013372390807
550.0,1.102398582221007,1.0,3.5,0.46793109114616227,1.9393609833250527,-0.3144013372390807
550.0,1.102398582221007,1.0,5.0,0.5861412825710058,1.9393609833250527,-0.3144013372390807
550.0,1.102398582221007,1.0,7.0,0.6790466196253391,1.9393609833250527,-0.3144013372390807
550.0,1.102398582221007,1.0,10.0,0.757326968043759,1.9393609833250527,-0.3144013372390807
550.0,1.102398582221007,1.0,14.0,0.8148514199274915,1.9393609833250527,-0.3144013372390807
550.0,1.102398582221007,1.0,20.0,0.8620178243910578,1.9393609833250527,-0.3144013372390807
550.0,1.1584472366059666,1.0,0.5,-0.04756135102859038,1.943954155278838,-0.3133739726843093
550.0,1.1584472366059666,1.0,0.8,-0.021487618925144513,1.943954155278838,-0.3133739726843093
550.0,1.1584472366059666,1.0,1.2,0.10464466593565112,1.943954155278838,-0.3133739726843093
550.0,1.1584472366059666,1.0,1.8,0.21981529240609918,1.943954155278838,-0.3133739726843093
550.0,1.1584472366059666,1.0,2.5,0.3362926253370311,1.943954155278838,-0.3133739726843093
550.0,1.1584472366059666,1.0,3.5,0.46393294800629775,1.943954155278838,-0.3133739726843093
550.0,1.1584472366059666,1.0,5.0,0.5840611508564983,1.943954155278838,-0.3133739726843093
550.0,1.1584472366059666,1.0,7.0,0.6782247664443295,1.943954155278838,-0.3133739726843093
550.0,1.1584472366059666,1.0,10.0,0.7574249353290514,1.943954155278838,-0.3133739726843093
550.0,1.1584472366059666,1.0,14.0,0.815389517235731,1.943954155278838,-0.3133739726843093
550.0,1.1584472366059666,1.0,20.0,0.8627710244234255,1.943954155278838,-0.3133739726843093
550.0,1.216369598436265,1.0,0.5,-0.04451849528826902,1.9916751339828438,-0.30284149008391376
550.0,1.216369598436265,1.0,0.8,-0.012154065128901737,1.9916751339828438,-0.30284149008391376
550.0,1.216369598436265,1.0,1.2,0.10586276110815021,1.9916751339828438,-0.30284149008391376
550.0,1.216369598436265,1.0,1.8,0.20953262380647053,1.9916751339828438,-0.30284149008391376
550.0,1.216369598436265,1.0,2.5,0.32704114585594407,1.9916751339828438,-0.30284149008391376
550.0,1.216369598436265,1.0,3.5,0.4569237709172855,1.9916751339828438,-0.30284149008391376
550.0,1.216369598436265,1.0,5.0,0.5797533695739785,1.9916751339828438,-0.30284149008391376
550.0,1.216369598436265,1.0,7.0,0.675733652178759,1.9916751339828438,-0.30284149008391376
550.0,1.216369598436265,1.0,10.0,0.7563046947952926,1.9916751339828438,-0.30284149008391376
550.0,1.216369598436265,1.0,14.0,0.8150536495940988,1.9916751339828438,-0.30284149008391376
550.0,1.216369598436265,1.0,20.0,0.8628769977677108,1.9916751339828438,-0.30284149008391376
550.0,1.218475796513094,1.0,0.5,-0.044417687823566594,1.9968111438656944,-0.3017229995947263
550.0,1.218475796513094,1.0,0.8,-0.011796807478072768,1.9968111438656944,-0.3017229995947263
550.0,1.218475796513094,1.0,1.2,0.10577200226308528,1.9968111438656944,-0.3017229995947263
550.0,1.218475796513094,1.0,1.8,0.20906968348519453,1.9968111438656944,-0.3017229995947263
550.0,1.218475796513094,1.0,2.5,0.32665066462515696,1.9968111438656944,-0.3017229995947263
550.0,1.218475796513094,1.0,3.5,0.45660486278698137,1.9968111438656944,-0.3017229995947263
550.0,1.218475796513094,1.0,5.0,0.5795489695994368,1.9968111438656944,-0.3017229995947263
550.0,1.218475796513094,1.0,7.0,0.6756152699793061,1.9968111438656944,-0.3017229995947263
550.0,1.218475796513094,1.0,10.0,0.7562441635848122,1.9968111438656944,-0.3017229995947263
550.0,1.218475796513094,1.0,14.0,0.8150264009641882,1.9968111438656944,-0.3017229995947263
550.0,1.218475796513094,1.0,20.0,0.8628700247660591,1.9968111438656944,-0.3017229995947263
550.0,1.3467753774655815,1.0,0.5,-0.03944793817777759,2.401051096379871,-0.2216585890219966
550.0,1.3467753774655815,1.0,0.8,0.007733199418325873,2.401051096379871,-0.2216585890219966
550.0,1.3467753774655815,1.0,1.2,0.08640566134634715,2.401051096379871,-0.2216585890219966
550.0,1.3467753774655815,1.0,1.8,0.17266224494360524,2.401051096379871,-0.2216585890219966
550.0,1.3467753774655815,1.0,2.5,0.29655285329382697,2.401051096379871,-0.2216585890219966
550.0,1.3467753774655815,1.0,3.5,0.43162596859545455,2.401051096379871,-0.2216585890219966
550.0,1.3467753774655815,1.0,5.0,0.5628210560907363,2.401051096379871,-0.2216585890219966
550.0,1.3467753774655815,1.0,7.0,0.6649015643427142,2.401051096379871,-0.2216585890219966
550.0,1.3467753774655815,1.0,10.0,0.7497830127215915,2.401051096379871,-0.2216585890219966
550.0,1.3467753774655815,1.0,14.0,0.811224128131848,2.401051096379871,-0.2216585890219966
550.0,1.3467753774655815,1.0,20.0,0.8608470320988089,2.401051096379871,-0.2216585890219966
550.0,1.4885842809008711,1.0,0.5,-0.036808907400465656,2.8779261596386156,-0.1429803444907136
550.0,1.4885842809008711,1.0,0.8,0.012210204264714034,2.8779261596386156,-0.1429803444907136
550.0,1.4885842809008711,1.0,1.2,0.038834815407728214,2.8779261596386156,-0.1429803444907136
550.0,1.4885842809008711,1.0,1.8,0.1185243845046175,2.8779261596386156,-0.1429803444907136
550.0,1.4885842809008711,1.0,2.5,0.24949013477194298,2.8779261596386156,-0.1429803444907136
550.0,1.4885842809008711,1.0,3.5,0.3934662248168611,2.8779261596386156,-0.1429803444907136
550.0,1.4885842809008711,1.0,5.0,0.5358547101895893,2.8779261596386156,-0.1429803444907136
550.0,1.4885842809008711,1.0,7.0,0.6462448224314316,2.8779261596386156,-0.1429803444907136
550.0,1.4885842809008711,1.0,10.0,0.737581133253494,2.8779261596386156,-0.1429803444907136
550.0,1.4885842809008711,1.0,14.0,0.8032094045542123,2.8779261596386156,-0.1429803444907136
550.0,1.4885842809008711,1.0,20.0,0.8557922723650496,2.8779261596386156,-0.1429803444907136
550.0,1.645324972836306,1.0,0.5,-0.03364572076498741,3.114199613062976,-0.10871354492201234
550.0,1.645324972836306,1.0,0.8,-0.016679525582567786,3.114199613062976,-0.10871354492201234
550.0,1.645324972836306,1.0,1.2,-0.02607859598022413,3.114199613062976,-0.10871354492201234
550.0,1.645324972836306,1.0,1.8,0.053109747213072045,3.114199613062976,-0.10871354492201234
550.0,1.645324972836306,1.0,2.5,0.18592010815911672,3.114199613062976,-0.10871354492201234
550.0,1.645324972836306,1.0,3.5,0.3422668936261531,3.114199613062976,-0.10871354492201234
550.0,1.645324972836306,1.0,5.0,0.49843705971391117,3.114199613062976,-0.10871354492201234
550.0,1.645324972836306,1.0,7.0,0.619825320673577,3.114199613062976,-0.10871354492201234
550.0,1.645324972836306,1.0,10.0,0.7196795198439716,3.114199613062976,-0.10871354492201234
550.0,1.645324972836306,1.0,14.0,0.7909880449421963,3.114199613062976,-0.10871354492201234
550.0,1.645324972836306,1.0,20.0,0.8477083507522778,3.114199613062976,-0.10871354492201234
550.0,1.8185696980492723,1.0,0.5,-0.024820612128214972,3.375311920500693,-0.07374607813344757
550.0,1.8185696980492723,1.0,0.8,-0.07013695035749164,3.375311920500693,-0.07374607813344757
550.0,1.8185696980492723,1.0,1.2,-0.08585782191408019,3.375311920500693,-0.07374607813344757
550.0,1.8185696980492723,1.0,1.8,-0.0145823182832286,3.375311920500693,-0.07374607813344757
550.0,1.8185696980492723,1.0,2.5,0.11229812704633071,3.375311920500693,-0.07374607813344757
550.0,1.8185696980492723,1.0,3.5,0.2803359283531087,3.375311920500693,-0.07374607813344757
550.0,1.8185696980492723,1.0,5.0,0.4525007843247898,3.375311920500693,-0.07374607813344757
550.0,1.8185696980492723,1.0,7.0,0.5868022564526036,3.375311920500693,-0.07374607813344757
550.0,1.8185696980492723,1.0,10.0,0.6969295230326911,3.375311920500693,-0.07374607813344757
550.0,1.8185696980492723,1.0,14.0,0.775159462993823,3.375311920500693,-0.07374607813344757
550.0,1.8185696980492723,1.0,20.0,0.8370117037343421,3.375311920500693,-0.07374607813344757
550.0,2.0100562510528768,1.0,0.5,-0.014304221222577816,3.9970202283875307,-0.00032364515571032794
550.0,2.0100562510528768,1.0,0.8,-0.09816399578900709,3.9970202283875307,-0.00032364515571032794
550.0,2.0100562510528768,1.0,1.2,-0.11466036341496844,3.9970202283875307,-0.00032364515571032794
550.0,2.0100562510528768,1.0,1.8,-0.07542790420031872,3.9970202283875307,-0.00032364515571032794
550.0,2.0100562510528768,1.0,2.5,0.039461293711693934,3.9970202283875307,-0.00032364515571032794
550.0,2.0100562510528768,1.0,3.5,0.2133807522923622,3.9970202283875307,-0.00032364515571032794
550.0,2.0100562510528768,1.0,5.0,0.40117928772878003,3.9970202283875307,-0.00032364515571032794
550.0,2.0100562510528768,1.0,7.0,0.5493317490748761,3.9970202283875307,-0.00032364515571032794
550.0,2.0100562510528768,1.0,10.0,0.6707648336188954,3.9970202283875307,-0.00032364515571032794
550.0,2.0100562510528768,1.0,14.0,0.7567454489453274,3.9970202283875307,-0.00032364515571032794
550.0,2.0100562510528768,1.0,20.0,0.8244153350159421,3.9970202283875307,-0.00032364515571032794
550.0,2.2217054076787313,1.0,0.5,-0.00840957584066113,4.410834098505893,0.04246073195522904
550.0,2.2217054076787313,1.0,0.8,-0.057100810734162566,4.410834098505893,0.04246073195522904
550.0,2.2217054076787313,1.0,1.2,-0.09818360779899242,4.410834098505893,0.04246073195522904
550.0,2.2217054076787313,1.0,1.8,-0.11231747280283581,4.410834098505893,0.04246073195522904
550.0,2.2217054076787313,1.0,2.5,-0.024304093047755704,4.410834098505893,0.04246073195522904
550.0,2.2217054076787313,1.0,3.5,0.14605410041488756,4.410834098505893,0.04246073195522904
550.0,2.2217054076787313,1.0,5.0,0.3468554510212034,4.410834098505893,0.04246073195522904
550.0,2.2217054076787313,1.0,7.0,0.5090211554350013,4.410834098505893,0.04246073195522904
550.0,2.2217054076787313,1.0,10.0,0.6422996442720551,4.410834098505893,0.04246073195522904
550.0,2.2217054076787313,1.0,14.0,0.7365262452500322,4.410834098505893,0.04246073195522904
550.0,2.2217054076787313,1.0,20.0,0.8104586223219539,4.410834098505893,0.04246073195522904
550.0,2.455640192120709,1.0,0.5,0.031512344917264304,5.057925297865292,0.1019124194921145
550.0,2.455640192120709,1.0,0.8,0.003847746290947183,5.057925297865292,0.1019124194921145
550.0,2.455640192120709,1.0,1.2,-0.053217348555838546,5.057925297865292,0.1019124194921145
550.0,2.455640192120709,1.0,1.8,-0.1149550560289332,5.057925297865292,0.1019124194921145
550.0,2.455640192120709,1.0,2.5,-0.07529904127825128,5.057925297865292,0.1019124194921145
550.0,2.455640192120709,1.0,3.5,0.07868544600938968,5.057925297865292,0.1019124194921145
550.0,2.455640192120709,1.0,5.0,0.2888730150699158,5.057925297865292,0.1019124194921145
550.0,2.455640192120709,1.0,7.0,0.4651734522552233,5.057925297865292,0.1019124194921145
550.0,2.455640192120709,1.0,10.0,0.6110039892137356,5.057925297865292,0.1019124194921145
550.0,2.455640192120709,1.0,14.0,0.7141132812491283,5.057925297865292,0.1019124194921145
550.0,2.455640192120709,1.0,20.0,0.7948665879985589,5.057925297865292,0.1019124194921145
550.0,2.714207172704789,1.0,0.5,0.0537892519285336,5.771018095746008,0.1591924447672739
550.0,2.714207172704789,1.0,0.8,-0.015498931743690696,5.771018095746008,0.1591924447672739
550.0,2.714207172704789,1.0,1.2,-0.026922726177785093,5.771018095746008,0.1591924447672739
550.0,2.714207172704789,1.0,1.8,-0.09437293989579389,5.771018095746008,0.1591924447672739
550.0,2.714207172704789,1.0,2.5,-0.10985611554109756,5.771018095746008,0.1591924447672739
550.0,2.714207172704789,1.0,3.5,0.010557090483263353,5.771018095746008,0.1591924447672739
550.0,2.714207172704789,1.0,5.0,0.2242548204156756,5.771018095746008,0.1591924447672739
550.0,2.714207172704789,1.0,7.0,0.41525592998706656,5.771018095746008,0.1591924447672739
550.0,2.714207172704789,1.0,10.0,0.5750332530435985,5.771018095746008,0.1591924447672739
550.0,2.714207172704789,1.0,14.0,0.688166816688268,5.771018095746008,0.1591924447672739
550.0,2.714207172704789,1.0,20.0,0.776689543287447,5.771018095746008,0.1591924447672739
550.0,3.0000000000000004,1.0,0.5,-0.03203183458343856,6.5293160061548505,0.2128076967906957
550.0,3.0000000000000004,1.0,0.8,-0.03719902378340532,6.5293160061548505,0.2128076967906957
550.0,3.0000000000000004,1.0,1.2,-0.04134578838999224,6.5293160061548505,0.2128076967906957
550.0,3.0000000000000004,1.0,1.8,-0.06138390375975964,6.5293160061548505,0.2128076967906957
550.0,3.0000000000000004,1.0,2.5,-0.12043455346897282,6.5293160061548505,0.2128076967906957
550.0,3.0000000000000004,1.0,3.5,-0.051800138255178284,6.5293160061548505,0.2128076967906957
550.0,3.0000000000000004,1.0,5.0,0.15442887901811778,6.5293160061548505,0.2128076967906957
550.0,3.0000000000000004,1.0,7.0,0.35965649597298005,6.5293160061548505,0.2128076967906957
550.0,3.0000000000000004,1.0,10.0,0.5345675959857369,6.5293160061548505,0.2128076967906957
550.0,3.0000000000000004,1.0,14.0,0.6587886235287216,6.5293160061548505,0.2128076967906957
550.0,3.0000000000000004,1.0,20.0,0.7559861025050076,6.5293160061548505,0.2128076967906957
550.0,0.3,1.5,0.5,-0.013575000155060735,5.604758169604511,0.14649688735645108
550.0,0.3,1.5,0.8,-0.031735003875810394,5.604758169604511,0.14649688735645108
550.0,0.3,1.5,1.2,-0.05422301744260149,5.604758169604511,0.14649688735645108
550.0,0.3,1.5,1.8,-0.05806450012467608,5.604758169604511,0.14649688735645108
550.0,0.3,1.5,2.5,-0.040207096366268326,5.604758169604511,0.14649688735645108
550.0,0.3,1.5,3.5,0.026843368881416186,5.604758169604511,0.14649688735645108
550.0,0.3,1.5,5.0,0.20220444988101466,5.604758169604511,0.14649688735645108
550.0,0.3,1.5,7.0,0.3605262208494957,5.604758169604511,0.14649688735645108
550.0,0.3,1.5,10.0,0.4912228267090723,5.604758169604511,0.14649688735645108
550.0,0.3,1.5,14.0,0.5975326932356779,5.604758169604511,0.14649688735645108
550.0,0.3,1.5,20.0,0.6887035889899471,5.604758169604511,0.14649688735645108
550.0,0.3315885423378064,1.5,0.5,-0.016536896577176267,5.078451955520133,0.1036713568549117
550.0,0.3315885423378064,1.5,0.8,-0.037045292893936016,5.078451955520133,0.1036713568549117
550.0,0.3315885423378064,1.5,1.2,-0.05849572615873387,5.078451955520133,0.1036713568549117
550.0,0.3315885423378064,1.5,1.8,-0.054146039838575105,5.078451955520133,0.1036713568549117
550.0,0.3315885423378064,1.5,2.5,-0.03104326000441765,5.078451955520133,0.1036713568549117
550.0,0.3315885423378064,1.5,3.5,0.07060771548712663,5.078451955520133,0.1036713568549117
550.0,0.3315885423378064,1.5,5.0,0.25219715333577347,5.078451955520133,0.1036713568549117
550.0,0.3315885423378064,1.5,7.0,0.40012152758904934,5.078451955520133,0.1036713568549117
550.0,0.3315885423378064,1.5,10.0,0.5243248896886572,5.078451955520133,0.1036713568549117
550.0,0.3315885423378064,1.5,14.0,0.6241829217380483,5.078451955520133,0.1036713568549117
550.0,0.3315885423378064,1.5,20.0,0.7102165645402834,5.078451955520133,0.1036713568549117
550.0,0.3665032046990376,1.5,0.5,-0.019829816405099496,4.604977574599257,0.061167528275152615
550.0,0.3665032046990376,1.5,0.8,-0.04269910151013541,4.604977574599257,0.061167528275152615
550.0,0.3665032046990376,1.5,1.2,-0.06103829915304045,4.604977574599257,0.061167528275152615
550.0,0.3665032046990376,1.5,1.8,-0.04929934419872122,4.604977574599257,0.061167528275152615
550.0,0.3665032046990376,1.5,2.5,-0.014527644743226284,4.604977574599257,0.061167528275152615
550.0,0.3665032046990376,1.5,3.5,0.12059524725088908,4.604977574599257,0.061167528275152615
550.0,0.3665032046990376,1.5,5.0,0.2991209026072137,4.604977574599257,0.061167528275152615
550.0,0.3665032046990376,1.5,7.0,0.4361241936407076,4.604977574599257,0.061167528275152615
550.0,0.3665032046990376,1.5,10.0,0.5556896221869833,4.604977574599257,0.061167528275152615
550.0,0.3665032046990376,1.5,14.0,0.6492774117474507,4.604977574599257,0.061167528275152615
550.0,0.3665032046990376,1.5,20.0,0.7303565454118466,4.604977574599257,0.061167528275152615
550.0,0.4050942113609619,1.5,0.5,-0.02367095036440794,4.180267594324848,0.019144092126241203
550.0,0.4050942113609619,1.5,0.8,-0.04835518684560808,4.180267594324848,0.019144092126241203
550.0,0.4050942113609619,1.5,1.2,-0.06112422518686862,4.180267594324848,0.019144092126241203
550.0,0.4050942113609619,1.5,1.8,-0.04386213609474511,4.180267594324848,0.019144092126241203
550.0,0.4050942113609619,1.5,2.5,0.013332861292301698,4.180267594324848,0.019144092126241203
550.0,0.4050942113609619,1.5,3.5,0.1718040767949455,4.180267594324848,0.019144092126241203
550.0,0.4050942113609619,1.5,5.0,0.342210873436471,4.180267594324848,0.019144092126241203
550.0,0.4050942113609619,1.5,7.0,0.4689248397407819,4.180267594324848,0.019144092126241203
550.0,0.4050942113609619,1.5,10.0,0.584611928599317,4.180267594324848,0.019144092126241203
550.0,0.4050942113609619,1.5,14.0,0.6728996439466379,4.180267594324848,0.019144092126241203
550.0,0.4050942113609619,1.5,20.0,0.7490029349528248,4.180267594324848,0.019144092126241203
550.0,0.4477486635155488,1.5,0.5,-0.028026069974056454,3.80100382321725,-0.022161684892098875
550.0,0.4477486635155488,1.5,0.8,-0.053670949607903876,3.80100382321725,-0.022161684892098875
550.0,0.4477486635155488,1.5,1.2,-0.05864072753169386,3.80100382321725,-0.022161684892098875
550.0,0.4477486635155488,1.5,1.8,-0.03617429728624821,3.80100382321725,-0.022161684892098875
550.0,0.4477486635155488,1.5,2.5,0.05305601274494619,3.80100382321725,-0.022161684892098875
550.0,0.4477486635155488,1.5,3.5,0.22123014659633816,3.80100382321725,-0.022161684892098875
550.0,0.4477486635155488,1.5,5.0,0.3810135479879534,3.80100382321725,-0.022161684892098875
550.0,0.4477486635155488,1.5,7.0,0.5005804257656481,3.80100382321725,-0.022161684892098875
550.0,0.4477486635155488,1.5,10.0,0.610786279687547,3.80100382321725,-0.022161684892098875
550.0,0.4477486635155488,1.5,14.0,0.6944594424768968,3.80100382321725,-0.022161684892098875
550.0,0.4477486635155488,1.5,20.0,0.7660521948353138,3.80100382321725,-0.022161684892098875
550.0,0.4492873987401234,1.5,0.5,-0.028187704266756642,3.7887797144177937,-0.02356063587981228
550.0,0.4492873987401234,1.5,0.8,-0.053833035658840706,3.7887797144177937,-0.02356063587981228
550.0,0.4492873987401234,1.5,1.2,-0.058511229899406304,3.7887797144177937,-0.02356063587981228
550.0,0.4492873987401234,1.5,1.8,-0.035832064849667715,3.7887797144177937,-0.02356063587981228
550.0,0.4492873987401234,1.5,2.5,0.05459172218463242,3.7887797144177937,-0.02356063587981228
550.0,0.4492873987401234,1.5,3.5,0.22287333228835435,3.7887797144177937,-0.02356063587981228
550.0,0.4492873987401234,1.5,5.0,0.38225957853521525,3.7887797144177937,-0.02356063587981228
550.0,0.4492873987401234,1.5,7.0,0.5016456834769499,3.7887797144177937,-0.02356063587981228
550.0,0.4492873987401234,1.5,10.0,0.6116315938324614,3.7887797144177937,-0.02356063587981228
550.0,0.4492873987401234,1.5,14.0,0.6951589928059503,3.7887797144177937,-0.02356063587981228
550.0,0.4492873987401234,1.5,20.0,0.7666234395765104,3.7887797144177937,-0.02356063587981228
550.0,0.47293410393697205,1.5,0.5,-0.030658700048251854,3.611967850057412,-0.044316115302440846
550.0,0.47293410393697205,1.5,0.8,-0.05617134805412438,3.611967850057412,-0.044316115302440846
550.0,0.47293410393697205,1.5,1.2,-0.05638023225440081,3.611967850057412,-0.044316115302440846
550.0,0.47293410393697205,1.5,1.8,-0.029722698766186426,3.611967850057412,-0.044316115302440846
550.0,0.47293410393697205,1.5,2.5,0.07841363565082905,3.611967850057412,-0.044316115302440846
550.0,0.47293410393697205,1.5,3.5,0.24691002297465012,3.611967850057412,-0.044316115302440846
550.0,0.47293410393697205,1.5,5.0,0.40031877911534675,3.611967850057412,-0.044316115302440846
550.0,0.47293410393697205,1.5,7.0,0.5173369282871322,3.611967850057412,-0.044316115302440846
550.0,0.47293410393697205,1.5,10.0,0.6239776103171689,3.611967850057412,-0.044316115302440846
550.0,0.47293410393697205,1.5,14.0,0.7053415079670008,3.611967850057412,-0.044316115302440846
550.0,0.47293410393697205,1.5,20.0,0.7747954386558892,3.611967850057412,-0.044316115302440846
550.0,0.4948944222294061,1.5,0.5,-0.032898082354355075,3.464694798840917,-0.062395007219114174
550.0,0.4948944222294061,1.5,0.8,-0.05795098649270384,3.464694798840917,-0.062395007219114174
550.0,0.4948944222294061,1.5,1.2,-0.05418011267798824,3.464694798840917,-0.062395007219114174
550.0,0.4948944222294061,1.5,1.8,-0.022473043782413046,3.464694798840917,-0.062395007219114174
550.0,0.4948944222294061,1.5,2.5,0.1003294866056459,3.464694798840917,-0.062395007219114174
550.0,0.4948944222294061,1.5,3.5,0.2670452821797367,3.464694798840917,-0.062395007219114174
550.0,0.4948944222294061,1.5,5.0,0.4151950472152818,3.464694798840917,-0.062395007219114174
550.0,0.4948944222294061,1.5,7.0,0.5305896952769897,3.464694798840917,-0.062395007219114174
550.0,0.4948944222294061,1.5,10.0,0.6344820765718265,3.464694798840917,-0.062395007219114174
550.0,0.4948944222294061,1.5,14.0,0.713968167655891,3.464694798840917,-0.062395007219114174
550.0,0.4948944222294061,1.5,20.0,0.7816616885233088,3.464694798840917,-0.062395007219114174
550.0,0.4965808091338207,1.5,0.5,-0.03306840238622487,3.454000551465488,-0.06373758875709007
550.0,0.4965808091338207,1.5,0.8,-0.058074716698412444,3.454000551465488,-0.06373758875709007
550.0,0.4965808091338207,1.5,1.2,-0.05400611598668478,3.454000551465488,-0.06373758875709007
550.0,0.4965808091338207,1.5,1.8,-0.02184645063646491,3.454000551465488,-0.06373758875709007
550.0,0.4965808091338207,1.5,2.5,0.1019941156142414,3.454000551465488,-0.06373758875709007
550.0,0.4965808091338207,1.5,3.5,0.26851825683217495,3.454000551465488,-0.06373758875709007
550.0,0.4965808091338207,1.5,5.0,0.4162754331571532,3.454000551465488,-0.06373758875709007
550.0,0.4965808091338207,1.5,7.0,0.5315613382819608,3.454000551465488,-0.06373758875709007
550.0,0.4965808091338207,1.5,10.0,0.635258626878144,3.454000551465488,-0.06373758875709007
550.0,0.4965808091338207,1.5,14.0,0.7146040649343134,3.454000551465488,-0.06373758875709007
550.0,0.4965808091338207,1.5,20.0,0.7821700671500877,3.454000551465488,-0.06373758875709007
550.0,0.5470044002605323,1.5,0.5,-0.03817147653794195,3.169826453948521,-0.10102450581548184
550.0,0.5470044002605323,1.5,0.8,-0.060517840351574335,3.169826453948521,-0.10102450581548184
550.0,0.5470044002605323,1.5,1.2,-0.04873091273175587,3.169826453948521,-0.10102450581548184
550.0,0.5470044002605323,1.5,1.8,0.0014090320588200358,3.169826453948521,-0.10102450581548184
550.0,0.5470044002605323,1.5,2.5,0.14889590033564182,3.169826453948521,-0.10102450581548184
550.0,0.5470044002605323,1.5,3.5,0.3074934348576775,3.169826453948521,-0.10102450581548184
550.0,0.5470044002605323,1.5,5.0,0.4446175081534937,3.169826453948521,-0.10102450581548184
550.0,0.5470044002605323,1.5,7.0,0.5575122220085409,3.169826453948521,-0.10102450581548184
550.0,0.5470044002605323,1.5,10.0,0.6562623420155745,3.169826453948521,-0.10102450581548184
550.0,0.5470044002605323,1.5,14.0,0.7316992482314638,3.169826453948521,-0.10102450581548184
550.0,0.5470044002605323,1.5,20.0,0.7956493398695564,3.169826453948521,-0.10102450581548184
550.0,0.5502624373878341,1.5,0.5,-0.0384899365610763,3.1536241137086383,-0.10325006361298959
550.0,0.5502624373878341,1.5,0.8,-0.06059698693093289,3.1536241137086383,-0.10325006361298959
550.0,0.5502624373878341,1.5,1.2,-0.04840137236275341,3.1536241137086383,-0.10325006361298959
550.0,0.5502624373878341,1.5,1.8,0.003192572145368581,3.1536241137086383,-0.10325006361298959
550.0,0.5502624373878341,1.5,2.5,0.15173386770258868,3.1536241137086383,-0.10325006361298959
550.0,0.5502624373878341,1.5,3.5,0.30973779660618755,3.1536241137086383,-0.10325006361298959
550.0,0.5502624373878341,1.5,5.0,0.44625942417925435,3.1536241137086383,-0.10325006361298959
550.0,0.5502624373878341,1.5,7.0,0.5590164458291822,3.1536241137086383,-0.10325006361298959
550.0,0.5502624373878341,1.5,10.0,0.657486104944466,3.1536241137086383,-0.10325006361298959
550.0,0.5502624373878341,1.5,14.0,0.7326890680106282,3.1536241137086383,-0.10325006361298959
550.0,0.5502624373878341,1.5,20.0,0.7964307730354379,3.1536241137086383,-0.10325006361298959
550.0,0.5792236183029833,1.5,0.5,-0.041268735861818805,3.0197073816856563,-0.12209513071397562
550.0,0.5792236183029833,1.5,0.8,-0.06091162080986023,3.0197073816856563,-0.12209513071397562
550.0,0.5792236183029833,1.5,1.2,-0.04553045824413944,3.0197073816856563,-0.12209513071397562
550.0,0.5792236183029833,1.5,1.8,0.020263885275669087,3.0197073816856563,-0.12209513071397562
550.0,0.5792236183029833,1.5,2.5,0.17532538565694042,3.0197073816856563,-0.12209513071397562
550.0,0.5792236183029833,1.5,3.5,0.32775034917917295,3.0197073816856563,-0.12209513071397562
550.0,0.5792236183029833,1.5,5.0,0.45972875995379814,3.0197073816856563,-0.12209513071397562
550.0,0.5792236183029833,1.5,7.0,0.571190002660558,3.0197073816856563,-0.12209513071397562
550.0,0.5792236183029833,1.5,10.0,0.6674853626346938,3.0197073816856563,-0.12209513071397562
550.0,0.5792236183029833,1.5,14.0,0.7408086234196417,3.0197073816856563,-0.12209513071397562
550.0,0.5792236183029833,1.5,20.0,0.8029160067389822,3.0197073816856563,-0.12209513071397562
550.0,0.6046013057825199,1.5,0.5,-0.04359261767149728,2.9161294615817956,-0.1372531907483726
550.0,0.6046013057825199,1.5,0.8,-0.06062114145002699,2.9161294615817956,-0.1372531907483726
550.0,0.6046013057825199,1.5,1.2,-0.042962507258521736,2.9161294615817956,-0.1372531907483726
550.0,0.6046013057825199,1.5,1.8,0.03652549960043646,2.9161294615817956,-0.1372531907483726
550.0,0.6046013057825199,1.5,2.5,0.1939530953447192,2.9161294615817956,-0.1372531907483726
550.0,0.6046013057825199,1.5,3.5,0.3414003462380513,2.9161294615817956,-0.1372531907483726
550.0,0.6046013057825199,1.5,5.0,0.4705324477482872,2.9161294615817956,-0.1372531907483726
550.0,0.6046013057825199,1.5,7.0,0.5805158907961455,2.9161294615817956,-0.1372531907483726
550.0,0.6046013057825199,1.5,10.0,0.6752130288735216,2.9161294615817956,-0.1372531907483726
550.0,0.6046013057825199,1.5,14.0,0.747103207390877,2.9161294615817956,-0.1372531907483726
550.0,0.6046013057825199,1.5,20.0,0.8079796075836582,2.9161294615817956,-0.1372531907483726
550.0,0.6081847992181325,1.5,0.5,-0.04391680902766953,2.9024612779605747,-0.1392935568468004
550.0,0.6081847992181325,1.5,0.8,-0.06054318368264493,2.9024612779605747,-0.1392935568468004
550.0,0.6081847992181325,1.5,1.2,-0.042587903584709756,2.9024612779605747,-0.1392935568468004
550.0,0.6081847992181325,1.5,1.8,0.0388875013590652,2.9024612779605747,-0.1392935568468004
550.0,0.6081847992181325,1.5,2.5,0.19642445204990813,2.9024612779605747,-0.1392935568468004
550.0,0.6081847992181325,1.5,3.5,0.34316907951224546,2.9024612779605747,-0.1392935568468004
550.0,0.6081847992181325,1.5,5.0,0.47198444185461014,2.9024612779605747,-0.1392935568468004
550.0,0.6081847992181325,1.5,7.0,0.5817380694182568,2.9024612779605747,-0.1392935568468004
550.0,0.6081847992181325,1.5,10.0,0.6762305570924546,2.9024612779605747,-0.1392935568468004
550.0,0.6081847992181325,1.5,14.0,0.7479374915686946,2.9024612779605747,-0.1392935568468004
550.0,0.6081847992181325,1.5,20.0,0.8086466509929875,2.9024612779605747,-0.1392935568468004
550.0,0.6353883327016112,1.5,0.5,-0.04621738196120005,2.8059097370152952,-0.15398629517970264
550.0,0.6353883327016112,1.5,0.8,-0.0597161818403614,2.8059097370152952,-0.15398629517970264
550.0,0.6353883327016112,1.5,1.2,-0.03965359764714245,2.8059097370152952,-0.15398629517970264
550.0,0.6353883327016112,1.5,1.8,0.05693465248177501,2.8059097370152952,-0.15398629517970264
550.0,0.6353883327016112,1.5,2.5,0.21392436969110204,2.8059097370152952,-0.15398629517970264
550.0,0.6353883327016112,1.5,3.5,0.3553919362041581,2.8059097370152952,-0.15398629517970264
550.0,0.6353883327016112,1.5,5.0,0.48235802586789683,2.8059097370152952,-0.15398629517970264
550.0,0.6353883327016112,1.5,7.0,0.5902919657928252,2.8059097370152952,-0.15398629517970264
550.0,0.6353883327016112,1.5,10.0,0.6833966266565441,2.8059097370152952,-0.15398629517970264
550.0,0.6353883327016112,1.5,14.0,0.7538983839507313,2.8059097370152952,-0.15398629517970264
550.0,0.6353883327016112,1.5,20.0,0.8134147867883965,2.8059097370152952,-0.15398629517970264
550.0,0.6682628855998672,1.5,0.5,-0.048718260839665455,2.705063628586152,-0.16988250627766396
550.0,0.6682628855998672,1.5,0.8,-0.058175691252828725,2.705063628586152,-0.16988250627766396
550.0,0.6682628855998672,1.5,1.2,-0.03558900040564563,2.705063628586152,-0.16988250627766396
550.0,0.6682628855998672,1.5,1.8,0.07832831669540587,2.705063628586152,-0.16988250627766396
550.0,0.6682628855998672,1.5,2.5,0.23203670439498256,2.705063628586152,-0.16988250627766396
550.0,0.6682628855998672,1.5,3.5,0.36749506321729714,2.705063628586152,-0.16988250627766396
550.0,0.6682628855998672,1.5,5.0,0.4932117395916574,2.705063628586152,-0.16988250627766396
550.0,0.6682628855998672,1.5,7.0,0.5990120323395309,2.705063628586152,-0.16988250627766396
550.0,0.6682628855998672,1.5,10.0,0.6908093546082101,2.705063628586152,-0.16988250627766396
550.0,0.6682628855998672,1.5,14.0,0.7601767230712524,2.705063628586152,-0.16988250627766396
550.0,0.6682628855998672,1.5,20.0,0.8184574748345416,2.705063628586152,-0.16988250627766396
550.0,0.6688298238964329,1.5,0.5,-0.04875859351657428,2.7034670732853607,-0.1701389068476328
550.0,0.6688298238964329,1.5,0.8,-0.058145239716791176,2.7034670732853607,-0.1701389068476328
550.0,0.6688298238964329,1.5,1.2,-0.03551015959307071,2.7034670732853607,-0.1701389068476328
550.0,0.6688298238964329,1.5,1.8,0.07868577035079308,2.7034670732853607,-0.1701389068476328
550.0,0.6688298238964329,1.5,2.5,0.23231653303057206,2.7034670732853607,-0.1701389068476328
550.0,0.6688298238964329,1.5,3.5,0.36767755174152783,2.7034670732853607,-0.1701389068476328
550.0,0.6688298238964329,1.5,5.0,0.4933815566030585,2.7034670732853607,-0.1701389068476328
550.0,0.6688298238964329,1.5,7.0,0.5991487000579435,2.7034670732853607,-0.1701389068476328
550.0,0.6688298238964329,1.5,10.0,0.6909271950931086,2.7034670732853607,-0.1701389068476328
550.0,0.6688298238964329,1.5,14.0,0.7602765163190911,2.7034670732853607,-0.1701389068476328
550.0,0.6688298238964329,1.5,20.0,0.8185375738926323,2.7034670732853607,-0.1701389068476328
550.0,0.7022713150912545,1.5,0.5,-0.05097500717440027,2.6173423634771744,-0.18419945674922486
550.0,0.7022713150912545,1.5,0.8,-0.05621444047815844,2.6173423634771744,-0.18419945674922486
550.0,0.7022713150912545,1.5,1.2,-0.030343582913735737,2.6173423634771744,-0.18419945674922486
550.0,0.7022713150912545,1.5,1.8,0.09894569810845032,2.6173423634771744,-0.18419945674922486
550.0,0.7022713150912545,1.5,2.5,0.24725917131264663,2.6173423634771744,-0.18419945674922486
550.0,0.7022713150912545,1.5,3.5,0.37722908753540035,2.6173423634771744,-0.18419945674922486
550.0,0.7022713150912545,1.5,5.0,0.5025018203441148,2.6173423634771744,-0.18419945674922486
550.0,0.7022713150912545,1.5,7.0,0.6065846227334765,2.6173423634771744,-0.18419945674922486
550.0,0.7022713150912545,1.5,10.0,0.6973491432109609,2.6173423634771744,-0.18419945674922486
550.0,0.7022713150912545,1.5,14.0,0.7656741451024581,2.6173423634771744,-0.18419945674922486
550.0,0.7022713150912545,1.5,20.0,0.8229066412597934,2.6173423634771744,-0.18419945674922486
550.0,0.7386277204483878,1.5,0.5,-0.05292258326921798,2.540722395349785,-0.19710277561011436
550.0,0.7386277204483878,1.5,0.8,-0.05388219802398994,2.540722395349785,-0.19710277561011436
550.0,0.7386277204483878,1.5,1.2,-0.02322258101734191,2.540722395349785,-0.19710277561011436
550.0,0.7386277204483878,1.5,1.8,0.11836340402305112,2.540722395349785,-0.19710277561011436
550.0,0.7386277204483878,1.5,2.5,0.2597483208981644,2.540722395349785,-0.19710277561011436
550.0,0.7386277204483878,1.5,3.5,0.3847892361328798,2.540722395349785,-0.19710277561011436
550.0,0.7386277204483878,1.5,5.0,0.5103110919990006,2.540722395349785,-0.19710277561011436
550.0,0.7386277204483878,1.5,7.0,0.6132585857573303,2.540722395349785,-0.19710277561011436
550.0,0.7386277204483878,1.5,10.0,0.7031150877463274,2.540722395349785,-0.19710277561011436
550.0,0.7386277204483878,1.5,14.0,0.7705134937381374,2.540722395349785,-0.19710277561011436
550.0,0.7386277204483878,1.5,20.0,0.826907442995084,2.540722395349785,-0.19710277561011436
550.0,0.7781886018183509,1.5,0.5,-0.0544163224330936,2.473770048042451,-0.20870066446967808
550.0,0.7781886018183509,1.5,0.8,-0.05134811439415166,2.473770048042451,-0.20870066446967808
550.0,0.7781886018183509,1.5,1.2,-0.013564030371593684,2.473770048042451,-0.20870066446967808
550.0,0.7781886018183509,1.5,1.8,0.13574254113734954,2.473770048042451,-0.20870066446967808
550.0,0.7781886018183509,1.5,2.5,0.2690440288098708,2.473770048042451,-0.20870066446967808
550.0,0.7781886018183509,1.5,3.5,0.3899441809600618,2.473770048042451,-0.20870066446967808
550.0,0.7781886018183509,1.5,5.0,0.5163082258948134,2.473770048042451,-0.20870066446967808
550.0,0.7781886018183509,1.5,7.0,0.6187005033079697,2.473770048042451,-0.20870066446967808
550.0,0.7781886018183509,1.5,10.0,0.7079076344242096,2.473770048042451,-0.20870066446967808
550.0,0.7781886018183509,1.5,14.0,0.7746750838527738,2.473770048042451,-0.20870066446967808
550.0,0.7781886018183509,1.5,20.0,0.8304168385832559,2.473770048042451,-0.20870066446967808
550.0,0.8164016305125923,1.5,0.5,-0.055200570898845586,2.425240398211092,-0.21730519748578628
550.0,0.8164016305125923,1.5,0.8,-0.04911291357220336,2.425240398211092,-0.21730519748578628
550.0,0.8164016305125923,1.5,1.2,-0.0025082328552504156,2.425240398211092,-0.21730519748578628
550.0,0.8164016305125923,1.5,1.8,0.1483588413482926,2.425240398211092,-0.21730519748578628
550.0,0.8164016305125923,1.5,2.5,0.27401740841134903,2.425240398211092,-0.21730519748578628
550.0,0.8164016305125923,1.5,3.5,0.39244176864030705,2.425240398211092,-0.21730519748578628
550.0,0.8164016305125923,1.5,5.0,0.5197892388666195,2.425240398211092,-0.21730519748578628
550.0,0.8164016305125923,1.5,7.0,0.6222444976440846,2.425240398211092,-0.21730519748578628
550.0,0.8164016305125923,1.5,10.0,0.7112009469496307,2.425240398211092,-0.21730519748578628
550.0,0.8164016305125923,1.5,14.0,0.7777163911894809,2.425240398211092,-0.21730519748578628
550.0,0.8164016305125923,1.5,20.0,0.8330243296544768,2.425240398211092,-0.21730519748578628
550.0,0.8191458966508958,1.5,0.5,-0.05523480904604468,2.4223815298932108,-0.21781744489175164
550.0,0.8191458966508958,1.5,0.8,-0.04896012941052232,2.4223815298932108,-0.21781744489175164
550.0,0.8191458966508958,1.5,1.2,-0.0016557043998765883,2.4223815298932108,-0.21781744489175164
550.0,0.8191458966508958,1.5,1.8,0.1491112608120994,2.4223815298932108,-0.21781744489175164
550.0,0.8191458966508958,1.5,2.5,0.27423807354918145,2.4223815298932108,-0.21781744489175164
550.0,0.8191458966508958,1.5,3.5,0.3925465030804175,2.4223815298932108,-0.21781744489175164
550.0,0.8191458966508958,1.5,5.0,0.5199565155436939,2.4223815298932108,-0.21781744489175164
550.0,0.8191458966508958,1.5,7.0,0.6224367995769073,2.4223815298932108,-0.21781744489175164
550.0,0.8191458966508958,1.5,10.0,0.7113895645628959,2.4223815298932108,-0.21781744489175164
550.0,0.8191458966508958,1.5,14.0,0.7778984438766574,2.4223815298932108,-0.21781744489175164
550.0,0.8191458966508958,1.5,20.0,0.8331847779260195,2.4223815298932108,-0.21781744489175164
550.0,0.8601031914834406,1.5,0.5,-0.055252142180204154,2.3895388730342013,-0.22374589130817552
550.0,0.8601031914834406,1.5,0.8,-0.04682091102697051,2.3895388730342013,-0.22374589130817552
550.0,0.8601031914834406,1.5,1.2,0.011532802858856071,2.3895388730342013,-0.22374589130817552
550.0,0.8601031914834406,1.5,1.8,0.15776529253128393,2.3895388730342013,-0.22374589130817552
550.0,0.8601031914834406,1.5,2.5,0.2753451166552506,2.3895388730342013,-0.22374589130817552
550.0,0.8601031914834406,1.5,3.5,0.39297141192701357,2.3895388730342013,-0.22374589130817552
550.0,0.8601031914834406,1.5,5.0,0.5211912322833829,2.3895388730342013,-0.22374589130817552
550.0,0.8601031914834406,1.5,7.0,0.624332387676537,2.3895388730342013,-0.22374589130817552
550.0,0.8601031914834406,1.5,10.0,0.713487614292592,2.3895388730342013,-0.22374589130817552
550.0,0.8601031914834406,1.5,14.0,0.7800594476198847,2.3895388730342013,-0.22374589130817552
550.0,0.8601031914834406,1.5,20.0,0.8351919777705569,2.3895388730342013,-0.22374589130817552
550.0,0.9023647554129298,1.5,0.5,-0.05435826850595851,2.3749422061075296,-0.22640694573506961
550.0,0.9023647554129298,1.5,0.8,-0.0447605435407606,2.3749422061075296,-0.22640694573506961
550.0,0.9023647554129298,1.5,1.2,0.0253570411255467,2.3749422061075296,-0.22640694573506961
550.0,0.9023647554129298,1.5,1.8,0.16172362864365802,2.3749422061075296,-0.22640694573506961
550.0,0.9023647554129298,1.5,2.5,0.2724998491249099,2.3749422061075296,-0.22640694573506961
550.0,0.9023647554129298,1.5,3.5,0.3911557873383702,2.3749422061075296,-0.22640694573506961
550.0,0.9023647554129298,1.5,5.0,0.5200995944430995,2.3749422061075296,-0.22640694573506961
550.0,0.9023647554129298,1.5,7.0,0.6244691568172018,2.3749422061075296,-0.22640694573506961
550.0,0.9023647554129298,1.5,10.0,0.714399964311058,2.3749422061075296,-0.22640694573506961
550.0,0.9023647554129298,1.5,14.0,0.7812731696819903,2.3749422061075296,-0.22640694573506961
550.0,0.9023647554129298,1.5,20.0,0.8364956598572705,2.3749422061075296,-0.22640694573506961
550.0,0.9973793796812823,1.5,0.5,-0.0496434681845055,2.454792574940988,-0.2120451903330771
550.0,0.9973793796812823,1.5,0.8,-0.0398301442497959,2.454792574940988,-0.2120451903330771
550.0,0.9973793796812823,1.5,1.2,0.04998069099763102,2.454792574940988,-0.2120451903330771
550.0,0.9973793796812823,1.5,1.8,0.1530786877643928,2.454792574940988,-0.2120451903330771
550.0,0.9973793796812823,1.5,2.5,0.25345229918391887,2.454792574940988,-0.2120451903330771
550.0,0.9973793796812823,1.5,3.5,0.3780658679236943,2.454792574940988,-0.2120451903330771
550.0,0.9973793796812823,1.5,5.0,0.5102497423371789,2.454792574940988,-0.2120451903330771
550.0,0.9973793796812823,1.5,7.0,0.6189113126027531,2.454792574940988,-0.2120451903330771
550.0,0.9973793796812823,1.5,10.0,0.7120225614158773,2.454792574940988,-0.2120451903330771
550.0,0.9973793796812823,1.5,14.0,0.7806540542838554,2.454792574940988,-0.2120451903330771
550.0,0.9973793796812823,1.5,20.0,0.8369061491089225,2.454792574940988,-0.2120451903330771
550.0,1.1005248747756682,1.5,0.5,-0.04161611703560049,2.9455675970122415,-0.13289099763820997
550.0,1.1005248747756682,1.5,0.8,-0.031630358386058835,2.9455675970122415,-0.13289099763820997
550.0,1.1005248747756682,1.5,1.2,0.05457018366644044,2.9455675970122415,-0.13289099763820997
550.0,1.1005248747756682,1.5,1.8,0.12091263685010116,2.9455675970122415,-0.13289099763820997
550.0,1.1005248747756682,1.5,2.5,0.21734138456460678,2.9455675970122415,-0.13289099763820997
550.0,1.1005248747756682,1.5,3.5,0.350298196592476,2.9455675970122415,-0.13289099763820997
550.0,1.1005248747756682,1.5,5.0,0.4899466793395974,2.9455675970122415,-0.13289099763820997
550.0,1.1005248747756682,1.5,7.0,0.6051523314455114,2.9455675970122415,-0.13289099763820997
550.0,1.1005248747756682,1.5,10.0,0.7033949542669422,2.9455675970122415,-0.13289099763820997
550.0,1.1005248747756682,1.5,14.0,0.7754229129858403,2.9455675970122415,-0.13289099763820997
550.0,1.1005248747756682,1.5,20.0,0.8339742293334603,2.9455675970122415,-0.13289099763820997
550.0,1.102398582221007,1.5,0.5,-0.04145522344597672,2.9558913523820016,-0.13137152436841243
550.0,1.102398582221007,1.5,0.8,-0.03144581314678703,2.9558913523820016,-0.13137152436841243
550.0,1.102398582221007,1.5,1.2,0.05439309720025941,2.9558913523820016,-0.13137152436841243
550.0,1.102398582221007,1.5,1.8,0.12016142936846799,2.9558913523820016,-0.13137152436841243
550.0,1.102398582221007,1.5,2.5,0.21657585958949932,2.9558913523820016,-0.13137152436841243
550.0,1.102398582221007,1.5,3.5,0.34967021231117207,2.9558913523820016,-0.13137152436841243
550.0,1.102398582221007,1.5,5.0,0.4894832369682395,2.9558913523820016,-0.13137152436841243
550.0,1.102398582221007,1.5,7.0,0.6048266546578862,2.9558913523820016,-0.13137152436841243
550.0,1.102398582221007,1.5,10.0,0.7031838940683691,2.9558913523820016,-0.13137152436841243
550.0,1.102398582221007,1.5,14.0,0.7752864013516076,2.9558913523820016,-0.13137152436841243
550.0,1.102398582221007,1.5,20.0,0.8338917374513861,2.9558913523820016,-0.13137152436841243
550.0,1.1584472366059666,1.5,0.5,-0.03683354610784177,3.2708962333525635,-0.08739322464022023
550.0,1.1584472366059666,1.5,0.8,-0.02549111493963233,3.2708962333525635,-0.08739322464022023
550.0,1.1584472366059666,1.5,1.2,0.04460809591617204,3.2708962333525635,-0.08739322464022023
550.0,1.1584472366059666,1.5,1.8,0.09546856276256456,3.2708962333525635,-0.08739322464022023
550.0,1.1584472366059666,1.5,2.5,0.1924474786184706,3.2708962333525635,-0.08739322464022023
550.0,1.1584472366059666,1.5,3.5,0.32935692077149753,3.2708962333525635,-0.08739322464022023
550.0,1.1584472366059666,1.5,5.0,0.47456180027937406,3.2708962333525635,-0.08739322464022023
550.0,1.1584472366059666,1.5,7.0,0.5943072675521163,3.2708962333525635,-0.08739322464022023
550.0,1.1584472366059666,1.5,10.0,0.6962856164117108,3.2708962333525635,-0.08739322464022023
550.0,1.1584472366059666,1.5,14.0,0.7707387208523498,3.2708962333525635,-0.08739322464022023
550.0,1.1584472366059666,1.5,20.0,0.8310410575716882,3.2708962333525635,-0.08739322464022023
550.0,1.216369598436265,1.5,0.5,-0.03263423482328887,3.5272656972622576,-0.05462181646094331
550.0,1.216369598436265,1.5,0.8,-0.019279253629890743,3.5272656972622576,-0.05462181646094331
550.0,1.216369598436265,1.5,1.2,0.02663158005649685,3.5272656972622576,-0.05462181646094331
550.0,1.216369598436265,1.5,1.8,0.06680435099844549,3.5272656972622576,-0.05462181646094331
550.0,1.216369598436265,1.5,2.5,0.16563849415225376,3.5272656972622576,-0.05462181646094331
550.0,1.216369598436265,1.5,3.5,0.3054308775151003,3.5272656972622576,-0.05462181646094331
550.0,1.216369598436265,1.5,5.0,0.45680392448885243,3.5272656972622576,-0.05462181646094331
550.0,1.216369598436265,1.5,7.0,0.5816401286284937,3.5272656972622576,-0.05462181646094331
550.0,1.216369598436265,1.5,10.0,0.6878115449812532,3.5272656972622576,-0.05462181646094331
550.0,1.216369598436265,1.5,14.0,0.7650531845777336,3.5272656972622576,-0.05462181646094331
550.0,1.216369598436265,1.5,20.0,0.8273532871433136,3.5272656972622576,-0.05462181646094331
550.0,1.218475796513094,1.5,0.5,-0.0324965885245222,3.532870657347252,-0.05393225364647879
550.0,1.218475796513094,1.5,0.8,-0.019067188037685368,3.532870657347252,-0.05393225364647879
550.0,1.218475796513094,1.5,1.2,0.02584992894252732,3.532870657347252,-0.05393225364647879
550.0,1.218475796513094,1.5,1.8,0.06572873151404693,3.532870657347252,-0.05393225364647879
550.0,1.218475796513094,1.5,2.5,0.16463977915047492,3.532870657347252,-0.05393225364647879
550.0,1.218475796513094,1.5,3.5,0.30451213944598626,3.532870657347252,-0.05393225364647879
550.0,1.218475796513094,1.5,5.0,0.456118365821785,3.532870657347252,-0.05393225364647879
550.0,1.218475796513094,1.5,7.0,0.5811569059762487,3.532870657347252,-0.05393225364647879
550.0,1.218475796513094,1.5,10.0,0.6874866356947855,3.532870657347252,-0.05393225364647879
550.0,1.218475796513094,1.5,14.0,0.7648330819695475,3.532870657347252,-0.05393225364647879
550.0,1.218475796513094,1.5,20.0,0.8272092735888597,3.532870657347252,-0.05393225364647879
550.0,1.3467753774655815,1.5,0.5,-0.026756410839245043,3.8214254121688422,-0.019834604025997803
550.0,1.3467753774655815,1.5,0.8,-0.01363438541836225,3.8214254121688422,-0.019834604025997803
550.0,1.3467753774655815,1.5,1.2,-0.031137850649982705,3.8214254121688422,-0.019834604025997803
550.0,1.3467753774655815,1.5,1.8,-0.0012147039890149955,3.8214254121688422,-0.019834604025997803
550.0,1.3467753774655815,1.5,2.5,0.10009361284938824,3.8214254121688422,-0.019834604025997803
550.0,1.3467753774655815,1.5,3.5,0.24435536873660166,3.8214254121688422,-0.019834604025997803
550.0,1.3467753774655815,1.5,5.0,0.41043267708622816,3.8214254121688422,-0.019834604025997803
550.0,1.3467753774655815,1.5,7.0,0.5483412373602756,3.8214254121688422,-0.019834604025997803
550.0,1.3467753774655815,1.5,10.0,0.6649711354830673,3.8214254121688422,-0.019834604025997803
550.0,1.3467753774655815,1.5,14.0,0.7493212105942424,3.8214254121688422,-0.019834604025997803
550.0,1.3467753774655815,1.5,20.0,0.8168685805634481,3.8214254121688422,-0.019834604025997803
550.0,1.4885842809008711,1.5,0.5,-0.02295883284502532,4.150899050589403,0.01608218018472159
550.0,1.4885842809008711,1.5,0.8,-0.03480349509240121,4.150899050589403,0.01608218018472159
550.0,1.4885842809008711,1.5,1.2,-0.0894252589891017,4.150899050589403,0.01608218018472159
550.0,1.4885842809008711,1.5,1.8,-0.06506023414985208,4.150899050589403,0.01608218018472159
550.0,1.4885842809008711,1.5,2.5,0.02691233786021451,4.150899050589403,0.01608218018472159
550.0,1.4885842809008711,1.5,3.5,0.17526779645292032,4.150899050589403,0.01608218018472159
550.0,1.4885842809008711,1.5,5.0,0.3556036301515838,4.150899050589403,0.01608218018472159
550.0,1.4885842809008711,1.5,7.0,0.5078141696849574,4.150899050589403,0.01608218018472159
550.0,1.4885842809008711,1.5,10.0,0.636720003792586,4.150899050589403,0.01608218018472159
550.0,1.4885842809008711,1.5,14.0,0.729533478113355,4.150899050589403,0.01608218018472159
550.0,1.4885842809008711,1.5,20.0,0.8034175758116138,4.150899050589403,0.01608218018472159
550.0,1.645324972836306,1.5,0.5,-0.007393105018286654,4.907327912371392,0.08878508759758995
550.0,1.645324972836306,1.5,0.8,-0.07044765515245767,4.907327912371392,0.08878508759758995
550.0,1.645324972836306,1.5,1.2,-0.10983463922076564,4.907327912371392,0.08878508759758995
550.0,1.645324972836306,1.5,1.8,-0.10682642394755477,4.907327912371392,0.08878508759758995
550.0,1.645324972836306,1.5,2.5,-0.0421999941302532,4.907327912371392,0.08878508759758995
550.0,1.645324972836306,1.5,3.5,0.10315341474449301,4.907327912371392,0.08878508759758995
550.0,1.645324972836306,1.5,5.0,0.2950516631041795,4.907327912371392,0.08878508759758995
550.0,1.645324972836306,1.5,7.0,0.4623267703121064,4.907327912371392,0.08878508759758995
550.0,1.645324972836306,1.5,10.0,0.6045242026982836,4.907327912371392,0.08878508759758995
550.0,1.645324972836306,1.5,14.0,0.7067161432835707,4.907327912371392,0.08878508759758995
550.0,1.645324972836306,1.5,20.0,0.7877235396948828,4.907327912371392,0.08878508759758995
550.0,1.8185696980492723,1.5,0.5,0.02807206692306278,5.418399906901652,0.1318110638083428
550.0,1.8185696980492723,1.5,0.8,-0.048463634737532485,5.418399906901652,0.1318110638083428
550.0,1.8185696980492723,1.5,1.2,-0.07411961917055589,5.418399906901652,0.1318110638083428
550.0,1.8185696980492723,1.5,1.8,-0.11447523969145877,5.418399906901652,0.1318110638083428
550.0,1.8185696980492723,1.5,2.5,-0.0907767855778559,5.418399906901652,0.1318110638083428
550.0,1.8185696980492723,1.5,3.5,0.03450270122957254,5.418399906901652,0.1318110638083428
550.0,1.8185696980492723,1.5,5.0,0.2324035042147252,5.418399906901652,0.1318110638083428
550.0,1.8185696980492723,1.5,7.0,0.4138115680331608,5.418399906901652,0.1318110638083428
550.0,1.8185696980492723,1.5,10.0,0.5697456706011829,5.418399906901652,0.1318110638083428
550.0,1.8185696980492723,1.5,14.0,0.6818222631697538,5.418399906901652,0.1318110638083428
550.0,1.8185696980492723,1.5,20.0,0.7704452483019723,5.418399906901652,0.1318110638083428
550.0,2.0100562510528768,1.5,0.5,0.04834605530696147,6.2112252168211155,0.19111728556681315
550.0,2.0100562510528768,1.5,0.8,0.02931007505638035,6.2112252168211155,0.19111728556681315
550.0,2.0100562510528768,1.5,1.2,-0.022213562560994597,6.2112252168211155,0.19111728556681315
550.0,2.0100562510528768,1.5,1.8,-0.08936789252879415,6.2112252168211155,0.19111728556681315
550.0,2.0100562510528768,1.5,2.5,-0.11286993811900477,6.2112252168211155,0.19111728556681315
550.0,2.0100562510528768,1.5,3.5,-0.026210932785352144,6.2112252168211155,0.19111728556681315
550.0,2.0100562510528768,1.5,5.0,0.16730310028372414,6.2112252168211155,0.19111728556681315
550.0,2.0100562510528768,1.5,7.0,0.3615184239328277,6.2112252168211155,0.19111728556681315
550.0,2.0100562510528768,1.5,10.0,0.5316993186544042,6.2112252168211155,0.19111728556681315
550.0,2.0100562510528768,1.5,14.0,0.6543461572238907,6.2112252168211155,0.19111728556681315
550.0,2.0100562510528768,1.5,20.0,0.7512199318465991,6.2112252168211155,0.19111728556681315
550.0,2.2217054076787313,1.5,0.5,0.032870394213742944,7.084373419845846,0.24824145361021588
550.0,2.2217054076787313,1.5,0.8,0.0034592851958084726,7.084373419845846,0.24824145361021588
550.0,2.2217054076787313,1.5,1.2,-0.022297224918274537,7.084373419845846,0.24824145361021588
550.0,2.2217054076787313,1.5,1.8,-0.04964670620668299,7.084373419845846,0.24824145361021588
550.0,2.2217054076787313,1.5,2.5,-0.11307805665530757,7.084373419845846,0.24824145361021588
550.0,2.2217054076787313,1.5,3.5,-0.07941814751610465,7.084373419845846,0.24824145361021588
550.0,2.2217054076787313,1.5,5.0,0.09725437760500753,7.084373419845846,0.24824145361021588
550.0,2.2217054076787313,1.5,7.0,0.30245919382799163,7.084373419845846,0.24824145361021588
550.0,2.2217054076787313,1.5,10.0,0.48813699245639053,7.084373419845846,0.24824145361021588
550.0,2.2217054076787313,1.5,14.0,0.622638150394379,7.084373419845846,0.24824145361021588
550.0,2.2217054076787313,1.5,20.0,0.7288729843924897,7.084373419845846,0.24824145361021588
550.0,2.455640192120709,1.5,0.5,-0.027729438047725426,8.01743853197854,0.3019756476404774
550.0,2.455640192120709,1.5,0.8,-0.01069160160172567,8.01743853197854,0.3019756476404774
550.0,2.455640192120709,1.5,1.2,-0.052747405858742574,8.01743853197854,0.3019756476404774
550.0,2.455640192120709,1.5,1.8,-0.03218082756381423,8.01743853197854,0.3019756476404774
550.0,2.455640192120709,1.5,2.5,-0.08799702663399055,8.01743853197854,0.3019756476404774
550.0,2.455640192120709,1.5,3.5,-0.11361589459361716,8.01743853197854,0.3019756476404774
550.0,2.455640192120709,1.5,5.0,0.026301909862610093,8.01743853197854,0.3019756476404774
550.0,2.455640192120709,1.5,7.0,0.2375705095096097,8.01743853197854,0.3019756476404774
550.0,2.455640192120709,1.5,10.0,0.4394185912401865,8.01743853197854,0.3019756476404774
550.0,2.455640192120709,1.5,14.0,0.5869111024320688,8.01743853197854,0.3019756476404774
550.0,2.455640192120709,1.5,20.0,0.7035376559490248,8.01743853197854,0.3019756476404774
550.0,2.714207172704789,1.5,0.5,0.033821273916214534,9.049369537942711,0.3545583319954472
550.0,2.714207172704789,1.5,0.8,0.06047487394190197,9.049369537942711,0.3545583319954472
550.0,2.714207172704789,1.5,1.2,-0.026050142452938744,9.049369537942711,0.3545583319954472
550.0,2.714207172704789,1.5,1.8,-0.042408091572829765,9.049369537942711,0.3545583319954472
550.0,2.714207172704789,1.5,2.5,-0.05356029024716196,9.049369537942711,0.3545583319954472
550.0,2.714207172704789,1.5,3.5,-0.11920092992243848,9.049369537942711,0.3545583319954472
550.0,2.714207172704789,1.5,5.0,-0.03739716350046571,9.049369537942711,0.3545583319954472
550.0,2.714207172704789,1.5,7.0,0.16902567402782695,9.049369537942711,0.3545583319954472
550.0,2.714207172704789,1.5,10.0,0.3864922447525094,9.049369537942711,0.3545583319954472
550.0,2.714207172704789,1.5,14.0,0.5477790394688008,9.049369537942711,0.3545583319954472
550.0,2.714207172704789,1.5,20.0,0.6756199680632049,9.049369537942711,0.3545583319954472
550.0,3.0000000000000004,1.5,0.5,-0.02632303003504131,10.248650506177805,0.40860669198531124
550.0,3.0000000000000004,1.5,0.8,-0.04063232300161318,10.248650506177805,0.40860669198531124
550.0,3.0000000000000004,1.5,1.2,0.0237173940214284,10.248650506177805,0.40860669198531124
550.0,3.0000000000000004,1.5,1.8,-0.06489893901481412,10.248650506177805,0.40860669198531124
550.0,3.0000000000000004,1.5,2.5,-0.03784201254523374,10.248650506177805,0.40860669198531124
550.0,3.0000000000000004,1.5,3.5,-0.10308816523787415,10.248650506177805,0.40860669198531124
550.0,3.0000000000000004,1.5,5.0,-0.08755868408606289,10.248650506177805,0.40860669198531124
550.0,3.0000000000000004,1.5,7.0,0.09651924980046224,10.248650506177805,0.40860669198531124
550.0,3.0000000000000004,1.5,10.0,0.3279424536332025,10.248650506177805,0.40860669198531124
550.0,3.0000000000000004,1.5,14.0,0.5041233090890588,10.248650506177805,0.40860669198531124
550.0,3.0000000000000004,1.5,20.0,0.644302839780679,10.248650506177805,0.40860669198531124
550.0,0.3,2.0,0.5,-0.013573748489511425,5.61807802300086,0.14752777499424324
550.0,0.3,2.0,0.8,-0.03172750279879941,5.61807802300086,0.14752777499424324
550.0,0.3,2.0,1.2,-0.054192174923252734,5.61807802300086,0.14752777499424324
550.0,0.3,2.0,1.8,-0.05800259684041467,5.61807802300086,0.14752777499424324
550.0,0.3,2.0,2.5,-0.04020069577348981,5.61807802300086,0.14752777499424324
550.0,0.3,2.0,3.5,0.026735033374369183,5.61807802300086,0.14752777499424324
550.0,0.3,2.0,5.0,0.201561804673979,5.61807802300086,0.14752777499424324
550.0,0.3,2.0,7.0,0.35932068304413806,5.61807802300086,0.14752777499424324
550.0,0.3,2.0,10.0,0.489943158238142,5.61807802300086,0.14752777499424324
550.0,0.3,2.0,14.0,0.5964624507359949,5.61807802300086,0.14752777499424324
550.0,0.3,2.0,20.0,0.6878827822565939,5.61807802300086,0.14752777499424324
550.0,0.3315885423378064,2.0,0.5,-0.016534139392558357,5.096480282656294,0.10521035701793202
550.0,0.3315885423378064,2.0,0.8,-0.03702911551342796,5.096480282656294,0.10521035701793202
550.0,0.3315885423378064,2.0,1.2,-0.05843430237386519,5.096480282656294,0.10521035701793202
550.0,0.3315885423378064,2.0,1.8,-0.054063071499891924,5.096480282656294,0.10521035701793202
550.0,0.3315885423378064,2.0,2.5,-0.031071973644914583,5.096480282656294,0.10521035701793202
550.0,0.3315885423378064,2.0,3.5,0.07031092627905243,5.096480282656294,0.10521035701793202
550.0,0.3315885423378064,2.0,5.0,0.2509370616945534,5.096480282656294,0.10521035701793202
550.0,0.3315885423378064,2.0,7.0,0.39821012181332416,5.096480282656294,0.10521035701793202
550.0,0.3315885423378064,2.0,10.0,0.5224951279290134,5.096480282656294,0.10521035701793202
550.0,0.3315885423378064,2.0,14.0,0.6226914267383941,5.096480282656294,0.10521035701793202
550.0,0.3315885423378064,2.0,20.0,0.7090897245524587,5.096480282656294,0.10521035701793202
550.0,0.3665032046990376,2.0,0.5,-0.019823842590485898,4.629406886579257,0.06346536202566103
550.0,0.3665032046990376,2.0,0.8,-0.04266440725843337,4.629406886579257,0.06346536202566103
550.0,0.3665032046990376,2.0,1.2,-0.06092252639980219,4.629406886579257,0.06346536202566103
550.0,0.3665032046990376,2.0,1.8,-0.04921230965330709,4.629406886579257,0.06346536202566103
550.0,0.3665032046990376,2.0,2.5,-0.01463086576345434,4.629406886579257,0.06346536202566103
550.0,0.3665032046990376,2.0,3.5,0.11983458139191869,4.629406886579257,0.06346536202566103
550.0,0.3665032046990376,2.0,5.0,0.29684324712379573,4.629406886579257,0.06346536202566103
550.0,0.3665032046990376,2.0,7.0,0.4332104178463137,4.629406886579257,0.06346536202566103
550.0,0.3665032046990376,2.0,10.0,0.5531032239450955,4.629406886579257,0.06346536202566103
550.0,0.3665032046990376,2.0,14.0,0.6472121707965983,4.629406886579257,0.06346536202566103
550.0,0.3665032046990376,2.0,20.0,0.7288144521164194,4.629406886579257,0.06346536202566103
550.0,0.4050942113609619,2.0,0.5,-0.023657800879454086,4.213428349658914,0.022575621712176343
550.0,0.4050942113609619,2.0,0.8,-0.04828180546093925,4.213428349658914,0.022575621712176343
550.0,0.4050942113609619,2.0,1.2,-0.06092220668127567,4.213428349658914,0.022575621712176343
550.0,0.4050942113609619,2.0,1.8,-0.043809397528655716,4.213428349658914,0.022575621712176343
550.0,0.4050942113609619,2.0,2.5,0.013045649799123645,4.213428349658914,0.022575621712176343
550.0,0.4050942113609619,2.0,3.5,0.17005360574863965,4.213428349658914,0.022575621712176343
550.0,0.4050942113609619,2.0,5.0,0.3383554585218782,4.213428349658914,0.022575621712176343
550.0,0.4050942113609619,2.0,7.0,0.46462379836057055,4.213428349658914,0.022575621712176343
550.0,0.4050942113609619,2.0,10.0,0.5809828404498739,4.213428349658914,0.022575621712176343
550.0,0.4050942113609619,2.0,14.0,0.6700544376425945,4.213428349658914,0.022575621712176343
550.0,0.4050942113609619,2.0,20.0,0.7468981427579041,4.213428349658914,0.022575621712176343
550.0,0.4477486635155488,2.0,0.5,-0.02799718081435454,3.846133108211387,-0.017035680962327097
550.0,0.4477486635155488,2.0,0.8,-0.05351909728964189,3.846133108211387,-0.017035680962327097
550.0,0.4477486635155488,2.0,1.2,-0.058324211537792804,3.846133108211387,-0.017035680962327097
550.0,0.4477486635155488,2.0,1.8,-0.036219384935317976,3.846133108211387,-0.017035680962327097
550.0,0.4477486635155488,2.0,2.5,0.05226378478739933,3.846133108211387,-0.017035680962327097
550.0,0.4477486635155488,2.0,3.5,0.21762307015350082,3.846133108211387,-0.017035680962327097
550.0,0.4477486635155488,2.0,5.0,0.37482659762565507,3.846133108211387,-0.017035680962327097
550.0,0.4477486635155488,2.0,7.0,0.49438877558909294,3.846133108211387,-0.017035680962327097
550.0,0.4477486635155488,2.0,10.0,0.6057280541819636,3.846133108211387,-0.017035680962327097
550.0,0.4477486635155488,2.0,14.0,0.6905547481499765,3.846133108211387,-0.017035680962327097
550.0,0.4477486635155488,2.0,20.0,0.7631866123211218,3.846133108211387,-0.017035680962327097
550.0,0.4492873987401234,2.0,0.5,-0.028158104128118068,3.8343908802766604,-0.018363608269912356
550.0,0.4492873987401234,2.0,0.8,-0.05367722962346935,3.8343908802766604,-0.018363608269912356
550.0,0.4492873987401234,2.0,1.2,-0.05819064653013736,3.8343908802766604,-0.018363608269912356
550.0,0.4492873987401234,2.0,1.8,-0.03588192575709813,3.8343908802766604,-0.018363608269912356
550.0,0.4492873987401234,2.0,2.5,0.05377170582008593,3.8343908802766604,-0.018363608269912356
550.0,0.4492873987401234,2.0,3.5,0.21918238421710387,3.8343908802766604,-0.018363608269912356
550.0,0.4492873987401234,2.0,5.0,0.375976637051205,3.8343908802766604,-0.018363608269912356
550.0,0.4492873987401234,2.0,7.0,0.49537835500185695,3.8343908802766604,-0.018363608269912356
550.0,0.4492873987401234,2.0,10.0,0.60651621102641,3.8343908802766604,-0.018363608269912356
550.0,0.4492873987401234,2.0,14.0,0.69121201274139,3.8343908802766604,-0.018363608269912356
550.0,0.4492873987401234,2.0,20.0,0.7637274966427581,3.8343908802766604,-0.018363608269912356
550.0,0.47293410393697205,2.0,0.5,-0.030614490109381647,3.6654591348263565,-0.037931609285979044
550.0,0.47293410393697205,2.0,0.8,-0.0559480564048691,3.6654591348263565,-0.037931609285979044
550.0,0.47293410393697205,2.0,1.2,-0.055999967944251494,3.6654591348263565,-0.037931609285979044
550.0,0.47293410393697205,2.0,1.8,-0.029861789597372203,3.6654591348263565,-0.037931609285979044
550.0,0.47293410393697205,2.0,2.5,0.07705339201291594,3.6654591348263565,-0.037931609285979044
550.0,0.47293410393697205,2.0,3.5,0.24176868291584355,3.6654591348263565,-0.037931609285979044
550.0,0.47293410393697205,2.0,5.0,0.39245698539297047,3.6654591348263565,-0.037931609285979044
550.0,0.47293410393697205,2.0,7.0,0.5098363554160125,3.6654591348263565,-0.037931609285979044
550.0,0.47293410393697205,2.0,10.0,0.6179311825947393,3.6654591348263565,-0.037931609285979044
550.0,0.47293410393697205,2.0,14.0,0.7007066371429852,3.6654591348263565,-0.037931609285979044
550.0,0.47293410393697205,2.0,20.0,0.771407297652742,3.6654591348263565,-0.037931609285979044
550.0,0.4948944222294061,2.0,0.5,-0.032835102025409055,3.5263513111128857,-0.05473441482310387
550.0,0.4948944222294061,2.0,0.8,-0.057646997117699945,3.5263513111128857,-0.05473441482310387
550.0,0.4948944222294061,2.0,1.2,-0.05375595349281772,3.5263513111128857,-0.05473441482310387
550.0,0.4948944222294061,2.0,1.8,-0.02272580213701865,3.5263513111128857,-0.05473441482310387
550.0,0.4948944222294061,2.0,2.5,0.09823956853536817,3.5263513111128857,-0.05473441482310387
550.0,0.4948944222294061,2.0,3.5,0.26028169612723223,3.5263513111128857,-0.05473441482310387
550.0,0.4948944222294061,2.0,5.0,0.4056933435983519,3.5263513111128857,-0.05473441482310387
550.0,0.4948944222294061,2.0,7.0,0.5218219921747248,3.5263513111128857,-0.05473441482310387
550.0,0.4948944222294061,2.0,10.0,0.6274840886851004,3.5263513111128857,-0.05473441482310387
550.0,0.4948944222294061,2.0,14.0,0.7086311968667681,3.5263513111128857,-0.05473441482310387
550.0,0.4948944222294061,2.0,20.0,0.777771332339372,3.5263513111128857,-0.05473441482310387
550.0,0.4965808091338207,2.0,0.5,-0.033003516905104474,3.516319837550454,-0.05597162055595708
550.0,0.4965808091338207,2.0,0.8,-0.057763481137000916,3.516319837550454,-0.05597162055595708
550.0,0.4965808091338207,2.0,1.2,-0.05357929637448893,3.516319837550454,-0.05597162055595708
550.0,0.4965808091338207,2.0,1.8,-0.02210964961338153,3.516319837550454,-0.05597162055595708
550.0,0.4965808091338207,2.0,2.5,0.09983763380915328,3.516319837550454,-0.05597162055595708
550.0,0.4965808091338207,2.0,3.5,0.2616185323367293,3.516319837550454,-0.05597162055595708
550.0,0.4965808091338207,2.0,5.0,0.4066406625754972,3.516319837550454,-0.05597162055595708
550.0,0.4965808091338207,2.0,7.0,0.5226911850116497,3.516319837550454,-0.05597162055595708
550.0,0.4965808091338207,2.0,10.0,0.6281838973268661,3.516319837550454,-0.05597162055595708
550.0,0.4965808091338207,2.0,14.0,0.7092104885324242,3.516319837550454,-0.05597162055595708
550.0,0.4965808091338207,2.0,20.0,0.778239183410902,3.516319837550454,-0.05597162055595708
550.0,0.5470044002605323,2.0,0.5,-0.03803373058421753,3.2545543744594982,-0.08956845954886236
550.0,0.5470044002605323,2.0,0.8,-0.05993993022575461,3.2545543744594982,-0.08956845954886236
550.0,0.5470044002605323,2.0,1.2,-0.048289145123214264,3.2545543744594982,-0.08956845954886236
550.0,0.5470044002605323,2.0,1.8,0.0006609370201005598,3.2545543744594982,-0.08956845954886236
550.0,0.5470044002605323,2.0,2.5,0.143922178659382,3.2545543744594982,-0.08956845954886236
550.0,0.5470044002605323,2.0,3.5,0.29576206919960846,3.2545543744594982,-0.08956845954886236
550.0,0.5470044002605323,2.0,5.0,0.43055303932360356,3.2545543744594982,-0.08956845954886236
550.0,0.5470044002605323,2.0,7.0,0.5452280682934355,3.2545543744594982,-0.08956845954886236
550.0,0.5470044002605323,2.0,10.0,0.6466513007054006,3.2545543744594982,-0.08956845954886236
550.0,0.5470044002605323,2.0,14.0,0.7244376278656243,3.2545543744594982,-0.08956845954886236
550.0,0.5470044002605323,2.0,20.0,0.7903840991276475,3.2545543744594982,-0.08956845954886236
550.0,0.5502624373878341,2.0,0.5,-0.038345683893383574,3.239985483975145,-0.0915169268755527
550.0,0.5502624373878341,2.0,0.8,-0.05999780600231296,3.239985483975145,-0.0915169268755527
550.0,0.5502624373878341,2.0,1.2,-0.04796381086286444,3.239985483975145,-0.0915169268755527
550.0,0.5502624373878341,2.0,1.8,0.002396697438954736,3.239985483975145,-0.0915169268755527
550.0,0.5502624373878341,2.0,2.5,0.1465158236295421,3.239985483975145,-0.0915169268755527
550.0,0.5502624373878341,2.0,3.5,0.2976396934439363,3.239985483975145,-0.0915169268755527
550.0,0.5502624373878341,2.0,5.0,0.43187592063512387,3.239985483975145,-0.0915169268755527
550.0,0.5502624373878341,2.0,7.0,0.5464855398073201,3.239985483975145,-0.0915169268755527
550.0,0.5502624373878341,2.0,10.0,0.6476930495446621,3.239985483975145,-0.0915169268755527
550.0,0.5502624373878341,2.0,14.0,0.7252935487808313,3.239985483975145,-0.0915169268755527
550.0,0.5502624373878341,2.0,20.0,0.7910701045543641,3.239985483975145,-0.0915169268755527
550.0,0.5792236183029833,2.0,0.5,-0.041054194148809064,3.1216948850131856,-0.1076695385434828
550.0,0.5792236183029833,2.0,0.8,-0.06010278782552748,3.1216948850131856,-0.1076695385434828
550.0,0.5792236183029833,2.0,1.2,-0.04516349970079737,3.1216948850131856,-0.1076695385434828
550.0,0.5792236183029833,2.0,1.8,0.01890774720555912,3.1216948850131856,-0.1076695385434828
550.0,0.5792236183029833,2.0,2.5,0.1675885092400951,3.1216948850131856,-0.1076695385434828
550.0,0.5792236183029833,2.0,3.5,0.31214677032062027,3.1216948850131856,-0.1076695385434828
550.0,0.5792236183029833,2.0,5.0,0.44237287475485204,3.1216948850131856,-0.1076695385434828
550.0,0.5792236183029833,2.0,7.0,0.5563506673253662,3.1216948850131856,-0.1076695385434828
550.0,0.5792236183029833,2.0,10.0,0.655993765031212,3.1216948850131856,-0.1076695385434828
550.0,0.5792236183029833,2.0,14.0,0.7321654330925351,3.1216948850131856,-0.1076695385434828
550.0,0.5792236183029833,2.0,20.0,0.7966661657094868,3.1216948850131856,-0.1076695385434828
550.0,0.6046013057825199,2.0,0.5,-0.04329373973609256,3.033585337278443,-0.12010377481109363
550.0,0.6046013057825199,2.0,0.8,-0.05960016880259097,3.033585337278443,-0.12010377481109363
550.0,0.6046013057825199,2.0,1.2,-0.04271090511801858,3.033585337278443,-0.12010377481109363
550.0,0.6046013057825199,2.0,1.8,0.03441308042881636,3.033585337278443,-0.12010377481109363
550.0,0.6046013057825199,2.0,2.5,0.18344830944670876,3.033585337278443,-0.12010377481109363
550.0,0.6046013057825199,2.0,3.5,0.3223222900698129,3.033585337278443,-0.12010377481109363
550.0,0.6046013057825199,2.0,5.0,0.45033126012463637,3.033585337278443,-0.12010377481109363
550.0,0.6046013057825199,2.0,7.0,0.5634540542295354,3.033585337278443,-0.12010377481109363
550.0,0.6046013057825199,2.0,10.0,0.6620929836194738,3.033585337278443,-0.12010377481109363
550.0,0.6046013057825199,2.0,14.0,0.7372664136305128,3.033585337278443,-0.12010377481109363
550.0,0.6046013057825199,2.0,20.0,0.8008797775491157,3.033585337278443,-0.12010377481109363
550.0,0.6081847992181325,2.0,0.5,-0.04360417263761504,3.0222466362299154,-0.12173008844507495
550.0,0.6081847992181325,2.0,0.8,-0.05949030232670519,3.0222466362299154,-0.12173008844507495
550.0,0.6081847992181325,2.0,1.2,-0.042357136030627816,3.0222466362299154,-0.12173008844507495
550.0,0.6081847992181325,2.0,1.8,0.0366432410372636,3.0222466362299154,-0.12173008844507495
550.0,0.6081847992181325,2.0,2.5,0.18548533841091222,3.0222466362299154,-0.12173008844507495
550.0,0.6081847992181325,2.0,3.5,0.3235710918322143,3.0222466362299154,-0.12173008844507495
550.0,0.6081847992181325,2.0,5.0,0.4513635485609513,3.0222466362299154,-0.12173008844507495
550.0,0.6081847992181325,2.0,7.0,0.564347639335295,3.0222466362299154,-0.12173008844507495
550.0,0.6081847992181325,2.0,10.0,0.6628700311877538,3.0222466362299154,-0.12173008844507495
550.0,0.6081847992181325,2.0,14.0,0.7379246214287041,3.0222466362299154,-0.12173008844507495
550.0,0.6081847992181325,2.0,20.0,0.8014215521230275,3.0222466362299154,-0.12173008844507495
550.0,0.6353883327016112,2.0,0.5,-0.04578054371603638,2.9446558053982876,-0.13302545300354862
550.0,0.6353883327016112,2.0,0.8,-0.05841021403116135,2.9446558053982876,-0.13302545300354862
550.0,0.6353883327016112,2.0,1.2,-0.03961177038648411,2.9446558053982876,-0.13302545300354862
550.0,0.6353883327016112,2.0,1.8,0.053442174758657666,2.9446558053982876,-0.13302545300354862
550.0,0.6353883327016112,2.0,2.5,0.19933119480545236,2.9446558053982876,-0.13302545300354862
550.0,0.6353883327016112,2.0,3.5,0.3316190872661902,2.9446558053982876,-0.13302545300354862
550.0,0.6353883327016112,2.0,5.0,0.4584008144898623,2.9446558053982876,-0.13302545300354862
550.0,0.6353883327016112,2.0,7.0,0.5702876284677367,2.9446558053982876,-0.13302545300354862
550.0,0.6353883327016112,2.0,10.0,0.6681262437241834,2.9446558053982876,-0.13302545300354862
550.0,0.6353883327016112,2.0,14.0,0.7424885095103371,2.9446558053982876,-0.13302545300354862
550.0,0.6353883327016112,2.0,20.0,0.805195389324764,2.9446558053982876,-0.13302545300354862
550.0,0.6682628855998672,2.0,0.5,-0.048078363396485725,2.867974135559605,-0.144484760941123
550.0,0.6682628855998672,2.0,0.8,-0.0565492293195996,2.867974135559605,-0.144484760941123
550.0,0.6682628855998672,2.0,1.2,-0.03585837474078452,2.867974135559605,-0.144484760941123
550.0,0.6682628855998672,2.0,1.8,0.0726314039895982,2.867974135559605,-0.144484760941123
550.0,0.6682628855998672,2.0,2.5,0.21217208510425772,2.867974135559605,-0.144484760941123
550.0,0.6682628855998672,2.0,3.5,0.3381406097116864,2.867974135559605,-0.144484760941123
550.0,0.6682628855998672,2.0,5.0,0.46485088679059844,2.867974135559605,-0.144484760941123
550.0,0.6682628855998672,2.0,7.0,0.5755632654792896,2.867974135559605,-0.144484760941123
550.0,0.6682628855998672,2.0,10.0,0.6730266010081326,2.867974135559605,-0.144484760941123
550.0,0.6682628855998672,2.0,14.0,0.7469312047304207,2.867974135559605,-0.144484760941123
550.0,0.6682628855998672,2.0,20.0,0.8089327338333071,2.867974135559605,-0.144484760941123
550.0,0.6688298238964329,2.0,0.5,-0.04811451683254689,2.8667972936798245,-0.14466300551388134
550.0,0.6688298238964329,2.0,0.8,-0.05651332133281336,2.8667972936798245,-0.14466300551388134
550.0,0.6688298238964329,2.0,1.2,-0.03578588854754885,2.8667972936798245,-0.14466300551388134
550.0,0.6688298238964329,2.0,1.8,0.07294326845062128,2.8667972936798245,-0.14466300551388134
550.0,0.6688298238964329,2.0,2.5,0.21235324616192486,2.8667972936798245,-0.14466300551388134
550.0,0.6688298238964329,2.0,3.5,0.33822239001645554,2.8667972936798245,-0.14466300551388134
550.0,0.6688298238964329,2.0,5.0,0.464941569204524,2.8667972936798245,-0.14466300551388134
550.0,0.6688298238964329,2.0,7.0,0.575638049231196,2.8667972936798245,-0.14466300551388134
550.0,0.6688298238964329,2.0,10.0,0.6730993445956488,2.8667972936798245,-0.14466300551388134
550.0,0.6688298238964329,2.0,14.0,0.7469980387373929,2.8667972936798245,-0.14466300551388134
550.0,0.6688298238964329,2.0,20.0,0.8089893303556424,2.8667972936798245,-0.14466300551388134
550.0,0.7022713150912545,2.0,0.5,-0.050046913455449114,2.8073170759798463,-0.15376852398333354
550.0,0.7022713150912545,2.0,0.8,-0.05426776224426697,2.8073170759798463,-0.15376852398333354
550.0,0.7022713150912545,2.0,1.2,-0.031042052450136415,2.8073170759798463,-0.15376852398333354
550.0,0.7022713150912545,2.0,1.8,0.08998921036358501,2.8073170759798463,-0.15376852398333354
550.0,0.7022713150912545,2.0,2.5,0.22099174586361028,2.8073170759798463,-0.15376852398333354
550.0,0.7022713150912545,2.0,3.5,0.3415408569877904,2.8073170759798463,-0.15376852398333354
550.0,0.7022713150912545,2.0,5.0,0.46915722668123305,2.8073170759798463,-0.15376852398333354
550.0,0.7022713150912545,2.0,7.0,0.5792589126604141,2.8073170759798463,-0.15376852398333354
550.0,0.7022713150912545,2.0,10.0,0.6767400021911021,2.8073170759798463,-0.15376852398333354
550.0,0.7022713150912545,2.0,14.0,0.7503638116724882,2.8073170759798463,-0.15376852398333354
550.0,0.7022713150912545,2.0,20.0,0.8119142060187553,2.8073170759798463,-0.15376852398333354
550.0,0.7386277204483878,2.0,0.5,-0.05157601374682886,2.7643393950686326,-0.16046862832888562
550.0,0.7386277204483878,2.0,0.8,-0.05164305703531905,2.7643393950686326,-0.16046862832888562
550.0,0.7386277204483878,2.0,1.2,-0.024537084010143647,2.7643393950686326,-0.16046862832888562
550.0,0.7386277204483878,2.0,1.8,0.1046567749906673,2.7643393950686326,-0.16046862832888562
550.0,0.7386277204483878,2.0,2.5,0.22563097674841728,2.7643393950686326,-0.16046862832888562
550.0,0.7386277204483878,2.0,3.5,0.34175360660640086,2.7643393950686326,-0.16046862832888562
550.0,0.7386277204483878,2.0,5.0,0.4711458025017101,2.7643393950686326,-0.16046862832888562
550.0,0.7386277204483878,2.0,7.0,0.5814386476862671,2.7643393950686326,-0.16046862832888562
550.0,0.7386277204483878,2.0,10.0,0.6792295041780149,2.7643393950686326,-0.16046862832888562
550.0,0.7386277204483878,2.0,14.0,0.7528100538941961,2.7643393950686326,-0.16046862832888562
550.0,0.7386277204483878,2.0,20.0,0.8142150922615992,2.7643393950686326,-0.16046862832888562
550.0,0.7781886018183509,2.0,0.5,-0.05245260717306494,2.742927072418813,-0.163845730375684
550.0,0.7781886018183509,2.0,0.8,-0.048898255937561405,2.742927072418813,-0.163845730375684
550.0,0.7781886018183509,2.0,1.2,-0.01582569598129977,2.742927072418813,-0.163845730375684
550.0,0.7781886018183509,2.0,1.8,0.11528279893723917,2.742927072418813,-0.163845730375684
550.0,0.7781886018183509,2.0,2.5,0.22535533936085309,2.742927072418813,-0.163845730375684
550.0,0.7781886018183509,2.0,3.5,0.3383337160296657,2.742927072418813,-0.163845730375684
550.0,0.7781886018183509,2.0,5.0,0.47025544185674073,2.742927072418813,-0.163845730375684
550.0,0.7781886018183509,2.0,7.0,0.5815979006906365,2.742927072418813,-0.163845730375684
550.0,0.7781886018183509,2.0,10.0,0.6801711425989664,2.742927072418813,-0.163845730375684
550.0,0.7781886018183509,2.0,14.0,0.7541614457980621,2.742927072418813,-0.163845730375684
550.0,0.7781886018183509,2.0,20.0,0.8157286404115051,2.742927072418813,-0.163845730375684
550.0,0.8164016305125923,2.0,0.5,-0.05245153161092356,2.747817350699358,-0.16307212983261854
550.0,0.8164016305125923,2.0,0.8,-0.046597983912221176,2.747817350699358,-0.16307212983261854
550.0,0.8164016305125923,2.0,1.2,-0.006129946776902684,2.747817350699358,-0.16307212983261854
550.0,0.8164016305125923,2.0,1.8,0.1198546108448563,2.747817350699358,-0.16307212983261854
550.0,0.8164016305125923,2.0,2.5,0.2202612726284232,2.747817350699358,-0.16307212983261854
550.0,0.8164016305125923,2.0,3.5,0.33206422850299583,2.747817350699358,-0.16307212983261854
550.0,0.8164016305125923,2.0,5.0,0.4665708850789111,2.747817350699358,-0.16307212983261854
550.0,0.8164016305125923,2.0,7.0,0.5796683393372529,2.747817350699358,-0.16307212983261854
550.0,0.8164016305125923,2.0,10.0,0.679477780221386,2.747817350699358,-0.16307212983261854
550.0,0.8164016305125923,2.0,14.0,0.7542960234821804,2.747817350699358,-0.16307212983261854
550.0,0.8164016305125923,2.0,20.0,0.8162720334409801,2.747817350699358,-0.16307212983261854
550.0,0.8191458966508958,2.0,0.5,-0.052420968444200425,2.7491663310268666,-0.16285897485231862
550.0,0.8191458966508958,2.0,0.8,-0.04644725603576869,2.7491663310268666,-0.16285897485231862
550.0,0.8191458966508958,2.0,1.2,-0.005398161417813996,2.7491663310268666,-0.16285897485231862
550.0,0.8191458966508958,2.0,1.8,0.11997405458570558,2.7491663310268666,-0.16285897485231862
550.0,0.8191458966508958,2.0,2.5,0.21973294394127788,2.7491663310268666,-0.16285897485231862
550.0,0.8191458966508958,2.0,3.5,0.3315234356745495,2.7491663310268666,-0.16285897485231862
550.0,0.8191458966508958,2.0,5.0,0.46620583856909936,2.7491663310268666,-0.16285897485231862
550.0,0.8191458966508958,2.0,7.0,0.5794543156461923,2.7491663310268666,-0.16285897485231862
550.0,0.8191458966508958,2.0,10.0,0.67937065097383,2.7491663310268666,-0.16285897485231862
550.0,0.8191458966508958,2.0,14.0,0.7542624792813672,2.7491663310268666,-0.16285897485231862
550.0,0.8191458966508958,2.0,20.0,0.8162793408481658,2.7491663310268666,-0.16285897485231862
550.0,0.8601031914834406,2.0,0.5,-0.051341984649508496,2.816653986319789,-0.1523264922519231
550.0,0.8601031914834406,2.0,0.8,-0.04443244573377704,2.816653986319789,-0.1523264922519231
550.0,0.8601031914834406,2.0,1.2,0.0055068519150447475,2.816653986319789,-0.1523264922519231
550.0,0.8601031914834406,2.0,1.8,0.11841734701312312,2.816653986319789,-0.1523264922519231
550.0,0.8601031914834406,2.0,2.5,0.2093616831319611,2.816653986319789,-0.1523264922519231
550.0,0.8601031914834406,2.0,3.5,0.3220870077695835,2.816653986319789,-0.1523264922519231
550.0,0.8601031914834406,2.0,5.0,0.45923800503782924,2.816653986319789,-0.1523264922519231
550.0,0.8601031914834406,2.0,7.0,0.5750898615917444,2.816653986319789,-0.1523264922519231
550.0,0.8601031914834406,2.0,10.0,0.6769156756751876,2.816653986319789,-0.1523264922519231
550.0,0.8601031914834406,2.0,14.0,0.7531036194818519,2.816653986319789,-0.1523264922519231
550.0,0.8601031914834406,2.0,20.0,0.8159294521913523,2.816653986319789,-0.1523264922519231
550.0,0.9023647554129298,2.0,0.5,-0.04904182965001136,3.040937541938552,-0.11905249110161999
550.0,0.9023647554129298,2.0,0.8,-0.042691000721400044,3.040937541938552,-0.11905249110161999
550.0,0.9023647554129298,2.0,1.2,0.015757384393249776,3.040937541938552,-0.11905249110161999
550.0,0.9023647554129298,2.0,1.8,0.11061117212177757,3.040937541938552,-0.11905249110161999
550.0,0.9023647554129298,2.0,2.5,0.1943191300404611,3.040937541938552,-0.11905249110161999
550.0,0.9023647554129298,2.0,3.5,0.30972035151417837,3.040937541938552,-0.11905249110161999
550.0,0.9023647554129298,2.0,5.0,0.44926578743066986,3.040937541938552,-0.11905249110161999
550.0,0.9023647554129298,2.0,7.0,0.5684332267138195,3.040937541938552,-0.11905249110161999
550.0,0.9023647554129298,2.0,10.0,0.6728914036627593,3.040937541938552,-0.11905249110161999
550.0,0.9023647554129298,2.0,14.0,0.7507158194541069,3.040937541938552,-0.11905249110161999
550.0,0.9023647554129298,2.0,20.0,0.8146754422372997,3.040937541938552,-0.11905249110161999
550.0,0.9973793796812823,2.0,0.5,-0.0401935650274355,3.7368386800835482,-0.02955564163507422
550.0,0.9973793796812823,2.0,0.8,-0.03892822201698514,3.7368386800835482,-0.02955564163507422
550.0,0.9973793796812823,2.0,1.2,0.026192743719866,3.7368386800835482,-0.02955564163507422
550.0,0.9973793796812823,2.0,1.8,0.07386512451433495,3.7368386800835482,-0.02955564163507422
550.0,0.9973793796812823,2.0,2.5,0.14838389596513682,3.7368386800835482,-0.02955564163507422
550.0,0.9973793796812823,2.0,3.5,0.2720632516918099,3.7368386800835482,-0.02955564163507422
550.0,0.9973793796812823,2.0,5.0,0.41859366823252186,3.7368386800835482,-0.02955564163507422
550.0,0.9973793796812823,2.0,7.0,0.546806131277053,3.7368386800835482,-0.02955564163507422
550.0,0.9973793796812823,2.0,10.0,0.6588046148894382,3.7368386800835482,-0.02955564163507422
550.0,0.9973793796812823,2.0,14.0,0.7415462934416391,3.7368386800835482,-0.02955564163507422
550.0,0.9973793796812823,2.0,20.0,0.8090093582379468,3.7368386800835482,-0.02955564163507422
550.0,1.1005248747756682,2.0,0.5,-0.02703336048848625,4.217072990775465,0.02295112669346476
550.0,1.1005248747756682,2.0,0.8,-0.03224694667530936,4.217072990775465,0.02295112669346476
550.0,1.1005248747756682,2.0,1.2,0.006422759176496962,4.217072990775465,0.02295112669346476
550.0,1.1005248747756682,2.0,1.8,0.01593855294293756,4.217072990775465,0.02295112669346476
550.0,1.1005248747756682,2.0,2.5,0.08774227610384548,4.217072990775465,0.02295112669346476
550.0,1.1005248747756682,2.0,3.5,0.21817357378225852,4.217072990775465,0.02295112669346476
550.0,1.1005248747756682,2.0,5.0,0.37581003861234785,4.217072990775465,0.02295112669346476
550.0,1.1005248747756682,2.0,7.0,0.5153995283389844,4.217072990775465,0.02295112669346476
550.0,1.1005248747756682,2.0,10.0,0.6372292962055861,4.217072990775465,0.02295112669346476
550.0,1.1005248747756682,2.0,14.0,0.7268350172433766,4.217072990775465,0.02295112669346476
550.0,1.1005248747756682,2.0,20.0,0.7993272742204905,4.217072990775465,0.02295112669346476
550.0,1.102398582221007,2.0,0.5,-0.026787358701939244,4.22197442335901,0.02345560670390902
550.0,1.102398582221007,2.0,0.8,-0.03209334144348773,4.22197442335901,0.02345560670390902
550.0,1.102398582221007,2.0,1.2,0.005763504751250312,4.22197442335901,0.02345560670390902
550.0,1.102398582221007,2.0,1.8,0.014822984749651668,4.22197442335901,0.02345560670390902
550.0,1.102398582221007,2.0,2.5,0.08660498282453923,4.22197442335901,0.02345560670390902
550.0,1.102398582221007,2.0,3.5,0.2170991246531334,4.22197442335901,0.02345560670390902
550.0,1.102398582221007,2.0,5.0,0.37495238050194957,4.22197442335901,0.02345560670390902
550.0,1.102398582221007,2.0,7.0,0.5147609484958603,4.22197442335901,0.02345560670390902
550.0,1.102398582221007,2.0,10.0,0.6367877886483642,4.22197442335901,0.02345560670390902
550.0,1.102398582221007,2.0,14.0,0.7265292824532129,4.22197442335901,0.02345560670390902
550.0,1.102398582221007,2.0,20.0,0.7991241781825145,4.22197442335901,0.02345560670390902
550.0,1.1584472366059666,2.0,0.5,-0.019821117164871577,4.389660997258592,0.0403709907126128
550.0,1.1584472366059666,2.0,0.8,-0.027314958349203246,4.389660997258592,0.0403709907126128
550.0,1.1584472366059666,2.0,1.2,-0.017616299305160486,4.389660997258592,0.0403709907126128
550.0,1.1584472366059666,2.0,1.8,-0.018326283922831733,4.389660997258592,0.0403709907126128
550.0,1.1584472366059666,2.0,2.5,0.05280292893712216,4.389660997258592,0.0403709907126128
550.0,1.1584472366059666,2.0,3.5,0.18411797718089673,4.389660997258592,0.0403709907126128
550.0,1.1584472366059666,2.0,5.0,0.34856671563109526,4.389660997258592,0.0403709907126128
550.0,1.1584472366059666,2.0,7.0,0.49508233713372507,4.389660997258592,0.0403709907126128
550.0,1.1584472366059666,2.0,10.0,0.6231264366583503,4.389660997258592,0.0403709907126128
550.0,1.1584472366059666,2.0,14.0,0.7170095455307042,4.389660997258592,0.0403709907126128
550.0,1.1584472366059666,2.0,20.0,0.7927242408261523,4.389660997258592,0.0403709907126128
550.0,1.216369598436265,2.0,0.5,-0.01389767334659822,4.539877428491064,0.054984136232100446
550.0,1.216369598436265,2.0,0.8,-0.023108353791000777,4.539877428491064,0.054984136232100446
550.0,1.216369598436265,2.0,1.2,-0.045858357178384,4.539877428491064,0.054984136232100446
550.0,1.216369598436265,2.0,1.8,-0.050130079384270665,4.539877428491064,0.054984136232100446
550.0,1.216369598436265,2.0,2.5,0.019306692347916037,4.539877428491064,0.054984136232100446
550.0,1.216369598436265,2.0,3.5,0.14907423142945,4.539877428491064,0.054984136232100446
550.0,1.216369598436265,2.0,5.0,0.3199518858454255,4.539877428491064,0.054984136232100446
550.0,1.216369598436265,2.0,7.0,0.4735822440101408,4.539877428491064,0.054984136232100446
550.0,1.216369598436265,2.0,10.0,0.6080758424076449,4.539877428491064,0.054984136232100446
550.0,1.216369598436265,2.0,14.0,0.7064719828886828,4.539877428491064,0.054984136232100446
550.0,1.216369598436265,2.0,20.0,0.7855636937076318,4.539877428491064,0.054984136232100446
550.0,1.218475796513094,2.0,0.5,-0.013705079757251194,4.545267748161297,0.05549947997568379
550.0,1.218475796513094,2.0,0.8,-0.022993396537714428,4.545267748161297,0.05549947997568379
550.0,1.218475796513094,2.0,1.2,-0.04688822863903356,4.545267748161297,0.05549947997568379
550.0,1.218475796513094,2.0,1.8,-0.05119653334341254,4.545267748161297,0.05549947997568379
550.0,1.218475796513094,2.0,2.5,0.01813494879318504,4.545267748161297,0.05549947997568379
550.0,1.218475796513094,2.0,3.5,0.1477997808756309,4.545267748161297,0.05549947997568379
550.0,1.218475796513094,2.0,5.0,0.3188976611549278,4.545267748161297,0.05549947997568379
550.0,1.218475796513094,2.0,7.0,0.47279501230229626,4.545267748161297,0.05549947997568379
550.0,1.218475796513094,2.0,10.0,0.6075226207679453,4.545267748161297,0.05549947997568379
550.0,1.218475796513094,2.0,14.0,0.706082597736808,4.545267748161297,0.05549947997568379
550.0,1.218475796513094,2.0,20.0,0.7852981073328716,4.545267748161297,0.05549947997568379
550.0,1.3467753774655815,2.0,0.5,-0.005780766631158654,5.202444607517069,0.11414747347540508
550.0,1.3467753774655815,2.0,0.8,-0.02541177044540651,5.202444607517069,0.11414747347540508
550.0,1.3467753774655815,2.0,1.2,-0.09663655211700525,5.202444607517069,0.11414747347540508
550.0,1.3467753774655815,2.0,1.8,-0.10146288652694344,5.202444607517069,0.11414747347540508
550.0,1.3467753774655815,2.0,2.5,-0.04746514440632189,5.202444607517069,0.11414747347540508
550.0,1.3467753774655815,2.0,3.5,0.07300077340948526,5.202444607517069,0.11414747347540508
550.0,1.3467753774655815,2.0,5.0,0.2543918048055993,5.202444607517069,0.11414747347540508
550.0,1.3467753774655815,2.0,7.0,0.4236978822859951,5.202444607517069,0.11414747347540508
550.0,1.3467753774655815,2.0,10.0,0.5726091083790604,5.202444607517069,0.11414747347540508
550.0,1.3467753774655815,2.0,14.0,0.6813351822163899,5.202444607517069,0.11414747347540508
550.0,1.3467753774655815,2.0,20.0,0.7683078805800935,5.202444607517069,0.11414747347540508
550.0,1.4885842809008711,2.0,0.5,0.008608657811555955,5.891657000928796,0.16817746392681757
550.0,1.4885842809008711,2.0,0.8,-0.04200024456782023,5.891657000928796,0.16817746392681757
550.0,1.4885842809008711,2.0,1.2,-0.09230648134668039,5.891657000928796,0.16817746392681757
550.0,1.4885842809008711,2.0,1.8,-0.11450851293236966,5.891657000928796,0.16817746392681757
550.0,1.4885842809008711,2.0,2.5,-0.09803438314391329,5.891657000928796,0.16817746392681757
550.0,1.4885842809008711,2.0,3.5,0.004207338052022424,5.891657000928796,0.16817746392681757
550.0,1.4885842809008711,2.0,5.0,0.18757749499201332,5.891657000928796,0.16817746392681757
550.0,1.4885842809008711,2.0,7.0,0.37049004239014033,5.891657000928796,0.16817746392681757
550.0,1.4885842809008711,2.0,10.0,0.5342053384269596,5.891657000928796,0.16817746392681757
550.0,1.4885842809008711,2.0,14.0,0.6538271399653958,5.891657000928796,0.16817746392681757
550.0,1.4885842809008711,2.0,20.0,0.749226114118453,5.891657000928796,0.16817746392681757
550.0,1.645324972836306,2.0,0.5,0.04434592270058374,6.749723447570267,0.22722598777644687
550.0,1.645324972836306,2.0,0.8,-0.011918036403513682,6.749723447570267,0.22722598777644687
550.0,1.645324972836306,2.0,1.2,-0.0317280143231942,6.749723447570267,0.22722598777644687
550.0,1.645324972836306,2.0,1.8,-0.08587302598419047,6.749723447570267,0.22722598777644687
550.0,1.645324972836306,2.0,2.5,-0.11675070338758431,6.749723447570267,0.22722598777644687
550.0,1.645324972836306,2.0,3.5,-0.05323268037599116,6.749723447570267,0.22722598777644687
550.0,1.645324972836306,2.0,5.0,0.12060489897886553,6.749723447570267,0.22722598777644687
550.0,1.645324972836306,2.0,7.0,0.31463791628369686,6.749723447570267,0.22722598777644687
550.0,1.645324972836306,2.0,10.0,0.49305934555447506,6.749723447570267,0.22722598777644687
550.0,1.645324972836306,2.0,14.0,0.6240443317500438,6.749723447570267,0.22722598777644687
550.0,1.645324972836306,2.0,20.0,0.7283834073748683,6.749723447570267,0.22722598777644687
550.0,1.8185696980492723,2.0,0.5,0.0374447508177597,7.565015828578794,0.2767498497235412
550.0,1.8185696980492723,2.0,0.8,0.05727166879785656,7.565015828578794,0.2767498497235412
550.0,1.8185696980492723,2.0,1.2,-0.0011709847973625435,7.565015828578794,0.2767498497235412
550.0,1.8185696980492723,2.0,1.8,-0.043672666198829715,7.565015828578794,0.2767498497235412
550.0,1.8185696980492723,2.0,2.5,-0.10349495092234298,7.565015828578794,0.2767498497235412
550.0,1.8185696980492723,2.0,3.5,-0.09575186320738997,7.565015828578794,0.2767498497235412
550.0,1.8185696980492723,2.0,5.0,0.05294888329248142,7.565015828578794,0.2767498497235412
550.0,1.8185696980492723,2.0,7.0,0.253612405022275,7.565015828578794,0.2767498497235412
550.0,1.8185696980492723,2.0,10.0,0.44722801207923835,7.565015828578794,0.2767498497235412
550.0,1.8185696980492723,2.0,14.0,0.5905495599105618,7.565015828578794,0.2767498497235412
550.0,1.8185696980492723,2.0,20.0,0.704754649245321,7.565015828578794,0.2767498497235412
550.0,2.0100562510528768,2.0,0.5,-0.011961675925347342,8.592390360600227,0.3320540078938569
550.0,2.0100562510528768,2.0,0.8,-0.012152354196758672,8.592390360600227,0.3320540078938569
550.0,2.0100562510528768,2.0,1.2,-0.039225303773997945,8.592390360600227,0.3320540078938569
550.0,2.0100562510528768,2.0,1.8,-0.025986899788278124,8.592390360600227,0.3320540078938569
550.0,2.0100562510528768,2.0,2.5,-0.07455064647790607,8.592390360600227,0.3320540078938569
550.0,2.0100562510528768,2.0,3.5,-0.11890526131604859,8.592390360600227,0.3320540078938569
550.0,2.0100562510528768,2.0,5.0,-0.01476373544831889,8.592390360600227,0.3320540078938569
550.0,2.0100562510528768,2.0,7.0,0.18574181457875877,8.592390360600227,0.3320540078938569
550.0,2.0100562510528768,2.0,10.0,0.39494372720578863,8.592390360600227,0.3320540078938569
550.0,2.0100562510528768,2.0,14.0,0.5520093261935497,8.592390360600227,0.3320540078938569
550.0,2.0100562510528768,2.0,20.0,0.6773782924900925,8.592390360600227,0.3320540078938569
550.0,2.2217054076787313,2.0,0.5,0.0012138122219283792,9.772083101389239,0.387927160211395
550.0,2.2217054076787313,2.0,0.8,0.037737040074336765,9.772083101389239,0.387927160211395
550.0,2.2217054076787313,2.0,1.2,-0.02081118640124064,9.772083101389239,0.387927160211395
550.0,2.2217054076787313,2.0,1.8,-0.04640837690263909,9.772083101389239,0.387927160211395
550.0,2.2217054076787313,2.0,2.5,-0.04179985748079881,9.772083101389239,0.387927160211395
550.0,2.2217054076787313,2.0,3.5,-0.11286694115208973,9.772083101389239,0.387927160211395
550.0,2.2217054076787313,2.0,5.0,-0.07110096971677647,9.772083101389239,0.387927160211395
550.0,2.2217054076787313,2.0,7.0,0.11501210021505691,9.772083101389239,0.387927160211395
550.0,2.2217054076787313,2.0,10.0,0.33803346688747515,9.772083101389239,0.387927160211395
550.0,2.2217054076787313,2.0,14.0,0.5096257292648908,9.772083101389239,0.387927160211395
550.0,2.2217054076787313,2.0,20.0,0.6470684036360159,9.772083101389239,0.387927160211395
550.0,2.455640192120709,2.0,0.5,0.03265875839599139,11.050922823238219,0.4413385545941565
550.0,2.455640192120709,2.0,0.8,-0.02503782638569989,11.050922823238219,0.4413385545941565
550.0,2.455640192120709,2.0,1.2,0.04003974642212648,11.050922823238219,0.4413385545941565
550.0,2.455640192120709,2.0,1.8,-0.06193881368322557,11.050922823238219,0.4413385545941565
550.0,2.455640192120709,2.0,2.5,-0.03554002581581849,11.050922823238219,0.4413385545941565
550.0,2.455640192120709,2.0,3.5,-0.08623067795217931,11.050922823238219,0.4413385545941565
550.0,2.455640192120709,2.0,5.0,-0.10800137822885371,11.050922823238219,0.4413385545941565
550.0,2.455640192120709,2.0,7.0,0.04344908608505377,11.050922823238219,0.4413385545941565
550.0,2.455640192120709,2.0,10.0,0.2759483369836821,11.050922823238219,0.4413385545941565
550.0,2.455640192120709,2.0,14.0,0.46283084249743184,11.050922823238219,0.4413385545941565
550.0,2.455640192120709,2.0,20.0,0.6133897590476607,11.050922823238219,0.4413385545941565
550.0,2.714207172704789,2.0,0.5,0.0034061140929513246,12.492486570771977,0.4945888999271254
550.0,2.714207172704789,2.0,0.8,0.03262492523179792,12.492486570771977,0.4945888999271254
550.0,2.714207172704789,2.0,1.2,0.0032554121161809226,12.492486570771977,0.4945888999271254
550.0,2.714207172704789,2.0,1.8,-0.036775875062283025,12.492486570771977,0.4945888999271254
550.0,2.714207172704789,2.0,2.5,-0.05169389465123576,12.492486570771977,0.4945888999271254
550.0,2.714207172704789,2.0,3.5,-0.05757871855381337,12.492486570771977,0.4945888999271254
550.0,2.714207172704789,2.0,5.0,-0.1197084419942094,12.492486570771977,0.4945888999271254
550.0,2.714207172704789,2.0,7.0,-0.023601834665855824,12.492486570771977,0.4945888999271254
550.0,2.714207172704789,2.0,10.0,0.20864795673968894,12.492486570771977,0.4945888999271254
550.0,2.714207172704789,2.0,14.0,0.4112574429860509,12.492486570771977,0.4945888999271254
550.0,2.714207172704789,2.0,20.0,0.5760312075111591,12.492486570771977,0.4945888999271254
550.0,3.0000000000000004,2.0,0.5,-0.02420506394620834,14.045885237804113,0.5454891243547535
550.0,3.0000000000000004,2.0,0.8,-0.02767015083757115,14.045885237804113,0.5454891243547535
550.0,3.0000000000000004,2.0,1.2,-0.001221116346136735,14.045885237804113,0.5454891243547535
550.0,3.0000000000000004,2.0,1.8,0.0021507856074757105,14.045885237804113,0.5454891243547535
550.0,3.0000000000000004,2.0,2.5,-0.07000329792122834,14.045885237804113,0.5454891243547535
550.0,3.0000000000000004,2.0,3.5,-0.03822577766886784,14.045885237804113,0.5454891243547535
550.0,3.0000000000000004,2.0,5.0,-0.11144620147765666,14.045885237804113,0.5454891243547535
550.0,3.0000000000000004,2.0,7.0,-0.076854925173824,14.045885237804113,0.5454891243547535
550.0,3.0000000000000004,2.0,10.0,0.1368803686617194,14.045885237804113,0.5454891243547535
550.0,3.0000000000000004,2.0,14.0,0.3546851281569329,14.045885237804113,0.5454891243547535
550.0,3.0000000000000004,2.0,20.0,0.5347653601331805,14.045885237804113,0.5454891243547535
550.0,0.3,2.5,0.5,-0.013572022642634874,5.635255879247315,0.1488536494485093
550.0,0.3,2.5,0.8,-0.031717916978642284,5.635255879247315,0.1488536494485093
550.0,0.3,2.5,1.2,-0.05415237599021163,5.635255879247315,0.1488536494485093
550.0,0.3,2.5,1.8,-0.05792286435739768,5.635255879247315,0.1488536494485093
550.0,0.3,2.5,2.5,-0.040192395076039236,5.635255879247315,0.1488536494485093
550.0,0.3,2.5,3.5,0.026595833319674234,5.635255879247315,0.1488536494485093
550.0,0.3,2.5,5.0,0.20073694067817932,5.635255879247315,0.1488536494485093
550.0,0.3,2.5,7.0,0.35777409357571666,5.635255879247315,0.1488536494485093
550.0,0.3,2.5,10.0,0.48830098001726885,5.635255879247315,0.1488536494485093
550.0,0.3,2.5,14.0,0.5950883617854106,5.635255879247315,0.1488536494485093
550.0,0.3,2.5,20.0,0.6868286891533292,5.635255879247315,0.1488536494485093
550.0,0.3315885423378064,2.5,0.5,-0.01653067879651615,5.119765471708386,0.10719007576588498
550.0,0.3315885423378064,2.5,0.8,-0.037008258972250956,5.119765471708386,0.10719007576588498
550.0,0.3315885423378064,2.5,1.2,-0.058355217033523844,5.119765471708386,0.10719007576588498
550.0,0.3315885423378064,2.5,1.8,-0.05395644632632269,5.119765471708386,0.10719007576588498
550.0,0.3315885423378064,2.5,2.5,-0.031108765612575646,5.119765471708386,0.10719007576588498
550.0,0.3315885423378064,2.5,3.5,0.0699298555771034,5.119765471708386,0.10719007576588498
550.0,0.3315885423378064,2.5,5.0,0.2493215001519778,5.119765471708386,0.10719007576588498
550.0,0.3315885423378064,2.5,7.0,0.3957608262011875,5.119765471708386,0.10719007576588498
550.0,0.3315885423378064,2.5,10.0,0.5201488541405078,5.119765471708386,0.10719007576588498
550.0,0.3315885423378064,2.5,14.0,0.6207776600147549,5.119765471708386,0.10719007576588498
550.0,0.3315885423378064,2.5,20.0,0.7076434069545549,5.119765471708386,0.10719007576588498
550.0,0.3665032046990376,2.5,0.5,-0.019816171880618537,4.661030690857439,0.06642197125408647
550.0,0.3665032046990376,2.5,0.8,-0.042619467431110836,4.661030690857439,0.06642197125408647
550.0,0.3665032046990376,2.5,1.2,-0.060773475000286986,4.661030690857439,0.06642197125408647
550.0,0.3665032046990376,2.5,1.8,-0.04910005280927159,4.661030690857439,0.06642197125408647
550.0,0.3665032046990376,2.5,2.5,-0.01476301902817714,4.661030690857439,0.06642197125408647
550.0,0.3665032046990376,2.5,3.5,0.11885903187294537,4.661030690857439,0.06642197125408647
550.0,0.3665032046990376,2.5,5.0,0.29392859807696436,4.661030690857439,0.06642197125408647
550.0,0.3665032046990376,2.5,7.0,0.4294824375082491,4.661030690857439,0.06642197125408647
550.0,0.3665032046990376,2.5,10.0,0.5497899526460248,4.661030690857439,0.06642197125408647
550.0,0.3665032046990376,2.5,14.0,0.6445643419187126,4.661030690857439,0.06642197125408647
550.0,0.3665032046990376,2.5,20.0,0.7268367504044788,4.661030690857439,0.06642197125408647
550.0,0.4050942113609619,2.5,0.5,-0.023640825434844335,4.256499442336386,0.026992589501509234
550.0,0.4050942113609619,2.5,0.8,-0.048186648703002447,4.256499442336386,0.026992589501509234
550.0,0.4050942113609619,2.5,1.2,-0.060661349073404223,4.256499442336386,0.026992589501509234
550.0,0.4050942113609619,2.5,1.8,-0.04374114298703995,4.256499442336386,0.026992589501509234
550.0,0.4050942113609619,2.5,2.5,0.012678176410987252,4.256499442336386,0.026992589501509234
550.0,0.4050942113609619,2.5,3.5,0.1678136068904301,4.256499442336386,0.026992589501509234
550.0,0.4050942113609619,2.5,5.0,0.33343542097911283,4.256499442336386,0.026992589501509234
550.0,0.4050942113609619,2.5,7.0,0.45913211351451344,4.256499442336386,0.026992589501509234
550.0,0.4050942113609619,2.5,10.0,0.5763400410199152,4.256499442336386,0.026992589501509234
550.0,0.4050942113609619,2.5,14.0,0.6664110681699746,4.256499442336386,0.026992589501509234
550.0,0.4050942113609619,2.5,20.0,0.7442018313598668,4.256499442336386,0.026992589501509234
550.0,0.4477486635155488,2.5,0.5,-0.027959586397551434,3.905045932997208,-0.010433844707497898
550.0,0.4477486635155488,2.5,0.8,-0.05332181102565434,3.905045932997208,-0.010433844707497898
550.0,0.4477486635155488,2.5,1.2,-0.057914993725402326,3.905045932997208,-0.010433844707497898
550.0,0.4477486635155488,2.5,1.8,-0.03627540499473453,3.905045932997208,-0.010433844707497898
550.0,0.4477486635155488,2.5,2.5,0.05125035729135861,3.905045932997208,-0.010433844707497898
550.0,0.4477486635155488,2.5,3.5,0.21302570022199918,3.905045932997208,-0.010433844707497898
550.0,0.4477486635155488,2.5,5.0,0.366961695950865,3.905045932997208,-0.010433844707497898
550.0,0.4477486635155488,2.5,7.0,0.48650374271105856,3.905045932997208,-0.010433844707497898
550.0,0.4477486635155488,2.5,10.0,0.5992690075407378,3.905045932997208,-0.010433844707497898
550.0,0.4477486635155488,2.5,14.0,0.6855634782815163,3.905045932997208,-0.010433844707497898
550.0,0.4477486635155488,2.5,20.0,0.7595219826084889,3.905045932997208,-0.010433844707497898
550.0,0.4492873987401234,2.5,0.5,-0.028119613165996652,3.893945387201354,-0.011670135105278708
550.0,0.4492873987401234,2.5,0.8,-0.05347516460875101,3.893945387201354,-0.011670135105278708
550.0,0.4492873987401234,2.5,1.2,-0.057776149302228914,3.893945387201354,-0.011670135105278708
550.0,0.4492873987401234,2.5,1.8,-0.03594414184747792,3.893945387201354,-0.011670135105278708
550.0,0.4492873987401234,2.5,2.5,0.05272270347994073,3.893945387201354,-0.011670135105278708
550.0,0.4492873987401234,2.5,3.5,0.21447875720058387,3.893945387201354,-0.011670135105278708
550.0,0.4492873987401234,2.5,5.0,0.3679911305492804,3.893945387201354,-0.011670135105278708
550.0,0.4492873987401234,2.5,7.0,0.48739777832174336,3.893945387201354,-0.011670135105278708
550.0,0.4492873987401234,2.5,10.0,0.5999846118124578,3.893945387201354,-0.011670135105278708
550.0,0.4492873987401234,2.5,14.0,0.6861670380708832,3.893945387201354,-0.011670135105278708
550.0,0.4492873987401234,2.5,20.0,0.7600243869042288,3.893945387201354,-0.011670135105278708
550.0,0.47293410393697205,2.5,0.5,-0.030556779392051595,3.7355502248141876,-0.029705411414546315
550.0,0.47293410393697205,2.5,0.8,-0.055657876322361334,3.7355502248141876,-0.029705411414546315
550.0,0.47293410393697205,2.5,1.2,-0.055508389525031974,3.7355502248141876,-0.029705411414546315
550.0,0.47293410393697205,2.5,1.8,-0.030036820269997933,3.7355502248141876,-0.029705411414546315
550.0,0.47293410393697205,2.5,2.5,0.07531521613289689,3.7355502248141876,-0.029705411414546315
550.0,0.47293410393697205,2.5,3.5,0.2352360274621311,3.7355502248141876,-0.029705411414546315
550.0,0.47293410393697205,2.5,5.0,0.3824897600314211,3.7355502248141876,-0.029705411414546315
550.0,0.47293410393697205,2.5,7.0,0.5003010946276937,3.7355502248141876,-0.029705411414546315
550.0,0.47293410393697205,2.5,10.0,0.6102208658575261,3.7355502248141876,-0.029705411414546315
550.0,0.47293410393697205,2.5,14.0,0.6947898455272477,3.7355502248141876,-0.029705411414546315
550.0,0.47293410393697205,2.5,20.0,0.7670797938258253,3.7355502248141876,-0.029705411414546315
550.0,0.4948944222294061,2.5,0.5,-0.032752600363819474,3.6074497913592194,-0.044859696049576236
550.0,0.4948944222294061,2.5,0.8,-0.05725071004614483,3.6074497913592194,-0.044859696049576236
550.0,0.4948944222294061,2.5,1.2,-0.053207533999681894,3.6074497913592194,-0.044859696049576236
550.0,0.4948944222294061,2.5,1.8,-0.023044974861371803,3.6074497913592194,-0.044859696049576236
550.0,0.4948944222294061,2.5,2.5,0.09557355859290362,3.6074497913592194,-0.044859696049576236
550.0,0.4948944222294061,2.5,3.5,0.2517153892168847,3.6074497913592194,-0.044859696049576236
550.0,0.4948944222294061,2.5,5.0,0.39367834702895443,3.6074497913592194,-0.044859696049576236
550.0,0.4948944222294061,2.5,7.0,0.5106943987923743,3.6074497913592194,-0.044859696049576236
550.0,0.4948944222294061,2.5,10.0,0.6185727283979747,3.6074497913592194,-0.044859696049576236
550.0,0.4948944222294061,2.5,14.0,0.7018269102105976,3.6074497913592194,-0.044859696049576236
550.0,0.4948944222294061,2.5,20.0,0.772808540738132,3.6074497913592194,-0.044859696049576236
550.0,0.4965808091338207,2.5,0.5,-0.03291901703249846,3.5983159385533887,-0.04596069881467125
550.0,0.4965808091338207,2.5,0.8,-0.057358123983765656,3.5983159385533887,-0.04596069881467125
550.0,0.4965808091338207,2.5,1.2,-0.053027304086960526,3.5983159385533887,-0.04596069881467125
550.0,0.4965808091338207,2.5,1.8,-0.02244177357805798,3.5983159385533887,-0.04596069881467125
550.0,0.4965808091338207,2.5,2.5,0.09708700581912527,3.5983159385533887,-0.04596069881467125
550.0,0.4965808091338207,2.5,3.5,0.2528820246975153,3.5983159385533887,-0.04596069881467125
550.0,0.4965808091338207,2.5,5.0,0.3944599505059294,3.5983159385533887,-0.04596069881467125
550.0,0.4965808091338207,2.5,7.0,0.511434994436165,3.5983159385533887,-0.04596069881467125
550.0,0.4965808091338207,2.5,10.0,0.6191758828983844,3.5983159385533887,-0.04596069881467125
550.0,0.4965808091338207,2.5,14.0,0.7023348060314747,3.5983159385533887,-0.04596069881467125
550.0,0.4965808091338207,2.5,20.0,0.7732253272916526,3.5983159385533887,-0.04596069881467125
550.0,0.5470044002605323,2.5,0.5,-0.037852317417531346,3.367272828839117,-0.07478168537675124
550.0,0.5470044002605323,2.5,0.8,-0.05918361643127518,3.367272828839117,-0.07478168537675124
550.0,0.5470044002605323,2.5,1.2,-0.04771616317237333,3.367272828839117,-0.07478168537675124
550.0,0.5470044002605323,2.5,1.8,-0.00028444102511993843,3.367272828839117,-0.07478168537675124
550.0,0.5470044002605323,2.5,2.5,0.13762068286020804,3.367272828839117,-0.07478168537675124
550.0,0.5470044002605323,2.5,3.5,0.28104352344746897,3.367272828839117,-0.07478168537675124
550.0,0.5470044002605323,2.5,5.0,0.41289340822494575,3.367272828839117,-0.07478168537675124
550.0,0.5470044002605323,2.5,7.0,0.5297079108564315,3.367272828839117,-0.07478168537675124
550.0,0.5470044002605323,2.5,10.0,0.6344619309443716,3.367272828839117,-0.07478168537675124
550.0,0.5470044002605323,2.5,14.0,0.7152147745184749,3.367272828839117,-0.07478168537675124
550.0,0.5470044002605323,2.5,20.0,0.7836923638039877,3.367272828839117,-0.07478168537675124
550.0,0.5502624373878341,2.5,0.5,-0.03815550943700641,3.3549725523837037,-0.07637101984741052
550.0,0.5502624373878341,2.5,0.8,-0.05921315842566312,3.3549725523837037,-0.07637101984741052
550.0,0.5502624373878341,2.5,1.2,-0.04739622808155944,3.3549725523837037,-0.07637101984741052
550.0,0.5502624373878341,2.5,1.8,0.001390984605100098,3.3549725523837037,-0.07637101984741052
550.0,0.5502624373878341,2.5,2.5,0.13990867099611184,3.3549725523837037,-0.07637101984741052
550.0,0.5502624373878341,2.5,3.5,0.282471598731746,3.3549725523837037,-0.07637101984741052
550.0,0.5502624373878341,2.5,5.0,0.4138243401042968,3.3549725523837037,-0.07637101984741052
550.0,0.5502624373878341,2.5,7.0,0.5306588481483168,3.3549725523837037,-0.07637101984741052
550.0,0.5502624373878341,2.5,10.0,0.6352764680435031,3.3549725523837037,-0.07637101984741052
550.0,0.5502624373878341,2.5,14.0,0.715903469228824,3.3549725523837037,-0.07637101984741052
550.0,0.5502624373878341,2.5,20.0,0.7842589426006863,3.3549725523837037,-0.07637101984741052
550.0,0.5792236183029833,2.5,0.5,-0.040769683453357096,3.2585911193427197,-0.08903012173534924
550.0,0.5792236183029833,2.5,0.8,-0.05904125853948926,3.2585911193427197,-0.08903012173534924
550.0,0.5792236183029833,2.5,1.2,-0.04468436651875957,3.2585911193427197,-0.08903012173534924
550.0,0.5792236183029833,2.5,1.8,0.01719391859498982,3.2585911193427197,-0.08903012173534924
550.0,0.5792236183029833,2.5,2.5,0.15785011468750484,3.2585911193427197,-0.08903012173534924
550.0,0.5792236183029833,2.5,3.5,0.29271026058522187,3.2585911193427197,-0.08903012173534924
550.0,0.5792236183029833,2.5,5.0,0.420688997344722,3.2585911193427197,-0.08903012173534924
550.0,0.5792236183029833,2.5,7.0,0.5376652475254077,3.2585911193427197,-0.08903012173534924
550.0,0.5792236183029833,2.5,10.0,0.6414643518088328,3.2585911193427197,-0.08903012173534924
550.0,0.5792236183029833,2.5,14.0,0.7212203460103422,3.2585911193427197,-0.08903012173534924
550.0,0.5792236183029833,2.5,20.0,0.7887456119403409,3.2585911193427197,-0.08903012173534924
550.0,0.6046013057825199,2.5,0.5,-0.042895544703283696,3.1891605062955994,-0.09838361405918666
550.0,0.6046013057825199,2.5,0.8,-0.058257754605952554,3.1891605062955994,-0.09838361405918666
550.0,0.6046013057825199,2.5,1.2,-0.04237533257703013,3.1891605062955994,-0.09838361405918666
550.0,0.6046013057825199,2.5,1.8,0.031745753548182355,3.1891605062955994,-0.09838361405918666
550.0,0.6046013057825199,2.5,2.5,0.17031084619663944,3.1891605062955994,-0.09838361405918666
550.0,0.6046013057825199,2.5,3.5,0.29870874503667216,3.1891605062955994,-0.09838361405918666
550.0,0.6046013057825199,2.5,5.0,0.4252005606621954,3.1891605062955994,-0.09838361405918666
550.0,0.6046013057825199,2.5,7.0,0.5420351035286123,3.1891605062955994,-0.09838361405918666
550.0,0.6046013057825199,2.5,10.0,0.6455507490245636,3.1891605062955994,-0.09838361405918666
550.0,0.6046013057825199,2.5,14.0,0.7248429332289283,3.1891605062955994,-0.09838361405918666
550.0,0.6046013057825199,2.5,20.0,0.7919053502810781,3.1891605062955994,-0.09838361405918666
550.0,0.6081847992181325,2.5,0.5,-0.043187093729638415,3.180605672283202,-0.0995501621976452
550.0,0.6081847992181325,2.5,0.8,-0.05810566425754654,3.180605672283202,-0.0995501621976452
550.0,0.6081847992181325,2.5,1.2,-0.04204749185721455,3.180605672283202,-0.0995501621976452
550.0,0.6081847992181325,2.5,1.8,0.03380986081962536,3.180605672283202,-0.0995501621976452
550.0,0.6081847992181325,2.5,2.5,0.1718183770647284,3.180605672283202,-0.0995501621976452
550.0,0.6081847992181325,2.5,3.5,0.29933715721440735,3.180605672283202,-0.0995501621976452
550.0,0.6081847992181325,2.5,5.0,0.4257266008311018,3.180605672283202,-0.0995501621976452
550.0,0.6081847992181325,2.5,7.0,0.5425259848259236,3.180605672283202,-0.0995501621976452
550.0,0.6081847992181325,2.5,10.0,0.6460318492599739,3.180605672283202,-0.0995501621976452
550.0,0.6081847992181325,2.5,14.0,0.725283973671647,3.180605672283202,-0.0995501621976452
550.0,0.6081847992181325,2.5,20.0,0.7922922761684809,3.180605672283202,-0.0995501621976452
550.0,0.6353883327016112,2.5,0.5,-0.04519402929629894,3.12578346421426,-0.10710110195512183
550.0,0.6353883327016112,2.5,0.8,-0.05668979119711784,3.12578346421426,-0.10710110195512183
550.0,0.6353883327016112,2.5,1.2,-0.03953477525285113,3.12578346421426,-0.10710110195512183
550.0,0.6353883327016112,2.5,1.8,0.04904351869017162,3.12578346421426,-0.10710110195512183
550.0,0.6353883327016112,2.5,2.5,0.18125142405045175,3.12578346421426,-0.10710110195512183
550.0,0.6353883327016112,2.5,3.5,0.3024458165488369,3.12578346421426,-0.10710110195512183
550.0,0.6353883327016112,2.5,5.0,0.42876290223183594,3.12578346421426,-0.10710110195512183
550.0,0.6353883327016112,2.5,7.0,0.545278802174388,3.12578346421426,-0.10710110195512183
550.0,0.6353883327016112,2.5,10.0,0.6489464746204753,3.12578346421426,-0.10710110195512183
550.0,0.6353883327016112,2.5,14.0,0.7281310536924581,3.12578346421426,-0.10710110195512183
550.0,0.6353883327016112,2.5,20.0,0.7948427739982391,3.12578346421426,-0.10710110195512183
550.0,0.6682628855998672,2.5,0.5,-0.04721159795291774,3.0829754058927707,-0.11308993112550879
550.0,0.6682628855998672,2.5,0.8,-0.05440255525462913,3.0829754058927707,-0.11308993112550879
550.0,0.6682628855998672,2.5,1.2,-0.03615874635874383,3.0829754058927707,-0.11308993112550879
550.0,0.6682628855998672,2.5,1.8,0.06549486944665912,3.0829754058927707,-0.11308993112550879
550.0,0.6682628855998672,2.5,2.5,0.1878556748804292,3.0829754058927707,-0.11308993112550879
550.0,0.6682628855998672,2.5,3.5,0.30248432385287743,3.0829754058927707,-0.11308993112550879
550.0,0.6682628855998672,2.5,5.0,0.42999206071957696,3.0829754058927707,-0.11308993112550879
550.0,0.6682628855998672,2.5,7.0,0.5463989319888853,3.0829754058927707,-0.11308993112550879
550.0,0.6682628855998672,2.5,10.0,0.6507966640651753,3.0829754058927707,-0.11308993112550879
550.0,0.6682628855998672,2.5,14.0,0.7303395682412399,3.0829754058927707,-0.11308993112550879
550.0,0.6682628855998672,2.5,20.0,0.7969886345270396,3.0829754058927707,-0.11308993112550879
550.0,0.6688298238964329,2.5,0.5,-0.0472422202619712,3.0824604246766834,-0.11316248187685772
550.0,0.6688298238964329,2.5,0.8,-0.054359330203536005,3.0824604246766834,-0.11316248187685772
550.0,0.6688298238964329,2.5,1.2,-0.03609377199139378,3.0824604246766834,-0.11316248187685772
550.0,0.6688298238964329,2.5,1.8,0.06575033428228845,3.0824604246766834,-0.11316248187685772
550.0,0.6688298238964329,2.5,2.5,0.18792169988598142,3.0824604246766834,-0.11316248187685772
550.0,0.6688298238964329,2.5,3.5,0.3024505275752538,3.0824604246766834,-0.11316248187685772
550.0,0.6688298238964329,2.5,5.0,0.42998928291270444,3.0824604246766834,-0.11316248187685772
550.0,0.6688298238964329,2.5,7.0,0.5463996237422085,3.0824604246766834,-0.11316248187685772
550.0,0.6688298238964329,2.5,10.0,0.6508149274497904,3.0824604246766834,-0.11316248187685772
550.0,0.6688298238964329,2.5,14.0,0.7303665107534587,3.0824604246766834,-0.11316248187685772
550.0,0.6688298238964329,2.5,20.0,0.797016815401182,3.0824604246766834,-0.11316248187685772
550.0,0.7022713150912545,2.5,0.5,-0.048777256057775886,3.0655558685353457,-0.11555075594854038
550.0,0.7022713150912545,2.5,0.8,-0.051694516315440836,3.0655558685353457,-0.11555075594854038
550.0,0.7022713150912545,2.5,1.2,-0.03185262798109128,3.0655558685353457,-0.11555075594854038
550.0,0.7022713150912545,2.5,1.8,0.07886708748100174,3.0655558685353457,-0.11555075594854038
550.0,0.7022713150912545,2.5,2.5,0.1893050571089673,3.0655558685353457,-0.11555075594854038
550.0,0.7022713150912545,2.5,3.5,0.29869546795573376,3.0655558685353457,-0.11555075594854038
550.0,0.7022713150912545,2.5,5.0,0.4284703258265652,3.0655558685353457,-0.11555075594854038
550.0,0.7022713150912545,2.5,7.0,0.545479346170113,3.0655558685353457,-0.11555075594854038
550.0,0.7022713150912545,2.5,10.0,0.6511206159296156,3.0655558685353457,-0.11555075594854038
550.0,0.7022713150912545,2.5,14.0,0.7312883819784296,3.0655558685353457,-0.11555075594854038
550.0,0.7022713150912545,2.5,20.0,0.798201529537286,3.0655558685353457,-0.11555075594854038
550.0,0.7386277204483878,2.5,0.5,-0.04971181470929662,3.0779634560805214,-0.11379653207577459
550.0,0.7386277204483878,2.5,0.8,-0.04867907030878949,3.0779634560805214,-0.11379653207577459
550.0,0.7386277204483878,2.5,1.2,-0.026067536450920317,3.0779634560805214,-0.11379653207577459
550.0,0.7386277204483878,2.5,1.8,0.08786145499816082,3.0779634560805214,-0.11379653207577459
550.0,0.7386277204483878,2.5,2.5,0.18521708928296968,3.0779634560805214,-0.11379653207577459
550.0,0.7386277204483878,2.5,3.5,0.2907958200573848,3.0779634560805214,-0.11379653207577459
550.0,0.7386277204483878,2.5,5.0,0.4237664428864243,3.0779634560805214,-0.11379653207577459
550.0,0.7386277204483878,2.5,7.0,0.542395743045718,3.0779634560805214,-0.11379653207577459
550.0,0.7386277204483878,2.5,10.0,0.6497399128000546,3.0779634560805214,-0.11379653207577459
550.0,0.7386277204483878,2.5,14.0,0.7308976313115714,3.0779634560805214,-0.11379653207577459
550.0,0.7386277204483878,2.5,20.0,0.7984830305211615,3.0779634560805214,-0.11379653207577459
550.0,0.7781886018183509,2.5,0.5,-0.049696270455332155,3.204276766586496,-0.09632997049187529
550.0,0.7781886018183509,2.5,0.8,-0.04564594555929257,3.204276766586496,-0.09632997049187529
550.0,0.7781886018183509,2.5,1.2,-0.018451352234496447,3.204276766586496,-0.09632997049187529
550.0,0.7781886018183509,2.5,1.8,0.09070105027598553,3.204276766586496,-0.09632997049187529
550.0,0.7781886018183509,2.5,2.5,0.17477483403590807,3.204276766586496,-0.09632997049187529
550.0,0.7781886018183509,2.5,3.5,0.2782256192159704,3.204276766586496,-0.09632997049187529
550.0,0.7781886018183509,2.5,5.0,0.4151279052025707,3.204276766586496,-0.09632997049187529
550.0,0.7781886018183509,2.5,7.0,0.5364921264763346,3.204276766586496,-0.09632997049187529
550.0,0.7781886018183509,2.5,10.0,0.6462175786491,3.204276766586496,-0.09632997049187529
550.0,0.7781886018183509,2.5,14.0,0.7289780554082325,3.204276766586496,-0.09632997049187529
550.0,0.7781886018183509,2.5,20.0,0.7976676858915376,3.204276766586496,-0.09632997049187529
550.0,0.8164016305125923,2.5,0.5,-0.048538147791095596,3.468246170896667,-0.061950075860652744
550.0,0.8164016305125923,2.5,0.8,-0.04323596593435166,3.468246170896667,-0.061950075860652744
550.0,0.8164016305125923,2.5,1.2,-0.010322039070660876,3.468246170896667,-0.061950075860652744
550.0,0.8164016305125923,2.5,1.8,0.08643729194975787,3.468246170896667,-0.061950075860652744
550.0,0.8164016305125923,2.5,2.5,0.15957755296643794,3.468246170896667,-0.061950075860652744
550.0,0.8164016305125923,2.5,3.5,0.26296799358954104,3.468246170896667,-0.061950075860652744
550.0,0.8164016305125923,2.5,5.0,0.4035960925502376,3.468246170896667,-0.061950075860652744
550.0,0.8164016305125923,2.5,7.0,0.5284278590468899,3.468246170896667,-0.061950075860652744
550.0,0.8164016305125923,2.5,10.0,0.6410052622390192,3.468246170896667,-0.061950075860652744
550.0,0.8164016305125923,2.5,14.0,0.7258021164272532,3.468246170896667,-0.061950075860652744
550.0,0.8164016305125923,2.5,20.0,0.7958532806977573,3.468246170896667,-0.061950075860652744
550.0,0.8191458966508958,2.5,0.5,-0.04841146603223645,3.4931198286030263,-0.05884650731973216
550.0,0.8191458966508958,2.5,0.8,-0.04308506619617533,3.4931198286030263,-0.05884650731973216
550.0,0.8191458966508958,2.5,1.2,-0.009729363666977912,3.4931198286030263,-0.05884650731973216
550.0,0.8191458966508958,2.5,1.8,0.0858823861561781,3.4931198286030263,-0.05884650731973216
550.0,0.8191458966508958,2.5,2.5,0.15832274990368964,3.4931198286030263,-0.05884650731973216
550.0,0.8191458966508958,2.5,3.5,0.26178029288930366,3.4931198286030263,-0.05884650731973216
550.0,0.8191458966508958,2.5,5.0,0.4026572278219665,3.4931198286030263,-0.05884650731973216
550.0,0.8191458966508958,2.5,7.0,0.5277646221077504,3.4931198286030263,-0.05884650731973216
550.0,0.8191458966508958,2.5,10.0,0.6405671180786775,3.4931198286030263,-0.05884650731973216
550.0,0.8191458966508958,2.5,14.0,0.7255261300455594,3.4931198286030263,-0.05884650731973216
550.0,0.8191458966508958,2.5,20.0,0.7956878646832174,3.4931198286030263,-0.05884650731973216
550.0,0.8601031914834406,2.5,0.5,-0.04568400031454829,3.875203240711883,-0.013765506677891335
550.0,0.8601031914834406,2.5,0.8,-0.04116923872566466,3.875203240711883,-0.013765506677891335
550.0,0.8601031914834406,2.5,1.2,-0.001439866631739556,3.875203240711883,-0.013765506677891335
550.0,0.8601031914834406,2.5,1.8,0.07388543725779213,3.875203240711883,-0.013765506677891335
550.0,0.8601031914834406,2.5,2.5,0.1372832015396045,3.875203240711883,-0.013765506677891335
550.0,0.8601031914834406,2.5,3.5,0.24272941584770896,3.875203240711883,-0.013765506677891335
550.0,0.8601031914834406,2.5,5.0,0.38702312876161776,3.875203240711883,-0.013765506677891335
550.0,0.8601031914834406,2.5,7.0,0.5165932745183025,3.875203240711883,-0.013765506677891335
550.0,0.8601031914834406,2.5,10.0,0.6330969383720291,3.875203240711883,-0.013765506677891335
550.0,0.8601031914834406,2.5,14.0,0.7206896027606897,3.875203240711883,-0.013765506677891335
550.0,0.8601031914834406,2.5,20.0,0.7927176624037929,3.875203240711883,-0.013765506677891335
550.0,0.9023647554129298,2.5,0.5,-0.041231791267156946,4.266877543511942,0.028050187753478655
550.0,0.9023647554129298,2.5,0.8,-0.03969893509886529,4.266877543511942,0.028050187753478655
550.0,0.9023647554129298,2.5,1.2,0.004788856588478809,4.266877543511942,0.028050187753478655
550.0,0.9023647554129298,2.5,1.8,0.05514824245264995,4.266877543511942,0.028050187753478655
550.0,0.9023647554129298,2.5,2.5,0.1119400871843541,4.266877543511942,0.028050187753478655
550.0,0.9023647554129298,2.5,3.5,0.22064438142178935,4.266877543511942,0.028050187753478655
550.0,0.9023647554129298,2.5,5.0,0.36806099982702634,4.266877543511942,0.028050187753478655
550.0,0.9023647554129298,2.5,7.0,0.5028037854314645,4.266877543511942,0.028050187753478655
550.0,0.9023647554129298,2.5,10.0,0.623810245517792,4.266877543511942,0.028050187753478655
550.0,0.9023647554129298,2.5,14.0,0.7144359793703648,4.266877543511942,0.028050187753478655
550.0,0.9023647554129298,2.5,20.0,0.7887065519546191,4.266877543511942,0.028050187753478655
550.0,0.9973793796812823,2.5,0.5,-0.02597407681707308,4.758351567772178,0.07539653512966484
550.0,0.9973793796812823,2.5,0.8,-0.03651217487939691,4.758351567772178,0.07539653512966484
550.0,0.9973793796812823,2.5,1.2,0.0006086579698904036,4.758351567772178,0.07539653512966484
550.0,0.9973793796812823,2.5,1.8,-0.0017154489071390792,4.758351567772178,0.07539653512966484
550.0,0.9973793796812823,2.5,2.5,0.04804457258358659,4.758351567772178,0.07539653512966484
550.0,0.9973793796812823,2.5,3.5,0.16291277640456658,4.758351567772178,0.07539653512966484
550.0,0.9973793796812823,2.5,5.0,0.3181403791750189,4.758351567772178,0.07539653512966484
550.0,0.9973793796812823,2.5,7.0,0.4654836485716855,4.758351567772178,0.07539653512966484
550.0,0.9973793796812823,2.5,10.0,0.5980373709739423,4.758351567772178,0.07539653512966484
550.0,0.9973793796812823,2.5,14.0,0.6966530334857949,4.758351567772178,0.07539653512966484
550.0,0.9973793796812823,2.5,20.0,0.7768839923610017,4.758351567772178,0.07539653512966484
550.0,1.1005248747756682,2.5,0.5,-0.005349471349117539,5.116483205722464,0.10691156161493003
550.0,1.1005248747756682,2.5,0.8,-0.029032869184515434,5.116483205722464,0.10691156161493003
550.0,1.1005248747756682,2.5,1.2,-0.037200839468899495,5.116483205722464,0.10691156161493003
550.0,1.1005248747756682,2.5,1.8,-0.0648020285124851,5.116483205722464,0.10691156161493003
550.0,1.1005248747756682,2.5,2.5,-0.019735506531611494,5.116483205722464,0.10691156161493003
550.0,1.1005248747756682,2.5,3.5,0.09297756591693816,5.116483205722464,0.10691156161493003
550.0,1.1005248747756682,2.5,5.0,0.25793716929257493,5.116483205722464,0.10691156161493003
550.0,1.1005248747756682,2.5,7.0,0.4190058420746628,5.116483205722464,0.10691156161493003
550.0,1.1005248747756682,2.5,10.0,0.5649955953198689,5.116483205722464,0.10691156161493003
550.0,1.1005248747756682,2.5,14.0,0.6734211089882848,5.116483205722464,0.10691156161493003
550.0,1.1005248747756682,2.5,20.0,0.7610796617996318,5.116483205722464,0.10691156161493003
550.0,1.102398582221007,2.5,0.5,-0.004994363797638323,5.122675293485398,0.10743683717833476
550.0,1.102398582221007,2.5,0.8,-0.02884815736308635,5.122675293485398,0.10743683717833476
550.0,1.102398582221007,2.5,1.2,-0.03809335426107129,5.122675293485398,0.10743683717833476
550.0,1.102398582221007,2.5,1.8,-0.06579581498829076,5.122675293485398,0.10743683717833476
550.0,1.102398582221007,2.5,2.5,-0.020859683447456822,5.122675293485398,0.10743683717833476
550.0,1.102398582221007,2.5,3.5,0.09169737290875493,5.122675293485398,0.10743683717833476
550.0,1.102398582221007,2.5,5.0,0.25681077047538936,5.122675293485398,0.10743683717833476
550.0,1.102398582221007,2.5,7.0,0.41812281396308776,5.122675293485398,0.10743683717833476
550.0,1.102398582221007,2.5,10.0,0.5643653129255035,5.122675293485398,0.10743683717833476
550.0,1.102398582221007,2.5,14.0,0.6729741084904058,5.122675293485398,0.10743683717833476
550.0,1.102398582221007,2.5,20.0,0.7607745403682891,5.122675293485398,0.10743683717833476
550.0,1.1584472366059666,2.5,0.5,0.0045519785597415,5.403811195497902,0.13064017541250966
550.0,1.1584472366059666,2.5,0.8,-0.02301978883555997,5.403811195497902,0.13064017541250966
550.0,1.1584472366059666,2.5,1.2,-0.06470205417511475,5.403811195497902,0.13064017541250966
550.0,1.1584472366059666,2.5,1.8,-0.0914483521672875,5.403811195497902,0.13064017541250966
550.0,1.1584472366059666,2.5,2.5,-0.051881463923763964,5.403811195497902,0.13064017541250966
550.0,1.1584472366059666,2.5,3.5,0.05416799923015677,5.403811195497902,0.13064017541250966
550.0,1.1584472366059666,2.5,5.0,0.22319405080112625,5.403811195497902,0.13064017541250966
550.0,1.1584472366059666,2.5,7.0,0.3916396119656712,5.403811195497902,0.13064017541250966
550.0,1.1584472366059666,2.5,10.0,0.545391565100804,5.403811195497902,0.13064017541250966
550.0,1.1584472366059666,2.5,14.0,0.6594602796407998,5.403811195497902,0.13064017541250966
550.0,1.1584472366059666,2.5,20.0,0.7514852997077177,5.403811195497902,0.13064017541250966
550.0,1.216369598436265,2.5,0.5,0.011272893011874258,5.930476467890509,0.17102959563881673
550.0,1.216369598436265,2.5,0.8,-0.017710305330123483,5.930476467890509,0.17102959563881673
550.0,1.216369598436265,2.5,1.2,-0.08632632137915494,5.930476467890509,0.17102959563881673
550.0,1.216369598436265,2.5,1.8,-0.10805088476044551,5.930476467890509,0.17102959563881673
550.0,1.216369598436265,2.5,2.5,-0.07769328106546902,5.930476467890509,0.17102959563881673
550.0,1.216369598436265,2.5,3.5,0.01812669082820087,5.930476467890509,0.17102959563881673
550.0,1.216369598436265,2.5,5.0,0.18899637950672407,5.930476467890509,0.17102959563881673
550.0,1.216369598436265,2.5,7.0,0.3642719542534179,5.930476467890509,0.17102959563881673
550.0,1.216369598436265,2.5,10.0,0.5256092281243026,5.930476467890509,0.17102959563881673
550.0,1.216369598436265,2.5,14.0,0.6453266986200645,5.930476467890509,0.17102959563881673
550.0,1.216369598436265,2.5,20.0,0.7417052195579247,5.930476467890509,0.17102959563881673
550.0,1.218475796513094,2.5,0.5,0.011467575092407952,5.951117298734508,0.17253851912689813
550.0,1.218475796513094,2.5,0.8,-0.017559305702183996,5.951117298734508,0.17253851912689813
550.0,1.218475796513094,2.5,1.2,-0.08689102983081252,5.951117298734508,0.17253851912689813
550.0,1.218475796513094,2.5,1.8,-0.10843907209316041,5.951117298734508,0.17253851912689813
550.0,1.218475796513094,2.5,2.5,-0.07850374600552852,5.951117298734508,0.17253851912689813
550.0,1.218475796513094,2.5,3.5,0.016885845261264507,5.951117298734508,0.17253851912689813
550.0,1.218475796513094,2.5,5.0,0.18777465605299234,5.951117298734508,0.17253851912689813
550.0,1.218475796513094,2.5,7.0,0.36329235076972316,5.951117298734508,0.17253851912689813
550.0,1.218475796513094,2.5,10.0,0.5248966664269495,5.951117298734508,0.17253851912689813
550.0,1.218475796513094,2.5,14.0,0.644814956902158,5.951117298734508,0.17253851912689813
550.0,1.218475796513094,2.5,20.0,0.741349967825009,5.951117298734508,0.17253851912689813
550.0,1.3467753774655815,2.5,0.5,0.01791808727768152,6.654029752643336,0.221024747101435
550.0,1.3467753774655815,2.5,0.8,-0.014115104439944284,6.654029752643336,0.221024747101435
550.0,1.3467753774655815,2.5,1.2,-0.08212986437549244,6.654029752643336,0.221024747101435
550.0,1.3467753774655815,2.5,1.8,-0.10591946528011156,6.654029752643336,0.221024747101435
550.0,1.3467753774655815,2.5,2.5,-0.11196466085512208,6.654029752643336,0.221024747101435
550.0,1.3467753774655815,2.5,3.5,-0.04689298566457964,6.654029752643336,0.221024747101435
550.0,1.3467753774655815,2.5,5.0,0.11772637898362286,6.654029752643336,0.221024747101435
550.0,1.3467753774655815,2.5,7.0,0.30500163868065394,6.654029752643336,0.221024747101435
550.0,1.3467753774655815,2.5,10.0,0.48191488422553014,6.654029752643336,0.221024747101435
550.0,1.3467753774655815,2.5,14.0,0.6137779321547793,6.654029752643336,0.221024747101435
550.0,1.3467753774655815,2.5,20.0,0.7197153308683992,6.654029752643336,0.221024747101435
550.0,1.4885842809008711,2.5,0.5,0.03294263258366917,7.670640859550137,0.2827716581672366
550.0,1.4885842809008711,2.5,0.8,0.0053316394896426944,7.670640859550137,0.2827716581672366
550.0,1.4885842809008711,2.5,1.2,-0.013270059726617446,7.670640859550137,0.2827716581672366
550.0,1.4885842809008711,2.5,1.8,-0.0629955624250897,7.670640859550137,0.2827716581672366
550.0,1.4885842809008711,2.5,2.5,-0.1116886223176119,7.670640859550137,0.2827716581672366
550.0,1.4885842809008711,2.5,3.5,-0.09052816883885309,7.670640859550137,0.2827716581672366
550.0,1.4885842809008711,2.5,5.0,0.05123147267014662,7.670640859550137,0.2827716581672366
550.0,1.4885842809008711,2.5,7.0,0.24418696783271135,7.670640859550137,0.2827716581672366
550.0,1.4885842809008711,2.5,10.0,0.4359687102462998,7.670640859550137,0.2827716581672366
550.0,1.4885842809008711,2.5,14.0,0.5802302083358098,7.670640859550137,0.2827716581672366
550.0,1.4885842809008711,2.5,20.0,0.6961141851190688,7.670640859550137,0.2827716581672366
550.0,1.645324972836306,2.5,0.5,0.018055264642107133,8.61839131126818,0.33336621767088515
550.0,1.645324972836306,2.5,0.8,0.061888623351719296,8.61839131126818,0.33336621767088515
550.0,1.645324972836306,2.5,1.2,0.008623325811286065,8.61839131126818,0.33336621767088515
550.0,1.645324972836306,2.5,1.8,-0.023583212698066156,8.61839131126818,0.33336621767088515
550.0,1.645324972836306,2.5,2.5,-0.08002686387312882,8.61839131126818,0.33336621767088515
550.0,1.645324972836306,2.5,3.5,-0.11486370308113669,8.61839131126818,0.33336621767088515
550.0,1.645324972836306,2.5,5.0,-0.013260913092016264,8.61839131126818,0.33336621767088515
550.0,1.645324972836306,2.5,7.0,0.17851158485852608,8.61839131126818,0.33336621767088515
550.0,1.645324972836306,2.5,10.0,0.38468286031460247,8.61839131126818,0.33336621767088515
550.0,1.645324972836306,2.5,14.0,0.542374061030805,8.61839131126818,0.33336621767088515
550.0,1.645324972836306,2.5,20.0,0.669263666881681,8.61839131126818,0.33336621767088515
550.0,1.8185696980492723,2.5,0.5,-0.025106104495241588,9.766210341630455,0.3876660824216657
550.0,1.8185696980492723,2.5,0.8,-0.009597150339598265,9.766210341630455,0.3876660824216657
550.0,1.8185696980492723,2.5,1.2,-0.03675711947501566,9.766210341630455,0.3876660824216657
550.0,1.8185696980492723,2.5,1.8,-0.031290629522309266,9.766210341630455,0.3876660824216657
550.0,1.8185696980492723,2.5,2.5,-0.047111718091778367,9.766210341630455,0.3876660824216657
550.0,1.8185696980492723,2.5,3.5,-0.11435444183192474,9.766210341630455,0.3876660824216657
550.0,1.8185696980492723,2.5,5.0,-0.07069712740332816,9.766210341630455,0.3876660824216657
550.0,1.8185696980492723,2.5,7.0,0.10728552976774554,9.766210341630455,0.3876660824216657
550.0,1.8185696980492723,2.5,10.0,0.32667426226422824,9.766210341630455,0.3876660824216657
550.0,1.8185696980492723,2.5,14.0,0.4990883045393049,9.766210341630455,0.3876660824216657
550.0,1.8185696980492723,2.5,20.0,0.6383428225345286,9.766210341630455,0.3876660824216657
550.0,2.0100562510528768,2.5,0.5,0.02884209932863119,11.109034067289635,0.4436163072633783
550.0,2.0100562510528768,2.5,0.8,0.02851625244318755,11.109034067289635,0.4436163072633783
550.0,2.0100562510528768,2.5,1.2,0.020548640327312837,11.109034067289635,0.4436163072633783
550.0,2.0100562510528768,2.5,1.8,-0.056943708662152405,11.109034067289635,0.4436163072633783
550.0,2.0100562510528768,2.5,2.5,-0.031100091724422862,11.109034067289635,0.4436163072633783
550.0,2.0100562510528768,2.5,3.5,-0.08768329503537879,11.109034067289635,0.4436163072633783
550.0,2.0100562510528768,2.5,5.0,-0.10822321564301698,11.109034067289635,0.4436163072633783
550.0,2.0100562510528768,2.5,7.0,0.036689012686598854,11.109034067289635,0.4436163072633783
550.0,2.0100562510528768,2.5,10.0,0.26421940256191284,11.109034067289635,0.4436163072633783
550.0,2.0100562510528768,2.5,14.0,0.4517954266387633,11.109034067289635,0.4436163072633783
550.0,2.0100562510528768,2.5,20.0,0.6043082979548076,11.109034067289635,0.4436163072633783
550.0,2.2217054076787313,2.5,0.5,0.013924786433389123,12.509783649768465,0.49518980753218805
550.0,2.2217054076787313,2.5,0.8,-0.04489846202879258,12.509783649768465,0.49518980753218805
550.0,2.2217054076787313,2.5,1.2,0.03474679897955764,12.509783649768465,0.49518980753218805
550.0,2.2217054076787313,2.5,1.8,-0.042416659802757925,12.509783649768465,0.49518980753218805
550.0,2.2217054076787313,2.5,2.5,-0.04834198543151053,12.509783649768465,0.49518980753218805
550.0,2.2217054076787313,2.5,3.5,-0.05641311098549234,12.509783649768465,0.49518980753218805
550.0,2.2217054076787313,2.5,5.0,-0.12028217091451601,12.509783649768465,0.49518980753218805
550.0,2.2217054076787313,2.5,7.0,-0.02923654870813802,12.509783649768465,0.49518980753218805
550.0,2.2217054076787313,2.5,10.0,0.19655704389602824,12.509783649768465,0.49518980753218805
550.0,2.2217054076787313,2.5,14.0,0.3995298826462925,12.509783649768465,0.49518980753218805
550.0,2.2217054076787313,2.5,20.0,0.5664206808579212,12.509783649768465,0.49518980753218805
550.0,2.455640192120709,2.5,0.5,0.011628974781852817,14.135098575159436,0.548238850185126
550.0,2.455640192120709,2.5,0.8,0.06975720362493697,14.135098575159436,0.548238850185126
550.0,2.455640192120709,2.5,1.2,-0.01726420712038959,14.135098575159436,0.548238850185126
550.0,2.455640192120709,2.5,1.8,0.0038046022691969883,14.135098575159436,0.548238850185126
550.0,2.455640192120709,2.5,2.5,-0.06554769223838368,14.135098575159436,0.548238850185126
550.0,2.455640192120709,2.5,3.5,-0.03807290629017198,14.135098575159436,0.548238850185126
550.0,2.455640192120709,2.5,5.0,-0.10916061936111979,14.135098575159436,0.548238850185126
550.0,2.455640192120709,2.5,7.0,-0.08120071944348412,14.135098575159436,0.548238850185126
550.0,2.455640192120709,2.5,10.0,0.12491655072724747,14.135098575159436,0.548238850185126
550.0,2.455640192120709,2.5,14.0,0.34229119178898676,14.135098575159436,0.548238850185126
550.0,2.455640192120709,2.5,20.0,0.5245974081649324,14.135098575159436,0.548238850185126
550.0,2.714207172704789,2.5,0.5,-0.013559855379369185,15.910218799897986,0.5996161608475282
550.0,2.714207172704789,2.5,0.8,-0.021737319132083894,15.910218799897986,0.5996161608475282
550.0,2.714207172704789,2.5,1.2,0.010993185469049422,15.910218799897986,0.5996161608475282
550.0,2.714207172704789,2.5,1.8,0.013444375043984758,15.910218799897986,0.5996161608475282
550.0,2.714207172704789,2.5,2.5,-0.05628499584547344,15.910218799897986,0.5996161608475282
550.0,2.714207172704789,2.5,3.5,-0.04227372724586379,15.910218799897986,0.5996161608475282
550.0,2.714207172704789,2.5,5.0,-0.08621599006218736,15.910218799897986,0.5996161608475282
550.0,2.714207172704789,2.5,7.0,-0.11102495934520266,15.910218799897986,0.5996161608475282
550.0,2.714207172704789,2.5,10.0,0.05164400442278231,15.910218799897986,0.5996161608475282
550.0,2.714207172704789,2.5,14.0,0.2797265121145975,15.910218799897986,0.5996161608475282
550.0,2.714207172704789,2.5,20.0,0.4784508257234747,15.910218799897986,0.5996161608475282
550.0,3.0000000000000004,2.5,0.5,-0.02145016880149821,17.87321688293419,0.6501427340246081
550.0,3.0000000000000004,2.5,0.8,-0.021381715941283137,17.87321688293419,0.6501427340246081
550.0,3.0000000000000004,2.5,1.2,-0.0010754102270663516,17.87321688293419,0.6501427340246081
550.0,3.0000000000000004,2.5,1.8,0.0008259278240774419,17.87321688293419,0.6501427340246081
550.0,3.0000000000000004,2.5,2.5,-0.0208400004328224,17.87321688293419,0.6501427340246081
550.0,3.0000000000000004,2.5,3.5,-0.06361035153675294,17.87321688293419,0.6501427340246081
550.0,3.0000000000000004,2.5,5.0,-0.055943957638442725,17.87321688293419,0.6501427340246081
550.0,3.0000000000000004,2.5,7.0,-0.11981309669112562,17.87321688293419,0.6501427340246081
550.0,3.0000000000000004,2.5,10.0,-0.016787537929861953,17.87321688293419,0.6501427340246081
550.0,3.0000000000000004,2.5,14.0,0.2119946176425555,17.87321688293419,0.6501427340246081
550.0,3.0000000000000004,2.5,20.0,0.42782245321261675,17.87321688293419,0.6501427340246081
550.0,0.3,3.0,0.5,-0.013570000750719227,5.656331308952527,0.1504748481871695
550.0,0.3,3.0,0.8,-0.03170618579302091,5.656331308952527,0.1504748481871695
550.0,0.3,3.0,1.2,-0.05410358403717423,5.656331308952527,0.1504748481871695
550.0,0.3,3.0,1.8,-0.05782544620517693,5.656331308952527,0.1504748481871695
550.0,0.3,3.0,2.5,-0.0401821285332487,5.656331308952527,0.1504748481871695
550.0,0.3,3.0,3.5,0.02642615788472544,5.656331308952527,0.1504748481871695
550.0,0.3,3.0,5.0,0.19973070284127947,5.656331308952527,0.1504748481871695
550.0,0.3,3.0,7.0,0.35588929626658894,5.656331308952527,0.1504748481871695
550.0,0.3,3.0,10.0,0.48629894333594387,5.656331308952527,0.1504748481871695
550.0,0.3,3.0,14.0,0.5934119864862889,5.656331308952527,0.1504748481871695
550.0,0.3,3.0,20.0,0.6855422736804828,5.656331308952527,0.1504748481871695
550.0,0.3315885423378064,3.0,0.5,-0.0165261714007552,5.148387722823579,0.10961125466314654
550.0,0.3315885423378064,3.0,0.8,-0.03698265033431348,5.148387722823579,0.10961125466314654
550.0,0.3315885423378064,3.0,1.2,-0.05825823182614118,5.148387722823579,0.10961125466314654
550.0,0.3315885423378064,3.0,1.8,-0.05382592857217305,5.148387722823579,0.10961125466314654
550.0,0.3315885423378064,3.0,2.5,-0.03115340807694447,5.148387722823579,0.10961125466314654
550.0,0.3315885423378064,3.0,3.5,0.06946505308855198,5.148387722823579,0.10961125466314654
550.0,0.3315885423378064,3.0,5.0,0.24735391806231635,5.148387722823579,0.10961125466314654
550.0,0.3315885423378064,3.0,7.0,0.39277994285171897,5.148387722823579,0.10961125466314654
550.0,0.3315885423378064,3.0,10.0,0.517290940624001,5.148387722823579,0.10961125466314654
550.0,0.3315885423378064,3.0,14.0,0.6184444328114233,5.148387722823579,0.10961125466314654
550.0,0.3315885423378064,3.0,20.0,0.7058795096541302,5.148387722823579,0.10961125466314654
550.0,0.3665032046990376,3.0,0.5,-0.01980659681681199,4.700012755201581,0.07003904522608392
550.0,0.3665032046990376,3.0,0.8,-0.04256425487243086,4.700012755201581,0.07003904522608392
550.0,0.3665032046990376,3.0,1.2,-0.06059021438287915,4.700012755201581,0.07003904522608392
550.0,0.3665032046990376,3.0,1.8,-0.04896255430557055,4.700012755201581,0.07003904522608392
550.0,0.3665032046990376,3.0,2.5,-0.014923564673551541,4.700012755201581,0.07003904522608392
550.0,0.3665032046990376,3.0,3.5,0.11767028931036676,4.700012755201581,0.07003904522608392
550.0,0.3665032046990376,3.0,5.0,0.2903874098892925,4.700012755201581,0.07003904522608392
550.0,0.3665032046990376,3.0,7.0,0.42495389464173366,4.700012755201581,0.07003904522608392
550.0,0.3665032046990376,3.0,10.0,0.5457589305809568,4.700012755201581,0.07003904522608392
550.0,0.3665032046990376,3.0,14.0,0.6413395791744609,4.700012755201581,0.07003904522608392
550.0,0.3665032046990376,3.0,20.0,0.7244270838289925,4.700012755201581,0.07003904522608392
550.0,0.4050942113609619,3.0,0.5,-0.023619812734084793,4.3098169817255325,0.03239883671807718
550.0,0.4050942113609619,3.0,0.8,-0.04806930958146715,4.3098169817255325,0.03239883671807718
550.0,0.4050942113609619,3.0,1.2,-0.06034071081019662,4.3098169817255325,0.03239883671807718
550.0,0.4050942113609619,3.0,1.8,-0.043657051876487246,4.3098169817255325,0.03239883671807718
550.0,0.4050942113609619,3.0,2.5,0.01223142481747604,4.3098169817255325,0.03239883671807718
550.0,0.4050942113609619,3.0,3.5,0.1650920375933611,4.3098169817255325,0.03239883671807718
550.0,0.4050942113609619,3.0,5.0,0.3274781059325242,4.3098169817255325,0.03239883671807718
550.0,0.4050942113609619,3.0,7.0,0.4524778747682263,4.3098169817255325,0.03239883671807718
550.0,0.4050942113609619,3.0,10.0,0.5707006000117425,4.3098169817255325,0.03239883671807718
550.0,0.4050942113609619,3.0,14.0,0.6619805291627536,4.3098169817255325,0.03239883671807718
550.0,0.4050942113609619,3.0,20.0,0.7409214036039449,4.3098169817255325,0.03239883671807718
550.0,0.4477486635155488,3.0,0.5,-0.02791323304352995,3.9784371619341385,-0.0023474884107624774
550.0,0.4477486635155488,3.0,0.8,-0.05307784996107369,3.9784371619341385,-0.0023474884107624774
550.0,0.4477486635155488,3.0,1.2,-0.057411740737084146,3.9784371619341385,-0.0023474884107624774
550.0,0.4477486635155488,3.0,1.8,-0.03634119920596617,3.9784371619341385,-0.0023474884107624774
550.0,0.4477486635155488,3.0,2.5,0.05001942945804968,3.9784371619341385,-0.0023474884107624774
550.0,0.4477486635155488,3.0,3.5,0.2074675589008501,3.9784371619341385,-0.0023474884107624774
550.0,0.4477486635155488,3.0,5.0,0.3574844425108387,3.9784371619341385,-0.0023474884107624774
550.0,0.4477486635155488,3.0,7.0,0.4769808466360298,3.9784371619341385,-0.0023474884107624774
550.0,0.4477486635155488,3.0,10.0,0.5914418271517055,3.9784371619341385,-0.0023474884107624774
550.0,0.4477486635155488,3.0,14.0,0.6795071616288586,3.9784371619341385,-0.0023474884107624774
550.0,0.4477486635155488,3.0,20.0,0.7550728438345633,3.9784371619341385,-0.0023474884107624774
550.0,0.4492873987401234,3.0,0.5,-0.028071673720281187,3.9681556048817557,-0.0034712973477119607
550.0,0.4492873987401234,3.0,0.8,-0.05322506425107284,3.9681556048817557,-0.0034712973477119607
550.0,0.4492873987401234,3.0,1.2,-0.05726617657367478,3.9681556048817557,-0.0034712973477119607
550.0,0.4492873987401234,3.0,1.8,-0.03601734450114164,3.9681556048817557,-0.0034712973477119607
550.0,0.4492873987401234,3.0,2.5,0.05144879771734596,3.9681556048817557,-0.0034712973477119607
550.0,0.4492873987401234,3.0,3.5,0.2087934658790763,3.9681556048817557,-0.0034712973477119607
550.0,0.4492873987401234,3.0,5.0,0.3583704575872198,3.9681556048817557,-0.0034712973477119607
550.0,0.4492873987401234,3.0,7.0,0.4777608631117637,3.9681556048817557,-0.0034712973477119607
550.0,0.4492873987401234,3.0,10.0,0.5920702217630197,3.9681556048817557,-0.0034712973477119607
550.0,0.4492873987401234,3.0,14.0,0.6800460716089517,3.9681556048817557,-0.0034712973477119607
550.0,0.4492873987401234,3.0,20.0,0.7555288923480702,3.9681556048817557,-0.0034712973477119607
550.0,0.47293410393697205,3.0,0.5,-0.03048511474320122,3.823279800469255,-0.019623909015642198
550.0,0.47293410393697205,3.0,0.8,-0.05529806955009641,3.823279800469255,-0.019623909015642198
550.0,0.47293410393697205,3.0,1.2,-0.054903202940305394,3.823279800469255,-0.019623909015642198
550.0,0.47293410393697205,3.0,1.8,-0.030245592035182095,3.823279800469255,-0.019623909015642198
550.0,0.47293410393697205,3.0,2.5,0.07320704896053207,3.823279800469255,-0.019623909015642198
550.0,0.47293410393697205,3.0,3.5,0.2273692241871825,3.823279800469255,-0.019623909015642198
550.0,0.47293410393697205,3.0,5.0,0.3705197688648984,3.823279800469255,-0.019623909015642198
550.0,0.47293410393697205,3.0,7.0,0.4888103816875289,3.823279800469255,-0.019623909015642198
550.0,0.47293410393697205,3.0,10.0,0.6008934709020035,3.823279800469255,-0.019623909015642198
550.0,0.47293410393697205,3.0,14.0,0.6876221050868859,3.823279800469255,-0.019623909015642198
550.0,0.47293410393697205,3.0,20.0,0.7618340549466616,3.823279800469255,-0.019623909015642198
550.0,0.4948944222294061,3.0,0.5,-0.03264955826435408,3.7094451879946826,-0.03275103314439067
550.0,0.4948944222294061,3.0,0.8,-0.05675825839442558,3.7094451879946826,-0.03275103314439067
550.0,0.4948944222294061,3.0,1.2,-0.05253212089623453,3.7094451879946826,-0.03275103314439067
550.0,0.4948944222294061,3.0,1.8,-0.0234259932505791,3.7094451879946826,-0.03275103314439067
550.0,0.4948944222294061,3.0,2.5,0.09234697695108007,3.7094451879946826,-0.03275103314439067
550.0,0.4948944222294061,3.0,3.5,0.24144111015756833,3.7094451879946826,-0.03275103314439067
550.0,0.4948944222294061,3.0,5.0,0.37929575248752306,3.7094451879946826,-0.03275103314439067
550.0,0.4948944222294061,3.0,7.0,0.49731263463582986,3.7094451879946826,-0.03275103314439067
550.0,0.4948944222294061,3.0,10.0,0.607811164669464,3.7094451879946826,-0.03275103314439067
550.0,0.4948944222294061,3.0,14.0,0.6935974524584613,3.7094451879946826,-0.03275103314439067
550.0,0.4948944222294061,3.0,20.0,0.7668021449894076,3.7094451879946826,-0.03275103314439067
550.0,0.4965808091338207,3.0,0.5,-0.032813182146703056,3.7014810678030714,-0.03368445891723421
550.0,0.4965808091338207,3.0,0.8,-0.05685405127737632,3.7014810678030714,-0.03368445891723421
550.0,0.4965808091338207,3.0,1.2,-0.05234759922751705,3.7014810678030714,-0.03368445891723421
550.0,0.4965808091338207,3.0,1.8,-0.022838568352548678,3.7014810678030714,-0.03368445891723421
550.0,0.4965808091338207,3.0,2.5,0.09375879306403109,3.7014810678030714,-0.03368445891723421
550.0,0.4965808091338207,3.0,3.5,0.24240730124211649,3.7014810678030714,-0.03368445891723421
550.0,0.4965808091338207,3.0,5.0,0.37988277953250055,3.7014810678030714,-0.03368445891723421
550.0,0.4965808091338207,3.0,7.0,0.49790081073378706,3.7014810678030714,-0.03368445891723421
550.0,0.4965808091338207,3.0,10.0,0.6082990899997698,3.7014810678030714,-0.03368445891723421
550.0,0.4965808091338207,3.0,14.0,0.694020084328556,3.7014810678030714,-0.03368445891723421
550.0,0.4965808091338207,3.0,20.0,0.7671578356042565,3.7014810678030714,-0.03368445891723421
550.0,0.5470044002605323,3.0,0.5,-0.03762338606786387,3.508290879788322,-0.056964396870623796
550.0,0.5470044002605323,3.0,0.8,-0.05823849012898113,3.508290879788322,-0.056964396870623796
550.0,0.5470044002605323,3.0,1.2,-0.04700845839309675,3.508290879788322,-0.056964396870623796
550.0,0.5470044002605323,3.0,1.8,-0.0014143946505436515,3.508290879788322,-0.056964396870623796
550.0,0.5470044002605323,3.0,2.5,0.13006097293203245,3.508290879788322,-0.056964396870623796
550.0,0.5470044002605323,3.0,3.5,0.2635991828280031,3.508290879788322,-0.056964396870623796
550.0,0.5470044002605323,3.0,5.0,0.3919397162858496,3.508290879788322,-0.056964396870623796
550.0,0.5470044002605323,3.0,7.0,0.5111496402899557,3.508290879788322,-0.056964396870623796
550.0,0.5470044002605323,3.0,10.0,0.619815790858606,3.508290879788322,-0.056964396870623796
550.0,0.5470044002605323,3.0,14.0,0.7041130896854345,3.508290879788322,-0.056964396870623796
550.0,0.5470044002605323,3.0,20.0,0.7756302582970751,3.508290879788322,-0.056964396870623796
550.0,0.5502624373878341,3.0,0.5,-0.03791556134471419,3.4984391521339773,-0.05818566663768746
550.0,0.5502624373878341,3.0,0.8,-0.05823257441993677,3.4984391521339773,-0.05818566663768746
550.0,0.5502624373878341,3.0,1.2,-0.04669494082825472,3.4984391521339773,-0.05818566663768746
550.0,0.5502624373878341,3.0,1.8,0.00018880507073098883,3.4984391521339773,-0.05818566663768746
550.0,0.5502624373878341,3.0,2.5,0.13198830436375503,3.4984391521339773,-0.05818566663768746
550.0,0.5502624373878341,3.0,3.5,0.2645098981981843,3.4984391521339773,-0.05818566663768746
550.0,0.5502624373878341,3.0,5.0,0.392419043760802,3.4984391521339773,-0.05818566663768746
550.0,0.5502624373878341,3.0,7.0,0.511741651853559,3.4984391521339773,-0.05818566663768746
550.0,0.5502624373878341,3.0,10.0,0.6203628430246757,3.4984391521339773,-0.05818566663768746
550.0,0.5502624373878341,3.0,14.0,0.7046043666332861,3.4984391521339773,-0.05818566663768746
550.0,0.5502624373878341,3.0,20.0,0.7760558821483152,3.4984391521339773,-0.05818566663768746
550.0,0.5792236183029833,3.0,0.5,-0.04040804800401416,3.425764812817065,-0.06730244705976116
550.0,0.5792236183029833,3.0,0.8,-0.05771041405201352,3.425764812817065,-0.06730244705976116
550.0,0.5792236183029833,3.0,1.2,-0.04408723054494414,3.425764812817065,-0.06730244705976116
550.0,0.5792236183029833,3.0,1.8,0.015145336552244515,3.425764812817065,-0.06730244705976116
550.0,0.5792236183029833,3.0,2.5,0.14626391548169154,3.425764812817065,-0.06730244705976116
550.0,0.5792236183029833,3.0,3.5,0.26988119932969445,3.425764812817065,-0.06730244705976116
550.0,0.5792236183029833,3.0,5.0,0.3951217461170945,3.425764812817065,-0.06730244705976116
550.0,0.5792236183029833,3.0,7.0,0.5154162505626788,3.425764812817065,-0.06730244705976116
550.0,0.5792236183029833,3.0,10.0,0.6240734821449262,3.425764812817065,-0.06730244705976116
550.0,0.5792236183029833,3.0,14.0,0.7080934487202019,3.425764812817065,-0.06730244705976116
550.0,0.5792236183029833,3.0,20.0,0.7792368415433193,3.425764812817065,-0.06730244705976116
550.0,0.6046013057825199,3.0,0.5,-0.0423859674443752,3.3836574511785074,-0.07267360108420727
550.0,0.6046013057825199,3.0,0.8,-0.05657050568111992,3.3836574511785074,-0.07267360108420727
550.0,0.6046013057825199,3.0,1.2,-0.041946446048833665,3.3836574511785074,-0.07267360108420727
550.0,0.6046013057825199,3.0,1.8,0.028560821661331986,3.3836574511785074,-0.07267360108420727
550.0,0.6046013057825199,3.0,2.5,0.15480823206444982,3.3836574511785074,-0.07267360108420727
550.0,0.6046013057825199,3.0,3.5,0.2711955834226521,3.3836574511785074,-0.07267360108420727
550.0,0.6046013057825199,3.0,5.0,0.39572786301749285,3.3836574511785074,-0.07267360108420727
550.0,0.6046013057825199,3.0,7.0,0.5166278406324176,3.3836574511785074,-0.07267360108420727
550.0,0.6046013057825199,3.0,10.0,0.625819166362066,3.3836574511785074,-0.07267360108420727
550.0,0.6046013057825199,3.0,14.0,0.7099920719048807,3.3836574511785074,-0.07267360108420727
550.0,0.6046013057825199,3.0,20.0,0.7811657327345588,3.3836574511785074,-0.07267360108420727
550.0,0.6081847992181325,3.0,0.5,-0.042653084562948224,3.379318282062689,-0.0732308934761849
550.0,0.6081847992181325,3.0,0.8,-0.056364797877399335,3.379318282062689,-0.0732308934761849
550.0,0.6081847992181325,3.0,1.2,-0.04164883227856654,3.379318282062689,-0.0732308934761849
550.0,0.6081847992181325,3.0,1.8,0.030427726901770247,3.379318282062689,-0.0732308934761849
550.0,0.6081847992181325,3.0,2.5,0.155711679713935,3.379318282062689,-0.0732308934761849
550.0,0.6081847992181325,3.0,3.5,0.2711348635172984,3.379318282062689,-0.0732308934761849
550.0,0.6081847992181325,3.0,5.0,0.39568397361462504,3.379318282062689,-0.0732308934761849
550.0,0.6081847992181325,3.0,7.0,0.5166559168928699,3.379318282062689,-0.0732308934761849
550.0,0.6081847992181325,3.0,10.0,0.6259575839798813,3.379318282062689,-0.0732308934761849
550.0,0.6081847992181325,3.0,14.0,0.7101809127009209,3.379318282062689,-0.0732308934761849
550.0,0.6081847992181325,3.0,20.0,0.7813726825903605,3.379318282062689,-0.0732308934761849
550.0,0.6353883327016112,3.0,0.5,-0.04443657838713476,3.3593858645460872,-0.07580010084784336
550.0,0.6353883327016112,3.0,0.8,-0.0545215787704643,3.3593858645460872,-0.07580010084784336
550.0,0.6353883327016112,3.0,1.2,-0.03940417515176701,3.3593858645460872,-0.07580010084784336
550.0,0.6353883327016112,3.0,1.8,0.04380965729676273,3.3593858645460872,-0.07580010084784336
550.0,0.6353883327016112,3.0,2.5,0.16017036559359651,3.3593858645460872,-0.07580010084784336
550.0,0.6353883327016112,3.0,3.5,0.268819954444178,3.3593858645460872,-0.07580010084784336
550.0,0.6353883327016112,3.0,5.0,0.3942465389325551,3.3593858645460872,-0.07580010084784336
550.0,0.6353883327016112,3.0,7.0,0.5157674012352883,3.3593858645460872,-0.07580010084784336
550.0,0.6353883327016112,3.0,10.0,0.6261766835708376,3.3593858645460872,-0.07580010084784336
550.0,0.6353883327016112,3.0,14.0,0.711045757191443,3.3593858645460872,-0.07580010084784336
550.0,0.6353883327016112,3.0,20.0,0.7825080309953656,3.3593858645460872,-0.07580010084784336
550.0,0.6682628855998672,3.0,0.5,-0.04607957038703917,3.366593586726907,-0.07486929955974951
550.0,0.6682628855998672,3.0,0.8,-0.05169155745199634,3.366593586726907,-0.07486929955974951
550.0,0.6682628855998672,3.0,1.2,-0.03645310116171006,3.366593586726907,-0.07486929955974951
550.0,0.6682628855998672,3.0,1.8,0.05706317704119881,3.366593586726907,-0.07486929955974951
550.0,0.6682628855998672,3.0,2.5,0.15993590780939276,3.366593586726907,-0.07486929955974951
550.0,0.6682628855998672,3.0,3.5,0.2619140144335768,3.366593586726907,-0.07486929955974951
550.0,0.6682628855998672,3.0,5.0,0.389725414945207,3.366593586726907,-0.07486929955974951
550.0,0.6682628855998672,3.0,7.0,0.5122047291621,3.366593586726907,-0.07486929955974951
550.0,0.6682628855998672,3.0,10.0,0.6245590884477604,3.366593586726907,-0.07486929955974951
550.0,0.6682628855998672,3.0,14.0,0.7107052021333087,3.366593586726907,-0.07486929955974951
550.0,0.6682628855998672,3.0,20.0,0.7828345229516809,3.366593586726907,-0.07486929955974951
550.0,0.6688298238964329,3.0,0.5,-0.04610245668539006,3.3670273645275857,-0.0748133453244781
550.0,0.6688298238964329,3.0,0.8,-0.051639029928321305,3.3670273645275857,-0.0748133453244781
550.0,0.6688298238964329,3.0,1.2,-0.03639646294484311,3.3670273645275857,-0.0748133453244781
550.0,0.6688298238964329,3.0,1.8,0.05725354805827046,3.3670273645275857,-0.0748133453244781
550.0,0.6688298238964329,3.0,2.5,0.1598778259181674,3.3670273645275857,-0.0748133453244781
550.0,0.6688298238964329,3.0,3.5,0.2617581327504943,3.3670273645275857,-0.0748133453244781
550.0,0.6688298238964329,3.0,5.0,0.3896208125402499,3.3670273645275857,-0.0748133453244781
550.0,0.6688298238964329,3.0,7.0,0.5121224512232727,3.3670273645275857,-0.0748133453244781
550.0,0.6688298238964329,3.0,10.0,0.6245159020541345,3.3670273645275857,-0.0748133453244781
550.0,0.6688298238964329,3.0,14.0,0.7106869165472978,3.3670273645275857,-0.0748133453244781
550.0,0.6688298238964329,3.0,20.0,0.7828304171341489,3.3670273645275857,-0.0748133453244781
550.0,0.7022713150912545,3.0,0.5,-0.04709687879617904,3.449682524229837,-0.06428086272408244
550.0,0.7022713150912545,3.0,0.8,-0.048439132002353315,3.449682524229837,-0.06428086272408244
550.0,0.7022713150912545,3.0,1.2,-0.032705668974364645,3.449682524229837,-0.06428086272408244
550.0,0.7022713150912545,3.0,1.8,0.06587764044567533,3.449682524229837,-0.06428086272408244
550.0,0.7022713150912545,3.0,2.5,0.15360036987346187,3.449682524229837,-0.06428086272408244
550.0,0.7022713150912545,3.0,3.5,0.2506629724025027,3.449682524229837,-0.06428086272408244
550.0,0.7022713150912545,3.0,5.0,0.3819022376389385,3.449682524229837,-0.06428086272408244
550.0,0.7022713150912545,3.0,7.0,0.5061738593443591,3.449682524229837,-0.06428086272408244
550.0,0.7022713150912545,3.0,10.0,0.6210892237956999,3.449682524229837,-0.06428086272408244
550.0,0.7022713150912545,3.0,14.0,0.7088620886975187,3.449682524229837,-0.06428086272408244
550.0,0.7022713150912545,3.0,20.0,0.782054662482454,3.449682524229837,-0.06428086272408244
550.0,0.7386277204483878,3.0,0.5,-0.04720584565372705,3.7404374178619113,-0.029137598470915297
550.0,0.7386277204483878,3.0,0.8,-0.04492329731279858,3.7404374178619113,-0.029137598470915297
550.0,0.7386277204483878,3.0,1.2,-0.027687542241922415,3.7404374178619113,-0.029137598470915297
550.0,0.7386277204483878,3.0,1.8,0.06859172135153574,3.7404374178619113,-0.029137598470915297
550.0,0.7386277204483878,3.0,2.5,0.14073605070927717,3.7404374178619113,-0.029137598470915297
550.0,0.7386277204483878,3.0,3.5,0.2346631653926011,3.7404374178619113,-0.029137598470915297
550.0,0.7386277204483878,3.0,5.0,0.37012706124060774,3.7404374178619113,-0.029137598470915297
550.0,0.7386277204483878,3.0,7.0,0.49738382149709776,3.7404374178619113,-0.029137598470915297
550.0,0.7386277204483878,3.0,10.0,0.6154589664226814,3.7404374178619113,-0.029137598470915297
550.0,0.7386277204483878,3.0,14.0,0.7053405719189387,3.7404374178619113,-0.029137598470915297
550.0,0.7386277204483878,3.0,20.0,0.7801014122057766,3.7404374178619113,-0.029137598470915297
550.0,0.7781886018183509,3.0,0.5,-0.04592272812944855,4.165661644581439,0.017624000193780597
550.0,0.7781886018183509,3.0,0.8,-0.04151221207400441,4.165661644581439,0.017624000193780597
550.0,0.7781886018183509,3.0,1.2,-0.02121722286165146,4.165661644581439,0.017624000193780597
550.0,0.7781886018183509,3.0,1.8,0.06323256912903448,4.165661644581439,0.017624000193780597
550.0,0.7781886018183509,3.0,2.5,0.12073784587467558,4.165661644581439,0.017624000193780597
550.0,0.7781886018183509,3.0,3.5,0.21340076690691723,4.165661644581439,0.017624000193780597
550.0,0.7781886018183509,3.0,5.0,0.35354597992748155,4.165661644581439,0.017624000193780597
550.0,0.7781886018183509,3.0,7.0,0.4850782637119812,4.165661644581439,0.017624000193780597
550.0,0.7781886018183509,3.0,10.0,0.6071515749618185,4.165661644581439,0.017624000193780597
550.0,0.7781886018183509,3.0,14.0,0.699894049280852,4.165661644581439,0.017624000193780597
550.0,0.7781886018183509,3.0,20.0,0.7767665035241155,4.165661644581439,0.017624000193780597
550.0,0.8164016305125923,3.0,0.5,-0.043080406604207575,4.597627527366144,0.06047379305595017
550.0,0.8164016305125923,3.0,0.8,-0.0389283624016872,4.597627527366144,0.06047379305595017
550.0,0.8164016305125923,3.0,1.2,-0.014716765955808526,4.597627527366144,0.06047379305595017
550.0,0.8164016305125923,3.0,1.8,0.050319078354996105,4.597627527366144,0.06047379305595017
550.0,0.8164016305125923,3.0,2.5,0.09686870024881748,4.597627527366144,0.06047379305595017
550.0,0.8164016305125923,3.0,3.5,0.19011561972704868,4.597627527366144,0.06047379305595017
550.0,0.8164016305125923,3.0,5.0,0.3342729834875877,4.597627527366144,0.06047379305595017
550.0,0.8164016305125923,3.0,7.0,0.4707350972446147,4.597627527366144,0.06047379305595017
550.0,0.8164016305125923,3.0,10.0,0.5972313558340353,4.597627527366144,0.06047379305595017
550.0,0.8164016305125923,3.0,14.0,0.6932454060831622,4.597627527366144,0.06047379305595017
550.0,0.8164016305125923,3.0,20.0,0.7724685332270304,4.597627527366144,0.06047379305595017
550.0,0.8191458966508958,3.0,0.5,-0.04281227598299356,4.625745814322268,0.06312177319177041
550.0,0.8191458966508958,3.0,0.8,-0.038773205233399624,4.625745814322268,0.06312177319177041
550.0,0.8191458966508958,3.0,1.2,-0.014268384334990575,4.625745814322268,0.06312177319177041
550.0,0.8191458966508958,3.0,1.8,0.0491351358973628,4.625745814322268,0.06312177319177041
550.0,0.8191458966508958,3.0,2.5,0.0950257764042752,4.625745814322268,0.06312177319177041
550.0,0.8191458966508958,3.0,3.5,0.18837130225635093,4.625745814322268,0.06312177319177041
550.0,0.8191458966508958,3.0,5.0,0.33278094882634923,4.625745814322268,0.06312177319177041
550.0,0.8191458966508958,3.0,7.0,0.4696202177296012,4.625745814322268,0.06312177319177041
550.0,0.8191458966508958,3.0,10.0,0.5964540718440405,4.625745814322268,0.06312177319177041
550.0,0.8191458966508958,3.0,14.0,0.6927190137300044,4.625745814322268,0.06312177319177041
550.0,0.8191458966508958,3.0,20.0,0.7721239419183973,4.625745814322268,0.06312177319177041
550.0,0.8601031914834406,3.0,0.5,-0.03762599113249764,4.9883069871616765,0.09589318137104731
550.0,0.8601031914834406,3.0,0.8,-0.036877500447215716,4.9883069871616765,0.09589318137104731
550.0,0.8601031914834406,3.0,1.2,-0.008671500156779265,4.9883069871616765,0.09589318137104731
550.0,0.8601031914834406,3.0,1.8,0.028050784026042726,4.9883069871616765,0.09589318137104731
550.0,0.8601031914834406,3.0,2.5,0.06600892776813956,4.9883069871616765,0.09589318137104731
550.0,0.8601031914834406,3.0,3.5,0.16141822786354257,4.9883069871616765,0.09589318137104731
550.0,0.8601031914834406,3.0,5.0,0.30903665857544604,4.9883069871616765,0.09589318137104731
550.0,0.8601031914834406,3.0,7.0,0.45175626211562525,4.9883069871616765,0.09589318137104731
550.0,0.8601031914834406,3.0,10.0,0.5839469356914065,4.9883069871616765,0.09589318137104731
550.0,0.8601031914834406,3.0,14.0,0.6841571067063464,4.9883069871616765,0.09589318137104731
550.0,0.8601031914834406,3.0,20.0,0.766485984311224,4.9883069871616765,0.09589318137104731
550.0,0.9023647554129298,3.0,0.5,-0.029906041352335246,5.17959593813171,0.11223589029289535
550.0,0.9023647554129298,3.0,0.8,-0.03550432132610738,5.17959593813171,0.11223589029289535
550.0,0.9023647554129298,3.0,1.2,-0.006456293130393368,5.17959593813171,0.11223589029289535
550.0,0.9023647554129298,3.0,1.8,0.0013968685926633343,5.17959593813171,0.11223589029289535
550.0,0.9023647554129298,3.0,2.5,0.03441697453676358,5.17959593813171,0.11223589029289535
550.0,0.9023647554129298,3.0,3.5,0.13213127032461267,5.17959593813171,0.11223589029289535
550.0,0.9023647554129298,3.0,5.0,0.2821933730620659,5.17959593813171,0.11223589029289535
550.0,0.9023647554129298,3.0,7.0,0.4312757063812317,5.17959593813171,0.11223589029289535
550.0,0.9023647554129298,3.0,10.0,0.5695916303695134,5.17959593813171,0.11223589029289535
550.0,0.9023647554129298,3.0,14.0,0.6741393337304529,5.17959593813171,0.11223589029289535
550.0,0.9023647554129298,3.0,20.0,0.7597737421669873,5.17959593813171,0.11223589029289535
550.0,0.9973793796812823,3.0,0.5,-0.005063224878863331,5.576434362771652,0.14429660339036263
550.0,0.9973793796812823,3.0,0.8,-0.03148191890191543,5.576434362771652,0.14429660339036263
550.0,0.9973793796812823,3.0,1.2,-0.023020520363058627,5.576434362771652,0.14429660339036263
550.0,0.9973793796812823,3.0,1.8,-0.06159652171536462,5.576434362771652,0.14429660339036263
550.0,0.9973793796812823,3.0,2.5,-0.033721116133584986,5.576434362771652,0.14429660339036263
550.0,0.9973793796812823,3.0,3.5,0.06298592359687494,5.576434362771652,0.14429660339036263
550.0,0.9973793796812823,3.0,5.0,0.21770956469598526,5.576434362771652,0.14429660339036263
550.0,0.9973793796812823,3.0,7.0,0.3806057716634315,5.576434362771652,0.14429660339036263
550.0,0.9973793796812823,3.0,10.0,0.533449162503101,5.576434362771652,0.14429660339036263
550.0,0.9973793796812823,3.0,14.0,0.6485925789078547,5.576434362771652,0.14429660339036263
550.0,0.9973793796812823,3.0,20.0,0.7423519603306953,5.576434362771652,0.14429660339036263
550.0,1.1005248747756682,3.0,0.5,0.02338228411258793,6.3814852704882705,0.20286177982349782
550.0,1.1005248747756682,3.0,0.8,-0.018998845850897415,6.3814852704882705,0.20286177982349782
550.0,1.1005248747756682,3.0,1.2,-0.06561400065862663,6.3814852704882705,0.20286177982349782
550.0,1.1005248747756682,3.0,1.8,-0.10572475022145271,6.3814852704882705,0.20286177982349782
550.0,1.1005248747756682,3.0,2.5,-0.08862236509582004,6.3814852704882705,0.20286177982349782
550.0,1.1005248747756682,3.0,3.5,-0.00876983814657078,6.3814852704882705,0.20286177982349782
550.0,1.1005248747756682,3.0,5.0,0.14816160646107734,6.3814852704882705,0.20286177982349782
550.0,1.1005248747756682,3.0,7.0,0.32343256633219847,6.3814852704882705,0.20286177982349782
550.0,1.1005248747756682,3.0,10.0,0.4915558531370933,6.3814852704882705,0.20286177982349782
550.0,1.1005248747756682,3.0,14.0,0.6185967240010456,6.3814852704882705,0.20286177982349782
550.0,1.1005248747756682,3.0,20.0,0.7216127337330296,6.3814852704882705,0.20286177982349782
550.0,1.102398582221007,3.0,0.5,0.023764248402339476,6.402137242867152,0.2042649885677824
550.0,1.102398582221007,3.0,0.8,-0.01868306677073354,6.402137242867152,0.2042649885677824
550.0,1.102398582221007,3.0,1.2,-0.06634161538296356,6.402137242867152,0.2042649885677824
550.0,1.102398582221007,3.0,1.8,-0.10612938426819887,6.402137242867152,0.2042649885677824
550.0,1.102398582221007,3.0,2.5,-0.08934962054373739,6.402137242867152,0.2042649885677824
550.0,1.102398582221007,3.0,3.5,-0.009957142069024856,6.402137242867152,0.2042649885677824
550.0,1.102398582221007,3.0,5.0,0.14693296677673115,6.402137242867152,0.2042649885677824
550.0,1.102398582221007,3.0,7.0,0.32239540903722236,6.402137242867152,0.2042649885677824
550.0,1.102398582221007,3.0,10.0,0.49079105781938565,6.402137242867152,0.2042649885677824
550.0,1.102398582221007,3.0,14.0,0.618045044053377,6.402137242867152,0.2042649885677824
550.0,1.102398582221007,3.0,20.0,0.7212305288899936,6.402137242867152,0.2042649885677824
550.0,1.1584472366059666,3.0,0.5,0.03138614403395931,6.910148701780255,0.2374274018736956
550.0,1.1584472366059666,3.0,0.8,-0.00861293189040877,6.910148701780255,0.2374274018736956
550.0,1.1584472366059666,3.0,1.2,-0.08203429775328928,6.910148701780255,0.2374274018736956
550.0,1.1584472366059666,3.0,1.8,-0.11104193124608346,6.910148701780255,0.2374274018736956
550.0,1.1584472366059666,3.0,2.5,-0.10624618911876606,6.910148701780255,0.2374274018736956
550.0,1.1584472366059666,3.0,3.5,-0.042675148445242554,6.910148701780255,0.2374274018736956
550.0,1.1584472366059666,3.0,5.0,0.11124786058259538,6.910148701780255,0.2374274018736956
550.0,1.1584472366059666,3.0,7.0,0.29186638193047165,6.910148701780255,0.2374274018736956
550.0,1.1584472366059666,3.0,10.0,0.4681441556832205,6.910148701780255,0.2374274018736956
550.0,1.1584472366059666,3.0,14.0,0.6016417152743562,6.910148701780255,0.2374274018736956
550.0,1.1584472366059666,3.0,20.0,0.7098021318566097,6.910148701780255,0.2374274018736956
550.0,1.216369598436265,3.0,0.5,0.030512590915303044,7.220768143268495,0.25652340882312163
550.0,1.216369598436265,3.0,0.8,0.0012577371477712875,7.220768143268495,0.25652340882312163
550.0,1.216369598436265,3.0,1.2,-0.0804235964300756,7.220768143268495,0.25652340882312163
550.0,1.216369598436265,3.0,1.8,-0.10240330881122513,7.220768143268495,0.25652340882312163
550.0,1.216369598436265,3.0,2.5,-0.11384350192706179,7.220768143268495,0.25652340882312163
550.0,1.216369598436265,3.0,3.5,-0.0697824667541421,7.220768143268495,0.25652340882312163
550.0,1.216369598436265,3.0,5.0,0.0768899874428026,7.220768143268495,0.25652340882312163
550.0,1.216369598436265,3.0,7.0,0.26135521915453386,7.220768143268495,0.25652340882312163
550.0,1.216369598436265,3.0,10.0,0.4451734115646304,7.220768143268495,0.25652340882312163
550.0,1.216369598436265,3.0,14.0,0.5849421044145322,7.220768143268495,0.25652340882312163
550.0,1.216369598436265,3.0,20.0,0.6980992297567024,7.220768143268495,0.25652340882312163
550.0,1.218475796513094,3.0,0.5,0.03035729801077086,7.231858478606358,0.25718992744441843
550.0,1.218475796513094,3.0,0.8,0.0015744139927526828,7.231858478606358,0.25718992744441843
550.0,1.218475796513094,3.0,1.2,-0.0799596382278176,7.231858478606358,0.25718992744441843
550.0,1.218475796513094,3.0,1.8,-0.10186204879461803,7.231858478606358,0.25718992744441843
550.0,1.218475796513094,3.0,2.5,-0.11395057999769356,7.231858478606358,0.25718992744441843
550.0,1.218475796513094,3.0,3.5,-0.07063834157856011,7.231858478606358,0.25718992744441843
550.0,1.218475796513094,3.0,5.0,0.07569260158238598,7.231858478606358,0.25718992744441843
550.0,1.218475796513094,3.0,7.0,0.260273817655829,7.231858478606358,0.25718992744441843
550.0,1.218475796513094,3.0,10.0,0.4443502521989168,7.231858478606358,0.25718992744441843
550.0,1.218475796513094,3.0,14.0,0.5843400490094253,7.231858478606358,0.25718992744441843
550.0,1.218475796513094,3.0,20.0,0.6976758148308161,7.231858478606358,0.25718992744441843
550.0,1.3467753774655815,3.0,0.5,0.01727902121866105,8.298771606171947,0.31695382103092
550.0,1.3467753774655815,3.0,0.8,0.019082536456428018,8.298771606171947,0.31695382103092
550.0,1.3467753774655815,3.0,1.2,-0.014141775676888261,8.298771606171947,0.31695382103092
550.0,1.3467753774655815,3.0,1.8,-0.05356868782982315,8.298771606171947,0.31695382103092
550.0,1.3467753774655815,3.0,2.5,-0.10291627574753895,8.298771606171947,0.31695382103092
550.0,1.3467753774655815,3.0,3.5,-0.10554457308535423,8.298771606171947,0.31695382103092
550.0,1.3467753774655815,3.0,5.0,0.010364450220781023,8.298771606171947,0.31695382103092
550.0,1.3467753774655815,3.0,7.0,0.1967297832729422,8.298771606171947,0.31695382103092
550.0,1.3467753774655815,3.0,10.0,0.394981409483103,8.298771606171947,0.31695382103092
550.0,1.3467753774655815,3.0,14.0,0.5480217524225676,8.298771606171947,0.31695382103092
550.0,1.3467753774655815,3.0,20.0,0.6720456374581784,8.298771606171947,0.31695382103092
550.0,1.4885842809008711,3.0,0.5,0.0068094525096022394,9.30369863662422,0.36659564304818504
550.0,1.4885842809008711,3.0,0.8,0.05300886572784165,9.30369863662422,0.36659564304818504
550.0,1.4885842809008711,3.0,1.2,0.02545510257205318,9.30369863662422,0.36659564304818504
550.0,1.4885842809008711,3.0,1.8,-0.016224487648347673,9.30369863662422,0.36659564304818504
550.0,1.4885842809008711,3.0,2.5,-0.06569460942022984,9.30369863662422,0.36659564304818504
550.0,1.4885842809008711,3.0,3.5,-0.11531923687911617,9.30369863662422,0.36659564304818504
550.0,1.4885842809008711,3.0,5.0,-0.047982615786765236,9.30369863662422,0.36659564304818504
550.0,1.4885842809008711,3.0,7.0,0.12925762196863255,9.30369863662422,0.36659564304818504
550.0,1.4885842809008711,3.0,10.0,0.3403592670162083,9.30369863662422,0.36659564304818504
550.0,1.4885842809008711,3.0,14.0,0.507336283152357,9.30369863662422,0.36659564304818504
550.0,1.4885842809008711,3.0,20.0,0.6430811392182075,9.30369863662422,0.36659564304818504
550.0,1.645324972836306,3.0,0.5,-0.02675742689100236,10.56220040231016,0.42169441200552005
550.0,1.645324972836306,3.0,0.8,0.009403406405300655,10.56220040231016,0.42169441200552005
550.0,1.645324972836306,3.0,1.2,-0.028424146432798076,10.56220040231016,0.42169441200552005
550.0,1.645324972836306,3.0,1.8,-0.03318648313788382,10.56220040231016,0.42169441200552005
550.0,1.645324972836306,3.0,2.5,-0.03434187354864472,10.56220040231016,0.42169441200552005
550.0,1.645324972836306,3.0,3.5,-0.1025976236563025,10.56220040231016,0.42169441200552005
550.0,1.645324972836306,3.0,5.0,-0.09590226469866392,10.56220040231016,0.42169441200552005
550.0,1.645324972836306,3.0,7.0,0.057939540463865936,10.56220040231016,0.42169441200552005
550.0,1.645324972836306,3.0,10.0,0.2787356901486168,10.56220040231016,0.42169441200552005
550.0,1.645324972836306,3.0,14.0,0.4608061808767316,10.56220040231016,0.42169441200552005
550.0,1.645324972836306,3.0,20.0,0.6097039822429029,10.56220040231016,0.42169441200552005
550.0,1.8185696980492723,3.0,0.5,0.03252697669505444,12.013900671192106,0.4776240456281809
550.0,1.8185696980492723,3.0,0.8,-0.006735291934912837,12.013900671192106,0.4776240456281809
550.0,1.8185696980492723,3.0,1.2,0.03280435203867158,12.013900671192106,0.4776240456281809
550.0,1.8185696980492723,3.0,1.8,-0.05530401361613792,12.013900671192106,0.4776240456281809
550.0,1.8185696980492723,3.0,2.5,-0.03418885099952306,12.013900671192106,0.4776240456281809
550.0,1.8185696980492723,3.0,3.5,-0.06876557307902818,12.013900671192106,0.4776240456281809
550.0,1.8185696980492723,3.0,5.0,-0.11891328737691975,12.013900671192106,0.4776240456281809
550.0,1.8185696980492723,3.0,7.0,-0.009714163311621045,12.013900671192106,0.4776240456281809
550.0,1.8185696980492723,3.0,10.0,0.2127199134991172,12.013900671192106,0.4776240456281809
550.0,1.8185696980492723,3.0,14.0,0.40992474708283844,12.013900671192106,0.4776240456281809
550.0,1.8185696980492723,3.0,20.0,0.5729053682623232,12.013900671192106,0.4776240456281809
550.0,2.0100562510528768,3.0,0.5,0.006255733137640417,13.570044471790807,0.5305212796052972
550.0,2.0100562510528768,3.0,0.8,-0.012938466602235472,13.570044471790807,0.5305212796052972
550.0,2.0100562510528768,3.0,1.2,0.02207741825304129,13.570044471790807,0.5305212796052972
550.0,2.0100562510528768,3.0,1.8,-0.01999034976978476,13.570044471790807,0.5305212796052972
550.0,2.0100562510528768,3.0,2.5,-0.057585260043403926,13.570044471790807,0.5305212796052972
550.0,2.0100562510528768,3.0,3.5,-0.04190368372634186,13.570044471790807,0.5305212796052972
550.0,2.0100562510528768,3.0,5.0,-0.11491467591813574,13.570044471790807,0.5305212796052972
550.0,2.0100562510528768,3.0,7.0,-0.06720623900811062,13.570044471790807,0.5305212796052972
550.0,2.0100562510528768,3.0,10.0,0.142406077681816,13.570044471790807,0.5305212796052972
550.0,2.0100562510528768,3.0,14.0,0.35401848355568044,13.570044471790807,0.5305212796052972
550.0,2.0100562510528768,3.0,20.0,0.5321268140097352,13.570044471790807,0.5305212796052972
550.0,2.2217054076787313,3.0,0.5,0.016655473242698313,15.340213097004986,0.583771401284385
550.0,2.2217054076787313,3.0,0.8,0.06887940294234456,15.340213097004986,0.583771401284385
550.0,2.2217054076787313,3.0,1.2,-0.017060387041821834,15.340213097004986,0.583771401284385
550.0,2.2217054076787313,3.0,1.8,0.020726274614140665,15.340213097004986,0.583771401284385
550.0,2.2217054076787313,3.0,2.5,-0.06267705023265967,15.340213097004986,0.583771401284385
550.0,2.2217054076787313,3.0,3.5,-0.037188742873749694,15.340213097004986,0.583771401284385
550.0,2.2217054076787313,3.0,5.0,-0.09327089122971788,15.340213097004986,0.583771401284385
550.0,2.2217054076787313,3.0,7.0,-0.10512984704637963,15.340213097004986,0.583771401284385
550.0,2.2217054076787313,3.0,10.0,0.0697239117759246,15.340213097004986,0.583771401284385
550.0,2.2217054076787313,3.0,14.0,0.29285092680881847,15.340213097004986,0.583771401284385
550.0,2.2217054076787313,3.0,20.0,0.4870659512902673,15.340213097004986,0.583771401284385
550.0,2.455640192120709,3.0,0.5,-0.010484515671495226,17.250151729564138,0.6347329280826433
550.0,2.455640192120709,3.0,0.8,-0.032667852334403245,17.250151729564138,0.6347329280826433
550.0,2.455640192120709,3.0,1.2,0.010233857683603657,17.250151729564138,0.6347329280826433
550.0,2.455640192120709,3.0,1.8,0.006003836474797649,17.250151729564138,0.6347329280826433
550.0,2.455640192120709,3.0,2.5,-0.03373237827153707,17.250151729564138,0.6347329280826433
550.0,2.455640192120709,3.0,3.5,-0.054689144802310796,17.250151729564138,0.6347329280826433
550.0,2.455640192120709,3.0,5.0,-0.06545849648876247,17.250151729564138,0.6347329280826433
550.0,2.455640192120709,3.0,7.0,-0.11906400612382793,17.250151729564138,0.6347329280826433
550.0,2.455640192120709,3.0,10.0,-0.0005682895391795049,17.250151729564138,0.6347329280826433
550.0,2.455640192120709,3.0,14.0,0.2263927259493529,17.250151729564138,0.6347329280826433
550.0,2.455640192120709,3.0,20.0,0.437452795241784,17.250151729564138,0.6347329280826433
550.0,2.714207172704789,3.0,0.5,-0.010791753923044779,19.40132431934402,0.6857713842184223
550.0,2.714207172704789,3.0,0.8,-0.040184087173410175,19.40132431934402,0.6857713842184223
550.0,2.714207172704789,3.0,1.2,0.0022467440976786748,19.40132431934402,0.6857713842184223
550.0,2.714207172704789,3.0,1.8,0.00010259898841763334,19.40132431934402,0.6857713842184223
550.0,2.714207172704789,3.0,2.5,-0.0006899227359737061,19.40132431934402,0.6857713842184223
550.0,2.714207172704789,3.0,3.5,-0.07042556845597515,19.40132431934402,0.6857713842184223
550.0,2.714207172704789,3.0,5.0,-0.04120636239580235,19.40132431934402,0.6857713842184223
550.0,2.714207172704789,3.0,7.0,-0.11504147875868202,19.40132431934402,0.6857713842184223
550.0,2.714207172704789,3.0,10.0,-0.05924935554533955,19.40132431934402,0.6857713842184223
550.0,2.714207172704789,3.0,14.0,0.15519661245680855,19.40132431934402,0.6857713842184223
550.0,2.714207172704789,3.0,20.0,0.3831125026349034,19.40132431934402,0.6857713842184223
550.0,3.0000000000000004,3.0,0.5,-0.017901963998679046,21.689428700582237,0.734188121522918
550.0,3.0000000000000004,3.0,0.8,-0.01756083270278471,21.689428700582237,0.734188121522918
550.0,3.0000000000000004,3.0,1.2,-0.00015103214705419266,21.689428700582237,0.734188121522918
550.0,3.0000000000000004,3.0,1.8,0.0016068455454055896,21.689428700582237,0.734188121522918
550.0,3.0000000000000004,3.0,2.5,0.0035540587954111143,21.689428700582237,0.734188121522918
550.0,3.0000000000000004,3.0,3.5,-0.06090843534988567,21.689428700582237,0.734188121522918
550.0,3.0000000000000004,3.0,5.0,-0.04129372737891615,21.689428700582237,0.734188121522918
550.0,3.0000000000000004,3.0,7.0,-0.09420190196696525,21.689428700582237,0.734188121522918
550.0,3.0000000000000004,3.0,10.0,-0.09761820438071346,21.689428700582237,0.734188121522918
550.0,3.0000000000000004,3.0,14.0,0.08092688553813811,21.689428700582237,0.734188121522918
550.0,3.0000000000000004,3.0,20.0,0.3237250697994368,21.689428700582237,0.734188121522918
550.0,0.3,3.5,0.5,-0.013567590664730348,5.681353249440638,0.15239180191220528
550.0,0.3,3.5,0.8,-0.03169217413256141,5.681353249440638,0.15239180191220528
550.0,0.3,3.5,1.2,-0.054045929298219136,5.681353249440638,0.15239180191220528
550.0,0.3,3.5,1.8,-0.05771012226021209,5.681353249440638,0.15239180191220528
550.0,0.3,3.5,2.5,-0.04017000807615263,5.681353249440638,0.15239180191220528
550.0,0.3,3.5,3.5,0.026225828970618585,5.681353249440638,0.15239180191220528
550.0,0.3,3.5,5.0,0.1985443847148782,5.681353249440638,0.15239180191220528
550.0,0.3,3.5,7.0,0.35366919194062574,5.681353249440638,0.15239180191220528
550.0,0.3,3.5,10.0,0.483939934175195,5.681353249440638,0.15239180191220528
550.0,0.3,3.5,14.0,0.5914351235584445,5.681353249440638,0.15239180191220528
550.0,0.3,3.5,20.0,0.6840245928562959,5.681353249440638,0.15239180191220528
550.0,0.3315885423378064,3.5,0.5,-0.016520923054998488,5.182446615431647,0.11247484577795207
550.0,0.3315885423378064,3.5,0.8,-0.03695209320345825,5.182446615431647,0.11247484577795207
550.0,0.3315885423378064,3.5,1.2,-0.05814314018499929,5.182446615431647,0.11247484577795207
550.0,0.3315885423378064,3.5,1.8,-0.05367141165430286,5.182446615431647,0.11247484577795207
550.0,0.3315885423378064,3.5,2.5,-0.03120583312561932,5.182446615431647,0.11247484577795207
550.0,0.3315885423378064,3.5,3.5,0.06891705882825513,5.182446615431647,0.11247484577795207
550.0,0.3315885423378064,3.5,5.0,0.2450385448827199,5.182446615431647,0.11247484577795207
550.0,0.3315885423378064,3.5,7.0,0.3892748541739314,5.182446615431647,0.11247484577795207
550.0,0.3315885423378064,3.5,10.0,0.5139271960040119,5.182446615431647,0.11247484577795207
550.0,0.3315885423378064,3.5,14.0,0.6156953045624384,5.182446615431647,0.11247484577795207
550.0,0.3315885423378064,3.5,20.0,0.7038002038604758,5.182446615431647,0.11247484577795207
550.0,0.3665032046990376,3.5,0.5,-0.019795307829771958,4.746556888549215,0.07431869902948453
550.0,0.3665032046990376,3.5,0.8,-0.0424984913395561,4.746556888549215,0.07431869902948453
550.0,0.3665032046990376,3.5,1.2,-0.06037265292598968,4.746556888549215,0.07431869902948453
550.0,0.3665032046990376,3.5,1.8,-0.048799766742468796,4.746556888549215,0.07431869902948453
550.0,0.3665032046990376,3.5,2.5,-0.015112182672061797,4.746556888549215,0.07431869902948453
550.0,0.3665032046990376,3.5,3.5,0.11627078834386975,4.746556888549215,0.07431869902948453
550.0,0.3665032046990376,3.5,5.0,0.28623182257111884,4.746556888549215,0.07431869902948453
550.0,0.3665032046990376,3.5,7.0,0.41964117553703784,4.746556888549215,0.07431869902948453
550.0,0.3665032046990376,3.5,10.0,0.541021037049046,4.746556888549215,0.07431869902948453
550.0,0.3665032046990376,3.5,14.0,0.6375446298192169,4.746556888549215,0.07431869902948453
550.0,0.3665032046990376,3.5,20.0,0.7215899454514684,4.746556888549215,0.07431869902948453
550.0,0.4050942113609619,3.5,0.5,-0.023594560631425076,4.373801972120376,0.03879912473939124
550.0,0.4050942113609619,3.5,0.8,-0.047929251951247975,4.373801972120376,0.03879912473939124
550.0,0.4050942113609619,3.5,1.2,-0.059959403000924706,4.373801972120376,0.03879912473939124
550.0,0.4050942113609619,3.5,1.8,-0.04355654905175887,4.373801972120376,0.03879912473939124
550.0,0.4050942113609619,3.5,2.5,0.011706926146923044,4.373801972120376,0.03879912473939124
550.0,0.4050942113609619,3.5,3.5,0.16189856456791107,4.373801972120376,0.03879912473939124
550.0,0.4050942113609619,3.5,5.0,0.3205163925630453,4.373801972120376,0.03879912473939124
550.0,0.4050942113609619,3.5,7.0,0.4446950046405087,4.373801972120376,0.03879912473939124
550.0,0.4050942113609619,3.5,10.0,0.5640852204732363,4.373801972120376,0.03879912473939124
550.0,0.4050942113609619,3.5,14.0,0.6567760978698828,4.373801972120376,0.03879912473939124
550.0,0.4050942113609619,3.5,20.0,0.7370655540653327,4.373801972120376,0.03879912473939124
550.0,0.4477486635155488,3.5,0.5,-0.027857411471595043,4.067187840403986,0.007234239145739073
550.0,0.4477486635155488,3.5,0.8,-0.052785138480483745,4.067187840403986,0.007234239145739073
550.0,0.4477486635155488,3.5,1.2,-0.056812068088217337,4.067187840403986,0.007234239145739073
550.0,0.4477486635155488,3.5,1.8,-0.03641524215391301,4.067187840403986,0.007234239145739073
550.0,0.4477486635155488,3.5,2.5,0.04857559257160518,4.067187840403986,0.007234239145739073
550.0,0.4477486635155488,3.5,3.5,0.20098472755618146,4.067187840403986,0.007234239145739073
550.0,0.4477486635155488,3.5,5.0,0.3464736823616061,4.067187840403986,0.007234239145739073
550.0,0.4477486635155488,3.5,7.0,0.4658868268796375,4.067187840403986,0.007234239145739073
550.0,0.4477486635155488,3.5,10.0,0.5822860090400565,4.067187840403986,0.007234239145739073
550.0,0.4477486635155488,3.5,14.0,0.6724117120968528,4.067187840403986,0.007234239145739073
550.0,0.4477486635155488,3.5,20.0,0.7498566824676945,4.067187840403986,0.007234239145739073
550.0,0.4492873987401234,3.5,0.5,-0.028014265570348123,4.057925514691889,0.006244079744135416
550.0,0.4492873987401234,3.5,0.8,-0.05292493825970608,4.057925514691889,0.006244079744135416
550.0,0.4492873987401234,3.5,1.2,-0.056658857589090145,4.057925514691889,0.006244079744135416
550.0,0.4492873987401234,3.5,1.8,-0.03609998864263431,4.057925514691889,0.006244079744135416
550.0,0.4492873987401234,3.5,2.5,0.04995464245420228,4.057925514691889,0.006244079744135416
550.0,0.4492873987401234,3.5,3.5,0.20216423357423596,4.057925514691889,0.006244079744135416
550.0,0.4492873987401234,3.5,5.0,0.3471956709242136,4.057925514691889,0.006244079744135416
550.0,0.4492873987401234,3.5,7.0,0.46653561347443534,4.057925514691889,0.006244079744135416
550.0,0.4492873987401234,3.5,10.0,0.5828135894260335,4.057925514691889,0.006244079744135416
550.0,0.4492873987401234,3.5,14.0,0.6728757256674269,4.057925514691889,0.006244079744135416
550.0,0.4492873987401234,3.5,20.0,0.7502588504488085,4.057925514691889,0.006244079744135416
550.0,0.47293410393697205,3.5,0.5,-0.030398444272662726,3.929977017161178,-0.007669980736063599
550.0,0.47293410393697205,3.5,0.8,-0.054865114061174565,3.929977017161178,-0.007669980736063599
550.0,0.47293410393697205,3.5,1.2,-0.054182058315392204,3.929977017161178,-0.007669980736063599
550.0,0.47293410393697205,3.5,1.8,-0.03048458625151977,3.929977017161178,-0.007669980736063599
550.0,0.47293410393697205,3.5,2.5,0.07073898871509182,3.929977017161178,-0.007669980736063599
550.0,0.47293410393697205,3.5,3.5,0.21823700657695144,3.929977017161178,-0.007669980736063599
550.0,0.47293410393697205,3.5,5.0,0.356669015094954,3.929977017161178,-0.007669980736063599
550.0,0.47293410393697205,3.5,7.0,0.475459048757818,3.929977017161178,-0.007669980736063599
550.0,0.47293410393697205,3.5,10.0,0.5900053960151452,3.929977017161178,-0.007669980736063599
550.0,0.47293410393697205,3.5,14.0,0.6792407811090382,3.929977017161178,-0.007669980736063599
550.0,0.47293410393697205,3.5,20.0,0.7556953222546636,3.929977017161178,-0.007669980736063599
550.0,0.4948944222294061,3.5,0.5,-0.03252492197323102,3.8335336904684456,-0.01846070698333018
550.0,0.4948944222294061,3.5,0.8,-0.056164248650161445,3.8335336904684456,-0.01846070698333018
550.0,0.4948944222294061,3.5,1.2,-0.05172690014954974,3.8335336904684456,-0.01846070698333018
550.0,0.4948944222294061,3.5,1.8,-0.023863516997372727,3.8335336904684456,-0.01846070698333018
550.0,0.4948944222294061,3.5,2.5,0.08857941898095345,3.8335336904684456,-0.01846070698333018
550.0,0.4948944222294061,3.5,3.5,0.22957202121483444,3.8335336904684456,-0.01846070698333018
550.0,0.4948944222294061,3.5,5.0,0.36271801010482024,3.8335336904684456,-0.01846070698333018
550.0,0.4948944222294061,3.5,7.0,0.4818026870062288,3.8335336904684456,-0.01846070698333018
550.0,0.4948944222294061,3.5,10.0,0.595274912385199,3.8335336904684456,-0.01846070698333018
550.0,0.4948944222294061,3.5,14.0,0.6839932324858952,3.8335336904684456,-0.01846070698333018
550.0,0.4948944222294061,3.5,20.0,0.7597863260381067,3.8335336904684456,-0.01846070698333018
550.0,0.4965808091338207,3.5,0.5,-0.032684948260797854,3.8267331507155555,-0.019231812670840964
550.0,0.4965808091338207,3.5,0.8,-0.05624609617070044,3.8267331507155555,-0.019231812670840964
550.0,0.4965808091338207,3.5,1.2,-0.05153712965464506,3.8267331507155555,-0.019231812670840964
550.0,0.4965808091338207,3.5,1.8,-0.023294068395562986,3.8267331507155555,-0.019231812670840964
550.0,0.4965808091338207,3.5,2.5,0.08987337584880618,3.8267331507155555,-0.019231812670840964
550.0,0.4965808091338207,3.5,3.5,0.23031149833561215,3.8267331507155555,-0.019231812670840964
550.0,0.4965808091338207,3.5,5.0,0.3630861042996668,3.8267331507155555,-0.019231812670840964
550.0,0.4965808091338207,3.5,7.0,0.4822173667096377,3.8267331507155555,-0.019231812670840964
550.0,0.4965808091338207,3.5,10.0,0.5956308458794362,3.8267331507155555,-0.019231812670840964
550.0,0.4965808091338207,3.5,14.0,0.6843179185297035,3.8267331507155555,-0.019231812670840964
550.0,0.4965808091338207,3.5,20.0,0.760071800119352,3.8267331507155555,-0.019231812670840964
550.0,0.5470044002605323,3.5,0.5,-0.03734256467418908,3.676768456919628,-0.036593710126045606
550.0,0.5470044002605323,3.5,0.8,-0.057090989713920244,3.676768456919628,-0.036593710126045606
550.0,0.5470044002605323,3.5,1.2,-0.04616175851639493,3.676768456919628,-0.036593710126045606
550.0,0.5470044002605323,3.5,1.8,-0.0027132573025479847,3.676768456919628,-0.036593710126045606
550.0,0.5470044002605323,3.5,2.5,0.12132752052833728,3.676768456919628,-0.036593710126045606
550.0,0.5470044002605323,3.5,3.5,0.24373477904272628,3.676768456919628,-0.036593710126045606
550.0,0.5470044002605323,3.5,5.0,0.3680438728684667,3.676768456919628,-0.036593710126045606
550.0,0.5470044002605323,3.5,7.0,0.48978670703153404,3.676768456919628,-0.036593710126045606
550.0,0.5470044002605323,3.5,10.0,0.602856972662283,3.676768456919628,-0.036593710126045606
550.0,0.5470044002605323,3.5,14.0,0.691229824001572,3.676768456919628,-0.036593710126045606
550.0,0.5470044002605323,3.5,20.0,0.7662645571540544,3.676768456919628,-0.036593710126045606
550.0,0.5502624373878341,3.5,0.5,-0.03762080708324594,3.6705426283485174,-0.03732971915287713
550.0,0.5502624373878341,3.5,0.8,-0.057041493376457565,3.6705426283485174,-0.03732971915287713
550.0,0.5502624373878341,3.5,1.2,-0.04585519125545905,3.6705426283485174,-0.03732971915287713
550.0,0.5502624373878341,3.5,1.8,-0.0011933249883611188,3.6705426283485174,-0.03732971915287713
550.0,0.5502624373878341,3.5,2.5,0.12284624840165997,3.6705426283485174,-0.03732971915287713
550.0,0.5502624373878341,3.5,3.5,0.24407774647787916,3.6705426283485174,-0.03732971915287713
550.0,0.5502624373878341,3.5,5.0,0.3680261921108153,3.6705426283485174,-0.03732971915287713
550.0,0.5502624373878341,3.5,7.0,0.4899763531580969,3.6705426283485174,-0.03732971915287713
550.0,0.5502624373878341,3.5,10.0,0.6031020412735146,3.6705426283485174,-0.03732971915287713
550.0,0.5502624373878341,3.5,14.0,0.6914975059755414,3.6705426283485174,-0.03732971915287713
550.0,0.5502624373878341,3.5,20.0,0.7665301656020155,3.6705426283485174,-0.03732971915287713
550.0,0.5792236183029833,3.5,0.5,-0.039959915103858865,3.633404912278279,-0.041746192317660566
550.0,0.5792236183029833,3.5,0.8,-0.05608797770011017,3.633404912278279,-0.041746192317660566
550.0,0.5792236183029833,3.5,1.2,-0.04336491103947037,3.633404912278279,-0.041746192317660566
550.0,0.5792236183029833,3.5,1.8,0.012790355572194718,3.633404912278279,-0.041746192317660566
550.0,0.5792236183029833,3.5,2.5,0.13301407976116558,3.633404912278279,-0.041746192317660566
550.0,0.5792236183029833,3.5,3.5,0.24416824020897945,3.633404912278279,-0.041746192317660566
550.0,0.5792236183029833,3.5,5.0,0.3661841863499831,3.633404912278279,-0.041746192317660566
550.0,0.5792236183029833,3.5,7.0,0.48993505916280083,3.633404912278279,-0.041746192317660566
550.0,0.5792236183029833,3.5,10.0,0.6040286553159702,3.633404912278279,-0.041746192317660566
550.0,0.5792236183029833,3.5,14.0,0.6929258004457566,3.633404912278279,-0.041746192317660566
550.0,0.5792236183029833,3.5,20.0,0.7682366290571133,3.633404912278279,-0.041746192317660566
550.0,0.6046013057825199,3.5,0.5,-0.041749266455518054,3.6280402671014653,-0.04238789274064315
550.0,0.6046013057825199,3.5,0.8,-0.05450769241060363,3.6280402671014653,-0.04238789274064315
550.0,0.6046013057825199,3.5,1.2,-0.04141226721086961,3.6280402671014653,-0.04238789274064315
550.0,0.6046013057825199,3.5,1.8,0.02490499842324022,3.6280402671014653,-0.04238789274064315
550.0,0.6046013057825199,3.5,2.5,0.13725744678886015,3.6280402671014653,-0.04238789274064315
550.0,0.6046013057825199,3.5,3.5,0.2405073908865899,3.6280402671014653,-0.04238789274064315
550.0,0.6046013057825199,3.5,5.0,0.36258588376406214,3.6280402671014653,-0.04238789274064315
550.0,0.6046013057825199,3.5,7.0,0.48766238406189905,3.6280402671014653,-0.04238789274064315
550.0,0.6046013057825199,3.5,10.0,0.6031696479833966,3.6280402671014653,-0.04238789274064315
550.0,0.6046013057825199,3.5,14.0,0.6928992263818091,3.6280402671014653,-0.04238789274064315
550.0,0.6046013057825199,3.5,20.0,0.768788355108324,3.6280402671014653,-0.04238789274064315
550.0,0.6081847992181325,3.5,0.5,-0.04198475078436019,3.6293735127640043,-0.042228325914680356
550.0,0.6081847992181325,3.5,0.8,-0.05423555009219719,3.6293735127640043,-0.042228325914680356
550.0,0.6081847992181325,3.5,1.2,-0.04114802189665952,3.6293735127640043,-0.042228325914680356
550.0,0.6081847992181325,3.5,1.8,0.0265466372329629,3.6293735127640043,-0.042228325914680356
550.0,0.6081847992181325,3.5,2.5,0.1375054848846372,3.6293735127640043,-0.042228325914680356
550.0,0.6081847992181325,3.5,3.5,0.23972373512075293,3.6293735127640043,-0.042228325914680356
550.0,0.6081847992181325,3.5,5.0,0.36193328214886544,3.6293735127640043,-0.042228325914680356
550.0,0.6081847992181325,3.5,7.0,0.48718319491389134,3.6293735127640043,-0.042228325914680356
550.0,0.6081847992181325,3.5,10.0,0.602928902528378,3.6293735127640043,-0.042228325914680356
550.0,0.6081847992181325,3.5,14.0,0.6928080180775675,3.6293735127640043,-0.042228325914680356
550.0,0.6081847992181325,3.5,20.0,0.7687950094188185,3.6293735127640043,-0.042228325914680356
550.0,0.6353883327016112,3.5,0.5,-0.04347875029803469,3.657005061613272,-0.03893442988814271
550.0,0.6353883327016112,3.5,0.8,-0.051862967720557485,3.657005061613272,-0.03893442988814271
550.0,0.6353883327016112,3.5,1.2,-0.03919651735902052,3.657005061613272,-0.03893442988814271
550.0,0.6353883327016112,3.5,1.8,0.0378287868957224,3.657005061613272,-0.03893442988814271
550.0,0.6353883327016112,3.5,2.5,0.1366535628882974,3.657005061613272,-0.03893442988814271
550.0,0.6353883327016112,3.5,3.5,0.23180374548954316,3.657005061613272,-0.03893442988814271
550.0,0.6353883327016112,3.5,5.0,0.35576039859385217,3.657005061613272,-0.03893442988814271
550.0,0.6353883327016112,3.5,7.0,0.4823333691843869,3.657005061613272,-0.03893442988814271
550.0,0.6353883327016112,3.5,10.0,0.6001855411794121,3.657005061613272,-0.03893442988814271
550.0,0.6353883327016112,3.5,14.0,0.6914855476251655,3.657005061613272,-0.03893442988814271
550.0,0.6353883327016112,3.5,20.0,0.7683654308309127,3.657005061613272,-0.03893442988814271
550.0,0.6682628855998672,3.5,0.5,-0.04462719011078228,3.8878508928126063,-0.01235039085316301
550.0,0.6682628855998672,3.5,0.8,-0.04835922125925012,3.8878508928126063,-0.01235039085316301
550.0,0.6682628855998672,3.5,1.2,-0.036694945761015965,3.8878508928126063,-0.01235039085316301
550.0,0.6682628855998672,3.5,1.8,0.0475162108221971,3.8878508928126063,-0.01235039085316301
550.0,0.6682628855998672,3.5,2.5,0.12937832027210022,3.8878508928126063,-0.01235039085316301
550.0,0.6682628855998672,3.5,3.5,0.21795245869687138,3.8878508928126063,-0.01235039085316301
550.0,0.6682628855998672,3.5,5.0,0.3452697013477288,3.8878508928126063,-0.01235039085316301
550.0,0.6682628855998672,3.5,7.0,0.4737638733181846,3.8878508928126063,-0.01235039085316301
550.0,0.6682628855998672,3.5,10.0,0.594814270782621,3.8878508928126063,-0.01235039085316301
550.0,0.6682628855998672,3.5,14.0,0.6883728121640265,3.8878508928126063,-0.01235039085316301
550.0,0.6682628855998672,3.5,20.0,0.7667080155209853,3.8878508928126063,-0.01235039085316301
550.0,0.6688298238964329,3.5,0.5,-0.044639723325088185,3.8931811496216087,-0.01175537942826297
550.0,0.6688298238964329,3.5,0.8,-0.04829527857977762,3.8931811496216087,-0.01175537942826297
550.0,0.6688298238964329,3.5,1.2,-0.0366469343018138,3.8931811496216087,-0.01175537942826297
550.0,0.6688298238964329,3.5,1.8,0.047634601142822704,3.8931811496216087,-0.01175537942826297
550.0,0.6688298238964329,3.5,2.5,0.12919521298514403,3.8931811496216087,-0.01175537942826297
550.0,0.6688298238964329,3.5,3.5,0.21767672527887333,3.8931811496216087,-0.01175537942826297
550.0,0.6688298238964329,3.5,5.0,0.3450603544209105,3.8931811496216087,-0.01175537942826297
550.0,0.6688298238964329,3.5,7.0,0.4735938167218667,3.8931811496216087,-0.01175537942826297
550.0,0.6688298238964329,3.5,10.0,0.5947051242412219,3.8931811496216087,-0.01175537942826297
550.0,0.6688298238964329,3.5,14.0,0.6883057200396896,3.8931811496216087,-0.01175537942826297
550.0,0.6688298238964329,3.5,20.0,0.7666690020189232,3.8931811496216087,-0.01175537942826297
550.0,0.7022713150912545,3.5,0.5,-0.04490500030061605,4.263694605896828,0.02772609875160991
550.0,0.7022713150912545,3.5,0.8,-0.04443135873239816,4.263694605896828,0.02772609875160991
550.0,0.7022713150912545,3.5,1.2,-0.033512149199864456,4.263694605896828,0.02772609875160991
550.0,0.7022713150912545,3.5,1.8,0.051388148004979255,4.263694605896828,0.02772609875160991
550.0,0.7022713150912545,3.5,2.5,0.11542708496154187,4.263694605896828,0.02772609875160991
550.0,0.7022713150912545,3.5,3.5,0.19955397078655226,4.263694605896828,0.02772609875160991
550.0,0.7022713150912545,3.5,5.0,0.33106255582856,4.263694605896828,0.02772609875160991
550.0,0.7022713150912545,3.5,7.0,0.46238663811032565,4.263694605896828,0.02772609875160991
550.0,0.7022713150912545,3.5,10.0,0.5873155848945103,4.263694605896828,0.02772609875160991
550.0,0.7022713150912545,3.5,14.0,0.6835477037503725,4.263694605896828,0.02772609875160991
550.0,0.7022713150912545,3.5,20.0,0.7637931222498395,4.263694605896828,0.02772609875160991
550.0,0.7386277204483878,3.5,0.5,-0.043871929391228484,4.7487856947949485,0.07452257967160662
550.0,0.7386277204483878,3.5,0.8,-0.0402934997376646,4.7487856947949485,0.07452257967160662
550.0,0.7386277204483878,3.5,1.2,-0.029235030537083907,4.7487856947949485,0.07452257967160662
550.0,0.7386277204483878,3.5,1.8,0.04758674453854122,4.7487856947949485,0.07452257967160662
550.0,0.7386277204483878,3.5,2.5,0.09456617130560316,4.7487856947949485,0.07452257967160662
550.0,0.7386277204483878,3.5,3.5,0.1762177331480814,4.7487856947949485,0.07452257967160662
550.0,0.7386277204483878,3.5,5.0,0.31234294833439025,4.7487856947949485,0.07452257967160662
550.0,0.7386277204483878,3.5,7.0,0.44778685589600353,4.7487856947949485,0.07452257967160662
550.0,0.7386277204483878,3.5,10.0,0.5772775261826357,4.7487856947949485,0.07452257967160662
550.0,0.7386277204483878,3.5,14.0,0.6767560145750672,4.7487856947949485,0.07452257967160662
550.0,0.7386277204483878,3.5,20.0,0.75949696572944,4.7487856947949485,0.07452257967160662
550.0,0.7781886018183509,3.5,0.5,-0.040784411044941696,5.222878702075425,0.11584994842229522
550.0,0.7781886018183509,3.5,0.8,-0.036403037461434085,5.222878702075425,0.11584994842229522
550.0,0.7781886018183509,3.5,1.2,-0.023838805343793155,5.222878702075425,0.11584994842229522
550.0,0.7781886018183509,3.5,1.8,0.03431311552454728,5.222878702075425,0.11584994842229522
550.0,0.7781886018183509,3.5,2.5,0.06674707473821546,5.222878702075425,0.11584994842229522
550.0,0.7781886018183509,3.5,3.5,0.1476662313429934,5.222878702075425,0.11584994842229522
550.0,0.7781886018183509,3.5,5.0,0.288286321040073,5.222878702075425,0.11584994842229522
550.0,0.7781886018183509,3.5,7.0,0.42918011501455705,5.222878702075425,0.11584994842229522
550.0,0.7781886018183509,3.5,10.0,0.564151289238737,5.222878702075425,0.11584994842229522
550.0,0.7781886018183509,3.5,14.0,0.6677276349766954,5.222878702075425,0.11584994842229522
550.0,0.7781886018183509,3.5,20.0,0.7535914414806858,5.222878702075425,0.11584994842229522
550.0,0.8164016305125923,3.5,0.5,-0.035474461399913906,5.502706952968902,0.13851639371700555
550.0,0.8164016305125923,3.5,0.8,-0.03355853910610989,5.502706952968902,0.13851639371700555
550.0,0.8164016305125923,3.5,1.2,-0.01884944097546959,5.502706952968902,0.13851639371700555
550.0,0.8164016305125923,3.5,1.8,0.013961898950404117,5.502706952968902,0.13851639371700555
550.0,0.8164016305125923,3.5,2.5,0.036883300543547465,5.502706952968902,0.13851639371700555
550.0,0.8164016305125923,3.5,3.5,0.11832461126867427,5.502706952968902,0.13851639371700555
550.0,0.8164016305125923,3.5,5.0,0.26212531925087545,5.502706952968902,0.13851639371700555
550.0,0.8164016305125923,3.5,7.0,0.4089013454126713,5.502706952968902,0.13851639371700555
550.0,0.8164016305125923,3.5,10.0,0.5496535046226804,5.502706952968902,0.13851639371700555
550.0,0.8164016305125923,3.5,14.0,0.6576678147305522,5.502706952968902,0.13851639371700555
550.0,0.8164016305125923,3.5,20.0,0.7468400318383981,5.502706952968902,0.13851639371700555
550.0,0.8191458966508958,3.5,0.5,-0.03499618247000795,5.516849094330032,0.1396311132757645
550.0,0.8191458966508958,3.5,0.8,-0.03339265577710495,5.516849094330032,0.1396311132757645
550.0,0.8191458966508958,3.5,1.2,-0.018534332921076615,5.516849094330032,0.1396311132757645
550.0,0.8191458966508958,3.5,1.8,0.012281857190574464,5.516849094330032,0.1396311132757645
550.0,0.8191458966508958,3.5,2.5,0.03468415006446515,5.516849094330032,0.1396311132757645
550.0,0.8191458966508958,3.5,3.5,0.11618910052733317,5.516849094330032,0.1396311132757645
550.0,0.8191458966508958,3.5,5.0,0.26015850660971046,5.516849094330032,0.1396311132757645
550.0,0.8191458966508958,3.5,7.0,0.40736952289214456,5.516849094330032,0.1396311132757645
550.0,0.8191458966508958,3.5,10.0,0.5485530473196186,5.516849094330032,0.1396311132757645
550.0,0.8191458966508958,3.5,14.0,0.6569000062690683,5.516849094330032,0.1396311132757645
550.0,0.8191458966508958,3.5,20.0,0.7463215942301151,5.516849094330032,0.1396311132757645
550.0,0.8601031914834406,3.5,0.5,-0.02611470324901897,5.725443788774363,0.1557491638841442
550.0,0.8601031914834406,3.5,0.8,-0.03136896480116923,5.725443788774363,0.1557491638841442
550.0,0.8601031914834406,3.5,1.2,-0.015391649452116381,5.725443788774363,0.1557491638841442
550.0,0.8601031914834406,3.5,1.8,-0.01503834638495276,5.725443788774363,0.1557491638841442
550.0,0.8601031914834406,3.5,2.5,0.001777170703839545,5.725443788774363,0.1557491638841442
550.0,0.8601031914834406,3.5,3.5,0.08419152170619015,5.725443788774363,0.1557491638841442
550.0,0.8601031914834406,3.5,5.0,0.22976530050790853,5.725443788774363,0.1557491638841442
550.0,0.8601031914834406,3.5,7.0,0.38350454776942505,5.725443788774363,0.1557491638841442
550.0,0.8601031914834406,3.5,10.0,0.5313632328096847,5.725443788774363,0.1557491638841442
550.0,0.8601031914834406,3.5,14.0,0.6448283987176741,5.725443788774363,0.1557491638841442
550.0,0.8601031914834406,3.5,20.0,0.7381522719696457,5.725443788774363,0.1557491638841442
550.0,0.9023647554129298,3.5,0.5,-0.013443293859531986,5.930452929929084,0.1710278719278967
550.0,0.9023647554129298,3.5,0.8,-0.029748281321625433,5.930452929929084,0.1710278719278967
550.0,0.9023647554129298,3.5,1.2,-0.016628283448102025,5.930452929929084,0.1710278719278967
550.0,0.9023647554129298,3.5,1.8,-0.04481593877553769,5.930452929929084,0.1710278719278967
550.0,0.9023647554129298,3.5,2.5,-0.03069694127581753,5.930452929929084,0.1710278719278967
550.0,0.9023647554129298,3.5,3.5,0.05139210203714677,5.930452929929084,0.1710278719278967
550.0,0.9023647554129298,3.5,5.0,0.1971376883054003,5.930452929929084,0.1710278719278967
550.0,0.9023647554129298,3.5,7.0,0.35739233343043436,5.930452929929084,0.1710278719278967
550.0,0.9023647554129298,3.5,10.0,0.5125293822851293,5.930452929929084,0.1710278719278967
550.0,0.9023647554129298,3.5,14.0,0.6314256213711646,5.930452929929084,0.1710278719278967
550.0,0.9023647554129298,3.5,20.0,0.7289882863055203,5.930452929929084,0.1710278719278967
550.0,0.9973793796812823,3.5,0.5,0.02415894573329674,6.608562638712783,0.21804701945019558
550.0,0.9973793796812823,3.5,0.8,-0.022483679331105275,6.608562638712783,0.21804701945019558
550.0,0.9973793796812823,3.5,1.2,-0.040506773512001215,6.608562638712783,0.21804701945019558
550.0,0.9973793796812823,3.5,1.8,-0.09722371046580869,6.608562638712783,0.21804701945019558
550.0,0.9973793796812823,3.5,2.5,-0.08810360641497865,6.608562638712783,0.21804701945019558
550.0,0.9973793796812823,3.5,3.5,-0.018383277363064426,6.608562638712783,0.21804701945019558
550.0,0.9973793796812823,3.5,5.0,0.12473985262437523,6.608562638712783,0.21804701945019558
550.0,0.9973793796812823,3.5,7.0,0.29689417389261025,6.608562638712783,0.21804701945019558
550.0,0.9973793796812823,3.5,10.0,0.4680405287725197,6.608562638712783,0.21804701945019558
550.0,0.9973793796812823,3.5,14.0,0.5994547097818288,6.608562638712783,0.21804701945019558
550.0,0.9973793796812823,3.5,20.0,0.7068681660543393,6.608562638712783,0.21804701945019558
550.0,1.1005248747756682,3.5,0.5,0.04802594843547595,7.6420793456230225,0.28115155120884927
550.0,1.1005248747756682,3.5,0.8,-2.488940091795906e-05,7.6420793456230225,0.28115155120884927
550.0,1.1005248747756682,3.5,1.2,-0.07058566923774846,7.6420793456230225,0.28115155120884927
550.0,1.1005248747756682,3.5,1.8,-0.10412697011503409,7.6420793456230225,0.28115155120884927
550.0,1.1005248747756682,3.5,2.5,-0.11428867247259854,7.6420793456230225,0.28115155120884927
550.0,1.1005248747756682,3.5,3.5,-0.07768014933347088,7.6420793456230225,0.28115155120884927
550.0,1.1005248747756682,3.5,5.0,0.054541066321367224,7.6420793456230225,0.28115155120884927
550.0,1.1005248747756682,3.5,7.0,0.23356546523704577,7.6420793456230225,0.28115155120884927
550.0,1.1005248747756682,3.5,10.0,0.41983389993451803,7.6420793456230225,0.28115155120884927
550.0,1.1005248747756682,3.5,14.0,0.5643724799979047,7.6420793456230225,0.28115155120884927
550.0,1.1005248747756682,3.5,20.0,0.6823268123463732,7.6420793456230225,0.28115155120884927
550.0,1.102398582221007,3.5,0.5,0.04794533674541808,7.652952685667845,0.2817690369868697
550.0,1.102398582221007,3.5,0.8,0.0005003215200152076,7.652952685667845,0.2817690369868697
550.0,1.102398582221007,3.5,1.2,-0.07073601602242999,7.652952685667845,0.2817690369868697
550.0,1.102398582221007,3.5,1.8,-0.10372425193739727,7.652952685667845,0.2817690369868697
550.0,1.102398582221007,3.5,2.5,-0.11438654655856922,7.652952685667845,0.2817690369868697
550.0,1.102398582221007,3.5,3.5,-0.07851262315686591,7.652952685667845,0.2817690369868697
550.0,1.102398582221007,3.5,5.0,0.05336676267755462,7.652952685667845,0.2817690369868697
550.0,1.102398582221007,3.5,7.0,0.2324516541637505,7.652952685667845,0.2817690369868697
550.0,1.102398582221007,3.5,10.0,0.4189751173016065,7.652952685667845,0.2817690369868697
550.0,1.102398582221007,3.5,14.0,0.5637422627932408,7.652952685667845,0.2817690369868697
550.0,1.102398582221007,3.5,20.0,0.6818850356747462,7.652952685667845,0.2817690369868697
550.0,1.1584472366059666,3.5,0.5,0.03699983296590013,8.020522806274183,0.3021426867417118
550.0,1.1584472366059666,3.5,0.8,0.016199440527953086,8.020522806274183,0.3021426867417118
550.0,1.1584472366059666,3.5,1.2,-0.06382396319797885,8.020522806274183,0.3021426867417118
550.0,1.1584472366059666,3.5,1.8,-0.08498174599172276,8.020522806274183,0.3021426867417118
550.0,1.1584472366059666,3.5,2.5,-0.11177080804726534,8.020522806274183,0.3021426867417118
550.0,1.1584472366059666,3.5,3.5,-0.09895218216901205,8.020522806274183,0.3021426867417118
550.0,1.1584472366059666,3.5,5.0,0.020124536278761165,8.020522806274183,0.3021426867417118
550.0,1.1584472366059666,3.5,7.0,0.1999789605549009,8.020522806274183,0.3021426867417118
550.0,1.1584472366059666,3.5,10.0,0.39367841664077813,8.020522806274183,0.3021426867417118
550.0,1.1584472366059666,3.5,14.0,0.5450934622659741,8.020522806274183,0.3021426867417118
550.0,1.1584472366059666,3.5,20.0,0.6687447985311599,8.020522806274183,0.3021426867417118
550.0,1.216369598436265,3.5,0.5,0.016438078904851196,8.581906800366404,0.33152380244986396
550.0,1.216369598436265,3.5,0.8,0.029367099343075197,8.581906800366404,0.33152380244986396
550.0,1.216369598436265,3.5,1.2,-0.034006091499794444,8.581906800366404,0.33152380244986396
550.0,1.216369598436265,3.5,1.8,-0.057451684726860575,8.581906800366404,0.33152380244986396
550.0,1.216369598436265,3.5,2.5,-0.0997915522369915,8.581906800366404,0.33152380244986396
550.0,1.216369598436265,3.5,3.5,-0.1109791397188879,8.581906800366404,0.33152380244986396
550.0,1.216369598436265,3.5,5.0,-0.01027679711482778,8.581906800366404,0.33152380244986396
550.0,1.216369598436265,3.5,7.0,0.16790950494071977,8.581906800366404,0.33152380244986396
550.0,1.216369598436265,3.5,10.0,0.36804915269076177,8.581906800366404,0.33152380244986396
550.0,1.216369598436265,3.5,14.0,0.5261037175089712,8.581906800366404,0.33152380244986396
550.0,1.216369598436265,3.5,20.0,0.6552860905449744,8.581906800366404,0.33152380244986396
550.0,1.218475796513094,3.5,0.5,0.01572190257377214,8.610769564622084,0.3329819757741809
550.0,1.218475796513094,3.5,0.8,0.029749527626557772,8.610769564622084,0.3329819757741809
550.0,1.218475796513094,3.5,1.2,-0.03259496973981312,8.610769564622084,0.3329819757741809
550.0,1.218475796513094,3.5,1.8,-0.05641381050520993,8.610769564622084,0.3329819757741809
550.0,1.218475796513094,3.5,2.5,-0.09923898041546525,8.610769564622084,0.3329819757741809
550.0,1.218475796513094,3.5,3.5,-0.11126806591346888,8.610769564622084,0.3329819757741809
550.0,1.218475796513094,3.5,5.0,-0.011311967372736388,8.610769564622084,0.3329819757741809
550.0,1.218475796513094,3.5,7.0,0.1667717201524712,8.610769564622084,0.3329819757741809
550.0,1.218475796513094,3.5,10.0,0.36712341152039013,8.610769564622084,0.3329819757741809
550.0,1.218475796513094,3.5,14.0,0.525413041263165,8.610769564622084,0.3329819757741809
550.0,1.218475796513094,3.5,20.0,0.6547948704994903,8.610769564622084,0.3329819757741809
550.0,1.3467753774655815,3.5,0.5,-0.00562744784341105,9.744501460662475,0.38669963371400806
550.0,1.3467753774655815,3.5,0.8,0.04520107183132106,9.744501460662475,0.38669963371400806
550.0,1.3467753774655815,3.5,1.2,0.03972049470787644,9.744501460662475,0.38669963371400806
550.0,1.3467753774655815,3.5,1.8,-0.011540960031376852,9.744501460662475,0.38669963371400806
550.0,1.3467753774655815,3.5,2.5,-0.060136540568708485,9.744501460662475,0.38669963371400806
550.0,1.3467753774655815,3.5,3.5,-0.11291680585748769,9.744501460662475,0.38669963371400806
550.0,1.3467753774655815,3.5,5.0,-0.06496773936359909,9.744501460662475,0.38669963371400806
550.0,1.3467753774655815,3.5,7.0,0.09955638826794005,9.744501460662475,0.38669963371400806
550.0,1.3467753774655815,3.5,10.0,0.3107243754896243,9.744501460662475,0.38669963371400806
550.0,1.3467753774655815,3.5,14.0,0.48304952493081116,9.744501460662475,0.38669963371400806
550.0,1.3467753774655815,3.5,20.0,0.6245661968980473,9.744501460662475,0.38669963371400806
550.0,1.4885842809008711,3.5,0.5,-0.019327439641314382,11.083284532402148,0.4426084913489315
550.0,1.4885842809008711,3.5,0.8,0.02813105061503083,11.083284532402148,0.4426084913489315
550.0,1.4885842809008711,3.5,1.2,-0.009895043613026684,11.083284532402148,0.4426084913489315
550.0,1.4885842809008711,3.5,1.8,-0.02847940127177878,11.083284532402148,0.4426084913489315
550.0,1.4885842809008711,3.5,2.5,-0.029098002666953473,11.083284532402148,0.4426084913489315
550.0,1.4885842809008711,3.5,3.5,-0.09366726852801094,11.083284532402148,0.4426084913489315
550.0,1.4885842809008711,3.5,5.0,-0.1055968771994495,11.083284532402148,0.4426084913489315
550.0,1.4885842809008711,3.5,7.0,0.0293955865253805,11.083284532402148,0.4426084913489315
550.0,1.4885842809008711,3.5,10.0,0.2472409760724177,11.083284532402148,0.4426084913489315
550.0,1.4885842809008711,3.5,14.0,0.43458661967067674,11.083284532402148,0.4426084913489315
550.0,1.4885842809008711,3.5,20.0,0.5896970058654522,11.083284532402148,0.4426084913489315
550.0,1.645324972836306,3.5,0.5,0.011436805500907926,12.546518104420658,0.4964632262942858
550.0,1.645324972836306,3.5,0.8,-0.03323414608138878,12.546518104420658,0.4964632262942858
550.0,1.645324972836306,3.5,1.2,0.01648694727334548,12.546518104420658,0.4964632262942858
550.0,1.645324972836306,3.5,1.8,-0.05140063015948968,12.546518104420658,0.4964632262942858
550.0,1.645324972836306,3.5,2.5,-0.03654260699114806,12.546518104420658,0.4964632262942858
550.0,1.645324972836306,3.5,3.5,-0.058947449947721026,12.546518104420658,0.4964632262942858
550.0,1.645324972836306,3.5,5.0,-0.12061878635528907,12.546518104420658,0.4964632262942858
550.0,1.645324972836306,3.5,7.0,-0.03533905758324229,12.546518104420658,0.4964632262942858
550.0,1.645324972836306,3.5,10.0,0.1790523443467706,12.546518104420658,0.4964632262942858
550.0,1.645324972836306,3.5,14.0,0.38117615241485586,12.546518104420658,0.4964632262942858
550.0,1.645324972836306,3.5,20.0,0.5509252240206892,12.546518104420658,0.4964632262942858
550.0,1.8185696980492723,3.5,0.5,0.020562037038062815,14.273840318407192,0.552480842663459
550.0,1.8185696980492723,3.5,0.8,0.03397705676712032,14.273840318407192,0.552480842663459
550.0,1.8185696980492723,3.5,1.2,0.033837766111999006,14.273840318407192,0.552480842663459
550.0,1.8185696980492723,3.5,1.8,-0.006581023153023955,14.273840318407192,0.552480842663459
550.0,1.8185696980492723,3.5,2.5,-0.05899320475586678,14.273840318407192,0.552480842663459
550.0,1.8185696980492723,3.5,3.5,-0.0363214843030296,14.273840318407192,0.552480842663459
550.0,1.8185696980492723,3.5,5.0,-0.107800424297511,14.273840318407192,0.552480842663459
550.0,1.8185696980492723,3.5,7.0,-0.08566582321114036,14.273840318407192,0.552480842663459
550.0,1.8185696980492723,3.5,10.0,0.10799483490394321,14.273840318407192,0.552480842663459
550.0,1.8185696980492723,3.5,14.0,0.3230589946363566,14.273840318407192,0.552480842663459
550.0,1.8185696980492723,3.5,20.0,0.5083076406130345,14.273840318407192,0.552480842663459
550.0,2.0100562510528768,3.5,0.5,0.01178605261434983,16.08032852894327,0.6042349260228845
550.0,2.0100562510528768,3.5,0.8,0.012144642135635982,16.08032852894327,0.6042349260228845
550.0,2.0100562510528768,3.5,1.2,-0.02766670446839552,16.08032852894327,0.6042349260228845
550.0,2.0100562510528768,3.5,1.8,0.02777265593758549,16.08032852894327,0.6042349260228845
550.0,2.0100562510528768,3.5,2.5,-0.05628530092199304,16.08032852894327,0.6042349260228845
550.0,2.0100562510528768,3.5,3.5,-0.040892837141965864,16.08032852894327,0.6042349260228845
550.0,2.0100562510528768,3.5,5.0,-0.08162901794420156,16.08032852894327,0.6042349260228845
550.0,2.0100562510528768,3.5,7.0,-0.11434663479281389,16.08032852894327,0.6042349260228845
550.0,2.0100562510528768,3.5,10.0,0.035884589152633976,16.08032852894327,0.6042349260228845
550.0,2.0100562510528768,3.5,14.0,0.25931206982874105,16.08032852894327,0.6042349260228845
550.0,2.0100562510528768,3.5,20.0,0.46099560377936566,16.08032852894327,0.6042349260228845
550.0,2.2217054076787313,3.5,0.5,-3.501119924352662e-05,18.14744632078677,0.6567555291285232
550.0,2.2217054076787313,3.5,0.8,-0.06516092969526922,18.14744632078677,0.6567555291285232
550.0,2.2217054076787313,3.5,1.2,0.014060956731692683,18.14744632078677,0.6567555291285232
550.0,2.2217054076787313,3.5,1.8,0.001639205714889385,18.14744632078677,0.6567555291285232
550.0,2.2217054076787313,3.5,2.5,-0.01885234593993927,18.14744632078677,0.6567555291285232
550.0,2.2217054076787313,3.5,3.5,-0.06143861057405822,18.14744632078677,0.6567555291285232
550.0,2.2217054076787313,3.5,5.0,-0.05388899563054859,18.14744632078677,0.6567555291285232
550.0,2.2217054076787313,3.5,7.0,-0.11881330539192875,18.14744632078677,0.6567555291285232
550.0,2.2217054076787313,3.5,10.0,-0.030244176512269575,18.14744632078677,0.6567555291285232
550.0,2.2217054076787313,3.5,14.0,0.19062589589660425,18.14744632078677,0.6567555291285232
550.0,2.2217054076787313,3.5,20.0,0.4090856867332465,18.14744632078677,0.6567555291285232
550.0,2.455640192120709,3.5,0.5,0.02012933089878413,20.380290051706133,0.7071503692530954
550.0,2.455640192120709,3.5,0.8,-0.02884226094251957,20.380290051706133,0.7071503692530954
550.0,2.455640192120709,3.5,1.2,0.004643414294179787,20.380290051706133,0.7071503692530954
550.0,2.455640192120709,3.5,1.8,0.002972765152541818,20.380290051706133,0.7071503692530954
550.0,2.455640192120709,3.5,2.5,0.007082242545578874,20.380290051706133,0.7071503692530954
550.0,2.455640192120709,3.5,3.5,-0.06903367768538941,20.380290051706133,0.7071503692530954
550.0,2.455640192120709,3.5,5.0,-0.03732368188211243,20.380290051706133,0.7071503692530954
550.0,2.455640192120709,3.5,7.0,-0.10701062352464778,20.380290051706133,0.7071503692530954
550.0,2.455640192120709,3.5,10.0,-0.08062764091903717,20.380290051706133,0.7071503692530954
550.0,2.455640192120709,3.5,14.0,0.11787416692070864,20.380290051706133,0.7071503692530954
550.0,2.455640192120709,3.5,20.0,0.3522675718782039,20.380290051706133,0.7071503692530954
550.0,2.714207172704789,3.5,0.5,0.004751882890665886,22.843565388694785,0.7567038975537076
550.0,2.714207172704789,3.5,0.8,-0.015569725632233281,22.843565388694785,0.7567038975537076
550.0,2.714207172704789,3.5,1.2,-0.0010804382944511097,22.843565388694785,0.7567038975537076
550.0,2.714207172704789,3.5,1.8,0.0003846690403949745,22.843565388694785,0.7567038975537076
550.0,2.714207172704789,3.5,2.5,0.003038874235226496,22.843565388694785,0.7567038975537076
550.0,2.714207172704789,3.5,3.5,-0.04791797164023455,22.843565388694785,0.7567038975537076
550.0,2.714207172704789,3.5,5.0,-0.047084491605846754,22.843565388694785,0.7567038975537076
550.0,2.714207172704789,3.5,7.0,-0.0801738686462487,22.843565388694785,0.7567038975537076
550.0,2.714207172704789,3.5,10.0,-0.109451102947546,22.843565388694785,0.7567038975537076
550.0,2.714207172704789,3.5,14.0,0.04403357560546614,22.843565388694785,0.7567038975537076
550.0,2.714207172704789,3.5,20.0,0.2902400826220437,22.843565388694785,0.7567038975537076
550.0,3.0000000000000004,3.5,0.5,-0.013709147910813946,25.453929457829375,0.8036948448584278
550.0,3.0000000000000004,3.5,0.8,-0.014721341958730937,25.453929457829375,0.8036948448584278
550.0,3.0000000000000004,3.5,1.2,0.0006779270836107182,25.453929457829375,0.8036948448584278
550.0,3.0000000000000004,3.5,1.8,0.0020071813349639453,25.453929457829375,0.8036948448584278
550.0,3.0000000000000004,3.5,2.5,0.002223259344986012,25.453929457829375,0.8036948448584278
550.0,3.0000000000000004,3.5,3.5,-0.014779109680341077,25.453929457829375,0.8036948448584278
550.0,3.0000000000000004,3.5,5.0,-0.06541895440256683,25.453929457829375,0.8036948448584278
550.0,3.0000000000000004,3.5,7.0,-0.05153516912808096,25.453929457829375,0.8036948448584278
550.0,3.0000000000000004,3.5,10.0,-0.12101521815498473,25.453929457829375,0.8036948448584278
550.0,3.0000000000000004,3.5,14.0,-0.02307050539453578,25.453929457829375,0.8036948448584278
550.0,3.0000000000000004,3.5,20.0,0.222909803490461,25.453929457829375,0.8036948448584278
550.0,0.3,4.0,0.5,-0.013564731133771556,5.7103796205486,0.15460498935733383
550.0,0.3,4.0,0.8,-0.03167592792351543,5.7103796205486,0.15460498935733383
550.0,0.3,4.0,1.2,-0.05397911077342418,5.7103796205486,0.15460498935733383
550.0,0.3,4.0,1.8,-0.05757665310991397,5.7103796205486,0.15460498935733383
550.0,0.3,4.0,2.5,-0.04015584300543022,5.7103796205486,0.15460498935733383
550.0,0.3,4.0,3.5,0.02599516757952586,5.7103796205486,0.15460498935733383
550.0,0.3,4.0,5.0,0.1971794352771678,5.7103796205486,0.15460498935733383
550.0,0.3,4.0,7.0,0.35111776852759197,5.7103796205486,0.15460498935733383
550.0,0.3,4.0,10.0,0.48122742265682306,5.7103796205486,0.15460498935733383
550.0,0.3,4.0,14.0,0.5891598341745671,5.7103796205486,0.15460498935733383
550.0,0.3,4.0,20.0,0.6822771729691657,5.7103796205486,0.15460498935733383
550.0,0.3315885423378064,4.0,0.5,-0.016514981274556854,5.222061079995376,0.11578195592721498
550.0,0.3315885423378064,4.0,0.8,-0.03691684563497426,5.222061079995376,0.11578195592721498
550.0,0.3315885423378064,4.0,1.2,-0.05800963767095579,5.222061079995376,0.11578195592721498
550.0,0.3315885423378064,4.0,1.8,-0.05349275084339019,5.222061079995376,0.11578195592721498
550.0,0.3315885423378064,4.0,2.5,-0.031265698334839435,5.222061079995376,0.11578195592721498
550.0,0.3315885423378064,4.0,3.5,0.06828621157056838,5.222061079995376,0.11578195592721498
550.0,0.3315885423378064,4.0,5.0,0.24238013222239982,5.222061079995376,0.11578195592721498
550.0,0.3315885423378064,4.0,7.0,0.3852544234949018,5.222061079995376,0.11578195592721498
550.0,0.3315885423378064,4.0,10.0,0.5100642723227616,5.222061079995376,0.11578195592721498
550.0,0.3315885423378064,4.0,14.0,0.612534277414879,5.222061079995376,0.11578195592721498
550.0,0.3315885423378064,4.0,20.0,0.7014082341489911,5.222061079995376,0.11578195592721498
550.0,0.3665032046990376,4.0,0.5,-0.019782146734376498,4.800908201706025,0.07926341056420423
550.0,0.3665032046990376,4.0,0.8,-0.04242208752711323,4.800908201706025,0.07926341056420423
550.0,0.3665032046990376,4.0,1.2,-0.060119889632098224,4.800908201706025,0.07926341056420423
550.0,0.3665032046990376,4.0,1.8,-0.04861147798129876,4.800908201706025,0.07926341056420423
550.0,0.3665032046990376,4.0,2.5,-0.015327954335213358,4.800908201706025,0.07926341056420423
550.0,0.3665032046990376,4.0,3.5,0.11466302185042439,4.800908201706025,0.07926341056420423
550.0,0.3665032046990376,4.0,5.0,0.2814766676335339,4.800908201706025,0.07926341056420423
550.0,0.3665032046990376,4.0,7.0,0.41356364548083524,4.800908201706025,0.07926341056420423
550.0,0.3665032046990376,4.0,10.0,0.5355892713595705,4.800908201706025,0.07926341056420423
550.0,0.3665032046990376,4.0,14.0,0.6331874778682997,4.800908201706025,0.07926341056420423
550.0,0.3665032046990376,4.0,20.0,0.718330623469717,4.800908201706025,0.07926341056420423
550.0,0.4050942113609619,4.0,0.5,-0.023565201544252144,4.448966857705967,0.04619917918316867
550.0,0.4050942113609619,4.0,0.8,-0.04776574133891185,4.448966857705967,0.04619917918316867
550.0,0.4050942113609619,4.0,1.2,-0.05951585615531399,4.448966857705967,0.04619917918316867
550.0,0.4050942113609619,4.0,1.8,-0.04343920168115844,4.448966857705967,0.04619917918316867
550.0,0.4050942113609619,4.0,2.5,0.011106634135160082,4.448966857705967,0.04619917918316867
550.0,0.4050942113609619,4.0,3.5,0.1582445023999432,4.448966857705967,0.04619917918316867
550.0,0.4050942113609619,4.0,5.0,0.31258851213869826,4.448966857705967,0.04619917918316867
550.0,0.4050942113609619,4.0,7.0,0.43582297086933064,4.448966857705967,0.04619917918316867
550.0,0.4050942113609619,4.0,10.0,0.5565182406456217,4.448966857705967,0.04619917918316867
550.0,0.4050942113609619,4.0,14.0,0.6508131937448595,4.448966857705967,0.04619917918316867
550.0,0.4050942113609619,4.0,20.0,0.7326447995535904,4.448966857705967,0.04619917918316867
550.0,0.4477486635155488,4.0,0.5,-0.027791614019924957,4.17238616125592,0.018324504960931288
550.0,0.4477486635155488,4.0,0.8,-0.05244143509200867,4.17238616125592,0.018324504960931288
550.0,0.4477486635155488,4.0,1.2,-0.0561139906552218,4.17238616125592,0.018324504960931288
550.0,0.4477486635155488,4.0,1.8,-0.03649543053266496,4.17238616125592,0.018324504960931288
550.0,0.4477486635155488,4.0,2.5,0.04692474671963083,4.17238616125592,0.018324504960931288
550.0,0.4477486635155488,4.0,3.5,0.19361922798197304,4.17238616125592,0.018324504960931288
550.0,0.4477486635155488,4.0,5.0,0.33401995257896994,4.17238616125592,0.018324504960931288
550.0,0.4477486635155488,4.0,7.0,0.4532986229979536,4.17238616125592,0.018324504960931288
550.0,0.4477486635155488,4.0,10.0,0.5718475668661376,4.17238616125592,0.018324504960931288
550.0,0.4477486635155488,4.0,14.0,0.6643072555910665,4.17238616125592,0.018324504960931288
550.0,0.4477486635155488,4.0,20.0,0.7438937487482365,4.17238616125592,0.018324504960931288
550.0,0.4492873987401234,4.0,0.5,-0.027946734634641684,4.164372176514929,0.017489544828442113
550.0,0.4492873987401234,4.0,0.8,-0.052572726313347806,4.164372176514929,0.017489544828442113
550.0,0.4492873987401234,4.0,1.2,-0.05595159730703809,4.164372176514929,0.017489544828442113
550.0,0.4492873987401234,4.0,1.8,-0.03618972360646209,4.164372176514929,0.017489544828442113
550.0,0.4492873987401234,4.0,2.5,0.048246201412811454,4.164372176514929,0.017489544828442113
550.0,0.4492873987401234,4.0,3.5,0.19463460913899727,4.164372176514929,0.017489544828442113
550.0,0.4492873987401234,4.0,5.0,0.3345598046766861,4.164372176514929,0.017489544828442113
550.0,0.4492873987401234,4.0,7.0,0.4538008296219645,4.164372176514929,0.017489544828442113
550.0,0.4492873987401234,4.0,10.0,0.5722616333830639,4.164372176514929,0.017489544828442113
550.0,0.4492873987401234,4.0,14.0,0.6646867551415688,4.164372176514929,0.017489544828442113
550.0,0.4492873987401234,4.0,20.0,0.7442352047235535,4.164372176514929,0.017489544828442113
550.0,0.47293410393697205,4.0,0.5,-0.030295997423217976,4.054263613296493,0.005851992318109327
550.0,0.47293410393697205,4.0,0.8,-0.054355165646915,4.054263613296493,0.005851992318109327
550.0,0.47293410393697205,4.0,1.2,-0.05334185453751241,4.054263613296493,0.005851992318109327
550.0,0.47293410393697205,4.0,1.8,-0.030750101944830122,4.054263613296493,0.005851992318109327
550.0,0.47293410393697205,4.0,2.5,0.06792284985487691,4.054263613296493,0.005851992318109327
550.0,0.47293410393697205,4.0,3.5,0.20791913331975903,4.054263613296493,0.005851992318109327
550.0,0.47293410393697205,4.0,5.0,0.34107706120178377,4.054263613296493,0.005851992318109327
550.0,0.47293410393697205,4.0,7.0,0.46035615118934675,4.054263613296493,0.005851992318109327
550.0,0.47293410393697205,4.0,10.0,0.5776218973461569,4.054263613296493,0.005851992318109327
550.0,0.47293410393697205,4.0,14.0,0.6696889361196999,4.054263613296493,0.005851992318109327
550.0,0.47293410393697205,4.0,20.0,0.7486928905612246,4.054263613296493,0.005851992318109327
550.0,0.4948944222294061,4.0,0.5,-0.032376450632248095,3.975240517332635,-0.002696581054888003
550.0,0.4948944222294061,4.0,0.8,-0.05546251662968809,3.975240517332635,-0.002696581054888003
550.0,0.4948944222294061,4.0,1.2,-0.05078794998005271,3.975240517332635,-0.002696581054888003
550.0,0.4948944222294061,4.0,1.8,-0.024350861455508258,3.975240517332635,-0.002696581054888003
550.0,0.4948944222294061,4.0,2.5,0.0842937352739023,3.975240517332635,-0.002696581054888003
550.0,0.4948944222294061,4.0,3.5,0.21623832910829205,3.975240517332635,-0.002696581054888003
550.0,0.4948944222294061,4.0,5.0,0.3441415014250197,3.975240517332635,-0.002696581054888003
550.0,0.4948944222294061,4.0,7.0,0.46430915833177105,3.975240517332635,-0.002696581054888003
550.0,0.4948944222294061,4.0,10.0,0.5810514341776721,3.975240517332635,-0.002696581054888003
550.0,0.4948944222294061,4.0,14.0,0.6730724236020402,3.975240517332635,-0.002696581054888003
550.0,0.4948944222294061,4.0,20.0,0.7518007382639321,3.975240517332635,-0.002696581054888003
550.0,0.4965808091338207,4.0,0.5,-0.03253238105462022,3.9701458827322798,-0.0032535261513428632
550.0,0.4965808091338207,4.0,0.8,-0.05552745135738396,3.9701458827322798,-0.0032535261513428632
550.0,0.4965808091338207,4.0,1.2,-0.050592257142981024,3.9701458827322798,-0.0032535261513428632
550.0,0.4965808091338207,4.0,1.8,-0.02380150149545123,3.9701458827322798,-0.0032535261513428632
550.0,0.4965808091338207,4.0,2.5,0.08545501566648644,3.9701458827322798,-0.0032535261513428632
550.0,0.4965808091338207,4.0,3.5,0.21672953794807548,3.9701458827322798,-0.0032535261513428632
550.0,0.4965808091338207,4.0,5.0,0.34427124339562387,3.9701458827322798,-0.0032535261513428632
550.0,0.4965808091338207,4.0,7.0,0.46453225838593476,3.9701458827322798,-0.0032535261513428632
550.0,0.4965808091338207,4.0,10.0,0.581260504192761,3.9701458827322798,-0.0032535261513428632
550.0,0.4965808091338207,4.0,14.0,0.6732877625382293,3.9701458827322798,-0.0032535261513428632
550.0,0.4965808091338207,4.0,20.0,0.7520076450909304,3.9701458827322798,-0.0032535261513428632
550.0,0.5470044002605323,4.0,0.5,-0.03700357924230487,3.8806769441986684,-0.013152500917645004
550.0,0.5470044002605323,4.0,0.8,-0.055724224776372684,3.8806769441986684,-0.013152500917645004
550.0,0.5470044002605323,4.0,1.2,-0.04517030961701454,3.8806769441986684,-0.013152500917645004
550.0,0.5470044002605323,4.0,1.8,-0.004162650086352045,3.8806769441986684,-0.013152500917645004
550.0,0.5470044002605323,4.0,2.5,0.11151920041560952,3.8806769441986684,-0.013152500917645004
550.0,0.5470044002605323,4.0,3.5,0.22179441918432044,3.8806769441986684,-0.013152500917645004
550.0,0.5470044002605323,4.0,5.0,0.3415986145233903,3.8806769441986684,-0.013152500917645004
550.0,0.5470044002605323,4.0,7.0,0.46588421237703326,3.8806769441986684,-0.013152500917645004
550.0,0.5470044002605323,4.0,10.0,0.5837499631627532,3.8806769441986684,-0.013152500917645004
550.0,0.5470044002605323,4.0,14.0,0.6766758564629018,3.8806769441986684,-0.013152500917645004
550.0,0.5470044002605323,4.0,20.0,0.7556709253593252,3.8806769441986684,-0.013152500917645004
550.0,0.5502624373878341,4.0,0.5,-0.0372645001892273,3.879084666415014,-0.013330732543693408
550.0,0.5502624373878341,4.0,0.8,-0.05562218228200151,3.879084666415014,-0.013330732543693408
550.0,0.5502624373878341,4.0,1.2,-0.044871521731536614,3.879084666415014,-0.013330732543693408
550.0,0.5502624373878341,4.0,1.8,-0.002735337700072349,3.879084666415014,-0.013330732543693408
550.0,0.5502624373878341,4.0,2.5,0.11259024449357989,3.879084666415014,-0.013330732543693408
550.0,0.5502624373878341,4.0,3.5,0.22153796901201256,3.879084666415014,-0.013330732543693408
550.0,0.5502624373878341,4.0,5.0,0.34105423733054235,3.879084666415014,-0.013330732543693408
550.0,0.5502624373878341,4.0,7.0,0.46563760013038746,3.879084666415014,-0.013330732543693408
550.0,0.5502624373878341,4.0,10.0,0.5836645707956293,3.879084666415014,-0.013330732543693408
550.0,0.5502624373878341,4.0,14.0,0.6766979316978234,3.879084666415014,-0.013330732543693408
550.0,0.5502624373878341,4.0,20.0,0.7557605650416314,3.879084666415014,-0.013330732543693408
550.0,0.5792236183029833,4.0,0.5,-0.039413011861327216,3.887908310557676,-0.012343977020328087
550.0,0.5792236183029833,4.0,0.8,-0.05414659203588037,3.887908310557676,-0.012343977020328087
550.0,0.5792236183029833,4.0,1.2,-0.04250856166828726,3.887908310557676,-0.012343977020328087
550.0,0.5792236183029833,4.0,1.8,0.01016331423556803,3.887908310557676,-0.012343977020328087
550.0,0.5792236183029833,4.0,2.5,0.1183134841921691,3.887908310557676,-0.012343977020328087
550.0,0.5792236183029833,4.0,3.5,0.2161330025792249,3.887908310557676,-0.012343977020328087
550.0,0.5792236183029833,4.0,5.0,0.3344428067519275,3.887908310557676,-0.012343977020328087
550.0,0.5792236183029833,4.0,7.0,0.4615943784534368,3.887908310557676,-0.012343977020328087
550.0,0.5792236183029833,4.0,10.0,0.5815638244365419,3.887908310557676,-0.012343977020328087
550.0,0.5792236183029833,4.0,14.0,0.6758761243664475,3.887908310557676,-0.012343977020328087
550.0,0.5792236183029833,4.0,20.0,0.7558537231876753,3.887908310557676,-0.012343977020328087
550.0,0.6046013057825199,4.0,0.5,-0.040963529964590455,3.94887754945439,-0.00558632439840166
550.0,0.6046013057825199,4.0,0.8,-0.0520313648332835,3.94887754945439,-0.00558632439840166
550.0,0.6046013057825199,4.0,1.2,-0.04075800882412582,3.94887754945439,-0.00558632439840166
550.0,0.6046013057825199,4.0,1.8,0.020834269941318158,3.94887754945439,-0.00558632439840166
550.0,0.6046013057825199,4.0,2.5,0.11801907117556999,3.94887754945439,-0.00558632439840166
550.0,0.6046013057825199,4.0,3.5,0.20743200383313873,3.94887754945439,-0.00558632439840166
550.0,0.6046013057825199,4.0,5.0,0.3265094511280157,3.94887754945439,-0.00558632439840166
550.0,0.6046013057825199,4.0,7.0,0.45561914041329554,3.94887754945439,-0.00558632439840166
550.0,0.6046013057825199,4.0,10.0,0.577905392778699,3.94887754945439,-0.00558632439840166
550.0,0.6046013057825199,4.0,14.0,0.6737709702608214,3.94887754945439,-0.00558632439840166
550.0,0.6046013057825199,4.0,20.0,0.7549151713746334,3.94887754945439,-0.00558632439840166
550.0,0.6081847992181325,4.0,0.5,-0.041158761633580766,3.9833502679656876,-0.001811494419932535
550.0,0.6081847992181325,4.0,0.8,-0.051678217699688264,3.9833502679656876,-0.001811494419932535
550.0,0.6081847992181325,4.0,1.2,-0.040529456171074875,3.9833502679656876,-0.001811494419932535
550.0,0.6081847992181325,4.0,1.8,0.022227298459193655,3.9833502679656876,-0.001811494419932535
550.0,0.6081847992181325,4.0,2.5,0.11758657448617849,3.9833502679656876,-0.001811494419932535
550.0,0.6081847992181325,4.0,3.5,0.20592773410097875,3.9833502679656876,-0.001811494419932535
550.0,0.6081847992181325,4.0,5.0,0.32523548815674796,3.9833502679656876,-0.001811494419932535
550.0,0.6081847992181325,4.0,7.0,0.45460496335485323,3.9833502679656876,-0.001811494419932535
550.0,0.6081847992181325,4.0,10.0,0.577259989244908,3.9833502679656876,-0.001811494419932535
550.0,0.6081847992181325,4.0,14.0,0.6733794154384197,3.9833502679656876,-0.001811494419932535
550.0,0.6081847992181325,4.0,20.0,0.7547064494773811,3.9833502679656876,-0.001811494419932535
550.0,0.6353883327016112,4.0,0.5,-0.04227980936141147,4.26986632955641,0.028354288089399916
550.0,0.6353883327016112,4.0,0.8,-0.04866011401245563,4.26986632955641,0.028354288089399916
550.0,0.6353883327016112,4.0,1.2,-0.0388826525197906,4.26986632955641,0.028354288089399916
550.0,0.6353883327016112,4.0,1.8,0.03120788537704606,4.26986632955641,0.028354288089399916
550.0,0.6353883327016112,4.0,2.5,0.11133071856776751,4.26986632955641,0.028354288089399916
550.0,0.6353883327016112,4.0,3.5,0.19252783828340903,4.26986632955641,0.028354288089399916
550.0,0.6353883327016112,4.0,5.0,0.3142835711832273,4.26986632955641,0.028354288089399916
550.0,0.6353883327016112,4.0,7.0,0.44561780395264483,4.26986632955641,0.028354288089399916
550.0,0.6353883327016112,4.0,10.0,0.5713795658619949,4.26986632955641,0.028354288089399916
550.0,0.6353883327016112,4.0,14.0,0.6697286416933019,4.26986632955641,0.028354288089399916
550.0,0.6353883327016112,4.0,20.0,0.7526063153363765,4.26986632955641,0.028354288089399916
550.0,0.6682628855998672,4.0,0.5,-0.04277712437372517,4.726559298245994,0.0724851194872419
550.0,0.6682628855998672,4.0,0.8,-0.044334674452568265,4.726559298245994,0.0724851194872419
550.0,0.6682628855998672,4.0,1.2,-0.03682535762443316,4.726559298245994,0.0724851194872419
550.0,0.6682628855998672,4.0,1.8,0.0370698928013956,4.726559298245994,0.0724851194872419
550.0,0.6682628855998672,4.0,2.5,0.09722783445629836,4.726559298245994,0.0724851194872419
550.0,0.6682628855998672,4.0,3.5,0.1721804460269375,4.726559298245994,0.0724851194872419
550.0,0.6682628855998672,4.0,5.0,0.29791776957328936,4.726559298245994,0.0724851194872419
550.0,0.6682628855998672,4.0,7.0,0.4319293411538036,4.726559298245994,0.0724851194872419
550.0,0.6682628855998672,4.0,10.0,0.5621047793553638,4.726559298245994,0.0724851194872419
550.0,0.6682628855998672,4.0,14.0,0.663714913846267,4.726559298245994,0.0724851194872419
550.0,0.6682628855998672,4.0,20.0,0.7488659466525411,4.726559298245994,0.0724851194872419
550.0,0.6688298238964329,4.0,0.5,-0.04277591205070021,4.7349330108126,0.07325384771560946
550.0,0.6688298238964329,4.0,0.8,-0.04425668126218432,4.7349330108126,0.07325384771560946
550.0,0.6688298238964329,4.0,1.2,-0.036785621797214625,4.7349330108126,0.07325384771560946
550.0,0.6688298238964329,4.0,1.8,0.03711237309917337,4.7349330108126,0.07325384771560946
550.0,0.6688298238964329,4.0,2.5,0.09692752182090736,4.7349330108126,0.07325384771560946
550.0,0.6688298238964329,4.0,3.5,0.17179605752821892,4.7349330108126,0.07325384771560946
550.0,0.6688298238964329,4.0,5.0,0.2976069214939936,4.7349330108126,0.07325384771560946
550.0,0.6688298238964329,4.0,7.0,0.43167063150595253,4.7349330108126,0.07325384771560946
550.0,0.6688298238964329,4.0,10.0,0.5619277563647792,4.7349330108126,0.07325384771560946
550.0,0.6688298238964329,4.0,14.0,0.6635972938638235,4.7349330108126,0.07325384771560946
550.0,0.6688298238964329,4.0,20.0,0.7487906430484821,4.7349330108126,0.07325384771560946
550.0,0.7022713150912545,4.0,0.5,-0.04205420328461968,5.243214497772716,0.11753763355981672
550.0,0.7022713150912545,4.0,0.8,-0.03958516202751298,5.243214497772716,0.11753763355981672
550.0,0.7022713150912545,4.0,1.2,-0.034160705782356464,5.243214497772716,0.11753763355981672
550.0,0.7022713150912545,4.0,1.8,0.03583310421430889,5.243214497772716,0.11753763355981672
550.0,0.7022713150912545,4.0,2.5,0.07640556406998791,5.243214497772716,0.11753763355981672
550.0,0.7022713150912545,4.0,3.5,0.14749716360306084,5.243214497772716,0.11753763355981672
550.0,0.7022713150912545,4.0,5.0,0.2776285221060666,5.243214497772716,0.11753763355981672
550.0,0.7022713150912545,4.0,7.0,0.41523427246368183,5.243214497772716,0.11753763355981672
550.0,0.7022713150912545,4.0,10.0,0.5505115151052883,5.243214497772716,0.11753763355981672
550.0,0.7022713150912545,4.0,14.0,0.6558351661688567,5.243214497772716,0.11753763355981672
550.0,0.7022713150912545,4.0,20.0,0.7437552826611281,5.243214497772716,0.11753763355981672
550.0,0.7386277204483878,4.0,0.5,-0.039428361085869404,5.704635817934188,0.15416793309498336
550.0,0.7386277204483878,4.0,0.8,-0.03469402615828413,5.704635817934188,0.15416793309498336
550.0,0.7386277204483878,4.0,1.2,-0.030509336948773013,5.704635817934188,0.15416793309498336
550.0,0.7386277204483878,4.0,1.8,0.02569699052240368,5.704635817934188,0.15416793309498336
550.0,0.7386277204483878,4.0,2.5,0.04908777421395942,5.704635817934188,0.15416793309498336
550.0,0.7386277204483878,4.0,3.5,0.11824701070306227,5.704635817934188,0.15416793309498336
550.0,0.7386277204483878,4.0,5.0,0.2525723643358221,5.704635817934188,0.15416793309498336
550.0,0.7386277204483878,4.0,7.0,0.3950502685824626,5.704635817934188,0.15416793309498336
550.0,0.7386277204483878,4.0,10.0,0.5361183414801376,5.704635817934188,0.15416793309498336
550.0,0.7386277204483878,4.0,14.0,0.6457803947998914,5.704635817934188,0.15416793309498336
550.0,0.7386277204483878,4.0,20.0,0.7371098741145952,5.704635817934188,0.15416793309498336
550.0,0.7781886018183509,4.0,0.5,-0.0337363829363266,5.963841817071933,0.1734661245254554
550.0,0.7781886018183509,4.0,0.8,-0.0302159919882746,5.963841817071933,0.1734661245254554
550.0,0.7781886018183509,4.0,1.2,-0.02596765020173399,5.963841817071933,0.1734661245254554
550.0,0.7781886018183509,4.0,1.8,0.005524859078035604,5.963841817071933,0.1734661245254554
550.0,0.7781886018183509,4.0,2.5,0.01611053487682897,5.963841817071933,0.1734661245254554
550.0,0.7781886018183509,4.0,3.5,0.08457326818468176,5.963841817071933,0.1734661245254554
550.0,0.7781886018183509,4.0,5.0,0.222105731984334,5.963841817071933,0.1734661245254554
550.0,0.7781886018183509,4.0,7.0,0.37064344317419257,5.963841817071933,0.1734661245254554
550.0,0.7781886018183509,4.0,10.0,0.5183959536592709,5.963841817071933,0.1734661245254554
550.0,0.7781886018183509,4.0,14.0,0.633293853956231,5.963841817071933,0.1734661245254554
550.0,0.7781886018183509,4.0,20.0,0.7287069347740349,5.963841817071933,0.1734661245254554
550.0,0.8164016305125923,4.0,0.5,-0.02475223667219562,6.1918173154829965,0.18975814303161753
550.0,0.8164016305125923,4.0,0.8,-0.027006649672671818,6.1918173154829965,0.18975814303161753
550.0,0.8164016305125923,4.0,1.2,-0.022160447601526516,6.1918173154829965,0.18975814303161753
550.0,0.8164016305125923,4.0,1.8,-0.020072897438028075,6.1918173154829965,0.18975814303161753
550.0,0.8164016305125923,4.0,2.5,-0.01618716840581172,6.1918173154829965,0.18975814303161753
550.0,0.8164016305125923,4.0,3.5,0.051878675056585964,6.1918173154829965,0.18975814303161753
550.0,0.8164016305125923,4.0,5.0,0.1905422894120421,6.1918173154829965,0.18975814303161753
550.0,0.8164016305125923,4.0,7.0,0.34518233713248,6.1918173154829965,0.18975814303161753
550.0,0.8164016305125923,4.0,10.0,0.4997113899963467,6.1918173154829965,0.18975814303161753
550.0,0.8164016305125923,4.0,14.0,0.6200653038116947,6.1918173154829965,0.18975814303161753
550.0,0.8164016305125923,4.0,20.0,0.7196581302473056,6.1918173154829965,0.18975814303161753
550.0,0.8191458966508958,4.0,0.5,-0.023957322822788087,6.207918116543308,0.19088598854460345
550.0,0.8191458966508958,4.0,0.8,-0.026820359011876863,6.207918116543308,0.19088598854460345
550.0,0.8191458966508958,4.0,1.2,-0.02194919505369905,6.207918116543308,0.19088598854460345
550.0,0.8191458966508958,4.0,1.8,-0.022037685514321198,6.207918116543308,0.19088598854460345
550.0,0.8191458966508958,4.0,2.5,-0.018451565527314535,6.207918116543308,0.19088598854460345
550.0,0.8191458966508958,4.0,3.5,0.04956831474768822,6.207918116543308,0.19088598854460345
550.0,0.8191458966508958,4.0,5.0,0.18822536714809343,6.207918116543308,0.19088598854460345
550.0,0.8191458966508958,4.0,7.0,0.34329805900565924,6.207918116543308,0.19088598854460345
550.0,0.8191458966508958,4.0,10.0,0.49832244993653485,6.207918116543308,0.19088598854460345
550.0,0.8191458966508958,4.0,14.0,0.6190781289882843,6.207918116543308,0.19088598854460345
550.0,0.8191458966508958,4.0,20.0,0.718980360723114,6.207918116543308,0.19088598854460345
550.0,0.8601031914834406,4.0,0.5,-0.009481301526215695,6.420356230883553,0.20549913406409104
550.0,0.8601031914834406,4.0,0.8,-0.024444328186462423,6.420356230883553,0.20549913406409104
550.0,0.8601031914834406,4.0,1.2,-0.020663739965922755,6.420356230883553,0.20549913406409104
550.0,0.8601031914834406,4.0,1.8,-0.051531103106501275,6.420356230883553,0.20549913406409104
550.0,0.8601031914834406,4.0,2.5,-0.05042561372945175,6.420356230883553,0.20549913406409104
550.0,0.8601031914834406,4.0,3.5,0.016080040922720633,6.420356230883553,0.20549913406409104
550.0,0.8601031914834406,4.0,5.0,0.15333317352638012,6.420356230883553,0.20549913406409104
550.0,0.8601031914834406,4.0,7.0,0.3145550209121858,6.420356230883553,0.20549913406409104
550.0,0.8601031914834406,4.0,10.0,0.477071247875812,6.420356230883553,0.20549913406409104
550.0,0.8601031914834406,4.0,14.0,0.603896715563169,6.420356230883553,0.20549913406409104
550.0,0.8601031914834406,4.0,20.0,0.7085445399901861,6.420356230883553,0.20549913406409104
550.0,0.9023647554129298,4.0,0.5,0.010442767420257407,6.697669811800459,0.22386374213451493
550.0,0.9023647554129298,4.0,0.8,-0.022032638912372143,6.697669811800459,0.22386374213451493
550.0,0.9023647554129298,4.0,1.2,-0.024192893082382927,6.697669811800459,0.22386374213451493
550.0,0.9023647554129298,4.0,1.8,-0.07859212748617661,6.697669811800459,0.22386374213451493
550.0,0.9023647554129298,4.0,2.5,-0.07810912904507158,6.697669811800459,0.22386374213451493
550.0,0.9023647554129298,4.0,3.5,-0.016013309923202403,6.697669811800459,0.22386374213451493
550.0,0.9023647554129298,4.0,5.0,0.11765607482665653,6.697669811800459,0.22386374213451493
550.0,0.9023647554129298,4.0,7.0,0.2842583842883676,6.697669811800459,0.22386374213451493
550.0,0.9023647554129298,4.0,10.0,0.45457342542428286,6.697669811800459,0.22386374213451493
550.0,0.9023647554129298,4.0,14.0,0.587640299952865,6.697669811800459,0.22386374213451493
550.0,0.9023647554129298,4.0,20.0,0.6972847793298839,6.697669811800459,0.22386374213451493
550.0,0.9973793796812823,4.0,0.5,0.05741236237729596,7.92873874069367,0.29714411635259086
550.0,0.9973793796812823,4.0,0.8,-0.008372841964287137,7.92873874069367,0.29714411635259086
550.0,0.9973793796812823,4.0,1.2,-0.047939948719342734,7.92873874069367,0.29714411635259086
550.0,0.9973793796812823,4.0,1.8,-0.10518950903369757,7.92873874069367,0.29714411635259086
550.0,0.9973793796812823,4.0,2.5,-0.11216940327258387,7.92873874069367,0.29714411635259086
550.0,0.9973793796812823,4.0,3.5,-0.0757342795617667,7.92873874069367,0.29714411635259086
550.0,0.9973793796812823,4.0,5.0,0.044628054359813006,7.92873874069367,0.29714411635259086
550.0,0.9973793796812823,4.0,7.0,0.2177890475968075,7.92873874069367,0.29714411635259086
550.0,0.9973793796812823,4.0,10.0,0.40383947733942777,7.92873874069367,0.29714411635259086
550.0,0.9973793796812823,4.0,14.0,0.5506163907008832,7.92873874069367,0.29714411635259086
550.0,0.9973793796812823,4.0,20.0,0.6713886220093157,7.92873874069367,0.29714411635259086
550.0,1.1005248747756682,4.0,0.5,0.03836165412054428,8.724576515188929,0.3386843644659887
550.0,1.1005248747756682,4.0,0.8,0.025549424937949417,8.724576515188929,0.3386843644659887
550.0,1.1005248747756682,4.0,1.2,-0.0498647240906251,8.724576515188929,0.3386843644659887
550.0,1.1005248747756682,4.0,1.8,-0.0709558690193171,8.724576515188929,0.3386843644659887
550.0,1.1005248747756682,4.0,2.5,-0.10350115544994566,8.724576515188929,0.3386843644659887
550.0,1.1005248747756682,4.0,3.5,-0.1118207805225221,8.724576515188929,0.3386843644659887
550.0,1.1005248747756682,4.0,5.0,-0.018754043392771765,8.724576515188929,0.3386843644659887
550.0,1.1005248747756682,4.0,7.0,0.15193097652874063,8.724576515188929,0.3386843644659887
550.0,1.1005248747756682,4.0,10.0,0.3509615176486405,8.724576515188929,0.3386843644659887
550.0,1.1005248747756682,4.0,14.0,0.5114366437859261,8.724576515188929,0.3386843644659887
550.0,1.1005248747756682,4.0,20.0,0.6436929846788622,8.724576515188929,0.3386843644659887
550.0,1.102398582221007,4.0,0.5,0.03724802524530683,8.742075227054965,0.3395545480201683
550.0,1.102398582221007,4.0,0.8,0.026195100509180554,8.742075227054965,0.3395545480201683
550.0,1.102398582221007,4.0,1.2,-0.04921145483018674,8.742075227054965,0.3395545480201683
550.0,1.102398582221007,4.0,1.8,-0.06993576827840708,8.742075227054965,0.3395545480201683
550.0,1.102398582221007,4.0,2.5,-0.10299032706797212,8.742075227054965,0.3395545480201683
550.0,1.102398582221007,4.0,3.5,-0.11214493665769067,8.742075227054965,0.3395545480201683
550.0,1.102398582221007,4.0,5.0,-0.01975655101902363,8.742075227054965,0.3395545480201683
550.0,1.102398582221007,4.0,7.0,0.1507905374393279,8.742075227054965,0.3395545480201683
550.0,1.102398582221007,4.0,10.0,0.35002440487789455,8.742075227054965,0.3395545480201683
550.0,1.102398582221007,4.0,14.0,0.5107349751875512,8.742075227054965,0.3395545480201683
550.0,1.102398582221007,4.0,20.0,0.6431957337268335,8.742075227054965,0.3395545480201683
550.0,1.1584472366059666,4.0,0.5,0.00445124871424918,9.480902133309087,0.37478967226300247
550.0,1.1584472366059666,4.0,0.8,0.042094462549273313,9.480902133309087,0.37478967226300247
550.0,1.1584472366059666,4.0,1.2,-0.018060924483033654,9.480902133309087,0.37478967226300247
550.0,1.1584472366059666,4.0,1.8,-0.038548078510182104,9.480902133309087,0.37478967226300247
550.0,1.1584472366059666,4.0,2.5,-0.08416258978300147,9.480902133309087,0.37478967226300247
550.0,1.1584472366059666,4.0,3.5,-0.11685373897082962,9.480902133309087,0.37478967226300247
550.0,1.1584472366059666,4.0,5.0,-0.04734500546349867,9.480902133309087,0.37478967226300247
550.0,1.1584472366059666,4.0,7.0,0.11760881518879453,9.480902133309087,0.37478967226300247
550.0,1.1584472366059666,4.0,10.0,0.322287698088728,9.480902133309087,0.37478967226300247
550.0,1.1584472366059666,4.0,14.0,0.48986237931605564,9.480902133309087,0.37478967226300247
550.0,1.1584472366059666,4.0,20.0,0.6283315018033726,9.480902133309087,0.37478967226300247
550.0,1.216369598436265,4.0,0.5,-0.015438409225654301,10.02452114441519,0.3990036448964174
550.0,1.216369598436265,4.0,0.8,0.048268844632339256,10.02452114441519,0.3990036448964174
550.0,1.216369598436265,4.0,1.2,0.02504921482183655,10.02452114441519,0.3990036448964174
550.0,1.216369598436265,4.0,1.8,-0.013102333062472134,10.02452114441519,0.3990036448964174
550.0,1.216369598436265,4.0,2.5,-0.0617034569237847,10.02452114441519,0.3990036448964174
550.0,1.216369598436265,4.0,3.5,-0.11314274145667712,10.02452114441519,0.3990036448964174
550.0,1.216369598436265,4.0,5.0,-0.07101658016210138,10.02452114441519,0.3990036448964174
550.0,1.216369598436265,4.0,7.0,0.08485036081306083,10.02452114441519,0.3990036448964174
550.0,1.216369598436265,4.0,10.0,0.29376548907923017,10.02452114441519,0.3990036448964174
550.0,1.216369598436265,4.0,14.0,0.46825531854245706,10.02452114441519,0.3990036448964174
550.0,1.216369598436265,4.0,20.0,0.6128552642496001,10.02452114441519,0.3990036448964174
550.0,1.218475796513094,4.0,0.5,-0.015815417117268818,10.039199530298248,0.3996390946450369
550.0,1.218475796513094,4.0,0.8,0.048288941826412614,10.039199530298248,0.3996390946450369
550.0,1.218475796513094,4.0,1.2,0.026474152311835933,10.039199530298248,0.3996390946450369
550.0,1.218475796513094,4.0,1.8,-0.012452302466673433,10.039199530298248,0.3996390946450369
550.0,1.218475796513094,4.0,2.5,-0.06092316830551787,10.039199530298248,0.3996390946450369
550.0,1.218475796513094,4.0,3.5,-0.11289893468402729,10.039199530298248,0.3996390946450369
550.0,1.218475796513094,4.0,5.0,-0.07179374695148986,10.039199530298248,0.3996390946450369
550.0,1.218475796513094,4.0,7.0,0.08368560696394242,10.039199530298248,0.3996390946450369
550.0,1.218475796513094,4.0,10.0,0.2927239200237755,10.039199530298248,0.3996390946450369
550.0,1.218475796513094,4.0,14.0,0.46746014777071787,10.039199530298248,0.3996390946450369
550.0,1.218475796513094,4.0,20.0,0.6122840171729063,10.039199530298248,0.3996390946450369
550.0,1.3467753774655815,4.0,0.5,-0.015007868258857877,11.446909571593112,0.45662826066107265
550.0,1.3467753774655815,4.0,0.8,0.03196398564088708,11.446909571593112,0.45662826066107265
550.0,1.3467753774655815,4.0,1.2,0.030941183407533896,11.446909571593112,0.45662826066107265
550.0,1.3467753774655815,4.0,1.8,-0.01563497659111451,11.446909571593112,0.45662826066107265
550.0,1.3467753774655815,4.0,2.5,-0.02818008820926257,11.446909571593112,0.45662826066107265
550.0,1.3467753774655815,4.0,3.5,-0.08932765252632367,11.446909571593112,0.45662826066107265
550.0,1.3467753774655815,4.0,5.0,-0.10770823107384217,11.446909571593112,0.45662826066107265
550.0,1.3467753774655815,4.0,7.0,0.015733991941396266,11.446909571593112,0.45662826066107265
550.0,1.3467753774655815,4.0,10.0,0.22890986471566735,11.446909571593112,0.45662826066107265
550.0,1.3467753774655815,4.0,14.0,0.4182721836812478,11.446909571593112,0.45662826066107265
550.0,1.3467753774655815,4.0,20.0,0.5768240678202103,11.446909571593112,0.45662826066107265
550.0,1.4885842809008711,4.0,0.5,-0.008414332110383093,12.956079717387246,0.5104136201863797
550.0,1.4885842809008711,4.0,0.8,-0.02182776851448027,12.956079717387246,0.5104136201863797
550.0,1.4885842809008711,4.0,1.2,-0.01748845598792825,12.956079717387246,0.5104136201863797
550.0,1.4885842809008711,4.0,1.8,-0.04906384057475352,12.956079717387246,0.5104136201863797
550.0,1.4885842809008711,4.0,2.5,-0.03311321595819243,12.956079717387246,0.5104136201863797
550.0,1.4885842809008711,4.0,3.5,-0.05645190148364941,12.956079717387246,0.5104136201863797
550.0,1.4885842809008711,4.0,5.0,-0.12056840347640721,12.956079717387246,0.5104136201863797
550.0,1.4885842809008711,4.0,7.0,-0.04750115519941021,12.956079717387246,0.5104136201863797
550.0,1.4885842809008711,4.0,10.0,0.1595111803954977,12.956079717387246,0.5104136201863797
550.0,1.4885842809008711,4.0,14.0,0.3632296291321181,12.956079717387246,0.5104136201863797
550.0,1.4885842809008711,4.0,20.0,0.5367660775846816,12.956079717387246,0.5104136201863797
550.0,1.645324972836306,4.0,0.5,0.038157237037932265,14.58525218480722,0.5618539513189112
550.0,1.645324972836306,4.0,0.8,0.024269197755730654,14.58525218480722,0.5618539513189112
550.0,1.645324972836306,4.0,1.2,0.06090127274341794,14.58525218480722,0.5618539513189112
550.0,1.645324972836306,4.0,1.8,-0.005867714430247278,14.58525218480722,0.5618539513189112
550.0,1.645324972836306,4.0,2.5,-0.05836449551517751,14.58525218480722,0.5618539513189112
550.0,1.645324972836306,4.0,3.5,-0.03333636729778708,14.58525218480722,0.5618539513189112
550.0,1.645324972836306,4.0,5.0,-0.10331868462353794,14.58525218480722,0.5618539513189112
550.0,1.645324972836306,4.0,7.0,-0.09387314682950623,14.58525218480722,0.5618539513189112
550.0,1.645324972836306,4.0,10.0,0.0884812583600568,14.58525218480722,0.5618539513189112
550.0,1.645324972836306,4.0,14.0,0.3038596854090368,14.58525218480722,0.5618539513189112
550.0,1.645324972836306,4.0,20.0,0.4930478057875743,14.58525218480722,0.5618539513189112
550.0,1.8185696980492723,4.0,0.5,-0.020615102066243386,16.561833913279763,0.6170484337730504
550.0,1.8185696980492723,4.0,0.8,-0.025243388183034243,16.561833913279763,0.6170484337730504
550.0,1.8185696980492723,4.0,1.2,-0.05154782989955981,16.561833913279763,0.6170484337730504
550.0,1.8185696980492723,4.0,1.8,0.033259214572155325,16.561833913279763,0.6170484337730504
550.0,1.8185696980492723,4.0,2.5,-0.05319148177035203,16.561833913279763,0.6170484337730504
550.0,1.8185696980492723,4.0,3.5,-0.04283450142748406,16.561833913279763,0.6170484337730504
550.0,1.8185696980492723,4.0,5.0,-0.0750819977693895,16.561833913279763,0.6170484337730504
550.0,1.8185696980492723,4.0,7.0,-0.11775415816229631,16.561833913279763,0.6170484337730504
550.0,1.8185696980492723,4.0,10.0,0.01734750888918179,16.561833913279763,0.6170484337730504
550.0,1.8185696980492723,4.0,14.0,0.23867407883776798,16.561833913279763,0.6170484337730504
550.0,1.8185696980492723,4.0,20.0,0.44436979588020065,16.561833913279763,0.6170484337730504
550.0,2.0100562510528768,4.0,0.5,0.022388091314606694,18.668467012500635,0.6690486653813573
550.0,2.0100562510528768,4.0,0.8,0.012036483751379489,18.668467012500635,0.6690486653813573
550.0,2.0100562510528768,4.0,1.2,0.03650329600431548,18.668467012500635,0.6690486653813573
550.0,2.0100562510528768,4.0,1.8,-0.0005888594422426998,18.668467012500635,0.6690486653813573
550.0,2.0100562510528768,4.0,2.5,-0.01008039654933232,18.668467012500635,0.6690486653813573
550.0,2.0100562510528768,4.0,3.5,-0.06268383454991462,18.668467012500635,0.6690486653813573
550.0,2.0100562510528768,4.0,5.0,-0.04841256647948833,18.668467012500635,0.6690486653813573
550.0,2.0100562510528768,4.0,7.0,-0.11679690045882987,18.668467012500635,0.6690486653813573
550.0,2.0100562510528768,4.0,10.0,-0.04551320303599388,18.668467012500635,0.6690486653813573
550.0,2.0100562510528768,4.0,14.0,0.1690159482810705,18.668467012500635,0.6690486653813573
550.0,2.0100562510528768,4.0,20.0,0.391154108693415,18.668467012500635,0.6690486653813573
550.0,2.2217054076787313,4.0,0.5,0.02574456337873002,20.95988901470286,0.7193289873449035
550.0,2.2217054076787313,4.0,0.8,0.07442596754248795,20.95988901470286,0.7193289873449035
550.0,2.2217054076787313,4.0,1.2,-0.001820355533647827,20.95988901470286,0.7193289873449035
550.0,2.2217054076787313,4.0,1.8,0.002413819255371997,20.95988901470286,0.7193289873449035
550.0,2.2217054076787313,4.0,2.5,0.012123568520662438,20.95988901470286,0.7193289873449035
550.0,2.2217054076787313,4.0,3.5,-0.06624666261320601,20.95988901470286,0.7193289873449035
550.0,2.2217054076787313,4.0,5.0,-0.036591487646148974,20.95988901470286,0.7193289873449035
550.0,2.2217054076787313,4.0,7.0,-0.10079084041753049,20.95988901470286,0.7193289873449035
550.0,2.2217054076787313,4.0,10.0,-0.0909145763971488,20.95988901470286,0.7193289873449035
550.0,2.2217054076787313,4.0,14.0,0.09575811523079077,20.95988901470286,0.7193289873449035
550.0,2.2217054076787313,4.0,20.0,0.332794383922346,20.95988901470286,0.7193289873449035
550.0,2.455640192120709,4.0,0.5,0.014104512453779545,23.520018713326433,0.7693776716157292
550.0,2.455640192120709,4.0,0.8,0.0688162669550396,23.520018713326433,0.7693776716157292
550.0,2.455640192120709,4.0,1.2,-0.0022574352704675367,23.520018713326433,0.7693776716157292
550.0,2.455640192120709,4.0,1.8,0.0008352858672465916,23.520018713326433,0.7693776716157292
550.0,2.455640192120709,4.0,2.5,0.0038336911894517925,23.520018713326433,0.7693776716157292
550.0,2.455640192120709,4.0,3.5,-0.03924148565730402,23.520018713326433,0.7693776716157292
550.0,2.455640192120709,4.0,5.0,-0.05102441184450391,23.520018713326433,0.7693776716157292
550.0,2.455640192120709,4.0,7.0,-0.07191505142816897,23.520018713326433,0.7693776716157292
550.0,2.455640192120709,4.0,10.0,-0.11427123272018623,23.520018713326433,0.7693776716157292
550.0,2.455640192120709,4.0,14.0,0.02305889095624566,23.520018713326433,0.7693776716157292
550.0,2.455640192120709,4.0,20.0,0.2691950538655733,23.520018713326433,0.7693776716157292
550.0,2.714207172704789,4.0,0.5,0.01924678965573568,26.29084363962687,0.8177445309577894
550.0,2.714207172704789,4.0,0.8,0.023015468869800916,26.29084363962687,0.8177445309577894
550.0,2.714207172704789,4.0,1.2,0.00163651167060002,26.29084363962687,0.8177445309577894
550.0,2.714207172704789,4.0,1.8,0.003050713859272292,26.29084363962687,0.8177445309577894
550.0,2.714207172704789,4.0,2.5,0.0034916481748648747,26.29084363962687,0.8177445309577894
550.0,2.714207172704789,4.0,3.5,-0.0079078504023614,26.29084363962687,0.8177445309577894
550.0,2.714207172704789,4.0,5.0,-0.06881991408684798,26.29084363962687,0.8177445309577894
550.0,2.714207172704789,4.0,7.0,-0.045979026061031936,26.29084363962687,0.8177445309577894
550.0,2.714207172704789,4.0,10.0,-0.12054457823699209,26.29084363962687,0.8177445309577894
550.0,2.714207172704789,4.0,14.0,-0.04021252435553108,26.29084363962687,0.8177445309577894
550.0,2.714207172704789,4.0,20.0,0.20033493228221824,26.29084363962687,0.8177445309577894
550.0,3.0000000000000004,4.0,0.5,-0.00903164659685354,29.124405288530937,0.8621970746358532
550.0,3.0000000000000004,4.0,0.8,-0.012325643397079625,29.124405288530937,0.8621970746358532
550.0,3.0000000000000004,4.0,1.2,0.0011642925412869024,29.124405288530937,0.8621970746358532
550.0,3.0000000000000004,4.0,1.8,0.0015405056233928056,29.124405288530937,0.8621970746358532
550.0,3.0000000000000004,4.0,2.5,0.0006547919131890514,29.124405288530937,0.8621970746358532
550.0,3.0000000000000004,4.0,3.5,0.001196868056929703,29.124405288530937,0.8621970746358532
550.0,3.0000000000000004,4.0,5.0,-0.07019850111678042,29.124405288530937,0.8621970746358532
550.0,3.0000000000000004,4.0,7.0,-0.040524971370298375,29.124405288530937,0.8621970746358532
550.0,3.0000000000000004,4.0,10.0,-0.10783529554825683,29.124405288530937,0.8621970746358532
550.0,3.0000000000000004,4.0,14.0,-0.08478162953903148,29.124405288530937,0.8621970746358532
550.0,3.0000000000000004,4.0,20.0,0.12683827845979598,29.124405288530937,0.8621970746358532
550.0,0.3,4.5,0.5,-0.013561607311869,5.7434781013733565,0.1571149782086278
550.0,0.3,4.5,0.8,-0.03165745142172654,5.7434781013733565,0.1571149782086278
550.0,0.3,4.5,1.2,-0.053903118850597245,5.7434781013733565,0.1571149782086278
550.0,0.3,4.5,1.8,-0.0574252209831029,5.7434781013733565,0.1571149782086278
550.0,0.3,4.5,2.5,-0.04013967194836913,5.7434781013733565,0.1571149782086278
550.0,0.3,4.5,3.5,0.02573436426052983,5.7434781013733565,0.1571149782086278
550.0,0.3,4.5,5.0,0.1956374492185013,5.7434781013733565,0.1571149782086278
550.0,0.3,4.5,7.0,0.3482391961784385,5.7434781013733565,0.1571149782086278
550.0,0.3,4.5,10.0,0.4781654751116199,5.7434781013733565,0.1571149782086278
550.0,0.3,4.5,14.0,0.586588535505157,5.7434781013733565,0.1571149782086278
550.0,0.3,4.5,20.0,0.680301399708812,5.7434781013733565,0.1571149782086278
550.0,0.3315885423378064,4.5,0.5,-0.01650812567077119,5.267370398782428,0.11953386746834663
550.0,0.3315885423378064,4.5,0.8,-0.03687656688443246,5.267370398782428,0.11953386746834663
550.0,0.3315885423378064,4.5,1.2,-0.057857608475957785,5.267370398782428,0.11953386746834663
550.0,0.3315885423378064,4.5,1.8,-0.05328984643252111,5.267370398782428,0.11953386746834663
550.0,0.3315885423378064,4.5,2.5,-0.031332805871429434,5.267370398782428,0.11953386746834663
550.0,0.3315885423378064,4.5,3.5,0.06757329672972487,5.267370398782428,0.11953386746834663
550.0,0.3315885423378064,4.5,5.0,0.23938443216747812,5.267370398782428,0.11953386746834663
550.0,0.3315885423378064,4.5,7.0,0.3807286586847285,5.267370398782428,0.11953386746834663
550.0,0.3315885423378064,4.5,10.0,0.5057100842646409,5.267370398782428,0.11953386746834663
550.0,0.3315885423378064,4.5,14.0,0.6089661136738468,5.267370398782428,0.11953386746834663
550.0,0.3315885423378064,4.5,20.0,0.6987065894047308,5.267370398782428,0.11953386746834663
550.0,0.3665032046990376,4.5,0.5,-0.019767031915240055,4.863357136830164,0.08487617148709299
550.0,0.3665032046990376,4.5,0.8,-0.04233452112252883,4.863357136830164,0.08487617148709299
550.0,0.3665032046990376,4.5,1.2,-0.05983161670619477,4.863357136830164,0.08487617148709299
550.0,0.3665032046990376,4.5,1.8,-0.04839732148570476,4.863357136830164,0.08487617148709299
550.0,0.3665032046990376,4.5,2.5,-0.015570388491172777,4.863357136830164,0.08487617148709299
550.0,0.3665032046990376,4.5,3.5,0.11284999249113964,4.863357136830164,0.08487617148709299
550.0,0.3665032046990376,4.5,5.0,0.2761383436259108,4.863357136830164,0.08487617148709299
550.0,0.3665032046990376,4.5,7.0,0.4067428964511339,4.863357136830164,0.08487617148709299
550.0,0.3665032046990376,4.5,10.0,0.5294782578302231,4.863357136830164,0.08487617148709299
550.0,0.3665032046990376,4.5,14.0,0.6282772097223221,4.863357136830164,0.08487617148709299
550.0,0.3665032046990376,4.5,20.0,0.7146550994930311,4.863357136830164,0.08487617148709299
550.0,0.4050942113609619,4.5,0.5,-0.02353134852502601,4.535923784690776,0.054605757342092116
550.0,0.4050942113609619,4.5,0.8,-0.04757772791654268,4.535923784690776,0.054605757342092116
550.0,0.4050942113609619,4.5,1.2,-0.05900857184028985,4.535923784690776,0.054605757342092116
550.0,0.4050942113609619,4.5,1.8,-0.043304284221872595,4.535923784690776,0.054605757342092116
550.0,0.4050942113609619,4.5,2.5,0.010432511951526328,4.535923784690776,0.054605757342092116
550.0,0.4050942113609619,4.5,3.5,0.1541428262232946,4.535923784690776,0.054605757342092116
550.0,0.4050942113609619,4.5,5.0,0.30373788692143044,4.535923784690776,0.054605757342092116
550.0,0.4050942113609619,4.5,7.0,0.42590656984177294,4.535923784690776,0.054605757342092116
550.0,0.4050942113609619,4.5,10.0,0.5480272409700095,4.535923784690776,0.054605757342092116
550.0,0.4050942113609619,4.5,14.0,0.6441095610665986,4.535923784690776,0.054605757342092116
550.0,0.4050942113609619,4.5,20.0,0.7276708617749673,4.535923784690776,0.054605757342092116
550.0,0.4477486635155488,4.5,0.5,-0.027715289228615325,4.291623284510339,0.030561601593448853
550.0,0.4477486635155488,4.5,0.8,-0.05204420091556811,4.291623284510339,0.030561601593448853
550.0,0.4477486635155488,4.5,1.2,-0.05531443872945312,4.291623284510339,0.030561601593448853
550.0,0.4477486635155488,4.5,1.8,-0.03657943677039736,4.291623284510339,0.030561601593448853
550.0,0.4477486635155488,4.5,2.5,0.0450731737886828,4.291623284510339,0.030561601593448853
550.0,0.4477486635155488,4.5,3.5,0.185418727067528,4.291623284510339,0.030561601593448853
550.0,0.4477486635155488,4.5,5.0,0.32022461118748624,4.291623284510339,0.030561601593448853
550.0,0.4477486635155488,4.5,7.0,0.43930267496966263,4.291623284510339,0.030561601593448853
550.0,0.4477486635155488,4.5,10.0,0.5601784432411105,4.291623284510339,0.030561601593448853
550.0,0.4477486635155488,4.5,14.0,0.6552278962556101,4.291623284510339,0.030561601593448853
550.0,0.4477486635155488,4.5,20.0,0.7372071230430877,4.291623284510339,0.030561601593448853
550.0,0.4492873987401234,4.5,0.5,-0.027868059762502877,4.284695409451628,0.029859962890153205
550.0,0.4492873987401234,4.5,0.8,-0.05216538692783317,4.284695409451628,0.029859962890153205
550.0,0.4492873987401234,4.5,1.2,-0.05514170477581027,4.284695409451628,0.029859962890153205
550.0,0.4492873987401234,4.5,1.8,-0.03628440025112984,4.284695409451628,0.029859962890153205
550.0,0.4492873987401234,4.5,2.5,0.046330567936998766,4.284695409451628,0.029859962890153205
550.0,0.4492873987401234,4.5,3.5,0.18625426983095192,4.284695409451628,0.029859962890153205
550.0,0.4492873987401234,4.5,5.0,0.32056722709716606,4.284695409451628,0.029859962890153205
550.0,0.4492873987401234,4.5,7.0,0.43964481549131684,4.284695409451628,0.029859962890153205
550.0,0.4492873987401234,4.5,10.0,0.560467592723576,4.284695409451628,0.029859962890153205
550.0,0.4492873987401234,4.5,14.0,0.6555139889493722,4.284695409451628,0.029859962890153205
550.0,0.4492873987401234,4.5,20.0,0.7374813455090544,4.284695409451628,0.029859962890153205
550.0,0.47293410393697205,4.5,0.5,-0.03017641526932327,4.195687885091467,0.02074318246807947
550.0,0.47293410393697205,4.5,0.8,-0.05376329060767083,4.195687885091467,0.02074318246807947
550.0,0.47293410393697205,4.5,1.2,-0.05237911927468531,4.195687885091467,0.02074318246807947
550.0,0.47293410393697205,4.5,1.8,-0.031037476360890694,4.195687885091467,0.02074318246807947
550.0,0.47293410393697205,4.5,2.5,0.06477226319817277,4.195687885091467,0.02074318246807947
550.0,0.47293410393697205,4.5,3.5,0.19650488679600123,4.195687885091467,0.02074318246807947
550.0,0.47293410393697205,4.5,5.0,0.3238991776475806,4.195687885091467,0.02074318246807947
550.0,0.47293410393697205,4.5,7.0,0.44362341120345716,4.195687885091467,0.02074318246807947
550.0,0.47293410393697205,4.5,10.0,0.5638166414229158,4.195687885091467,0.02074318246807947
550.0,0.47293410393697205,4.5,14.0,0.6590152252412911,4.195687885091467,0.02074318246807947
550.0,0.47293410393697205,4.5,20.0,0.74085973604984,4.195687885091467,0.02074318246807947
550.0,0.4948944222294061,4.5,0.5,-0.03220224787489194,4.141806383023892,0.01512980174475435
550.0,0.4948944222294061,4.5,0.8,-0.05464480928700117,4.141806383023892,0.01512980174475435
550.0,0.4948944222294061,4.5,1.2,-0.04971144073889109,4.141806383023892,0.01512980174475435
550.0,0.4948944222294061,4.5,1.8,-0.024880439686252507,4.141806383023892,0.01512980174475435
550.0,0.4948944222294061,4.5,2.5,0.07951673098774056,4.141806383023892,0.01512980174475435
550.0,0.4948944222294061,4.5,3.5,0.20158541022635867,4.141806383023892,0.01512980174475435
550.0,0.4948944222294061,4.5,5.0,0.3237824876646553,4.141806383023892,0.01512980174475435
550.0,0.4948944222294061,4.5,7.0,0.4449925801789911,4.141806383023892,0.01512980174475435
550.0,0.4948944222294061,4.5,10.0,0.5652386184363714,4.141806383023892,0.01512980174475435
550.0,0.4948944222294061,4.5,14.0,0.6608999791911232,4.141806383023892,0.01512980174475435
550.0,0.4948944222294061,4.5,20.0,0.7428895540543403,4.141806383023892,0.01512980174475435
550.0,0.4965808091338207,4.5,0.5,-0.032353204744881195,4.138802734756115,0.014814736051655845
550.0,0.4965808091338207,4.5,0.8,-0.05469012691033666,4.138802734756115,0.014814736051655845
550.0,0.4965808091338207,4.5,1.2,-0.04950866090706903,4.138802734756115,0.014814736051655845
550.0,0.4965808091338207,4.5,1.8,-0.02435272828755158,4.138802734756115,0.014814736051655845
550.0,0.4965808091338207,4.5,2.5,0.08053182454010079,4.138802734756115,0.014814736051655845
550.0,0.4965808091338207,4.5,3.5,0.2018120060507449,4.138802734756115,0.014814736051655845
550.0,0.4965808091338207,4.5,5.0,0.323659526374331,4.138802734756115,0.014814736051655845
550.0,0.4965808091338207,4.5,7.0,0.44500957234151595,4.138802734756115,0.014814736051655845
550.0,0.4965808091338207,4.5,10.0,0.5652879659006429,4.138802734756115,0.014814736051655845
550.0,0.4965808091338207,4.5,14.0,0.6609960494007506,4.138802734756115,0.014814736051655845
550.0,0.4965808091338207,4.5,20.0,0.743010642719435,4.138802734756115,0.014814736051655845
550.0,0.5470044002605323,4.5,0.5,-0.036598677689216354,4.1248289400445435,0.013345951391884742
550.0,0.5470044002605323,4.5,0.8,-0.054117411467892826,4.1248289400445435,0.013345951391884742
550.0,0.5470044002605323,4.5,1.2,-0.04402808848042377,4.1248289400445435,0.013345951391884742
550.0,0.5470044002605323,4.5,1.8,-0.005740235069931867,4.1248289400445435,0.013345951391884742
550.0,0.5470044002605323,4.5,2.5,0.10074877171924508,4.1248289400445435,0.013345951391884742
550.0,0.5470044002605323,4.5,3.5,0.1981518445715335,4.1248289400445435,0.013345951391884742
550.0,0.5470044002605323,4.5,5.0,0.3130287300297647,4.1248289400445435,0.013345951391884742
550.0,0.5470044002605323,4.5,7.0,0.4397332556929367,4.1248289400445435,0.013345951391884742
550.0,0.5470044002605323,4.5,10.0,0.56267630610462,4.1248289400445435,0.013345951391884742
550.0,0.5470044002605323,4.5,14.0,0.6605731042468945,4.1248289400445435,0.013345951391884742
550.0,0.5470044002605323,4.5,20.0,0.7439327552370141,4.1248289400445435,0.013345951391884742
550.0,0.5502624373878341,4.5,0.5,-0.0368386739333208,4.1291241568380554,0.01379795035492379
550.0,0.5502624373878341,4.5,0.8,-0.05395262299686639,4.1291241568380554,0.01379795035492379
550.0,0.5502624373878341,4.5,1.2,-0.04373709952075717,4.1291241568380554,0.01379795035492379
550.0,0.5502624373878341,4.5,1.8,-0.004414056378858211,4.1291241568380554,0.01379795035492379
550.0,0.5502624373878341,4.5,2.5,0.10134253616843632,4.1291241568380554,0.01379795035492379
550.0,0.5502624373878341,4.5,3.5,0.19728432279603952,4.1291241568380554,0.01379795035492379
550.0,0.5502624373878341,4.5,5.0,0.3119445984758845,4.1291241568380554,0.01379795035492379
550.0,0.5502624373878341,4.5,7.0,0.43902697232082566,4.1291241568380554,0.01379795035492379
550.0,0.5502624373878341,4.5,10.0,0.5622389513171071,4.1291241568380554,0.01379795035492379
550.0,0.5502624373878341,4.5,14.0,0.6603323122179565,4.1291241568380554,0.01379795035492379
550.0,0.5502624373878341,4.5,20.0,0.7438336056315911,4.1291241568380554,0.01379795035492379
550.0,0.5792236183029833,4.5,0.5,-0.03875076492026443,4.289844030386941,0.03038151111931127
550.0,0.5792236183029833,4.5,0.8,-0.051851999143600065,4.289844030386941,0.03038151111931127
550.0,0.5792236183029833,4.5,1.2,-0.04150809863763505,4.289844030386941,0.03038151111931127
550.0,0.5792236183029833,4.5,1.8,0.007304165365504003,4.289844030386941,0.03038151111931127
550.0,0.5792236183029833,4.5,2.5,0.10240084763592504,4.289844030386941,0.03038151111931127
550.0,0.5792236183029833,4.5,3.5,0.186374038763259,4.289844030386941,0.03038151111931127
550.0,0.5792236183029833,4.5,5.0,0.3005015050373394,4.289844030386941,0.03038151111931127
550.0,0.5792236183029833,4.5,7.0,0.43080048871886634,4.289844030386941,0.03038151111931127
550.0,0.5792236183029833,4.5,10.0,0.5569346404820693,4.289844030386941,0.03038151111931127
550.0,0.5792236183029833,4.5,14.0,0.6571172236920564,4.289844030386941,0.03038151111931127
550.0,0.5792236183029833,4.5,20.0,0.7422066758704813,4.289844030386941,0.03038151111931127
550.0,0.6046013057825199,4.5,0.5,-0.04000041804308013,4.6009791529357305,0.06079027415037704
550.0,0.6046013057825199,4.5,0.8,-0.04909299920195003,4.6009791529357305,0.06079027415037704
550.0,0.6046013057825199,4.5,1.2,-0.03996627784673141,4.6009791529357305,0.06079027415037704
550.0,0.6046013057825199,4.5,1.8,0.016415131330989256,4.6009791529357305,0.06079027415037704
550.0,0.6046013057825199,4.5,2.5,0.09749103637327323,4.6009791529357305,0.06079027415037704
550.0,0.6046013057825199,4.5,3.5,0.17279413457756204,4.6009791529357305,0.06079027415037704
550.0,0.6046013057825199,4.5,5.0,0.2882723394211461,4.6009791529357305,0.06079027415037704
550.0,0.6046013057825199,4.5,7.0,0.42101655878615485,4.6009791529357305,0.06079027415037704
550.0,0.6046013057825199,4.5,10.0,0.5503542968885224,4.6009791529357305,0.06079027415037704
550.0,0.6046013057825199,4.5,14.0,0.6528298211953766,4.6009791529357305,0.06079027415037704
550.0,0.6046013057825199,4.5,20.0,0.7396990296672546,4.6009791529357305,0.06079027415037704
550.0,0.6081847992181325,4.5,0.5,-0.04014429040292178,4.64875776775831,0.06527692571623842
550.0,0.6081847992181325,4.5,0.8,-0.04864266603753447,4.64875776775831,0.06527692571623842
550.0,0.6081847992181325,4.5,1.2,-0.039773690635110416,4.64875776775831,0.06527692571623842
550.0,0.6081847992181325,4.5,1.8,0.017541065394252528,4.64875776775831,0.06527692571623842
550.0,0.6081847992181325,4.5,2.5,0.09638021827754346,4.64875776775831,0.06527692571623842
550.0,0.6081847992181325,4.5,3.5,0.17060685271247666,4.64875776775831,0.06527692571623842
550.0,0.6081847992181325,4.5,5.0,0.2863902957158911,4.64875776775831,0.06527692571623842
550.0,0.6081847992181325,4.5,7.0,0.419457458543932,4.64875776775831,0.06527692571623842
550.0,0.6081847992181325,4.5,10.0,0.5492897445593959,4.64875776775831,0.06527692571623842
550.0,0.6081847992181325,4.5,14.0,0.6521253051543584,4.64875776775831,0.06527692571623842
550.0,0.6081847992181325,4.5,20.0,0.7392651581679711,4.64875776775831,0.06527692571623842
550.0,0.6353883327016112,4.5,0.5,-0.04078391403770816,5.10187273515377,0.10566962972162124
550.0,0.6353883327016112,4.5,0.8,-0.04484640207839796,5.10187273515377,0.10566962972162124
550.0,0.6353883327016112,4.5,1.2,-0.038427004337040334,5.10187273515377,0.10566962972162124
550.0,0.6353883327016112,4.5,1.8,0.024073019497073266,5.10187273515377,0.10566962972162124
550.0,0.6353883327016112,4.5,2.5,0.08487876796688057,5.10187273515377,0.10566962972162124
550.0,0.6353883327016112,4.5,3.5,0.15214693186165051,5.10187273515377,0.10566962972162124
550.0,0.6353883327016112,4.5,5.0,0.27083065955399777,5.10187273515377,0.10566962972162124
550.0,0.6353883327016112,4.5,7.0,0.4063035662123563,5.10187273515377,0.10566962972162124
550.0,0.6353883327016112,4.5,10.0,0.5401913251066739,5.10187273515377,0.10566962972162124
550.0,0.6353883327016112,4.5,14.0,0.6460697722564528,5.10187273515377,0.10566962972162124
550.0,0.6353883327016112,4.5,20.0,0.7354336159769532,5.10187273515377,0.10566962972162124
550.0,0.6682628855998672,4.5,0.5,-0.04041873235194651,5.656314017469093,0.15047352054087232
550.0,0.6682628855998672,4.5,0.8,-0.03953194686694174,5.656314017469093,0.15047352054087232
550.0,0.6682628855998672,4.5,1.2,-0.036772757560075454,5.656314017469093,0.15047352054087232
550.0,0.6682628855998672,4.5,1.8,0.025977040293106636,5.656314017469093,0.15047352054087232
550.0,0.6682628855998672,4.5,2.5,0.06457117584881306,5.656314017469093,0.15047352054087232
550.0,0.6682628855998672,4.5,3.5,0.12616461929665532,5.656314017469093,0.15047352054087232
550.0,0.6682628855998672,4.5,5.0,0.24898403471474506,5.656314017469093,0.15047352054087232
550.0,0.6682628855998672,4.5,7.0,0.3875945599015747,5.656314017469093,0.15047352054087232
550.0,0.6682628855998672,4.5,10.0,0.5269966866157595,5.656314017469093,0.15047352054087232
550.0,0.6682628855998672,4.5,14.0,0.6371183210391252,5.656314017469093,0.15047352054087232
550.0,0.6682628855998672,4.5,20.0,0.7295749149767485,5.656314017469093,0.15047352054087232
550.0,0.6688298238964329,4.5,0.5,-0.04039928781606395,5.665358462452306,0.15116740271961096
550.0,0.6688298238964329,4.5,0.8,-0.0394372027136368,5.665358462452306,0.15116740271961096
550.0,0.6688298238964329,4.5,1.2,-0.036740133530602966,5.665358462452306,0.15116740271961096
550.0,0.6688298238964329,4.5,1.8,0.025942476812576873,5.665358462452306,0.15116740271961096
550.0,0.6688298238964329,4.5,2.5,0.06416907533022252,5.665358462452306,0.15116740271961096
550.0,0.6688298238964329,4.5,3.5,0.12568980576334793,5.665358462452306,0.15116740271961096
550.0,0.6688298238964329,4.5,5.0,0.2485804317273897,5.665358462452306,0.15116740271961096
550.0,0.6688298238964329,4.5,7.0,0.3872503743500461,5.665358462452306,0.15116740271961096
550.0,0.6688298238964329,4.5,10.0,0.5267523187343389,5.665358462452306,0.15116740271961096
550.0,0.6688298238964329,4.5,14.0,0.6369500962151042,5.665358462452306,0.15116740271961096
550.0,0.6688298238964329,4.5,20.0,0.7294631171781344,5.665358462452306,0.15116740271961096
550.0,0.7022713150912545,4.5,0.5,-0.03832734710681021,6.109403399453094,0.18393881089888803
550.0,0.7022713150912545,4.5,0.8,-0.03380027537408746,6.109403399453094,0.18393881089888803
550.0,0.7022713150912545,4.5,1.2,-0.03451618892653739,6.109403399453094,0.18393881089888803
550.0,0.7022713150912545,4.5,1.8,0.019709871560383844,6.109403399453094,0.18393881089888803
550.0,0.7022713150912545,4.5,2.5,0.038151270787334546,6.109403399453094,0.18393881089888803
550.0,0.7022713150912545,4.5,3.5,0.09652900775919163,6.109403399453094,0.18393881089888803
550.0,0.7022713150912545,4.5,5.0,0.22326860317806793,6.109403399453094,0.18393881089888803
550.0,0.7022713150912545,4.5,7.0,0.36586154575926355,6.109403399453094,0.18393881089888803
550.0,0.7022713150912545,4.5,10.0,0.5114013717891427,6.109403399453094,0.18393881089888803
550.0,0.7022713150912545,4.5,14.0,0.6262202916583978,6.109403399453094,0.18393881089888803
550.0,0.7022713150912545,4.5,20.0,0.7222832468196156,6.109403399453094,0.18393881089888803
550.0,0.7386277204483878,4.5,0.5,-0.033441255498273446,6.354271233797977,0.20100575753705172
550.0,0.7386277204483878,4.5,0.8,-0.028022240344733558,6.354271233797977,0.20100575753705172
550.0,0.7386277204483878,4.5,1.2,-0.03126862473206487,6.354271233797977,0.20100575753705172
550.0,0.7386277204483878,4.5,1.8,0.0038634740745607152,6.354271233797977,0.20100575753705172
550.0,0.7386277204483878,4.5,2.5,0.006546322485469322,6.354271233797977,0.20100575753705172
550.0,0.7386277204483878,4.5,3.5,0.06330411306661816,6.354271233797977,0.20100575753705172
550.0,0.7386277204483878,4.5,5.0,0.192905322023671,6.354271233797977,0.20100575753705172
550.0,0.7386277204483878,4.5,7.0,0.3406133186226633,6.354271233797977,0.20100575753705172
550.0,0.7386277204483878,4.5,10.0,0.4928911448003234,6.354271233797977,0.20100575753705172
550.0,0.7386277204483878,4.5,14.0,0.6130371512283939,6.354271233797977,0.20100575753705172
550.0,0.7386277204483878,4.5,20.0,0.7133708278399169,6.354271233797977,0.20100575753705172
550.0,0.7781886018183509,4.5,0.5,-0.023911516046761568,6.622980369466452,0.21899347647069517
550.0,0.7781886018183509,4.5,0.8,-0.02285982462314153,6.622980369466452,0.21899347647069517
550.0,0.7781886018183509,4.5,1.2,-0.027194149487021847,6.622980369466452,0.21899347647069517
550.0,0.7781886018183509,4.5,1.8,-0.021477728698145487,6.622980369466452,0.21899347647069517
550.0,0.7781886018183509,4.5,2.5,-0.028277230463990742,6.622980369466452,0.21899347647069517
550.0,0.7781886018183509,4.5,3.5,0.0271972647747058,6.622980369466452,0.21899347647069517
550.0,0.7781886018183509,4.5,5.0,0.1575830445570767,6.622980369466452,0.21899347647069517
550.0,0.7781886018183509,4.5,7.0,0.3112386889327806,6.622980369466452,0.21899347647069517
550.0,0.7781886018183509,4.5,10.0,0.4710005597577866,6.622980369466452,0.21899347647069517
550.0,0.7781886018183509,4.5,14.0,0.5973566933018295,6.622980369466452,0.21899347647069517
550.0,0.7781886018183509,4.5,20.0,0.7026416199088055,6.622980369466452,0.21899347647069517
550.0,0.8164016305125923,4.5,0.5,-0.009369346848148484,6.841625281229983,0.23309929267620763
550.0,0.8164016305125923,4.5,0.8,-0.01918554343001132,6.841625281229983,0.23309929267620763
550.0,0.8164016305125923,4.5,1.2,-0.024012201065287554,6.841625281229983,0.23309929267620763
550.0,0.8164016305125923,4.5,1.8,-0.049304467391390945,6.841625281229983,0.23309929267620763
550.0,0.8164016305125923,4.5,2.5,-0.05901777307344213,6.841625281229983,0.23309929267620763
550.0,0.8164016305125923,4.5,3.5,-0.005751559491162127,6.841625281229983,0.23309929267620763
550.0,0.8164016305125923,4.5,5.0,0.12256646425237383,6.841625281229983,0.23309929267620763
550.0,0.8164016305125923,4.5,7.0,0.28164875904917797,6.841625281229983,0.23309929267620763
550.0,0.8164016305125923,4.5,10.0,0.4486998448213356,6.841625281229983,0.23309929267620763
550.0,0.8164016305125923,4.5,14.0,0.5813238079397237,6.841625281229983,0.23309929267620763
550.0,0.8164016305125923,4.5,20.0,0.6915363397511676,6.841625281229983,0.23309929267620763
550.0,0.8191458966508958,4.5,0.5,-0.008094107916758936,6.857752244323918,0.23412179961914367
550.0,0.8191458966508958,4.5,0.8,-0.018968759106954898,6.857752244323918,0.23412179961914367
550.0,0.8191458966508958,4.5,1.2,-0.023855611321527442,6.857752244323918,0.23412179961914367
550.0,0.8191458966508958,4.5,1.8,-0.05128366284424111,6.857752244323918,0.23412179961914367
550.0,0.8191458966508958,4.5,2.5,-0.06103808289928456,6.857752244323918,0.23412179961914367
550.0,0.8191458966508958,4.5,3.5,-0.007998330560966552,6.857752244323918,0.23412179961914367
550.0,0.8191458966508958,4.5,5.0,0.12005568670685803,6.857752244323918,0.23412179961914367
550.0,0.8191458966508958,4.5,7.0,0.27949636292255303,6.857752244323918,0.23412179961914367
550.0,0.8191458966508958,4.5,10.0,0.44706887133330936,6.857752244323918,0.23412179961914367
550.0,0.8191458966508958,4.5,14.0,0.5801471006562209,6.857752244323918,0.23412179961914367
550.0,0.8191458966508958,4.5,20.0,0.6907190464874282,6.857752244323918,0.23412179961914367
550.0,0.8601031914834406,4.5,0.5,0.014660974863482456,7.199611003848496,0.2552490407358206
550.0,0.8601031914834406,4.5,0.8,-0.015962259870758725,7.199611003848496,0.2552490407358206
550.0,0.8601031914834406,4.5,1.2,-0.023471700876211334,7.199611003848496,0.2552490407358206
550.0,0.8601031914834406,4.5,1.8,-0.07815975782540245,7.199611003848496,0.2552490407358206
550.0,0.8601031914834406,4.5,2.5,-0.08725671244478134,7.199611003848496,0.2552490407358206
550.0,0.8601031914834406,4.5,3.5,-0.03922651969272152,7.199611003848496,0.2552490407358206
550.0,0.8601031914834406,4.5,5.0,0.08322529813322704,7.199611003848496,0.2552490407358206
550.0,0.8601031914834406,4.5,7.0,0.2472542359942727,7.199611003848496,0.2552490407358206
550.0,0.8601031914834406,4.5,10.0,0.4225142886129224,7.199611003848496,0.2552490407358206
550.0,0.8601031914834406,4.5,14.0,0.5623444680770777,7.199611003848496,0.2552490407358206
550.0,0.8601031914834406,4.5,20.0,0.6783431725786045,7.199611003848496,0.2552490407358206
550.0,0.9023647554129298,4.5,0.5,0.043445429230805716,7.879730119823158,0.2944513518622619
550.0,0.9023647554129298,4.5,0.8,-0.012066742008726138,7.879730119823158,0.2944513518622619
550.0,0.9023647554129298,4.5,1.2,-0.02759735302028153,7.879730119823158,0.2944513518622619
550.0,0.9023647554129298,4.5,1.8,-0.09661501969999733,7.879730119823158,0.2944513518622619
550.0,0.9023647554129298,4.5,2.5,-0.10520756608915038,7.879730119823158,0.2944513518622619
550.0,0.9023647554129298,4.5,3.5,-0.066530867066057,7.879730119823158,0.2944513518622619
550.0,0.9023647554129298,4.5,5.0,0.04747405711765421,7.879730119823158,0.2944513518622619
550.0,0.9023647554129298,4.5,7.0,0.2143672859607557,7.879730119823158,0.2944513518622619
550.0,0.9023647554129298,4.5,10.0,0.3972123858672412,7.879730119823158,0.2944513518622619
550.0,0.9023647554129298,4.5,14.0,0.5437858049027577,7.879730119823158,0.2944513518622619
550.0,0.9023647554129298,4.5,20.0,0.6653570447837823,7.879730119823158,0.2944513518622619
550.0,0.9973793796812823,4.5,0.5,0.07087890062136122,8.876841782810775,0.34619848793449215
550.0,0.9973793796812823,4.5,0.8,0.010475220109606291,8.876841782810775,0.34619848793449215
550.0,0.9973793796812823,4.5,1.2,-0.04275986315049822,8.876841782810775,0.34619848793449215
550.0,0.9973793796812823,4.5,1.8,-0.08811800371274749,8.876841782810775,0.34619848793449215
550.0,0.9973793796812823,4.5,2.5,-0.10884462016098015,8.876841782810775,0.34619848793449215
550.0,0.9973793796812823,4.5,3.5,-0.10761302205811166,8.876841782810775,0.34619848793449215
550.0,0.9973793796812823,4.5,5.0,-0.01945347503552356,8.876841782810775,0.34619848793449215
550.0,0.9973793796812823,4.5,7.0,0.145463427617892,8.876841782810775,0.34619848793449215
550.0,0.9973793796812823,4.5,10.0,0.34192569181381005,8.876841782810775,0.34619848793449215
550.0,0.9973793796812823,4.5,14.0,0.5027480120355722,8.876841782810775,0.34619848793449215
550.0,0.9973793796812823,4.5,20.0,0.636371817157275,8.876841782810775,0.34619848793449215
550.0,1.1005248747756682,4.5,0.5,-0.0039678133597574345,10.176388214845845,0.4055336750138551
550.0,1.1005248747756682,4.5,0.8,0.04706539589131589,10.176388214845845,0.4055336750138551
550.0,1.1005248747756682,4.5,1.2,-0.00995209774665138,10.176388214845845,0.4055336750138551
550.0,1.1005248747756682,4.5,1.8,-0.02728271564732515,10.176388214845845,0.4055336750138551
550.0,1.1005248747756682,4.5,2.5,-0.07174984311463695,10.176388214845845,0.4055336750138551
550.0,1.1005248747756682,4.5,3.5,-0.11570085752630463,10.176388214845845,0.4055336750138551
550.0,1.1005248747756682,4.5,5.0,-0.07066220910471356,10.176388214845845,0.4055336750138551
550.0,1.1005248747756682,4.5,7.0,0.07958404046946266,10.176388214845845,0.4055336750138551
550.0,1.1005248747756682,4.5,10.0,0.2849616670905608,10.176388214845845,0.4055336750138551
550.0,1.1005248747756682,4.5,14.0,0.4596229324131082,10.176388214845845,0.4055336750138551
550.0,1.1005248747756682,4.5,20.0,0.6055753173820809,10.176388214845845,0.4055336750138551
550.0,1.102398582221007,4.5,0.5,-0.005134659093372018,10.202574800570126,0.4066497961757401
550.0,1.102398582221007,4.5,0.8,0.04746575932938785,10.202574800570126,0.4066497961757401
550.0,1.102398582221007,4.5,1.2,-0.008650006042086272,10.202574800570126,0.4066497961757401
550.0,1.102398582221007,4.5,1.8,-0.02621502689471608,10.202574800570126,0.4066497961757401
550.0,1.102398582221007,4.5,2.5,-0.0709179512608003,10.202574800570126,0.4066497961757401
550.0,1.102398582221007,4.5,3.5,-0.1155085354803248,10.202574800570126,0.4066497961757401
550.0,1.102398582221007,4.5,5.0,-0.07141755606815015,10.202574800570126,0.4066497961757401
550.0,1.102398582221007,4.5,7.0,0.07844865505819187,10.202574800570126,0.4066497961757401
550.0,1.102398582221007,4.5,10.0,0.2839429942613392,10.202574800570126,0.4066497961757401
550.0,1.102398582221007,4.5,14.0,0.458841772500315,10.202574800570126,0.4066497961757401
550.0,1.102398582221007,4.5,20.0,0.605015855153624,10.202574800570126,0.4066497961757401
550.0,1.1584472366059666,4.5,0.5,-0.026673773162138655,10.73785412442707,0.4288575083749973
550.0,1.1584472366059666,4.5,0.8,0.05100284310115917,10.73785412442707,0.4288575083749973
550.0,1.1584472366059666,4.5,1.2,0.03336670380442635,10.73785412442707,0.4288575083749973
550.0,1.1584472366059666,4.5,1.8,-0.00246051449225971,10.73785412442707,0.4288575083749973
550.0,1.1584472366059666,4.5,2.5,-0.04700092752569573,10.73785412442707,0.4288575083749973
550.0,1.1584472366059666,4.5,3.5,-0.10585853307146595,10.73785412442707,0.4288575083749973
550.0,1.1584472366059666,4.5,5.0,-0.09127416461264075,10.73785412442707,0.4288575083749973
550.0,1.1584472366059666,4.5,7.0,0.04547493022465086,10.73785412442707,0.4288575083749973
550.0,1.1584472366059666,4.5,10.0,0.25355508517154207,10.73785412442707,0.4288575083749973
550.0,1.1584472366059666,4.5,14.0,0.4354001676280992,10.73785412442707,0.4288575083749973
550.0,1.1584472366059666,4.5,20.0,0.5881506843414922,10.73785412442707,0.4288575083749973
550.0,1.216369598436265,4.5,0.5,-0.026167401987342284,11.409263290104342,0.4551976110769329
550.0,1.216369598436265,4.5,0.8,0.03907599905980635,11.409263290104342,0.4551976110769329
550.0,1.216369598436265,4.5,1.2,0.05898325539297028,11.409263290104342,0.4551976110769329
550.0,1.216369598436265,4.5,1.8,0.0003724267857996004,11.409263290104342,0.4551976110769329
550.0,1.216369598436265,4.5,2.5,-0.029033246392870353,11.409263290104342,0.4551976110769329
550.0,1.216369598436265,4.5,3.5,-0.09101843116065374,11.409263290104342,0.4551976110769329
550.0,1.216369598436265,4.5,5.0,-0.106176953297561,11.409263290104342,0.4551976110769329
550.0,1.216369598436265,4.5,7.0,0.013273920846785586,11.409263290104342,0.4551976110769329
550.0,1.216369598436265,4.5,10.0,0.22196253610610564,11.409263290104342,0.4551976110769329
550.0,1.216369598436265,4.5,14.0,0.4107983757881723,11.409263290104342,0.4551976110769329
550.0,1.216369598436265,4.5,20.0,0.5703503990801703,11.409263290104342,0.4551976110769329
550.0,1.218475796513094,4.5,0.5,-0.02587965631421412,11.441748006346044,0.45643238728272784
550.0,1.218475796513094,4.5,0.8,0.03844617150698668,11.441748006346044,0.45643238728272784
550.0,1.218475796513094,4.5,1.2,0.059142612413958726,11.441748006346044,0.45643238728272784
550.0,1.218475796513094,4.5,1.8,5.538084063266245e-05,11.441748006346044,0.45643238728272784
550.0,1.218475796513094,4.5,2.5,-0.028591471780601053,11.441748006346044,0.45643238728272784
550.0,1.218475796513094,4.5,3.5,-0.0904579475463713,11.441748006346044,0.45643238728272784
550.0,1.218475796513094,4.5,5.0,-0.10661774567200252,11.441748006346044,0.45643238728272784
550.0,1.218475796513094,4.5,7.0,0.012141785577480847,11.441748006346044,0.45643238728272784
550.0,1.218475796513094,4.5,10.0,0.22080634377716923,11.441748006346044,0.45643238728272784
550.0,1.218475796513094,4.5,14.0,0.4098893166898889,11.441748006346044,0.45643238728272784
550.0,1.218475796513094,4.5,20.0,0.5696909534809005,11.441748006346044,0.45643238728272784
550.0,1.3467753774655815,4.5,0.5,-0.006262401871744614,12.98380503301341,0.5113419941006444
550.0,1.3467753774655815,4.5,0.8,-0.0038620756650136435,12.98380503301341,0.5113419941006444
550.0,1.3467753774655815,4.5,1.2,-0.013810202503440224,12.98380503301341,0.5113419941006444
550.0,1.3467753774655815,4.5,1.8,-0.04022459429737462,12.98380503301341,0.5113419941006444
550.0,1.3467753774655815,4.5,2.5,-0.027887547302231985,12.98380503301341,0.5113419941006444
550.0,1.3467753774655815,4.5,3.5,-0.05744122859770282,12.98380503301341,0.5113419941006444
550.0,1.3467753774655815,4.5,5.0,-0.11942246499746444,12.98380503301341,0.5113419941006444
550.0,1.3467753774655815,4.5,7.0,-0.05016674948508937,12.98380503301341,0.5113419941006444
550.0,1.3467753774655815,4.5,10.0,0.1513109106026082,12.98380503301341,0.5113419941006444
550.0,1.3467753774655815,4.5,14.0,0.35429812875422534,12.98380503301341,0.5113419941006444
550.0,1.3467753774655815,4.5,20.0,0.5291772816237551,12.98380503301341,0.5113419941006444
550.0,1.4885842809008711,4.5,0.5,0.020891871869510997,14.769934854714867,0.567318588459258
550.0,1.4885842809008711,4.5,0.8,-0.0093277111397869,14.769934854714867,0.567318588459258
550.0,1.4885842809008711,4.5,1.2,0.042443582945385444,14.769934854714867,0.567318588459258
550.0,1.4885842809008711,4.5,1.8,-0.018215389730576216,14.769934854714867,0.567318588459258
550.0,1.4885842809008711,4.5,2.5,-0.05458847947658434,14.769934854714867,0.567318588459258
550.0,1.4885842809008711,4.5,3.5,-0.03311900590056435,14.769934854714867,0.567318588459258
550.0,1.4885842809008711,4.5,5.0,-0.10341885761717001,14.769934854714867,0.567318588459258
550.0,1.4885842809008711,4.5,7.0,-0.09614097536045207,14.769934854714867,0.567318588459258
550.0,1.4885842809008711,4.5,10.0,0.08013020851612201,14.769934854714867,0.567318588459258
550.0,1.4885842809008711,4.5,14.0,0.29409622105520977,14.769934854714867,0.567318588459258
550.0,1.4885842809008711,4.5,20.0,0.4847373091147124,14.769934854714867,0.567318588459258
550.0,1.645324972836306,4.5,0.5,-0.014857730177759898,16.663539322023876,0.6197072593306125
550.0,1.645324972836306,4.5,0.8,0.027719775339491368,16.663539322023876,0.6197072593306125
550.0,1.645324972836306,4.5,1.2,-0.034084473648237454,16.663539322023876,0.6197072593306125
550.0,1.645324972836306,4.5,1.8,0.039754181974685776,16.663539322023876,0.6197072593306125
550.0,1.645324972836306,4.5,2.5,-0.05192725297928376,16.663539322023876,0.6197072593306125
550.0,1.645324972836306,4.5,3.5,-0.04148502693279367,16.663539322023876,0.6197072593306125
550.0,1.645324972836306,4.5,5.0,-0.07277134536135663,16.663539322023876,0.6197072593306125
550.0,1.645324972836306,4.5,7.0,-0.11845548243397391,16.663539322023876,0.6197072593306125
550.0,1.645324972836306,4.5,10.0,0.010113239825495933,16.663539322023876,0.6197072593306125
550.0,1.645324972836306,4.5,14.0,0.2286635323997886,16.663539322023876,0.6197072593306125
550.0,1.645324972836306,4.5,20.0,0.4356490629952304,16.663539322023876,0.6197072593306125
550.0,1.8185696980492723,4.5,0.5,0.04471562997275476,18.837044926277052,0.6729527822418921
550.0,1.8185696980492723,4.5,0.8,0.02417773051417627,18.837044926277052,0.6729527822418921
550.0,1.8185696980492723,4.5,1.2,0.041492055784210544,18.837044926277052,0.6729527822418921
550.0,1.8185696980492723,4.5,1.8,0.0016846346567602082,18.837044926277052,0.6729527822418921
550.0,1.8185696980492723,4.5,2.5,-0.008662824371639522,18.837044926277052,0.6729527822418921
550.0,1.8185696980492723,4.5,3.5,-0.061572588206815125,18.837044926277052,0.6729527822418921
550.0,1.8185696980492723,4.5,5.0,-0.04683854934888332,18.837044926277052,0.6729527822418921
550.0,1.8185696980492723,4.5,7.0,-0.11573894483762207,18.837044926277052,0.6729527822418921
550.0,1.8185696980492723,4.5,10.0,-0.05152526092784714,18.837044926277052,0.6729527822418921
550.0,1.8185696980492723,4.5,14.0,0.15853900780099842,18.837044926277052,0.6729527822418921
550.0,1.8185696980492723,4.5,20.0,0.3816908049768925,18.837044926277052,0.6729527822418921
550.0,2.0100562510528768,4.5,0.5,-0.0026181471940787044,21.186375983559174,0.7239966838847152
550.0,2.0100562510528768,4.5,0.8,-0.01781844866063333,21.186375983559174,0.7239966838847152
550.0,2.0100562510528768,4.5,1.2,-0.028006626007061226,21.186375983559174,0.7239966838847152
550.0,2.0100562510528768,4.5,1.8,-0.0005280934043834974,21.186375983559174,0.7239966838847152
550.0,2.0100562510528768,4.5,2.5,0.013742173265112931,21.186375983559174,0.7239966838847152
550.0,2.0100562510528768,4.5,3.5,-0.06586382966227808,21.186375983559174,0.7239966838847152
550.0,2.0100562510528768,4.5,5.0,-0.03669162571827837,21.186375983559174,0.7239966838847152
550.0,2.0100562510528768,4.5,7.0,-0.09786545966323218,21.186375983559174,0.7239966838847152
550.0,2.0100562510528768,4.5,10.0,-0.095140681307552,21.186375983559174,0.7239966838847152
550.0,2.0100562510528768,4.5,14.0,0.08528350576481451,21.186375983559174,0.7239966838847152
550.0,2.0100562510528768,4.5,20.0,0.32257149631341225,21.186375983559174,0.7239966838847152
550.0,2.2217054076787313,4.5,0.5,-0.005024947258482715,23.825590383752626,0.7749836796709314
550.0,2.2217054076787313,4.5,0.8,-0.05426955312946175,23.825590383752626,0.7749836796709314
550.0,2.2217054076787313,4.5,1.2,0.002404634757755569,23.825590383752626,0.7749836796709314
550.0,2.2217054076787313,4.5,1.8,0.0022094034326525305,23.825590383752626,0.7749836796709314
550.0,2.2217054076787313,4.5,2.5,0.002243485321705704,23.825590383752626,0.7749836796709314
550.0,2.2217054076787313,4.5,3.5,-0.03594557368793616,23.825590383752626,0.7749836796709314
550.0,2.2217054076787313,4.5,5.0,-0.05253198810185613,23.825590383752626,0.7749836796709314
550.0,2.2217054076787313,4.5,7.0,-0.06884825938618923,23.825590383752626,0.7749836796709314
550.0,2.2217054076787313,4.5,10.0,-0.11602657507714514,23.825590383752626,0.7749836796709314
550.0,2.2217054076787313,4.5,14.0,0.013446243335507488,23.825590383752626,0.7749836796709314
550.0,2.2217054076787313,4.5,20.0,0.2582445136375367,23.825590383752626,0.7749836796709314
550.0,2.455640192120709,4.5,0.5,-0.005093994652700088,26.640805750775133,0.8234873645991116
550.0,2.455640192120709,4.5,0.8,-0.019087643584307874,26.640805750775133,0.8234873645991116
550.0,2.455640192120709,4.5,1.2,0.005831599118552386,26.640805750775133,0.8234873645991116
550.0,2.455640192120709,4.5,1.8,0.0024070753372468644,26.640805750775133,0.8234873645991116
550.0,2.455640192120709,4.5,2.5,0.0028604567496522426,26.640805750775133,0.8234873645991116
550.0,2.455640192120709,4.5,3.5,-0.004313741872804427,26.640805750775133,0.8234873645991116
550.0,2.455640192120709,4.5,5.0,-0.06951940349553788,26.640805750775133,0.8234873645991116
550.0,2.455640192120709,4.5,7.0,-0.044001858007518053,26.640805750775133,0.8234873645991116
550.0,2.455640192120709,4.5,10.0,-0.11962244675296818,26.640805750775133,0.8234873645991116
550.0,2.455640192120709,4.5,14.0,-0.047924259119167104,26.640805750775133,0.8234873645991116
550.0,2.455640192120709,4.5,20.0,0.18873994810117053,26.640805750775133,0.8234873645991116
550.0,2.714207172704789,4.5,0.5,0.021563740734066705,29.64455002351626,0.8698848712198769
550.0,2.714207172704789,4.5,0.8,0.03984503020307327,29.64455002351626,0.8698848712198769
550.0,2.714207172704789,4.5,1.2,0.003922169759690725,29.64455002351626,0.8698848712198769
550.0,2.714207172704789,4.5,1.8,0.0024111561413398853,29.64455002351626,0.8698848712198769
550.0,2.714207172704789,4.5,2.5,0.0019189091319369998,29.64455002351626,0.8698848712198769
550.0,2.714207172704789,4.5,3.5,0.0024740545546273114,29.64455002351626,0.8698848712198769
550.0,2.714207172704789,4.5,5.0,-0.06824029710121407,29.64455002351626,0.8698848712198769
550.0,2.714207172704789,4.5,7.0,-0.0408526152169389,29.64455002351626,0.8698848712198769
550.0,2.714207172704789,4.5,10.0,-0.10452923601778286,29.64455002351626,0.8698848712198769
550.0,2.714207172704789,4.5,14.0,-0.08996994969824267,29.64455002351626,0.8698848712198769
550.0,2.714207172704789,4.5,20.0,0.11490933329934032,29.64455002351626,0.8698848712198769
550.0,3.0000000000000004,4.5,0.5,-0.0040203380019063675,32.636912271677375,0.9116490727610816
550.0,3.0000000000000004,4.5,0.8,-0.01015378572402879,32.636912271677375,0.9116490727610816
550.0,3.0000000000000004,4.5,1.2,0.0014126542161545788,32.636912271677375,0.9116490727610816
550.0,3.0000000000000004,4.5,1.8,0.0015572989064696048,32.636912271677375,0.9116490727610816
550.0,3.0000000000000004,4.5,2.5,0.0010145058579616208,32.636912271677375,0.9116490727610816
550.0,3.0000000000000004,4.5,3.5,0.0024759262846602223,32.636912271677375,0.9116490727610816
550.0,3.0000000000000004,4.5,5.0,-0.04091224779832858,32.636912271677375,0.9116490727610816
550.0,3.0000000000000004,4.5,7.0,-0.054374839733593916,32.636912271677375,0.9116490727610816
550.0,3.0000000000000004,4.5,10.0,-0.07598657292624252,32.636912271677375,0.9116490727610816
550.0,3.0000000000000004,4.5,14.0,-0.11490801027808108,32.636912271677375,0.9116490727610816
550.0,3.0000000000000004,4.5,20.0,0.04035431294387473,32.636912271677375,0.9116490727610816
550.0,0.3,5.0,0.5,-0.013558018604331715,5.780726517546596,0.15992243234054898
550.0,0.3,5.0,0.8,-0.03163686801893175,5.780726517546596,0.15992243234054898
550.0,0.3,5.0,1.2,-0.0538177171013946,5.780726517546596,0.15992243234054898
550.0,0.3,5.0,1.8,-0.057255537388903835,5.780726517546596,0.15992243234054898
550.0,0.3,5.0,2.5,-0.04012133256178379,5.780726517546596,0.15992243234054898
550.0,0.3,5.0,3.5,0.025443598044565,5.780726517546596,0.15992243234054898
550.0,0.3,5.0,5.0,0.19392019957465859,5.780726517546596,0.15992243234054898
550.0,0.3,5.0,7.0,0.34503832901434867,5.780726517546596,0.15992243234054898
550.0,0.3,5.0,10.0,0.47475864370008986,5.780726517546596,0.15992243234054898
550.0,0.3,5.0,14.0,0.583724177172569,5.780726517546596,0.15992243234054898
550.0,0.3,5.0,20.0,0.6780990889874342,5.780726517546596,0.15992243234054898
550.0,0.3315885423378064,5.0,0.5,-0.01650040722791159,5.318535863513132,0.12373210075794941
550.0,0.3315885423378064,5.0,0.8,-0.03683110895268271,5.318535863513132,0.12373210075794941
550.0,0.3315885423378064,5.0,1.2,-0.05768653358231443,5.318535863513132,0.12373210075794941
550.0,0.3315885423378064,5.0,1.8,-0.053062487434920126,5.318535863513132,0.12373210075794941
550.0,0.3315885423378064,5.0,2.5,-0.031407135199745605,5.318535863513132,0.12373210075794941
550.0,0.3315885423378064,5.0,3.5,0.06677925796570156,5.318535863513132,0.12373210075794941
550.0,0.3315885423378064,5.0,5.0,0.2360576281467216,5.318535863513132,0.12373210075794941
550.0,0.3315885423378064,5.0,7.0,0.3757090029365578,5.318535863513132,0.12373210075794941
550.0,0.3315885423378064,5.0,10.0,0.5008731659296195,5.318535863513132,0.12373210075794941
550.0,0.3315885423378064,5.0,14.0,0.6049961312067995,5.318535863513132,0.12373210075794941
550.0,0.3315885423378064,5.0,20.0,0.6956987830918979,5.318535863513132,0.12373210075794941
550.0,0.3665032046990376,5.0,0.5,-0.01975002973635936,4.934240692942923,0.09116033928732142
550.0,0.3665032046990376,5.0,0.8,-0.04223559972603318,4.934240692942923,0.09116033928732142
550.0,0.3665032046990376,5.0,1.2,-0.059506654800649185,4.934240692942923,0.09116033928732142
550.0,0.3665032046990376,5.0,1.8,-0.048156919552861936,4.934240692942923,0.09116033928732142
550.0,0.3665032046990376,5.0,2.5,-0.01583846611194583,4.934240692942923,0.09116033928732142
550.0,0.3665032046990376,5.0,3.5,0.11083533687872839,4.934240692942923,0.09116033928732142
550.0,0.3665032046990376,5.0,5.0,0.2702357772053871,4.934240692942923,0.09116033928732142
550.0,0.3665032046990376,5.0,7.0,0.39920368269856676,4.934240692942923,0.09116033928732142
550.0,0.3665032046990376,5.0,10.0,0.5227044421788125,4.934240692942923,0.09116033928732142
550.0,0.3665032046990376,5.0,14.0,0.6228241211882706,4.934240692942923,0.09116033928732142
550.0,0.3665032046990376,5.0,20.0,0.7105700500737004,4.934240692942923,0.09116033928732142
550.0,0.4050942113609619,5.0,0.5,-0.023492824258536108,4.635394441579453,0.06402670432898702
550.0,0.4050942113609619,5.0,0.8,-0.047364206474463995,4.635394441579453,0.06402670432898702
550.0,0.4050942113609619,5.0,1.2,-0.058436080037002076,4.635394441579453,0.06402670432898702
550.0,0.4050942113609619,5.0,1.8,-0.04315128078819754,4.635394441579453,0.06402670432898702
550.0,0.4050942113609619,5.0,2.5,0.009686759366998171,4.635394441579453,0.06402670432898702
550.0,0.4050942113609619,5.0,3.5,0.14960847229749585,4.635394441579453,0.06402670432898702
550.0,0.4050942113609619,5.0,5.0,0.2940125887926885,4.635394441579453,0.06402670432898702
550.0,0.4050942113609619,5.0,7.0,0.4149952282169142,4.635394441579453,0.06402670432898702
550.0,0.4050942113609619,5.0,10.0,0.5386429771267498,4.635394441579453,0.06402670432898702
550.0,0.4050942113609619,5.0,14.0,0.6366849854982525,4.635394441579453,0.06402670432898702
550.0,0.4050942113609619,5.0,20.0,0.7221569288577117,4.635394441579453,0.06402670432898702
550.0,0.4477486635155488,5.0,0.5,-0.027627700762675886,4.425806239875548,0.04393240543118457
550.0,0.4477486635155488,5.0,0.8,-0.051590180186908426,4.425806239875548,0.04393240543118457
550.0,0.4477486635155488,5.0,1.2,-0.05441037239061221,4.425806239875548,0.04393240543118457
550.0,0.4477486635155488,5.0,1.8,-0.036664766105416816,4.425806239875548,0.04393240543118457
550.0,0.4477486635155488,5.0,2.5,0.043028510400071135,4.425806239875548,0.04393240543118457
550.0,0.4477486635155488,5.0,3.5,0.17643632756319147,4.425806239875548,0.04393240543118457
550.0,0.4477486635155488,5.0,5.0,0.30519897142589725,4.425806239875548,0.04393240543118457
550.0,0.4477486635155488,5.0,7.0,0.42399417097948683,4.425806239875548,0.04393240543118457
550.0,0.4477486635155488,5.0,10.0,0.5473364929048237,4.425806239875548,0.04393240543118457
550.0,0.4477486635155488,5.0,14.0,0.6452112351281929,4.425806239875548,0.04393240543118457
550.0,0.4477486635155488,5.0,20.0,0.7298222068076526,4.425806239875548,0.04393240543118457
550.0,0.4492873987401234,5.0,0.5,-0.027777965538624536,4.420525368133363,0.043413895876868835
550.0,0.4492873987401234,5.0,0.8,-0.051699469799686704,4.420525368133363,0.043413895876868835
550.0,0.4492873987401234,5.0,1.2,-0.05422563739792821,4.420525368133363,0.043413895876868835
550.0,0.4492873987401234,5.0,1.8,-0.03638103315087531,4.420525368133363,0.043413895876868835
550.0,0.4492873987401234,5.0,2.5,0.044215197378452364,4.420525368133363,0.043413895876868835
550.0,0.4492873987401234,5.0,3.5,0.1770786332609367,4.420525368133363,0.043413895876868835
550.0,0.4492873987401234,5.0,5.0,0.30533200463376803,4.420525368133363,0.043413895876868835
550.0,0.4492873987401234,5.0,7.0,0.4241648566523405,4.420525368133363,0.043413895876868835
550.0,0.4492873987401234,5.0,10.0,0.5474901312585951,4.420525368133363,0.043413895876868835
550.0,0.4492873987401234,5.0,14.0,0.6453959614978998,4.420525368133363,0.043413895876868835
550.0,0.4492873987401234,5.0,20.0,0.7300233306632629,4.420525368133363,0.043413895876868835
550.0,0.47293410393697205,5.0,0.5,-0.03003830504880008,4.359257338056096,0.03735251595513294
550.0,0.47293410393697205,5.0,0.8,-0.05308371972171699,4.359257338056096,0.03735251595513294
550.0,0.47293410393697205,5.0,1.2,-0.05128934299220926,4.359257338056096,0.03735251595513294
550.0,0.47293410393697205,5.0,1.8,-0.031341402032273986,4.359257338056096,0.03735251595513294
550.0,0.47293410393697205,5.0,2.5,0.061303175483880416,4.359257338056096,0.03735251595513294
550.0,0.47293410393697205,5.0,3.5,0.1840933314206577,4.359257338056096,0.03735251595513294
550.0,0.47293410393697205,5.0,5.0,0.3053038158301979,4.359257338056096,0.03735251595513294
550.0,0.47293410393697205,5.0,7.0,0.4253941173187572,4.359257338056096,0.03735251595513294
550.0,0.47293410393697205,5.0,10.0,0.5486707278750794,4.359257338056096,0.03735251595513294
550.0,0.47293410393697205,5.0,14.0,0.6472733467335339,4.359257338056096,0.03735251595513294
550.0,0.47293410393697205,5.0,20.0,0.7322320760498772,4.359257338056096,0.03735251595513294
550.0,0.4948944222294061,5.0,0.5,-0.031999636558284104,4.3358049092826905,0.03500974144403725
550.0,0.4948944222294061,5.0,0.8,-0.053702138967642296,4.3358049092826905,0.03500974144403725
550.0,0.4948944222294061,5.0,1.2,-0.04849224562955248,4.3358049092826905,0.03500974144403725
550.0,0.4948944222294061,5.0,1.8,-0.025443431602448604,4.3358049092826905,0.03500974144403725
550.0,0.4948944222294061,5.0,2.5,0.07427878310709296,4.3358049092826905,0.03500974144403725
550.0,0.4948944222294061,5.0,3.5,0.18577187261472147,4.3358049092826905,0.03500974144403725
550.0,0.4948944222294061,5.0,5.0,0.3018739776911907,4.3358049092826905,0.03500974144403725
550.0,0.4948944222294061,5.0,7.0,0.4240280680004461,4.3358049092826905,0.03500974144403725
550.0,0.4948944222294061,5.0,10.0,0.5479440073281394,4.3358049092826905,0.03500974144403725
550.0,0.4948944222294061,5.0,14.0,0.6475471946601439,4.3358049092826905,0.03500974144403725
550.0,0.4948944222294061,5.0,20.0,0.7331011142724165,4.3358049092826905,0.03500974144403725
550.0,0.4965808091338207,5.0,0.5,-0.032144700520084966,4.335350685495119,0.03496424188345029
550.0,0.4965808091338207,5.0,0.8,-0.05372406831092342,4.335350685495119,0.03496424188345029
550.0,0.4965808091338207,5.0,1.2,-0.04828163896407858,4.335350685495119,0.03496424188345029
550.0,0.4965808091338207,5.0,1.8,-0.02493909516782519,4.335350685495119,0.03496424188345029
550.0,0.4965808091338207,5.0,2.5,0.07513563999958484,4.335350685495119,0.03496424188345029
550.0,0.4965808091338207,5.0,3.5,0.18572285093232047,4.335350685495119,0.03496424188345029
550.0,0.4965808091338207,5.0,5.0,0.3014897982623765,4.335350685495119,0.03496424188345029
550.0,0.4965808091338207,5.0,7.0,0.4238276277300459,4.335350685495119,0.03496424188345029
550.0,0.4965808091338207,5.0,10.0,0.5478230810791329,4.335350685495119,0.03496424188345029
550.0,0.4965808091338207,5.0,14.0,0.6475156305685065,4.335350685495119,0.03496424188345029
550.0,0.4965808091338207,5.0,20.0,0.7331301836428853,4.335350685495119,0.03496424188345029
550.0,0.5470044002605323,5.0,0.5,-0.036118007841714886,4.490690903108397,0.050253172019284156
550.0,0.5470044002605323,5.0,0.8,-0.052245411127395704,4.490690903108397,0.050253172019284156
550.0,0.5470044002605323,5.0,1.2,-0.042727508318734515,4.490690903108397,0.050253172019284156
550.0,0.5470044002605323,5.0,1.8,-0.007420973788361523,4.490690903108397,0.050253172019284156
550.0,0.5470044002605323,5.0,2.5,0.08914266002323222,4.490690903108397,0.050253172019284156
550.0,0.5470044002605323,5.0,3.5,0.17320298306887227,4.490690903108397,0.050253172019284156
550.0,0.5470044002605323,5.0,5.0,0.2827809884042743,4.490690903108397,0.050253172019284156
550.0,0.5470044002605323,5.0,7.0,0.411646258868323,4.490690903108397,0.050253172019284156
550.0,0.5470044002605323,5.0,10.0,0.5398321430527858,4.490690903108397,0.050253172019284156
550.0,0.5470044002605323,5.0,14.0,0.6430529273704937,4.490690903108397,0.050253172019284156
550.0,0.5470044002605323,5.0,20.0,0.7311398640277179,4.490690903108397,0.050253172019284156
550.0,0.5502624373878341,5.0,0.5,-0.03633229668871093,4.531531660903632,0.05418502734011534
550.0,0.5502624373878341,5.0,0.8,-0.0520060017607404,4.531531660903632,0.05418502734011534
550.0,0.5502624373878341,5.0,1.2,-0.04244457613292143,4.531531660903632,0.05418502734011534
550.0,0.5502624373878341,5.0,1.8,-0.006202459970391276,4.531531660903632,0.05418502734011534
550.0,0.5502624373878341,5.0,2.5,0.08924007173893918,4.531531660903632,0.05418502734011534
550.0,0.5502624373878341,5.0,3.5,0.17173254517590034,4.531531660903632,0.05418502734011534
550.0,0.5502624373878341,5.0,5.0,0.28116044021080117,4.531531660903632,0.05418502734011534
550.0,0.5502624373878341,5.0,7.0,0.4104676763482708,4.531531660903632,0.05418502734011534
550.0,0.5502624373878341,5.0,10.0,0.5390280637754797,4.531531660903632,0.05418502734011534
550.0,0.5502624373878341,5.0,14.0,0.642536759370269,4.531531660903632,0.05418502734011534
550.0,0.5502624373878341,5.0,20.0,0.7308422943294305,4.531531660903632,0.05418502734011534
550.0,0.5792236183029833,5.0,0.5,-0.03795199828087804,4.94001743660478,0.09166849051225835
550.0,0.5792236183029833,5.0,0.8,-0.04916191311065511,4.94001743660478,0.09166849051225835
550.0,0.5792236183029833,5.0,1.2,-0.04035111768286642,4.94001743660478,0.09166849051225835
550.0,0.5792236183029833,5.0,1.8,0.004259669563123205,4.94001743660478,0.09166849051225835
550.0,0.5792236183029833,5.0,2.5,0.08553800689826546,4.94001743660478,0.09166849051225835
550.0,0.5792236183029833,5.0,3.5,0.15551061899131657,4.94001743660478,0.09166849051225835
550.0,0.5792236183029833,5.0,5.0,0.26498479397234176,4.94001743660478,0.09166849051225835
550.0,0.5792236183029833,5.0,7.0,0.39798390779507214,4.94001743660478,0.09166849051225835
550.0,0.5792236183029833,5.0,10.0,0.5304132254789187,4.94001743660478,0.09166849051225835
550.0,0.5792236183029833,5.0,14.0,0.6368323825761003,4.94001743660478,0.09166849051225835
550.0,0.5792236183029833,5.0,20.0,0.7274210102929548,4.94001743660478,0.09166849051225835
550.0,0.6046013057825199,5.0,0.5,-0.03882120671238455,5.411240246483925,0.1312368246977731
550.0,0.6046013057825199,5.0,0.8,-0.04563439427628803,5.411240246483925,0.1312368246977731
550.0,0.6046013057825199,5.0,1.2,-0.0390156758914113,5.411240246483925,0.1312368246977731
550.0,0.6046013057825199,5.0,1.8,0.011724504215499414,5.411240246483925,0.1312368246977731
550.0,0.6046013057825199,5.0,2.5,0.0761007744900158,5.411240246483925,0.1312368246977731
550.0,0.6046013057825199,5.0,3.5,0.13742889507120137,5.411240246483925,0.1312368246977731
550.0,0.6046013057825199,5.0,5.0,0.2486636193997134,5.411240246483925,0.1312368246977731
550.0,0.6046013057825199,5.0,7.0,0.3843989091343968,5.411240246483925,0.1312368246977731
550.0,0.6046013057825199,5.0,10.0,0.5208605234820881,5.411240246483925,0.1312368246977731
550.0,0.6046013057825199,5.0,14.0,0.6303086587378496,5.411240246483925,0.1312368246977731
550.0,0.6046013057825199,5.0,20.0,0.7232995623154499,5.411240246483925,0.1312368246977731
550.0,0.6081847992181325,5.0,0.5,-0.03889953138938123,5.4803649799669145,0.13674949115409926
550.0,0.6081847992181325,5.0,0.8,-0.04506760378095836,5.4803649799669145,0.13674949115409926
550.0,0.6081847992181325,5.0,1.2,-0.038858177238620645,5.4803649799669145,0.13674949115409926
550.0,0.6081847992181325,5.0,1.8,0.012570559085123202,5.4803649799669145,0.13674949115409926
550.0,0.6081847992181325,5.0,2.5,0.07434172895546055,5.4803649799669145,0.13674949115409926
550.0,0.6081847992181325,5.0,3.5,0.1346293293938147,5.4803649799669145,0.13674949115409926
550.0,0.6081847992181325,5.0,5.0,0.24621188994006943,5.4803649799669145,0.13674949115409926
550.0,0.6081847992181325,5.0,7.0,0.38230225076520385,5.4803649799669145,0.13674949115409926
550.0,0.6081847992181325,5.0,10.0,0.5193736055687759,5.4803649799669145,0.13674949115409926
550.0,0.6081847992181325,5.0,14.0,0.6292861090887695,5.4803649799669145,0.13674949115409926
550.0,0.6081847992181325,5.0,20.0,0.7226360924856567,5.4803649799669145,0.13674949115409926
550.0,0.6353883327016112,5.0,0.5,-0.03891388399713141,5.98749687357251,0.175185308323791
550.0,0.6353883327016112,5.0,0.8,-0.04034086873408798,5.98749687357251,0.175185308323791
550.0,0.6353883327016112,5.0,1.2,-0.037786961103138665,5.98749687357251,0.175185308323791
550.0,0.6353883327016112,5.0,1.8,0.016569931837613686,5.98749687357251,0.175185308323791
550.0,0.6353883327016112,5.0,2.5,0.05800384219734806,5.98749687357251,0.175185308323791
550.0,0.6353883327016112,5.0,3.5,0.11179741848104903,5.98749687357251,0.175185308323791
550.0,0.6353883327016112,5.0,5.0,0.22641711108919352,5.98749687357251,0.175185308323791
550.0,0.6353883327016112,5.0,7.0,0.3650969254855494,5.98749687357251,0.175185308323791
550.0,0.6353883327016112,5.0,10.0,0.5070671524137891,5.98749687357251,0.175185308323791
550.0,0.6353883327016112,5.0,14.0,0.6208117011222909,5.98749687357251,0.175185308323791
550.0,0.6353883327016112,5.0,20.0,0.7170552817333754,5.98749687357251,0.175185308323791
550.0,0.6682628855998672,5.0,0.5,-0.03739251392353558,6.457793972254817,0.20802419395829697
550.0,0.6682628855998672,5.0,0.8,-0.03384947720019654,6.457793972254817,0.20802419395829697
550.0,0.6682628855998672,5.0,1.2,-0.03645087799882146,6.457793972254817,0.20802419395829697
550.0,0.6682628855998672,5.0,1.8,0.014526079146211915,6.457793972254817,0.20802419395829697
550.0,0.6682628855998672,5.0,2.5,0.03249735658226693,6.457793972254817,0.20802419395829697
550.0,0.6682628855998672,5.0,3.5,0.08139270622050583,6.457793972254817,0.20802419395829697
550.0,0.6682628855998672,5.0,5.0,0.19975498765783573,6.457793972254817,0.20802419395829697
550.0,0.6682628855998672,5.0,7.0,0.34166468042953624,6.457793972254817,0.20802419395829697
550.0,0.6682628855998672,5.0,10.0,0.4900604872319398,6.457793972254817,0.20802419395829697
550.0,0.6682628855998672,5.0,14.0,0.6089706414890763,6.457793972254817,0.20802419395829697
550.0,0.6682628855998672,5.0,20.0,0.7091017721914054,6.457793972254817,0.20802419395829697
550.0,0.6688298238964329,5.0,0.5,-0.03734806896381388,6.462726257224168,0.2083557695003603
550.0,0.6688298238964329,5.0,0.8,-0.0337348257786531,6.462726257224168,0.2083557695003603
550.0,0.6688298238964329,5.0,1.2,-0.03642305158489283,6.462726257224168,0.2083557695003603
550.0,0.6688298238964329,5.0,1.8,0.014416584540438102,6.462726257224168,0.2083557695003603
550.0,0.6688298238964329,5.0,2.5,0.032016346496942356,6.462726257224168,0.2083557695003603
550.0,0.6688298238964329,5.0,3.5,0.08085194244179288,6.462726257224168,0.2083557695003603
550.0,0.6688298238964329,5.0,5.0,0.19927212315051568,6.462726257224168,0.2083557695003603
550.0,0.6688298238964329,5.0,7.0,0.3412415731342366,6.462726257224168,0.2083557695003603
550.0,0.6688298238964329,5.0,10.0,0.4897515679088146,6.462726257224168,0.2083557695003603
550.0,0.6688298238964329,5.0,14.0,0.6087532836691003,6.462726257224168,0.2083557695003603
550.0,0.6688298238964329,5.0,20.0,0.708954190663575,6.462726257224168,0.2083557695003603
550.0,0.7022713150912545,5.0,0.5,-0.03339535302295238,6.7076942696741115,0.22451326832770732
550.0,0.7022713150912545,5.0,0.8,-0.026967682900517445,6.7076942696741115,0.22451326832770732
550.0,0.7022713150912545,5.0,1.2,-0.03441637915225159,6.7076942696741115,0.22451326832770732
550.0,0.7022713150912545,5.0,1.8,0.003572320091695529,6.7076942696741115,0.22451326832770732
550.0,0.7022713150912545,5.0,2.5,0.002202197507297905,6.7076942696741115,0.22451326832770732
550.0,0.7022713150912545,5.0,3.5,0.048501197427639635,6.7076942696741115,0.22451326832770732
550.0,0.7022713150912545,5.0,5.0,0.16957321270890696,6.7076942696741115,0.22451326832770732
550.0,0.7022713150912545,5.0,7.0,0.3153977890961405,6.7076942696741115,0.22451326832770732
550.0,0.7022713150912545,5.0,10.0,0.4706947595748401,6.7076942696741115,0.22451326832770732
550.0,0.7022713150912545,5.0,14.0,0.5951852868778377,6.7076942696741115,0.22451326832770732
550.0,0.7022713150912545,5.0,20.0,0.6997094010761885,6.7076942696741115,0.22451326832770732
550.0,0.7386277204483878,5.0,0.5,-0.02522890556427344,6.98392669163226,0.24203968072311902
550.0,0.7386277204483878,5.0,0.8,-0.020187309743553594,6.98392669163226,0.24203968072311902
550.0,0.7386277204483878,5.0,1.2,-0.031231098648046598,6.98392669163226,0.24203968072311902
550.0,0.7386277204483878,5.0,1.8,-0.016913432454235613,6.98392669163226,0.24203968072311902
550.0,0.7386277204483878,5.0,2.5,-0.031065849340583932,6.98392669163226,0.24203968072311902
550.0,0.7386277204483878,5.0,3.5,0.013584452353097153,6.98392669163226,0.24203968072311902
550.0,0.7386277204483878,5.0,5.0,0.13526931419990515,6.98392669163226,0.24203968072311902
550.0,0.7386277204483878,5.0,7.0,0.28585001732681836,6.98392669163226,0.24203968072311902
550.0,0.7386277204483878,5.0,10.0,0.4484540938387914,6.98392669163226,0.24203968072311902
550.0,0.7386277204483878,5.0,14.0,0.579108268542474,6.98392669163226,0.24203968072311902
550.0,0.7386277204483878,5.0,20.0,0.6886816221470925,6.98392669163226,0.24203968072311902
550.0,0.7781886018183509,5.0,0.5,-0.009921010578288347,7.235799941186879,0.2574265594469206
550.0,0.7781886018183509,5.0,0.8,-0.014297308590174706,7.235799941186879,0.2574265594469206
550.0,0.7781886018183509,5.0,1.2,-0.027058853419262542,7.235799941186879,0.2574265594469206
550.0,0.7781886018183509,5.0,1.8,-0.045059228936392325,7.235799941186879,0.2574265594469206
550.0,0.7781886018183509,5.0,2.5,-0.06411250386057264,7.235799941186879,0.2574265594469206
550.0,0.7781886018183509,5.0,3.5,-0.022016367943176556,7.235799941186879,0.2574265594469206
550.0,0.7781886018183509,5.0,5.0,0.09699341434169978,7.235799941186879,0.2574265594469206
550.0,0.7781886018183509,5.0,7.0,0.25258029120210373,7.235799941186879,0.2574265594469206
550.0,0.7781886018183509,5.0,10.0,0.4229639588730407,7.235799941186879,0.2574265594469206
550.0,0.7781886018183509,5.0,14.0,0.5605913015460667,7.235799941186879,0.2574265594469206
550.0,0.7781886018183509,5.0,20.0,0.675861594285723,7.235799941186879,0.2574265594469206
550.0,0.8164016305125923,5.0,0.5,0.012990360500697644,7.596335539688462,0.2785441484938272
550.0,0.8164016305125923,5.0,0.8,-0.010123271788581691,7.596335539688462,0.2785441484938272
550.0,0.8164016305125923,5.0,1.2,-0.02373042236505904,7.596335539688462,0.2785441484938272
550.0,0.8164016305125923,5.0,1.8,-0.07153527092326861,7.596335539688462,0.2785441484938272
550.0,0.8164016305125923,5.0,2.5,-0.08936866379803186,7.596335539688462,0.2785441484938272
550.0,0.8164016305125923,5.0,3.5,-0.052079933796347046,7.596335539688462,0.2785441484938272
550.0,0.8164016305125923,5.0,5.0,0.060737510381115786,7.596335539688462,0.2785441484938272
550.0,0.8164016305125923,5.0,7.0,0.2200918265149161,7.596335539688462,0.2785441484938272
550.0,0.8164016305125923,5.0,10.0,0.3977085446627842,7.596335539688462,0.2785441484938272
550.0,0.8164016305125923,5.0,14.0,0.5421741863271062,7.596335539688462,0.2785441484938272
550.0,0.8164016305125923,5.0,20.0,0.6629789467853222,7.596335539688462,0.2785441484938272
550.0,0.8191458966508958,5.0,0.5,0.014967085335030227,7.642143081176702,0.2811551732445003
550.0,0.8191458966508958,5.0,0.8,-0.009869632019150393,7.642143081176702,0.2811551732445003
550.0,0.8191458966508958,5.0,1.2,-0.023562267706602493,7.642143081176702,0.2811551732445003
550.0,0.8191458966508958,5.0,1.8,-0.07322842957847557,7.642143081176702,0.2811551732445003
550.0,0.8191458966508958,5.0,2.5,-0.0908586728047097,7.642143081176702,0.2811551732445003
550.0,0.8191458966508958,5.0,3.5,-0.05403140373248557,7.642143081176702,0.2811551732445003
550.0,0.8191458966508958,5.0,5.0,0.058203816393324434,7.642143081176702,0.2811551732445003
550.0,0.8191458966508958,5.0,7.0,0.21776526940450713,7.642143081176702,0.2811551732445003
550.0,0.8191458966508958,5.0,10.0,0.39588570587824795,7.642143081176702,0.2811551732445003
550.0,0.8191458966508958,5.0,14.0,0.5408399345095686,7.642143081176702,0.2811551732445003
550.0,0.8191458966508958,5.0,20.0,0.6620434391095634,7.642143081176702,0.2811551732445003
550.0,0.8601031914834406,5.0,0.5,0.048288823707414164,8.386960252225247,0.3215445934708073
550.0,0.8601031914834406,5.0,0.8,-0.006000363648239544,8.386960252225247,0.3215445934708073
550.0,0.8601031914834406,5.0,1.2,-0.022840367016959816,8.386960252225247,0.3215445934708073
550.0,0.8601031914834406,5.0,1.8,-0.09262392962259565,8.386960252225247,0.3215445934708073
550.0,0.8601031914834406,5.0,2.5,-0.10724370898439187,8.386960252225247,0.3215445934708073
550.0,0.8601031914834406,5.0,3.5,-0.07954183427030984,8.386960252225247,0.3215445934708073
550.0,0.8601031914834406,5.0,5.0,0.022111517241681058,8.386960252225247,0.3215445934708073
550.0,0.8601031914834406,5.0,7.0,0.18348611248326643,8.386960252225247,0.3215445934708073
550.0,0.8601031914834406,5.0,10.0,0.3687974498053467,8.386960252225247,0.3215445934708073
550.0,0.8601031914834406,5.0,14.0,0.5208992584966222,8.386960252225247,0.3215445934708073
550.0,0.8601031914834406,5.0,20.0,0.6480493006018112,8.386960252225247,0.3215445934708073
550.0,0.9023647554129298,5.0,0.5,0.0796888031041127,8.970806816758978,0.35077151306606186
550.0,0.9023647554129298,5.0,0.8,-3.118183937896898e-05,8.970806816758978,0.35077151306606186
550.0,0.9023647554129298,5.0,1.2,-0.0255555449669726,8.970806816758978,0.35077151306606186
550.0,0.9023647554129298,5.0,1.8,-0.09769799933522949,8.970806816758978,0.35077151306606186
550.0,0.9023647554129298,5.0,2.5,-0.11220948906385486,8.970806816758978,0.35077151306606186
550.0,0.9023647554129298,5.0,3.5,-0.09871681333620681,8.970806816758978,0.35077151306606186
550.0,0.9023647554129298,5.0,5.0,-0.010875894517633404,8.970806816758978,0.35077151306606186
550.0,0.9023647554129298,5.0,7.0,0.14954706174731405,8.970806816758978,0.35077151306606186
550.0,0.9023647554129298,5.0,10.0,0.3414487199551939,8.970806816758978,0.35077151306606186
550.0,0.9023647554129298,5.0,14.0,0.5004987720061711,8.970806816758978,0.35077151306606186
550.0,0.9023647554129298,5.0,20.0,0.6336409051588302,8.970806816758978,0.35077151306606186
550.0,0.9973793796812823,5.0,0.5,0.03818890612839159,9.908228890285333,0.3939360393512472
550.0,0.9973793796812823,5.0,0.8,0.030053979337009713,9.908228890285333,0.3939360393512472
550.0,0.9973793796812823,5.0,1.2,-0.024988603603016916,9.908228890285333,0.3939360393512472
550.0,0.9973793796812823,5.0,1.8,-0.054419369362884655,9.908228890285333,0.3939360393512472
550.0,0.9973793796812823,5.0,2.5,-0.08609830409836271,9.908228890285333,0.3939360393512472
550.0,0.9973793796812823,5.0,3.5,-0.11620637410387104,9.908228890285333,0.3939360393512472
550.0,0.9973793796812823,5.0,5.0,-0.06636699005627902,9.908228890285333,0.3939360393512472
550.0,0.9973793796812823,5.0,7.0,0.08109328350307117,9.908228890285333,0.3939360393512472
550.0,0.9973793796812823,5.0,10.0,0.2826671640540819,9.908228890285333,0.3939360393512472
550.0,0.9973793796812823,5.0,14.0,0.4559720982303454,9.908228890285333,0.3939360393512472
550.0,0.9973793796812823,5.0,20.0,0.601886810875148,9.908228890285333,0.3939360393512472
550.0,1.1005248747756682,5.0,0.5,-0.03337219348546261,11.335409108616137,0.4523772076302263
550.0,1.1005248747756682,5.0,0.8,0.04987948396042647,11.335409108616137,0.4523772076302263
550.0,1.1005248747756682,5.0,1.2,0.03378785432074842,11.335409108616137,0.4523772076302263
550.0,1.1005248747756682,5.0,1.8,0.004316107634896921,11.335409108616137,0.4523772076302263
550.0,1.1005248747756682,5.0,2.5,-0.03807629827944143,11.335409108616137,0.4523772076302263
550.0,1.1005248747756682,5.0,3.5,-0.09848182956138381,11.335409108616137,0.4523772076302263
550.0,1.1005248747756682,5.0,5.0,-0.10218128865298913,11.335409108616137,0.4523772076302263
550.0,1.1005248747756682,5.0,7.0,0.01711349590050975,11.335409108616137,0.4523772076302263
550.0,1.1005248747756682,5.0,10.0,0.22158632984105148,11.335409108616137,0.4523772076302263
550.0,1.1005248747756682,5.0,14.0,0.40849619885359767,11.335409108616137,0.4523772076302263
550.0,1.1005248747756682,5.0,20.0,0.5676372942470486,11.335409108616137,0.4523772076302263
550.0,1.102398582221007,5.0,0.5,-0.033701601617773656,11.35588692440064,0.4531610680847393
550.0,1.102398582221007,5.0,0.8,0.0496347481317628,11.35588692440064,0.4531610680847393
550.0,1.102398582221007,5.0,1.2,0.03513647943185111,11.35588692440064,0.4531610680847393
550.0,1.102398582221007,5.0,1.8,0.0047724116504587605,11.35588692440064,0.4531610680847393
550.0,1.102398582221007,5.0,2.5,-0.03736534828040166,11.35588692440064,0.4531610680847393
550.0,1.102398582221007,5.0,3.5,-0.09791079063158627,11.35588692440064,0.4531610680847393
550.0,1.102398582221007,5.0,5.0,-0.10264439094117098,11.35588692440064,0.4531610680847393
550.0,1.102398582221007,5.0,7.0,0.016019005597783475,11.35588692440064,0.4531610680847393
550.0,1.102398582221007,5.0,10.0,0.22048177780391334,11.35588692440064,0.4531610680847393
550.0,1.102398582221007,5.0,14.0,0.4076239445525475,11.35588692440064,0.4531610680847393
550.0,1.102398582221007,5.0,20.0,0.5670060916791569,11.35588692440064,0.4531610680847393
550.0,1.1584472366059666,5.0,0.5,-0.03119515786587077,12.10340893625741,0.4808477156576273
550.0,1.1584472366059666,5.0,0.8,0.03316603265412363,12.10340893625741,0.4808477156576273
550.0,1.1584472366059666,5.0,1.2,0.06270249395855106,12.10340893625741,0.4808477156576273
550.0,1.1584472366059666,5.0,1.8,0.004528957380506159,12.10340893625741,0.4808477156576273
550.0,1.1584472366059666,5.0,2.5,-0.021939699383582575,12.10340893625741,0.4808477156576273
550.0,1.1584472366059666,5.0,3.5,-0.07955237239816486,12.10340893625741,0.4808477156576273
550.0,1.1584472366059666,5.0,5.0,-0.11341475062981997,12.10340893625741,0.4808477156576273
550.0,1.1584472366059666,5.0,7.0,-0.015380375805286933,12.10340893625741,0.4808477156576273
550.0,1.1584472366059666,5.0,10.0,0.18744696170726388,12.10340893625741,0.4808477156576273
550.0,1.1584472366059666,5.0,14.0,0.3813291390411135,12.10340893625741,0.4808477156576273
550.0,1.1584472366059666,5.0,20.0,0.5478942210730247,12.10340893625741,0.4808477156576273
550.0,1.216369598436265,5.0,0.5,-0.013852513359843329,12.929285148515946,0.5095145223662599
550.0,1.216369598436265,5.0,0.8,0.007819987285857035,12.929285148515946,0.5095145223662599
550.0,1.216369598436265,5.0,1.2,0.04545418273725229,12.929285148515946,0.5095145223662599
550.0,1.216369598436265,5.0,1.8,-0.016624820246113916,12.929285148515946,0.5095145223662599
550.0,1.216369598436265,5.0,2.5,-0.019807810983587252,12.929285148515946,0.5095145223662599
550.0,1.216369598436265,5.0,3.5,-0.06155222668465204,12.929285148515946,0.5095145223662599
550.0,1.216369598436265,5.0,5.0,-0.11805463267250464,12.929285148515946,0.5095145223662599
550.0,1.216369598436265,5.0,7.0,-0.044688931502494506,12.929285148515946,0.5095145223662599
550.0,1.216369598436265,5.0,10.0,0.15336001593378754,12.929285148515946,0.5095145223662599
550.0,1.216369598436265,5.0,14.0,0.3537651713143044,12.929285148515946,0.5095145223662599
550.0,1.216369598436265,5.0,20.0,0.5277354919902923,12.929285148515946,0.5095145223662599
550.0,1.218475796513094,5.0,0.5,-0.013154592475604092,12.94972155430904,0.5102004389636574
550.0,1.218475796513094,5.0,0.8,0.006963961655780797,12.94972155430904,0.5102004389636574
550.0,1.218475796513094,5.0,1.2,0.043909267371672375,12.94972155430904,0.5102004389636574
550.0,1.218475796513094,5.0,1.8,-0.01754898624982487,12.94972155430904,0.5102004389636574
550.0,1.218475796513094,5.0,2.5,-0.019998656502259703,12.94972155430904,0.5102004389636574
550.0,1.218475796513094,5.0,3.5,-0.060978334966917125,12.94972155430904,0.5102004389636574
550.0,1.218475796513094,5.0,5.0,-0.1181043342105162,12.94972155430904,0.5102004389636574
550.0,1.218475796513094,5.0,7.0,-0.045681890623020915,12.94972155430904,0.5102004389636574
550.0,1.218475796513094,5.0,10.0,0.15212573812312316,12.94972155430904,0.5102004389636574
550.0,1.218475796513094,5.0,14.0,0.35275298548329764,12.94972155430904,0.5102004389636574
550.0,1.218475796513094,5.0,20.0,0.5269933232129692,12.94972155430904,0.5102004389636574
550.0,1.3467753774655815,5.0,0.5,0.007978661465309527,14.657474700351994,0.5639991619121572
550.0,1.3467753774655815,5.0,0.8,-0.013777839572410364,14.657474700351994,0.5639991619121572
550.0,1.3467753774655815,5.0,1.2,-0.022206107529533847,14.657474700351994,0.5639991619121572
550.0,1.3467753774655815,5.0,1.8,-0.0359360581981021,14.657474700351994,0.5639991619121572
550.0,1.3467753774655815,5.0,2.5,-0.046520418060020136,14.657474700351994,0.5639991619121572
550.0,1.3467753774655815,5.0,3.5,-0.0356079698415197,14.657474700351994,0.5639991619121572
550.0,1.3467753774655815,5.0,5.0,-0.1065272079868549,14.657474700351994,0.5639991619121572
550.0,1.3467753774655815,5.0,7.0,-0.09422675036221066,14.657474700351994,0.5639991619121572
550.0,1.3467753774655815,5.0,10.0,0.08050945039964007,14.657474700351994,0.5639991619121572
550.0,1.3467753774655815,5.0,14.0,0.292056637402583,14.657474700351994,0.5639991619121572
550.0,1.3467753774655815,5.0,20.0,0.4821642713249188,14.657474700351994,0.5639991619121572
550.0,1.4885842809008711,5.0,0.5,0.013170718263880363,16.55077328930902,0.6167582984716429
550.0,1.4885842809008711,5.0,0.8,0.031119551193659046,16.55077328930902,0.6167582984716429
550.0,1.4885842809008711,5.0,1.2,0.04305774619436884,16.55077328930902,0.6167582984716429
550.0,1.4885842809008711,5.0,1.8,0.03736156501373826,16.55077328930902,0.6167582984716429
550.0,1.4885842809008711,5.0,2.5,-0.05557728231172438,16.55077328930902,0.6167582984716429
550.0,1.4885842809008711,5.0,3.5,-0.036278066135034925,16.55077328930902,0.6167582984716429
550.0,1.4885842809008711,5.0,5.0,-0.07418380906851826,16.55077328930902,0.6167582984716429
550.0,1.4885842809008711,5.0,7.0,-0.1176430698379475,16.55077328930902,0.6167582984716429
550.0,1.4885842809008711,5.0,10.0,0.011271107135850606,16.55077328930902,0.6167582984716429
550.0,1.4885842809008711,5.0,14.0,0.2270998071299754,16.55077328930902,0.6167582984716429
550.0,1.4885842809008711,5.0,20.0,0.4333096969623013,16.55077328930902,0.6167582984716429
550.0,1.645324972836306,5.0,0.5,-0.011246763030104136,18.738836760394094,0.6706826366207129
550.0,1.645324972836306,5.0,0.8,-0.02004371508766772,18.738836760394094,0.6706826366207129
550.0,1.645324972836306,5.0,1.2,-0.03424778786769874,18.738836760394094,0.6706826366207129
550.0,1.645324972836306,5.0,1.8,0.01430427487610286,18.738836760394094,0.6706826366207129
550.0,1.645324972836306,5.0,2.5,-0.014420444425693353,18.738836760394094,0.6706826366207129
550.0,1.645324972836306,5.0,3.5,-0.05998163048150844,18.738836760394094,0.6706826366207129
550.0,1.645324972836306,5.0,5.0,-0.04807594045076362,18.738836760394094,0.6706826366207129
550.0,1.645324972836306,5.0,7.0,-0.11646404229762239,18.738836760394094,0.6706826366207129
550.0,1.645324972836306,5.0,10.0,-0.05094957234481311,18.738836760394094,0.6706826366207129
550.0,1.645324972836306,5.0,14.0,0.1568702904958909,18.738836760394094,0.6706826366207129
550.0,1.645324972836306,5.0,20.0,0.3790997287557296,18.738836760394094,0.6706826366207129
550.0,1.8185696980492723,5.0,0.5,-0.002673806051301541,21.128116669013274,0.722800795042468
550.0,1.8185696980492723,5.0,0.8,0.0088759100266592,21.128116669013274,0.722800795042468
550.0,1.8185696980492723,5.0,1.2,0.005284782547510666,21.128116669013274,0.722800795042468
550.0,1.8185696980492723,5.0,1.8,-0.00792289207872193,21.128116669013274,0.722800795042468
550.0,1.8185696980492723,5.0,2.5,0.01754799424583538,21.128116669013274,0.722800795042468
550.0,1.8185696980492723,5.0,3.5,-0.06586102491256264,21.128116669013274,0.722800795042468
550.0,1.8185696980492723,5.0,5.0,-0.03655420580521554,21.128116669013274,0.722800795042468
550.0,1.8185696980492723,5.0,7.0,-0.09752439307772445,21.128116669013274,0.722800795042468
550.0,1.8185696980492723,5.0,10.0,-0.09508491728782036,21.128116669013274,0.722800795042468
550.0,1.8185696980492723,5.0,14.0,0.08404317818789786,21.128116669013274,0.722800795042468
550.0,1.8185696980492723,5.0,20.0,0.3200224721625688,21.128116669013274,0.722800795042468
550.0,2.0100562510528768,5.0,0.5,0.03376250323132395,23.771093377481268,0.7739891667101048
550.0,2.0100562510528768,5.0,0.8,0.0414839083914636,23.771093377481268,0.7739891667101048
550.0,2.0100562510528768,5.0,1.2,0.029592864867862036,23.771093377481268,0.7739891667101048
550.0,2.0100562510528768,5.0,1.8,0.006822365167865534,23.771093377481268,0.7739891667101048
550.0,2.0100562510528768,5.0,2.5,0.005157475286676697,23.771093377481268,0.7739891667101048
550.0,2.0100562510528768,5.0,3.5,-0.0362849529573759,23.771093377481268,0.7739891667101048
550.0,2.0100562510528768,5.0,5.0,-0.050518206376149934,23.771093377481268,0.7739891667101048
550.0,2.0100562510528768,5.0,7.0,-0.06945704172786059,23.771093377481268,0.7739891667101048
550.0,2.0100562510528768,5.0,10.0,-0.11610326578255124,23.771093377481268,0.7739891667101048
550.0,2.0100562510528768,5.0,14.0,0.012508465220774563,23.771093377481268,0.7739891667101048
550.0,2.0100562510528768,5.0,20.0,0.2556340887248695,23.771093377481268,0.7739891667101048
550.0,2.2217054076787313,5.0,0.5,0.02588538331802065,26.66275680405164,0.8238450600848142
550.0,2.2217054076787313,5.0,0.8,0.04548987065789291,26.66275680405164,0.8238450600848142
550.0,2.2217054076787313,5.0,1.2,0.0061717383100620945,26.66275680405164,0.8238450600848142
550.0,2.2217054076787313,5.0,1.8,0.0015855097753221575,26.66275680405164,0.8238450600848142
550.0,2.2217054076787313,5.0,2.5,0.0028066610003787207,26.66275680405164,0.8238450600848142
550.0,2.2217054076787313,5.0,3.5,-0.0038232326693773203,26.66275680405164,0.8238450600848142
550.0,2.2217054076787313,5.0,5.0,-0.06847705333443518,26.66275680405164,0.8238450600848142
550.0,2.2217054076787313,5.0,7.0,-0.04376937813466648,26.66275680405164,0.8238450600848142
550.0,2.2217054076787313,5.0,10.0,-0.1190626559778346,26.66275680405164,0.8238450600848142
550.0,2.2217054076787313,5.0,14.0,-0.048928393809176816,26.66275680405164,0.8238450600848142
550.0,2.2217054076787313,5.0,20.0,0.18606908788268978,26.66275680405164,0.8238450600848142
550.0,2.455640192120709,5.0,0.5,0.013140535071560072,29.732777598695776,0.8711754910165463
550.0,2.455640192120709,5.0,0.8,-0.04186924638426383,29.732777598695776,0.8711754910165463
550.0,2.455640192120709,5.0,1.2,0.002248297323922477,29.732777598695776,0.8711754910165463
550.0,2.455640192120709,5.0,1.8,0.0011986018532451318,29.732777598695776,0.8711754910165463
550.0,2.455640192120709,5.0,2.5,0.00011546002021100164,29.732777598695776,0.8711754910165463
550.0,2.455640192120709,5.0,3.5,0.0024310274113411184,29.732777598695776,0.8711754910165463
550.0,2.455640192120709,5.0,5.0,-0.06809398385361767,29.732777598695776,0.8711754910165463
550.0,2.455640192120709,5.0,7.0,-0.04030888418936745,29.732777598695776,0.8711754910165463
550.0,2.455640192120709,5.0,10.0,-0.10407179315578366,29.732777598695776,0.8711754910165463
550.0,2.455640192120709,5.0,14.0,-0.09094665603037512,29.732777598695776,0.8711754910165463
550.0,2.455640192120709,5.0,20.0,0.1123038064514932,29.732777598695776,0.8711754910165463
550.0,2.714207172704789,5.0,0.5,0.010708964458537812,32.94989828523815,0.9157940869578179
550.0,2.714207172704789,5.0,0.8,0.021621287014941717,32.94989828523815,0.9157940869578179
550.0,2.714207172704789,5.0,1.2,0.0032555653189375706,32.94989828523815,0.9157940869578179
550.0,2.714207172704789,5.0,1.8,0.0016510679923850908,32.94989828523815,0.9157940869578179
550.0,2.714207172704789,5.0,2.5,0.0014384490069211096,32.94989828523815,0.9157940869578179
550.0,2.714207172704789,5.0,3.5,0.0020990286076064345,32.94989828523815,0.9157940869578179
550.0,2.714207172704789,5.0,5.0,-0.040146141569725284,32.94989828523815,0.9157940869578179
550.0,2.714207172704789,5.0,7.0,-0.05419755283017411,32.94989828523815,0.9157940869578179
550.0,2.714207172704789,5.0,10.0,-0.07555687668840401,32.94989828523815,0.9157940869578179
550.0,2.714207172704789,5.0,14.0,-0.1151609253810229,32.94989828523815,0.9157940869578179
550.0,2.714207172704789,5.0,20.0,0.03802298557529446,32.94989828523815,0.9157940869578179
550.0,3.0000000000000004,5.0,0.5,0.001180513299660579,36.026457549037495,0.9545615690865566
550.0,3.0000000000000004,5.0,0.8,-0.008109741432291448,36.026457549037495,0.9545615690865566
550.0,3.0000000000000004,5.0,1.2,0.001533796075204064,36.026457549037495,0.9545615690865566
550.0,3.0000000000000004,5.0,1.8,0.0016954451856285154,36.026457549037495,0.9545615690865566
550.0,3.0000000000000004,5.0,2.5,0.0010068311880187411,36.026457549037495,0.9545615690865566
550.0,3.0000000000000004,5.0,3.5,0.0013812814287774537,36.026457549037495,0.9545615690865566
550.0,3.0000000000000004,5.0,5.0,-0.012861151262086843,36.026457549037495,0.9545615690865566
550.0,3.0000000000000004,5.0,7.0,-0.07255856888828428,36.026457549037495,0.9545615690865566
550.0,3.0000000000000004,5.0,10.0,-0.049041902395485254,36.026457549037495,0.9545615690865566
550.0,3.0000000000000004,5.0,14.0,-0.12123513440260508,36.026457549037495,0.9545615690865566
550.0,3.0000000000000004,5.0,20.0,-0.02723170417061384,36.026457549037495,0.9545615690865566
550.0,0.3,5.5,0.5,-0.013553965865716515,5.822212994806615,0.16302809791930764
550.0,0.3,5.5,0.8,-0.031613706152628145,5.822212994806615,0.16302809791930764
550.0,0.3,5.5,1.2,-0.0537229341029344,5.822212994806615,0.16302809791930764
550.0,0.3,5.5,1.8,-0.057067467189608145,5.822212994806615,0.16302809791930764
550.0,0.3,5.5,2.5,-0.04010061534387855,5.822212994806615,0.16302809791930764
550.0,0.3,5.5,3.5,0.02512317413421551,5.822212994806615,0.16302809791930764
550.0,0.3,5.5,5.0,0.19202976947832637,5.822212994806615,0.16302809791930764
550.0,0.3,5.5,7.0,0.34152053909893143,5.822212994806615,0.16302809791930764
550.0,0.3,5.5,10.0,0.47101184862111495,5.822212994806615,0.16302809791930764
550.0,0.3,5.5,14.0,0.580569673975706,5.822212994806615,0.16302809791930764
550.0,0.3,5.5,20.0,0.6756721867180852,5.822212994806615,0.16302809791930764
550.0,0.3315885423378064,5.5,0.5,-0.016491733558428777,5.375740469373707,0.12837830230418684
550.0,0.3315885423378064,5.5,0.8,-0.036780646411004606,5.375740469373707,0.12837830230418684
550.0,0.3315885423378064,5.5,1.2,-0.057496349419456826,5.375740469373707,0.12837830230418684
550.0,0.3315885423378064,5.5,1.8,-0.05281033808776776,5.375740469373707,0.12837830230418684
550.0,0.3315885423378064,5.5,2.5,-0.03148807260186099,5.375740469373707,0.12837830230418684
550.0,0.3315885423378064,5.5,3.5,0.06590480301465657,5.375740469373707,0.12837830230418684
550.0,0.3315885423378064,5.5,5.0,0.2324069432102227,5.375740469373707,0.12837830230418684
550.0,0.3315885423378064,5.5,7.0,0.37020775814748436,5.375740469373707,0.12837830230418684
550.0,0.3315885423378064,5.5,10.0,0.49556338470462535,5.375740469373707,0.12837830230418684
550.0,0.3315885423378064,5.5,14.0,0.600630078327637,5.375740469373707,0.12837830230418684
550.0,0.3315885423378064,5.5,20.0,0.6923884732526656,5.375740469373707,0.12837830230418684
550.0,0.3665032046990376,5.5,0.5,-0.01973090103004736,5.01394763369029,0.09811980249086348
550.0,0.3665032046990376,5.5,0.8,-0.042125084291674705,5.01394763369029,0.09811980249086348
550.0,0.3665032046990376,5.5,1.2,-0.059144379916685245,5.01394763369029,0.09811980249086348
550.0,0.3665032046990376,5.5,1.8,-0.047890106874366886,5.01394763369029,0.09811980249086348
550.0,0.3665032046990376,5.5,2.5,-0.016131441704723134,5.01394763369029,0.09811980249086348
550.0,0.3665032046990376,5.5,3.5,0.10862273859435295,5.01394763369029,0.09811980249086348
550.0,0.3665032046990376,5.5,5.0,0.2637891636012827,5.01394763369029,0.09811980249086348
550.0,0.3665032046990376,5.5,7.0,0.3909726894099048,5.01394763369029,0.09811980249086348
550.0,0.3665032046990376,5.5,10.0,0.5152859768055797,5.01394763369029,0.09811980249086348
550.0,0.3665032046990376,5.5,14.0,0.6168394900596187,5.01394763369029,0.09811980249086348
550.0,0.3665032046990376,5.5,20.0,0.7060829752580492,5.01394763369029,0.09811980249086348
550.0,0.4050942113609619,5.5,0.5,-0.023449413886422323,4.744066457261655,0.07409077288571883
550.0,0.4050942113609619,5.5,0.8,-0.047124085448616994,4.744066457261655,0.07409077288571883
550.0,0.4050942113609619,5.5,1.2,-0.05779619673444801,4.744066457261655,0.07409077288571883
550.0,0.4050942113609619,5.5,1.8,-0.042979261386137294,4.744066457261655,0.07409077288571883
550.0,0.4050942113609619,5.5,2.5,0.008872192587435976,4.744066457261655,0.07409077288571883
550.0,0.4050942113609619,5.5,3.5,0.14465765424539334,4.744066457261655,0.07409077288571883
550.0,0.4050942113609619,5.5,5.0,0.2834650300571606,4.744066457261655,0.07409077288571883
550.0,0.4050942113609619,5.5,7.0,0.4031428969320038,4.744066457261655,0.07409077288571883
550.0,0.4050942113609619,5.5,10.0,0.5283992905575409,4.744066457261655,0.07409077288571883
550.0,0.4050942113609619,5.5,14.0,0.6285611038521238,4.744066457261655,0.07409077288571883
550.0,0.4050942113609619,5.5,20.0,0.716117452396826,4.744066457261655,0.07409077288571883
550.0,0.4477486635155488,5.5,0.5,-0.02752799007228014,4.578716394419723,0.05868375284332644
550.0,0.4477486635155488,5.5,0.8,-0.05107553129439666,4.578716394419723,0.05868375284332644
550.0,0.4477486635155488,5.5,1.2,-0.05339787207664734,4.578716394419723,0.05868375284332644
550.0,0.4477486635155488,5.5,1.8,-0.03674808606422981,4.578716394419723,0.05868375284332644
550.0,0.4477486635155488,5.5,2.5,0.040798970748641944,4.578716394419723,0.05868375284332644
550.0,0.4477486635155488,5.5,3.5,0.16673020996320367,4.578716394419723,0.05868375284332644
550.0,0.4477486635155488,5.5,5.0,0.2890622759892292,4.578716394419723,0.05868375284332644
550.0,0.4477486635155488,5.5,7.0,0.4074756659127842,4.578716394419723,0.05868375284332644
550.0,0.4477486635155488,5.5,10.0,0.533384449025775,4.578716394419723,0.05868375284332644
550.0,0.4477486635155488,5.5,14.0,0.6342985430092695,4.578716394419723,0.05868375284332644
550.0,0.4477486635155488,5.5,20.0,0.7217666653154234,4.578716394419723,0.05868375284332644
550.0,0.4492873987401234,5.5,0.5,-0.02767525853300548,4.57537936318215,0.05836711767695082
550.0,0.4492873987401234,5.5,0.8,-0.05117140862336726,4.57537936318215,0.05836711767695082
550.0,0.4492873987401234,5.5,1.2,-0.053199655596524995,4.57537936318215,0.05836711767695082
550.0,0.4492873987401234,5.5,1.8,-0.0364766993111889,4.57537936318215,0.05836711767695082
550.0,0.4492873987401234,5.5,2.5,0.04190903741456827,4.57537936318215,0.05836711767695082
550.0,0.4492873987401234,5.5,3.5,0.16716845364642535,4.57537936318215,0.05836711767695082
550.0,0.4492873987401234,5.5,5.0,0.28897683576859856,4.57537936318215,0.05836711767695082
550.0,0.4492873987401234,5.5,7.0,0.4074657643447666,4.57537936318215,0.05836711767695082
550.0,0.4492873987401234,5.5,10.0,0.5333937825267224,4.57537936318215,0.05836711767695082
550.0,0.4492873987401234,5.5,14.0,0.6343747873367246,4.57537936318215,0.05836711767695082
550.0,0.4492873987401234,5.5,20.0,0.7218894792296664,4.57537936318215,0.05836711767695082
550.0,0.47293410393697205,5.5,0.5,-0.029879929491162405,4.5470906987049995,0.05567362563374312
550.0,0.47293410393697205,5.5,0.8,-0.0523093469477393,4.5470906987049995,0.05567362563374312
550.0,0.47293410393697205,5.5,1.2,-0.0500680649354152,4.5470906987049995,0.05567362563374312
550.0,0.47293410393697205,5.5,1.8,-0.03165608066421215,4.5470906987049995,0.05567362563374312
550.0,0.47293410393697205,5.5,2.5,0.05753327701721237,4.5470906987049995,0.05567362563374312
550.0,0.47293410393697205,5.5,3.5,0.17079180352949438,4.5470906987049995,0.05567362563374312
550.0,0.47293410393697205,5.5,5.0,0.2854703737811517,4.5470906987049995,0.05567362563374312
550.0,0.47293410393697205,5.5,7.0,0.40581149987593335,4.5470906987049995,0.05567362563374312
550.0,0.47293410393697205,5.5,10.0,0.5322723525399459,4.5470906987049995,0.05567362563374312
550.0,0.47293410393697205,5.5,14.0,0.6345210760871663,4.5470906987049995,0.05567362563374312
550.0,0.47293410393697205,5.5,20.0,0.7228491514333832,4.5470906987049995,0.05567362563374312
550.0,0.4948944222294061,5.5,0.5,-0.03176539312701451,4.5603347658086735,0.05693673326783483
550.0,0.4948944222294061,5.5,0.8,-0.05262286288983079,4.5603347658086735,0.05693673326783483
550.0,0.4948944222294061,5.5,1.2,-0.04712525448947641,4.5603347658086735,0.05693673326783483
550.0,0.4948944222294061,5.5,1.8,-0.02602925621473449,4.5603347658086735,0.05693673326783483
550.0,0.4948944222294061,5.5,2.5,0.06861410685873437,4.5603347658086735,0.05693673326783483
550.0,0.4948944222294061,5.5,3.5,0.16896745201644273,4.5603347658086735,0.05693673326783483
550.0,0.4948944222294061,5.5,5.0,0.27866161489524327,4.5603347658086735,0.05693673326783483
550.0,0.4948944222294061,5.5,7.0,0.4016019493863572,4.5603347658086735,0.05693673326783483
550.0,0.4948944222294061,5.5,10.0,0.5292834529110039,4.5603347658086735,0.05693673326783483
550.0,0.4948944222294061,5.5,14.0,0.6330907759396293,4.5603347658086735,0.05693673326783483
550.0,0.4948944222294061,5.5,20.0,0.7224874649800715,4.5603347658086735,0.05693673326783483
550.0,0.4965808091338207,5.5,0.5,-0.03190342625262618,4.562978791347432,0.05718845885557188
550.0,0.4965808091338207,5.5,0.8,-0.052617886568826475,4.562978791347432,0.05718845885557188
550.0,0.4965808091338207,5.5,1.2,-0.04690537005039745,4.562978791347432,0.05718845885557188
550.0,0.4965808091338207,5.5,1.8,-0.02554953633549073,4.562978791347432,0.05718845885557188
550.0,0.4965808091338207,5.5,2.5,0.06930254385645869,4.562978791347432,0.05718845885557188
550.0,0.4965808091338207,5.5,3.5,0.16863788825362358,4.562978791347432,0.05718845885557188
550.0,0.4965808091338207,5.5,5.0,0.2780132197035937,4.562978791347432,0.05718845885557188
550.0,0.4965808091338207,5.5,7.0,0.4011767284760333,4.562978791347432,0.05718845885557188
550.0,0.4965808091338207,5.5,10.0,0.5289842221609788,4.562978791347432,0.05718845885557188
550.0,0.4965808091338207,5.5,14.0,0.6329247368599669,4.562978791347432,0.05718845885557188
550.0,0.4965808091338207,5.5,20.0,0.7224193379172376,4.562978791347432,0.05718845885557188
550.0,0.5470044002605323,5.5,0.5,-0.03554910335238297,5.088541175937554,0.10453330180473949
550.0,0.5470044002605323,5.5,0.8,-0.050076886479121306,5.088541175937554,0.10453330180473949
550.0,0.5470044002605323,5.5,1.2,-0.04126089159837098,5.088541175937554,0.10453330180473949
550.0,0.5470044002605323,5.5,1.8,-0.009175733183110827,5.088541175937554,0.10453330180473949
550.0,0.5470044002605323,5.5,2.5,0.07683952936913971,5.088541175937554,0.10453330180473949
550.0,0.5470044002605323,5.5,3.5,0.1473580023408758,5.088541175937554,0.10453330180473949
550.0,0.5470044002605323,5.5,5.0,0.2513145619351916,5.088541175937554,0.10453330180473949
550.0,0.5470044002605323,5.5,7.0,0.38195105977063787,5.088541175937554,0.10453330180473949
550.0,0.5470044002605323,5.5,10.0,0.5154247558816978,5.088541175937554,0.10453330180473949
550.0,0.5470044002605323,5.5,14.0,0.6242537073650304,5.088541175937554,0.10453330180473949
550.0,0.5470044002605323,5.5,20.0,0.717386486029246,5.088541175937554,0.10453330180473949
550.0,0.5502624373878341,5.5,0.5,-0.03573190965157223,5.141677830980259,0.1090448696582101
550.0,0.5502624373878341,5.5,0.8,-0.04974985784058269,5.141677830980259,0.1090448696582101
550.0,0.5502624373878341,5.5,1.2,-0.04098539915112044,5.141677830980259,0.1090448696582101
550.0,0.5502624373878341,5.5,1.8,-0.008069959539277654,5.141677830980259,0.1090448696582101
550.0,0.5502624373878341,5.5,2.5,0.07643261716485618,5.141677830980259,0.1090448696582101
550.0,0.5502624373878341,5.5,3.5,0.14531250169049956,5.141677830980259,0.1090448696582101
550.0,0.5502624373878341,5.5,5.0,0.2491769615490601,5.141677830980259,0.1090448696582101
550.0,0.5502624373878341,5.5,7.0,0.38029844460756707,5.141677830980259,0.1090448696582101
550.0,0.5502624373878341,5.5,10.0,0.5142464683475595,5.141677830980259,0.1090448696582101
550.0,0.5502624373878341,5.5,14.0,0.6234543552535606,5.141677830980259,0.1090448696582101
550.0,0.5502624373878341,5.5,20.0,0.7168843535648831,5.141677830980259,0.1090448696582101
550.0,0.5792236183029833,5.5,0.5,-0.0369884146929211,5.732754760765197,0.15630337233325078
550.0,0.5792236183029833,5.5,0.8,-0.046025303799362274,5.732754760765197,0.15630337233325078
550.0,0.5792236183029833,5.5,1.2,-0.03902398590553982,5.732754760765197,0.15630337233325078
550.0,0.5792236183029833,5.5,1.8,0.0010826848366966247,5.732754760765197,0.15630337233325078
550.0,0.5792236183029833,5.5,2.5,0.06800640351448982,5.732754760765197,0.15630337233325078
550.0,0.5792236183029833,5.5,3.5,0.12416689781360163,5.732754760765197,0.15630337233325078
550.0,0.5792236183029833,5.5,5.0,0.22852290104405734,5.732754760765197,0.15630337233325078
550.0,0.5792236183029833,5.5,7.0,0.3635912175981526,5.732754760765197,0.15630337233325078
550.0,0.5792236183029833,5.5,10.0,0.5022828654213868,5.732754760765197,0.15630337233325078
550.0,0.5792236183029833,5.5,14.0,0.6152116825907387,5.732754760765197,0.15630337233325078
550.0,0.5792236183029833,5.5,20.0,0.7116266455564776,5.732754760765197,0.15630337233325078
550.0,0.6046013057825199,5.5,0.5,-0.03737338849130497,6.255829408827674,0.19422490604241366
550.0,0.6046013057825199,5.5,0.8,-0.04158395755574162,6.255829408827674,0.19422490604241366
550.0,0.6046013057825199,5.5,1.2,-0.03788182927030547,6.255829408827674,0.19422490604241366
550.0,0.6046013057825199,5.5,1.8,0.006849945816508961,6.255829408827674,0.19422490604241366
550.0,0.6046013057825199,5.5,2.5,0.054297199642804064,6.255829408827674,0.19422490604241366
550.0,0.6046013057825199,5.5,3.5,0.10215793472314255,6.255829408827674,0.19422490604241366
550.0,0.6046013057825199,5.5,5.0,0.20846617557218602,6.255829408827674,0.19422490604241366
550.0,0.6046013057825199,5.5,7.0,0.34632351902585273,6.255829408827674,0.19422490604241366
550.0,0.6046013057825199,5.5,10.0,0.48977763208184233,6.255829408827674,0.19422490604241366
550.0,0.6046013057825199,5.5,14.0,0.6064450625841772,6.255829408827674,0.19422490604241366
550.0,0.6046013057825199,5.5,20.0,0.7058796965755537,6.255829408827674,0.19422490604241366
550.0,0.6081847992181325,5.5,0.5,-0.037367007343486816,6.325216340936476,0.19901539291801537
550.0,0.6081847992181325,5.5,0.8,-0.04087868584817053,6.325216340936476,0.19901539291801537
550.0,0.6081847992181325,5.5,1.2,-0.037755966069349244,6.325216340936476,0.19901539291801537
550.0,0.6081847992181325,5.5,1.8,0.007409900520604221,6.325216340936476,0.19901539291801537
550.0,0.6081847992181325,5.5,2.5,0.051947917966511326,6.325216340936476,0.19901539291801537
550.0,0.6081847992181325,5.5,3.5,0.0988462965336329,6.325216340936476,0.19901539291801537
550.0,0.6081847992181325,5.5,5.0,0.2055058530620276,6.325216340936476,0.19901539291801537
550.0,0.6081847992181325,5.5,7.0,0.34371361480611284,6.325216340936476,0.19901539291801537
550.0,0.6081847992181325,5.5,10.0,0.48787549182308965,6.325216340936476,0.19901539291801537
550.0,0.6081847992181325,5.5,14.0,0.6051066665642502,6.325216340936476,0.19901539291801537
550.0,0.6081847992181325,5.5,20.0,0.7049870155612308,6.325216340936476,0.19901539291801537
550.0,0.6353883327016112,5.5,0.5,-0.0365598054110169,6.755769722769149,0.2276148464574672
550.0,0.6353883327016112,5.5,0.8,-0.035046890288511094,6.755769722769149,0.2276148464574672
550.0,0.6353883327016112,5.5,1.2,-0.03691174266593045,6.755769722769149,0.2276148464574672
550.0,0.6353883327016112,5.5,1.8,0.008864049077121948,6.755769722769149,0.2276148464574672
550.0,0.6353883327016112,5.5,2.5,0.03142198911517862,6.755769722769149,0.2276148464574672
550.0,0.6353883327016112,5.5,3.5,0.07256001869379965,6.755769722769149,0.2276148464574672
550.0,0.6353883327016112,5.5,5.0,0.18202890397021246,6.755769722769149,0.2276148464574672
550.0,0.6353883327016112,5.5,7.0,0.3227082377019116,6.755769722769149,0.2276148464574672
550.0,0.6353883327016112,5.5,10.0,0.4724557417253299,6.755769722769149,0.2276148464574672
550.0,0.6353883327016112,5.5,14.0,0.5942567035161719,6.755769722769149,0.2276148464574672
550.0,0.6353883327016112,5.5,20.0,0.697678860382578,6.755769722769149,0.2276148464574672
550.0,0.6682628855998672,5.5,0.5,-0.033462243450870024,7.025944627546396,0.24464473140589635
550.0,0.6682628855998672,5.5,0.8,-0.027172827172827173,7.025944627546396,0.24464473140589635
550.0,0.6682628855998672,5.5,1.2,-0.035757259732318025,7.025944627546396,0.24464473140589635
550.0,0.6682628855998672,5.5,1.8,0.0030389957272181764,7.025944627546396,0.24464473140589635
550.0,0.6682628855998672,5.5,2.5,0.0020594426950925966,7.025944627546396,0.24464473140589635
550.0,0.6682628855998672,5.5,3.5,0.03921930168439135,7.025944627546396,0.24464473140589635
550.0,0.6682628855998672,5.5,5.0,0.15144584682324874,7.025944627546396,0.24464473140589635
550.0,0.6682628855998672,5.5,7.0,0.29502893998563223,7.025944627546396,0.24464473140589635
550.0,0.6682628855998672,5.5,10.0,0.45185464598490443,7.025944627546396,0.24464473140589635
550.0,0.6682628855998672,5.5,14.0,0.5796480355212785,7.025944627546396,0.24464473140589635
550.0,0.6682628855998672,5.5,20.0,0.687704726847669,7.025944627546396,0.24464473140589635
550.0,0.6688298238964329,5.5,0.5,-0.03338308929755422,7.029865862966234,0.2448870469878271
550.0,0.6688298238964329,5.5,0.8,-0.027034979209490807,7.029865862966234,0.2448870469878271
550.0,0.6688298238964329,5.5,1.2,-0.03573109157645749,7.029865862966234,0.2448870469878271
550.0,0.6688298238964329,5.5,1.8,0.002860458933255616,7.029865862966234,0.2448870469878271
550.0,0.6688298238964329,5.5,2.5,0.0015284189897242714,7.029865862966234,0.2448870469878271
550.0,0.6688298238964329,5.5,3.5,0.03864159327144331,7.029865862966234,0.2448870469878271
550.0,0.6688298238964329,5.5,5.0,0.1509013687992842,7.029865862966234,0.2448870469878271
550.0,0.6688298238964329,5.5,7.0,0.2945367541678897,7.029865862966234,0.2448870469878271
550.0,0.6688298238964329,5.5,10.0,0.451485765509999,7.029865862966234,0.2448870469878271
550.0,0.6688298238964329,5.5,14.0,0.5793841294939098,7.029865862966234,0.2448870469878271
550.0,0.6688298238964329,5.5,20.0,0.6875231261119021,7.029865862966234,0.2448870469878271
550.0,0.7022713150912545,5.5,0.5,-0.02675051476729933,7.309045163371424,0.2618006541163327
550.0,0.7022713150912545,5.5,0.8,-0.018982141811756392,7.309045163371424,0.2618006541163327
550.0,0.7022713150912545,5.5,1.2,-0.03367332979280478,7.309045163371424,0.2618006541163327
550.0,0.7022713150912545,5.5,1.8,-0.011982406064130365,7.309045163371424,0.2618006541163327
550.0,0.7022713150912545,5.5,2.5,-0.030047310096398855,7.309045163371424,0.2618006541163327
550.0,0.7022713150912545,5.5,3.5,0.00500945838070421,7.309045163371424,0.2618006541163327
550.0,0.7022713150912545,5.5,5.0,0.11799729879308857,7.309045163371424,0.2618006541163327
550.0,0.7022713150912545,5.5,7.0,0.26492019678884965,7.309045163371424,0.2618006541163327
550.0,0.7022713150912545,5.5,10.0,0.42906311043868567,7.309045163371424,0.2618006541163327
550.0,0.7022713150912545,5.5,14.0,0.5631807373569528,7.309045163371424,0.2618006541163327
550.0,0.7022713150912545,5.5,20.0,0.6763436703492539,7.309045163371424,0.2618006541163327
550.0,0.7386277204483878,5.5,0.5,-0.013700658997332518,7.564878589750373,0.2767419710081662
550.0,0.7386277204483878,5.5,0.8,-0.011148344155378714,7.564878589750373,0.2767419710081662
550.0,0.7386277204483878,5.5,1.2,-0.03007962126759834,7.564878589750373,0.2767419710081662
550.0,0.7386277204483878,5.5,1.8,-0.035613667723789016,7.564878589750373,0.2767419710081662
550.0,0.7386277204483878,5.5,2.5,-0.062111097390700726,7.564878589750373,0.2767419710081662
550.0,0.7386277204483878,5.5,3.5,-0.029161605990815787,7.564878589750373,0.2767419710081662
550.0,0.7386277204483878,5.5,5.0,0.08135465487996499,7.564878589750373,0.2767419710081662
550.0,0.7386277204483878,5.5,7.0,0.23201829825338358,7.564878589750373,0.2767419710081662
550.0,0.7386277204483878,5.5,10.0,0.4035832375474838,7.564878589750373,0.2767419710081662
550.0,0.7386277204483878,5.5,14.0,0.5445121005851753,7.564878589750373,0.2767419710081662
550.0,0.7386277204483878,5.5,20.0,0.66339852219561,7.564878589750373,0.2767419710081662
550.0,0.7781886018183509,5.5,0.5,0.010387143428752438,7.963068027713916,0.29902043454956384
550.0,0.7781886018183509,5.5,0.8,-0.004631832796621057,7.963068027713916,0.29902043454956384
550.0,0.7781886018183509,5.5,1.2,-0.02508116171799613,7.963068027713916,0.29902043454956384
550.0,0.7781886018183509,5.5,1.8,-0.0637121657409067,7.963068027713916,0.29902043454956384
550.0,0.7781886018183509,5.5,2.5,-0.08981149941084227,7.963068027713916,0.29902043454956384
550.0,0.7781886018183509,5.5,3.5,-0.06134581509418489,7.963068027713916,0.29902043454956384
550.0,0.7781886018183509,5.5,5.0,0.042217170049820486,7.963068027713916,0.29902043454956384
550.0,0.7781886018183509,5.5,7.0,0.1960694752140453,7.963068027713916,0.29902043454956384
550.0,0.7781886018183509,5.5,10.0,0.37513470854215675,7.963068027713916,0.29902043454956384
550.0,0.7781886018183509,5.5,14.0,0.5235580470305676,7.963068027713916,0.29902043454956384
550.0,0.7781886018183509,5.5,20.0,0.6487516310141022,7.963068027713916,0.29902043454956384
550.0,0.8164016305125923,5.5,0.5,0.04486578306801551,8.715438563892988,0.33822925451695396
550.0,0.8164016305125923,5.5,0.8,-0.00011991013108688344,8.715438563892988,0.33822925451695396
550.0,0.8164016305125923,5.5,1.2,-0.020684687592766125,8.715438563892988,0.33822925451695396
550.0,0.8164016305125923,5.5,1.8,-0.08506398361557109,8.715438563892988,0.33822925451695396
550.0,0.8164016305125923,5.5,2.5,-0.10622213428933874,8.715438563892988,0.33822925451695396
550.0,0.8164016305125923,5.5,3.5,-0.08568549155165772,8.715438563892988,0.33822925451695396
550.0,0.8164016305125923,5.5,5.0,0.0069948768601161455,8.715438563892988,0.33822925451695396
550.0,0.8164016305125923,5.5,7.0,0.16196893246069366,8.715438563892988,0.33822925451695396
550.0,0.8164016305125923,5.5,10.0,0.34759194636188445,8.715438563892988,0.33822925451695396
550.0,0.8164016305125923,5.5,14.0,0.5031687894228535,8.715438563892988,0.33822925451695396
550.0,0.8164016305125923,5.5,20.0,0.6343638400629555,8.715438563892988,0.33822925451695396
550.0,0.8191458966508958,5.5,0.5,0.047665994188678555,8.776068428165155,0.3412400095033546
550.0,0.8191458966508958,5.5,0.8,0.0001610497979050635,8.776068428165155,0.3412400095033546
550.0,0.8191458966508958,5.5,1.2,-0.020429272616521443,8.776068428165155,0.3412400095033546
550.0,0.8191458966508958,5.5,1.8,-0.08617969411892061,8.776068428165155,0.3412400095033546
550.0,0.8191458966508958,5.5,2.5,-0.10696119249567555,8.776068428165155,0.3412400095033546
550.0,0.8191458966508958,5.5,3.5,-0.08714405490116645,8.776068428165155,0.3412400095033546
550.0,0.8191458966508958,5.5,5.0,0.0046070072546125955,8.776068428165155,0.3412400095033546
550.0,0.8191458966508958,5.5,7.0,0.15956276573435135,8.776068428165155,0.3412400095033546
550.0,0.8191458966508958,5.5,10.0,0.3456253024307837,8.776068428165155,0.3412400095033546
550.0,0.8191458966508958,5.5,14.0,0.5017060029351518,8.776068428165155,0.3412400095033546
550.0,0.8191458966508958,5.5,20.0,0.6333292753128341,8.776068428165155,0.3412400095033546
550.0,0.8601031914834406,5.5,0.5,0.08635653193256339,9.405859827972888,0.37133851100135246
550.0,0.8601031914834406,5.5,0.8,0.004837314469113794,9.405859827972888,0.37133851100135246
550.0,0.8601031914834406,5.5,1.2,-0.018033627760923564,9.405859827972888,0.37133851100135246
550.0,0.8601031914834406,5.5,1.8,-0.09393207827847418,9.405859827972888,0.37133851100135246
550.0,0.8601031914834406,5.5,2.5,-0.11086749429640656,9.405859827972888,0.37133851100135246
550.0,0.8601031914834406,5.5,3.5,-0.10421125943758627,9.405859827972888,0.37133851100135246
550.0,0.8601031914834406,5.5,5.0,-0.028231949658825355,9.405859827972888,0.37133851100135246
550.0,0.8601031914834406,5.5,7.0,0.1246487507845329,9.405859827972888,0.37133851100135246
550.0,0.8601031914834406,5.5,10.0,0.31668401927781026,9.405859827972888,0.37133851100135246
550.0,0.8601031914834406,5.5,14.0,0.48002894801170914,9.405859827972888,0.37133851100135246
550.0,0.8601031914834406,5.5,20.0,0.6179797109369427,9.405859827972888,0.37133851100135246
550.0,0.9023647554129298,5.5,0.5,0.0918859489694227,9.815648946930137,0.3898590262865224
550.0,0.9023647554129298,5.5,0.8,0.012783018180420028,9.815648946930137,0.3898590262865224
550.0,0.9023647554129298,5.5,1.2,-0.017451775987934858,9.815648946930137,0.3898590262865224
550.0,0.9023647554129298,5.5,1.8,-0.08313308385178413,9.815648946930137,0.3898590262865224
550.0,0.9023647554129298,5.5,2.5,-0.10205736226899971,9.815648946930137,0.3898590262865224
550.0,0.9023647554129298,5.5,3.5,-0.11315277467885697,9.815648946930137,0.3898590262865224
550.0,0.9023647554129298,5.5,5.0,-0.05606418738686851,9.815648946930137,0.3898590262865224
550.0,0.9023647554129298,5.5,7.0,0.09100781750624427,9.815648946930137,0.3898590262865224
550.0,0.9023647554129298,5.5,10.0,0.2878554767996921,9.815648946930137,0.3898590262865224
550.0,0.9023647554129298,5.5,14.0,0.4580863338235384,9.815648946930137,0.3898590262865224
550.0,0.9023647554129298,5.5,20.0,0.602337504617627,9.815648946930137,0.3898590262865224
550.0,0.9973793796812823,5.5,0.5,-0.010231820237261801,11.283143012646102,0.4503701014856782
550.0,0.9973793796812823,5.5,0.8,0.04229963900742865,11.283143012646102,0.4503701014856782
550.0,0.9973793796812823,5.5,1.2,0.0018021074602069843,11.283143012646102,0.4503701014856782
550.0,0.9973793796812823,5.5,1.8,-0.016441350710128404,11.283143012646102,0.4503701014856782
550.0,0.9973793796812823,5.5,2.5,-0.055132466586705335,11.283143012646102,0.4503701014856782
550.0,0.9973793796812823,5.5,3.5,-0.10662776827553455,11.283143012646102,0.4503701014856782
550.0,0.9973793796812823,5.5,5.0,-0.09660514540168759,11.283143012646102,0.4503701014856782
550.0,0.9973793796812823,5.5,7.0,0.02524194879736411,11.283143012646102,0.4503701014856782
550.0,0.9973793796812823,5.5,10.0,0.22606405059410203,11.283143012646102,0.4503701014856782
550.0,0.9973793796812823,5.5,14.0,0.41010436890766105,11.283143012646102,0.4503701014856782
550.0,0.9973793796812823,5.5,20.0,0.5677789931547778,11.283143012646102,0.4503701014856782
550.0,1.1005248747756682,5.5,0.5,-0.03639590542956414,12.6186452796282,0.4989527408255606
550.0,1.1005248747756682,5.5,0.8,0.03010917795484869,12.6186452796282,0.4989527408255606
550.0,1.1005248747756682,5.5,1.2,0.06155202259421718,12.6186452796282,0.4989527408255606
550.0,1.1005248747756682,5.5,1.8,0.010784168658370447,12.6186452796282,0.4989527408255606
550.0,1.1005248747756682,5.5,2.5,-0.01800142885442093,12.6186452796282,0.4989527408255606
550.0,1.1005248747756682,5.5,3.5,-0.07166342852916101,12.6186452796282,0.4989527408255606
550.0,1.1005248747756682,5.5,5.0,-0.11554910275462735,12.6186452796282,0.4989527408255606
550.0,1.1005248747756682,5.5,7.0,-0.034710651309693724,12.6186452796282,0.4989527408255606
550.0,1.1005248747756682,5.5,10.0,0.16095399181167144,12.6186452796282,0.4989527408255606
550.0,1.1005248747756682,5.5,14.0,0.35780377177870765,12.6186452796282,0.4989527408255606
550.0,1.1005248747756682,5.5,20.0,0.5296547969565903,12.6186452796282,0.4989527408255606
550.0,1.102398582221007,5.5,0.5,-0.03593824613682689,12.653956150035297,0.5001663338298841
550.0,1.102398582221007,5.5,0.8,0.02925005676603334,12.653956150035297,0.5001663338298841
550.0,1.102398582221007,5.5,1.2,0.06210421223645159,12.653956150035297,0.5001663338298841
550.0,1.102398582221007,5.5,1.8,0.01032466288429783,12.653956150035297,0.5001663338298841
550.0,1.102398582221007,5.5,2.5,-0.01778214282496279,12.653956150035297,0.5001663338298841
550.0,1.102398582221007,5.5,3.5,-0.07095665972854638,12.653956150035297,0.5001663338298841
550.0,1.102398582221007,5.5,5.0,-0.11569675497335989,12.653956150035297,0.5001663338298841
550.0,1.102398582221007,5.5,7.0,-0.03570756199384247,12.653956150035297,0.5001663338298841
550.0,1.102398582221007,5.5,10.0,0.1597752008022814,12.653956150035297,0.5001663338298841
550.0,1.102398582221007,5.5,14.0,0.35683667702049066,12.653956150035297,0.5001663338298841
550.0,1.102398582221007,5.5,20.0,0.5289472470013215,12.653956150035297,0.5001663338298841
550.0,1.1584472366059666,5.5,0.5,-0.01423674993696687,13.546196920927116,0.5297573933227433
550.0,1.1584472366059666,5.5,0.8,0.0012978125793574769,13.546196920927116,0.5297573933227433
550.0,1.1584472366059666,5.5,1.2,0.05244495850312986,13.546196920927116,0.5297573933227433
550.0,1.1584472366059666,5.5,1.8,-0.013057434439350549,13.546196920927116,0.5297573933227433
550.0,1.1584472366059666,5.5,2.5,-0.018957931929786512,13.546196920927116,0.5297573933227433
550.0,1.1584472366059666,5.5,3.5,-0.0519357240666089,13.546196920927116,0.5297573933227433
550.0,1.1584472366059666,5.5,5.0,-0.1166826083268088,13.546196920927116,0.5297573933227433
550.0,1.1584472366059666,5.5,7.0,-0.06334930884549712,13.546196920927116,0.5297573933227433
550.0,1.1584472366059666,5.5,10.0,0.12477100042594198,13.546196920927116,0.5297573933227433
550.0,1.1584472366059666,5.5,14.0,0.32776795416703763,13.546196920927116,0.5297573933227433
550.0,1.1584472366059666,5.5,20.0,0.5075804682905766,13.546196920927116,0.5297573933227433
550.0,1.216369598436265,5.5,0.5,0.010072566690716623,14.322319379622003,0.553953362691743
550.0,1.216369598436265,5.5,0.8,-0.016701988864614336,14.322319379622003,0.553953362691743
550.0,1.216369598436265,5.5,1.2,-0.00014727894085485535,14.322319379622003,0.553953362691743
550.0,1.216369598436265,5.5,1.8,-0.03630655692616332,14.322319379622003,0.553953362691743
550.0,1.216369598436265,5.5,2.5,-0.03216880968010521,14.322319379622003,0.553953362691743
550.0,1.216369598436265,5.5,3.5,-0.03892711205856155,14.322319379622003,0.553953362691743
550.0,1.216369598436265,5.5,5.0,-0.11081170772208018,14.322319379622003,0.553953362691743
550.0,1.216369598436265,5.5,7.0,-0.08665199844325414,14.322319379622003,0.553953362691743
550.0,1.216369598436265,5.5,10.0,0.08963150143533513,14.322319379622003,0.553953362691743
550.0,1.216369598436265,5.5,14.0,0.29773451568260006,14.322319379622003,0.553953362691743
550.0,1.216369598436265,5.5,20.0,0.48532694732486964,14.322319379622003,0.553953362691743
550.0,1.218475796513094,5.5,0.5,0.010705407064939216,14.358749838937507,0.5550566378759509
550.0,1.218475796513094,5.5,0.8,-0.01693173410793067,14.358749838937507,0.5550566378759509
550.0,1.218475796513094,5.5,1.2,-0.002144181276107376,14.358749838937507,0.5550566378759509
550.0,1.218475796513094,5.5,1.8,-0.03675202493363145,14.358749838937507,0.5550566378759509
550.0,1.218475796513094,5.5,2.5,-0.03277527779940406,14.358749838937507,0.5550566378759509
550.0,1.218475796513094,5.5,3.5,-0.03860031599293579,14.358749838937507,0.5550566378759509
550.0,1.218475796513094,5.5,5.0,-0.11048182482990629,14.358749838937507,0.5550566378759509
550.0,1.218475796513094,5.5,7.0,-0.08738272407008967,14.358749838937507,0.5550566378759509
550.0,1.218475796513094,5.5,10.0,0.0883841020058209,14.358749838937507,0.5550566378759509
550.0,1.218475796513094,5.5,14.0,0.2966437284503081,14.358749838937507,0.5550566378759509
550.0,1.218475796513094,5.5,20.0,0.48451611486713014,14.358749838937507,0.5550566378759509
550.0,1.3467753774655815,5.5,0.5,0.00771858207190712,16.334250511581438,0.6110392205687717
550.0,1.3467753774655815,5.5,0.8,0.010288437030106706,16.334250511581438,0.6110392205687717
550.0,1.3467753774655815,5.5,1.2,0.02082097836915176,16.334250511581438,0.6110392205687717
550.0,1.3467753774655815,5.5,1.8,0.010083353527651604,16.334250511581438,0.6110392205687717
550.0,1.3467753774655815,5.5,2.5,-0.05625945290817997,16.334250511581438,0.6110392205687717
550.0,1.3467753774655815,5.5,3.5,-0.03230723279638429,16.334250511581438,0.6110392205687717
550.0,1.3467753774655815,5.5,5.0,-0.08085249507040967,16.334250511581438,0.6110392205687717
550.0,1.3467753774655815,5.5,7.0,-0.11611694873212483,16.334250511581438,0.6110392205687717
550.0,1.3467753774655815,5.5,10.0,0.01862308839260964,16.334250511581438,0.6110392205687717
550.0,1.3467753774655815,5.5,14.0,0.23197932084021736,16.334250511581438,0.6110392205687717
550.0,1.3467753774655815,5.5,20.0,0.43590212566451586,16.334250511581438,0.6110392205687717
550.0,1.4885842809008711,5.5,0.5,-0.014262855391338798,18.426772890703866,0.6633892918847382
550.0,1.4885842809008711,5.5,0.8,0.026852132272935453,18.426772890703866,0.6633892918847382
550.0,1.4885842809008711,5.5,1.2,-0.03587908922198231,18.426772890703866,0.6633892918847382
550.0,1.4885842809008711,5.5,1.8,0.04118861150696651,18.426772890703866,0.6633892918847382
550.0,1.4885842809008711,5.5,2.5,-0.025971090737132437,18.426772890703866,0.6633892918847382
550.0,1.4885842809008711,5.5,3.5,-0.054388308852150735,18.426772890703866,0.6633892918847382
550.0,1.4885842809008711,5.5,5.0,-0.05022733985616769,18.426772890703866,0.6633892918847382
550.0,1.4885842809008711,5.5,7.0,-0.11792826639554825,18.426772890703866,0.6633892918847382
550.0,1.4885842809008711,5.5,10.0,-0.044449344136355685,18.426772890703866,0.6633892918847382
550.0,1.4885842809008711,5.5,14.0,0.16260569965889612,18.426772890703866,0.6633892918847382
550.0,1.4885842809008711,5.5,20.0,0.38233856300348235,18.426772890703866,0.6633892918847382
550.0,1.645324972836306,5.5,0.5,0.03892254539436718,20.829973773133414,0.7166287318031437
550.0,1.645324972836306,5.5,0.8,0.0058202265147785604,20.829973773133414,0.7166287318031437
550.0,1.645324972836306,5.5,1.2,0.06587309815149915,20.829973773133414,0.7166287318031437
550.0,1.645324972836306,5.5,1.8,-0.017057122844226044,20.829973773133414,0.7166287318031437
550.0,1.645324972836306,5.5,2.5,0.017477924102500382,20.829973773133414,0.7166287318031437
550.0,1.645324972836306,5.5,3.5,-0.06508700487368652,20.829973773133414,0.7166287318031437
550.0,1.645324972836306,5.5,5.0,-0.03663515748347561,20.829973773133414,0.7166287318031437
550.0,1.645324972836306,5.5,7.0,-0.09974572108481436,20.829973773133414,0.7166287318031437
550.0,1.645324972836306,5.5,10.0,-0.09148746125792329,20.829973773133414,0.7166287318031437
550.0,1.645324972836306,5.5,14.0,0.09010777386080743,20.829973773133414,0.7166287318031437
550.0,1.645324972836306,5.5,20.0,0.3236521867633649,20.829973773133414,0.7166287318031437
550.0,1.8185696980492723,5.5,0.5,-0.003066530537729867,23.428194769549698,0.7676788345362864
550.0,1.8185696980492723,5.5,0.8,-0.01770011416313667,23.428194769549698,0.7676788345362864
550.0,1.8185696980492723,5.5,1.2,-0.03279265792195789,23.428194769549698,0.7676788345362864
550.0,1.8185696980492723,5.5,1.8,0.010337348089935238,23.428194769549698,0.7676788345362864
550.0,1.8185696980492723,5.5,2.5,0.008088315147115227,23.428194769549698,0.7676788345362864
550.0,1.8185696980492723,5.5,3.5,-0.04288103322489259,23.428194769549698,0.7676788345362864
550.0,1.8185696980492723,5.5,5.0,-0.046365024468859345,23.428194769549698,0.7676788345362864
550.0,1.8185696980492723,5.5,7.0,-0.07316880052107505,23.428194769549698,0.7676788345362864
550.0,1.8185696980492723,5.5,10.0,-0.11530242645088461,23.428194769549698,0.7676788345362864
550.0,1.8185696980492723,5.5,14.0,0.018272536439018557,23.428194769549698,0.7676788345362864
550.0,1.8185696980492723,5.5,20.0,0.2596305705756136,23.428194769549698,0.7676788345362864
550.0,2.0100562510528768,5.5,0.5,-0.011980146764210858,26.346164419937182,0.8186574064936535
550.0,2.0100562510528768,5.5,0.8,-0.042542609527228124,26.346164419937182,0.8186574064936535
550.0,2.0100562510528768,5.5,1.2,-0.0182958122362471,26.346164419937182,0.8186574064936535
550.0,2.0100562510528768,5.5,1.8,-0.0018947564338837502,26.346164419937182,0.8186574064936535
550.0,2.0100562510528768,5.5,2.5,-0.00013241688542741943,26.346164419937182,0.8186574064936535
550.0,2.0100562510528768,5.5,3.5,-0.006975230851462907,26.346164419937182,0.8186574064936535
550.0,2.0100562510528768,5.5,5.0,-0.06714392145673255,26.346164419937182,0.8186574064936535
550.0,2.0100562510528768,5.5,7.0,-0.045558694219280146,26.346164419937182,0.8186574064936535
550.0,2.0100562510528768,5.5,10.0,-0.11907229739532477,26.346164419937182,0.8186574064936535
550.0,2.0100562510528768,5.5,14.0,-0.044583599065438094,26.346164419937182,0.8186574064936535
550.0,2.0100562510528768,5.5,20.0,0.1905543405908072,26.346164419937182,0.8186574064936535
550.0,2.2217054076787313,5.5,0.5,-0.0004052613121182319,29.46048282237692,0.8671798688085127
550.0,2.2217054076787313,5.5,0.8,-0.013047655814115437,29.46048282237692,0.8671798688085127
550.0,2.2217054076787313,5.5,1.2,-0.0028337032918371126,29.46048282237692,0.8671798688085127
550.0,2.2217054076787313,5.5,1.8,0.002258981734480288,29.46048282237692,0.8671798688085127
550.0,2.2217054076787313,5.5,2.5,0.002289143626444173,29.46048282237692,0.8671798688085127
550.0,2.2217054076787313,5.5,3.5,0.003704557564324669,29.46048282237692,0.8671798688085127
550.0,2.2217054076787313,5.5,5.0,-0.06927268278141473,29.46048282237692,0.8671798688085127
550.0,2.2217054076787313,5.5,7.0,-0.03925314282176557,29.46048282237692,0.8671798688085127
550.0,2.2217054076787313,5.5,10.0,-0.10604912725258242,29.46048282237692,0.8671798688085127
550.0,2.2217054076787313,5.5,14.0,-0.08866094606518214,29.46048282237692,0.8671798688085127
550.0,2.2217054076787313,5.5,20.0,0.11720933740530343,29.46048282237692,0.8671798688085127
550.0,2.455640192120709,5.5,0.5,0.015658757806650044,32.78136555389867,0.9135670494309396
550.0,2.455640192120709,5.5,0.8,0.06345667186868259,32.78136555389867,0.9135670494309396
550.0,2.455640192120709,5.5,1.2,0.0009224545131779702,32.78136555389867,0.9135670494309396
550.0,2.455640192120709,5.5,1.8,0.001950278082236559,32.78136555389867,0.9135670494309396
550.0,2.455640192120709,5.5,2.5,0.002469710060182101,32.78136555389867,0.9135670494309396
550.0,2.455640192120709,5.5,3.5,0.0023072773984755364,32.78136555389867,0.9135670494309396
550.0,2.455640192120709,5.5,5.0,-0.04296686940456491,32.78136555389867,0.9135670494309396
550.0,2.455640192120709,5.5,7.0,-0.05254552017618114,32.78136555389867,0.9135670494309396
550.0,2.455640192120709,5.5,10.0,-0.07824824083086608,32.78136555389867,0.9135670494309396
550.0,2.455640192120709,5.5,14.0,-0.11372507993382983,32.78136555389867,0.9135670494309396
550.0,2.455640192120709,5.5,20.0,0.04291386859194022,32.78136555389867,0.9135670494309396
550.0,2.714207172704789,5.5,0.5,-0.003314382931958196,36.088041130215274,0.9553033177355155
550.0,2.714207172704789,5.5,0.8,-0.012541178984578651,36.088041130215274,0.9553033177355155
550.0,2.714207172704789,5.5,1.2,0.0014706565850718402,36.088041130215274,0.9553033177355155
550.0,2.714207172704789,5.5,1.8,0.000745107319445747,36.088041130215274,0.9553033177355155
550.0,2.714207172704789,5.5,2.5,0.00028585628240511413,36.088041130215274,0.9553033177355155
550.0,2.714207172704789,5.5,3.5,0.0017352197426704573,36.088041130215274,0.9553033177355155
550.0,2.714207172704789,5.5,5.0,-0.014223119573664662,36.088041130215274,0.9553033177355155
550.0,2.714207172704789,5.5,7.0,-0.07102268823861016,36.088041130215274,0.9553033177355155
550.0,2.714207172704789,5.5,10.0,-0.050467649648095705,36.088041130215274,0.9553033177355155
550.0,2.714207172704789,5.5,14.0,-0.12125087418689096,36.088041130215274,0.9553033177355155
550.0,2.714207172704789,5.5,20.0,-0.023551152142491844,36.088041130215274,0.9553033177355155
550.0,3.0000000000000004,5.5,0.5,0.0064299131259499265,39.45996645682506,0.9940967204138061
550.0,3.0000000000000004,5.5,0.8,-0.0061562672812585885,39.45996645682506,0.9940967204138061
550.0,3.0000000000000004,5.5,1.2,0.0015915533401150467,39.45996645682506,0.9940967204138061
550.0,3.0000000000000004,5.5,1.8,0.0018153235673644588,39.45996645682506,0.9940967204138061
550.0,3.0000000000000004,5.5,2.5,0.001277016784314586,39.45996645682506,0.9940967204138061
550.0,3.0000000000000004,5.5,3.5,0.0004139645956534697,39.45996645682506,0.9940967204138061
550.0,3.0000000000000004,5.5,5.0,-0.0029032946093680103,39.45996645682506,0.9940967204138061
550.0,3.0000000000000004,5.5,7.0,-0.07069363972115178,39.45996645682506,0.9940967204138061
550.0,3.0000000000000004,5.5,10.0,-0.04077146397089603,39.45996645682506,0.9940967204138061
550.0,3.0000000000000004,5.5,14.0,-0.11011872647354957,39.45996645682506,0.9940967204138061
550.0,3.0000000000000004,5.5,20.0,-0.0727613679040001,39.45996645682506,0.9940967204138061
550.0,0.3,6.0,0.5,-0.013549529609539385,5.868036204803768,0.16643279337600062
550.0,0.3,6.0,0.8,-0.03158839082332611,5.868036204803768,0.16643279337600062
550.0,0.3,6.0,1.2,-0.053618539175381855,5.868036204803768,0.16643279337600062
550.0,0.3,6.0,1.8,-0.05686093552314329,5.868036204803768,0.16643279337600062
550.0,0.3,6.0,2.5,-0.04007770569920527,5.868036204803768,0.16643279337600062
550.0,0.3,6.0,3.5,0.02477351515222827,5.868036204803768,0.16643279337600062
550.0,0.3,6.0,5.0,0.18996861999943931,5.868036204803768,0.16643279337600062
550.0,0.3,6.0,7.0,0.33769162980150935,5.868036204803768,0.16643279337600062
550.0,0.3,6.0,10.0,0.4669306046061102,5.868036204803768,0.16643279337600062
550.0,0.3,6.0,14.0,0.5771284423108202,5.868036204803768,0.16643279337600062
550.0,0.3,6.0,20.0,0.6730227734552668,5.868036204803768,0.16643279337600062
550.0,0.3315885423378064,6.0,0.5,-0.016482204091663274,5.439191682922568,0.13347437275815477
550.0,0.3315885423378064,6.0,0.8,-0.03672463830500692,5.439191682922568,0.13347437275815477
550.0,0.3315885423378064,6.0,1.2,-0.057286388312649435,5.439191682922568,0.13347437275815477
550.0,0.3315885423378064,6.0,1.8,-0.05253325191812462,5.439191682922568,0.13347437275815477
550.0,0.3315885423378064,6.0,2.5,-0.03157545385904217,5.439191682922568,0.13347437275815477
550.0,0.3315885423378064,6.0,3.5,0.06495099680178812,5.439191682922568,0.13347437275815477
550.0,0.3315885423378064,6.0,5.0,0.2284398952653217,5.439191682922568,0.13347437275815477
550.0,0.3315885423378064,6.0,7.0,0.36423857722226827,5.439191682922568,0.13347437275815477
550.0,0.3315885423378064,6.0,10.0,0.4897912124830374,5.439191682922568,0.13347437275815477
550.0,0.3315885423378064,6.0,14.0,0.595874660143585,5.439191682922568,0.13347437275815477
550.0,0.3315885423378064,6.0,20.0,0.6887800068661523,5.439191682922568,0.13347437275815477
550.0,0.3665032046990376,6.0,0.5,-0.019709723599996995,5.102921625851756,0.10575890686484317
550.0,0.3665032046990376,6.0,0.8,-0.04200213051759588,5.102921625851756,0.10575890686484317
550.0,0.3665032046990376,6.0,1.2,-0.05874360009394765,5.102921625851756,0.10575890686484317
550.0,0.3665032046990376,6.0,1.8,-0.04759656818121019,5.102921625851756,0.10575890686484317
550.0,0.3665032046990376,6.0,2.5,-0.016448118680439064,5.102921625851756,0.10575890686484317
550.0,0.3665032046990376,6.0,3.5,0.10621661216559072,5.102921625851756,0.10575890686484317
550.0,0.3665032046990376,6.0,5.0,0.25682099023497507,5.102921625851756,0.10575890686484317
550.0,0.3665032046990376,6.0,7.0,0.38207903366461504,5.102921625851756,0.10575890686484317
550.0,0.3665032046990376,6.0,10.0,0.5072426802037296,5.102921625851756,0.10575890686484317
550.0,0.3665032046990376,6.0,14.0,0.6103356541370919,5.102921625851756,0.10575890686484317
550.0,0.3665032046990376,6.0,20.0,0.7012019993735878,5.102921625851756,0.10575890686484317
550.0,0.4050942113609619,6.0,0.5,-0.02340092981526719,4.864041311301842,0.08493726350461102
550.0,0.4050942113609619,6.0,0.8,-0.046855835237797724,4.864041311301842,0.08493726350461102
550.0,0.4050942113609619,6.0,1.2,-0.057086530253875924,4.864041311301842,0.08493726350461102
550.0,0.4050942113609619,6.0,1.8,-0.04278731870349457,4.864041311301842,0.08493726350461102
550.0,0.4050942113609619,6.0,2.5,0.007991745899645119,4.864041311301842,0.08493726350461102
550.0,0.4050942113609619,6.0,3.5,0.13930810589605286,4.864041311301842,0.08493726350461102
550.0,0.4050942113609619,6.0,5.0,0.27215173166324425,4.864041311301842,0.08493726350461102
550.0,0.4050942113609619,6.0,7.0,0.3904080082399056,4.864041311301842,0.08493726350461102
550.0,0.4050942113609619,6.0,10.0,0.5173329052177983,4.864041311301842,0.08493726350461102
550.0,0.4050942113609619,6.0,14.0,0.6197614235526742,4.864041311301842,0.08493726350461102
550.0,0.4050942113609619,6.0,20.0,0.709568083678586,4.864041311301842,0.08493726350461102
550.0,0.4477486635155488,6.0,0.5,-0.027414964796348515,4.7519403224902,0.07481098656774565
550.0,0.4477486635155488,6.0,0.8,-0.05049573312422713,4.7519403224902,0.07481098656774565
550.0,0.4477486635155488,6.0,1.2,-0.05227285614543578,4.7519403224902,0.07481098656774565
550.0,0.4477486635155488,6.0,1.8,-0.03682634477292641,4.7519403224902,0.07481098656774565
550.0,0.4477486635155488,6.0,2.5,0.038394107326220894,4.7519403224902,0.07481098656774565
550.0,0.4477486635155488,6.0,3.5,0.15636340131499252,4.7519403224902,0.07481098656774565
550.0,0.4477486635155488,6.0,5.0,0.2719413903159254,4.7519403224902,0.07481098656774565
550.0,0.4477486635155488,6.0,7.0,0.3898567918243543,4.7519403224902,0.07481098656774565
550.0,0.4477486635155488,6.0,10.0,0.5183900941064989,4.7519403224902,0.07481098656774565
550.0,0.4477486635155488,6.0,14.0,0.6225339898515316,4.7519403224902,0.07481098656774565
550.0,0.4477486635155488,6.0,20.0,0.7130702738227436,4.7519403224902,0.07481098656774565
550.0,0.4492873987401234,6.0,0.5,-0.027558952366396553,4.750889050885543,0.07471489698414734
550.0,0.4492873987401234,6.0,0.8,-0.05057638794420204,4.750889050885543,0.07471489698414734
550.0,0.4492873987401234,6.0,1.2,-0.05205985501858475,4.750889050885543,0.07471489698414734
550.0,0.4492873987401234,6.0,1.8,-0.03656762805176536,4.750889050885543,0.07471489698414734
550.0,0.4492873987401234,6.0,2.5,0.03942175028493075,4.750889050885543,0.07471489698414734
550.0,0.4492873987401234,6.0,3.5,0.1565887836017413,4.750889050885543,0.07471489698414734
550.0,0.4492873987401234,6.0,5.0,0.2716317297673833,4.750889050885543,0.07471489698414734
550.0,0.4492873987401234,6.0,7.0,0.38965925478061597,4.750889050885543,0.07471489698414734
550.0,0.4492873987401234,6.0,10.0,0.518247696840583,4.750889050885543,0.07471489698414734
550.0,0.4492873987401234,6.0,14.0,0.6224956586623549,4.750889050885543,0.07471489698414734
550.0,0.4492873987401234,6.0,20.0,0.7131101297025833,4.750889050885543,0.07471489698414734
550.0,0.47293410393697205,6.0,0.5,-0.029698885773611173,4.761695763796251,0.0757016525075125
550.0,0.47293410393697205,6.0,0.8,-0.05143218558250503,4.761695763796251,0.0757016525075125
550.0,0.47293410393697205,6.0,1.2,-0.04871021258822391,4.761695763796251,0.0757016525075125
550.0,0.47293410393697205,6.0,1.8,-0.031974687871982495,4.761695763796251,0.0757016525075125
550.0,0.47293410393697205,6.0,2.5,0.05348237442715744,4.761695763796251,0.0757016525075125
550.0,0.47293410393697205,6.0,3.5,0.1567144363590508,4.761695763796251,0.0757016525075125
550.0,0.47293410393697205,6.0,5.0,0.2645867987159233,4.761695763796251,0.0757016525075125
550.0,0.47293410393697205,6.0,7.0,0.3850265216979494,4.761695763796251,0.0757016525075125
550.0,0.47293410393697205,6.0,10.0,0.5147156304652811,4.761695763796251,0.0757016525075125
550.0,0.47293410393697205,6.0,14.0,0.6208202869610474,4.761695763796251,0.0757016525075125
550.0,0.47293410393697205,6.0,20.0,0.7127527062700593,4.761695763796251,0.0757016525075125
550.0,0.4948944222294061,6.0,0.5,-0.031495449728104905,4.854142186249471,0.08405250209340605
550.0,0.4948944222294061,6.0,0.8,-0.05139369517909402,4.854142186249471,0.08405250209340605
550.0,0.4948944222294061,6.0,1.2,-0.045604046440144826,4.854142186249471,0.08405250209340605
550.0,0.4948944222294061,6.0,1.8,-0.02662722991136794,4.854142186249471,0.08405250209340605
550.0,0.4948944222294061,6.0,2.5,0.06256059998685237,4.854142186249471,0.08405250209340605
550.0,0.4948944222294061,6.0,3.5,0.15135188822941772,4.854142186249471,0.08405250209340605
550.0,0.4948944222294061,6.0,5.0,0.25439998752578796,4.854142186249471,0.08405250209340605
550.0,0.4948944222294061,6.0,7.0,0.37791019771490514,4.854142186249471,0.08405250209340605
550.0,0.4948944222294061,6.0,10.0,0.509380104886362,4.854142186249471,0.08405250209340605
550.0,0.4948944222294061,6.0,14.0,0.6176117408803243,4.854142186249471,0.08405250209340605
550.0,0.4948944222294061,6.0,20.0,0.7111036220678014,4.854142186249471,0.08405250209340605
550.0,0.4965808091338207,6.0,0.5,-0.031625327280689175,4.878587811647289,0.08623413510790823
550.0,0.4965808091338207,6.0,0.8,-0.05135748255640371,4.878587811647289,0.08623413510790823
550.0,0.4965808091338207,6.0,1.2,-0.04537398587324386,4.878587811647289,0.08623413510790823
550.0,0.4965808091338207,6.0,1.8,-0.026172439715491817,4.878587811647289,0.08623413510790823
550.0,0.4965808091338207,6.0,2.5,0.0630721992970662,4.878587811647289,0.08623413510790823
550.0,0.4965808091338207,6.0,3.5,0.15074205353762288,4.878587811647289,0.08623413510790823
550.0,0.4965808091338207,6.0,5.0,0.2534902257066936,4.878587811647289,0.08623413510790823
550.0,0.4965808091338207,6.0,7.0,0.37725657857186806,4.878587811647289,0.08623413510790823
550.0,0.4965808091338207,6.0,10.0,0.5088968213276917,4.878587811647289,0.08623413510790823
550.0,0.4965808091338207,6.0,14.0,0.6173061165319553,4.878587811647289,0.08623413510790823
550.0,0.4965808091338207,6.0,20.0,0.7109341512388421,4.878587811647289,0.08623413510790823
550.0,0.5470044002605323,6.0,0.5,-0.03487583099250978,5.819168392566654,0.16280093347231397
550.0,0.5470044002605323,6.0,0.8,-0.04757464038508614,5.819168392566654,0.16280093347231397
550.0,0.5470044002605323,6.0,1.2,-0.039618746748887684,5.819168392566654,0.16280093347231397
550.0,0.5470044002605323,6.0,1.8,-0.010972396993597297,5.819168392566654,0.16280093347231397
550.0,0.5470044002605323,6.0,2.5,0.06398960215155433,5.819168392566654,0.16280093347231397
550.0,0.5470044002605323,6.0,3.5,0.12103267166323713,5.819168392566654,0.16280093347231397
550.0,0.5470044002605323,6.0,5.0,0.21909154189784597,5.819168392566654,0.16280093347231397
550.0,0.5470044002605323,6.0,7.0,0.3509853701470038,5.819168392566654,0.16280093347231397
550.0,0.5470044002605323,6.0,10.0,0.4896695648595039,5.819168392566654,0.16280093347231397
550.0,0.5470044002605323,6.0,14.0,0.6043185859367459,5.819168392566654,0.16280093347231397
550.0,0.5470044002605323,6.0,20.0,0.7027701834404692,5.819168392566654,0.16280093347231397
550.0,0.5502624373878341,6.0,0.5,-0.03501981163171203,5.891135194024483,0.16813899802577123
550.0,0.5502624373878341,6.0,0.8,-0.047144326090001035,5.891135194024483,0.16813899802577123
550.0,0.5502624373878341,6.0,1.2,-0.03935030123638443,5.891135194024483,0.16813899802577123
550.0,0.5502624373878341,6.0,1.8,-0.009982215278972988,5.891135194024483,0.16813899802577123
550.0,0.5502624373878341,6.0,2.5,0.06308244758360308,5.891135194024483,0.16813899802577123
550.0,0.5502624373878341,6.0,3.5,0.11845864209784272,5.891135194024483,0.16813899802577123
550.0,0.5502624373878341,6.0,5.0,0.2164716055851834,5.891135194024483,0.16813899802577123
550.0,0.5502624373878341,6.0,7.0,0.3488678945965719,5.891135194024483,0.16813899802577123
550.0,0.5502624373878341,6.0,10.0,0.4881164402400937,5.891135194024483,0.16813899802577123
550.0,0.5502624373878341,6.0,14.0,0.6032330712019195,5.891135194024483,0.16813899802577123
550.0,0.5502624373878341,6.0,20.0,0.7020605468525679,5.891135194024483,0.16813899802577123
550.0,0.5792236183029833,6.0,0.5,-0.03582253263516787,6.541792466705127,0.21363677102376097
550.0,0.5792236183029833,6.0,0.8,-0.04237944741045673,6.541792466705127,0.21363677102376097
550.0,0.5792236183029833,6.0,1.2,-0.03751065257886679,6.541792466705127,0.21363677102376097
550.0,0.5792236183029833,6.0,1.8,-0.0021671580313949064,6.541792466705127,0.21363677102376097
550.0,0.5792236183029833,6.0,2.5,0.05010287478734841,6.541792466705127,0.21363677102376097
550.0,0.5792236183029833,6.0,3.5,0.09295721960863268,6.541792466705127,0.21363677102376097
550.0,0.5792236183029833,6.0,5.0,0.19173622698391882,6.541792466705127,0.21363677102376097
550.0,0.5792236183029833,6.0,7.0,0.32807558810643384,6.541792466705127,0.21363677102376097
550.0,0.5792236183029833,6.0,10.0,0.4728326391337085,6.541792466705127,0.21363677102376097
550.0,0.5792236183029833,6.0,14.0,0.5924479128243428,6.541792466705127,0.21363677102376097
550.0,0.5792236183029833,6.0,20.0,0.6949553032389832,6.541792466705127,0.21363677102376097
550.0,0.6046013057825199,6.0,0.5,-0.03558496030090425,7.010957163301491,0.24371732226822027
550.0,0.6046013057825199,6.0,0.8,-0.036855524243471945,7.010957163301491,0.24371732226822027
550.0,0.6046013057825199,6.0,1.2,-0.036536202426854104,7.010957163301491,0.24371732226822027
550.0,0.6046013057825199,6.0,1.8,0.001889855185159985,7.010957163301491,0.24371732226822027
550.0,0.6046013057825199,6.0,2.5,0.032541776742129824,7.010957163301491,0.24371732226822027
550.0,0.6046013057825199,6.0,3.5,0.06776753861432128,7.010957163301491,0.24371732226822027
550.0,0.6046013057825199,6.0,5.0,0.16843711764748234,7.010957163301491,0.24371732226822027
550.0,0.6046013057825199,6.0,7.0,0.3073484548975888,7.010957163301491,0.24371732226822027
550.0,0.6046013057825199,6.0,10.0,0.4574601108334685,7.010957163301491,0.24371732226822027
550.0,0.6046013057825199,6.0,14.0,0.5814759821289298,7.010957163301491,0.24371732226822027
550.0,0.6046013057825199,6.0,20.0,0.6876015009321812,7.010957163301491,0.24371732226822027
550.0,0.6081847992181325,6.0,0.5,-0.035467883025991645,7.054531394524515,0.2464081792030379
550.0,0.6081847992181325,6.0,0.8,-0.035986287172408093,7.054531394524515,0.2464081792030379
550.0,0.6081847992181325,6.0,1.2,-0.0364358705872209,7.054531394524515,0.2464081792030379
550.0,0.6081847992181325,6.0,1.8,0.00216522836017639,7.054531394524515,0.2464081792030379
550.0,0.6081847992181325,6.0,2.5,0.02968652649524479,7.054531394524515,0.2464081792030379
550.0,0.6081847992181325,6.0,3.5,0.06406852106091424,7.054531394524515,0.2464081792030379
550.0,0.6081847992181325,6.0,5.0,0.1650486216374387,7.054531394524515,0.2464081792030379
550.0,0.6081847992181325,6.0,7.0,0.30426528009324116,7.054531394524515,0.2464081792030379
550.0,0.6081847992181325,6.0,10.0,0.4551597741086464,7.054531394524515,0.2464081792030379
550.0,0.6081847992181325,6.0,14.0,0.5798304154403532,7.054531394524515,0.2464081792030379
550.0,0.6081847992181325,6.0,20.0,0.6864844115323278,7.054531394524515,0.2464081792030379
550.0,0.6353883327016112,6.0,0.5,-0.033564298032831064,7.304184679249546,0.261511754053296
550.0,0.6353883327016112,6.0,0.8,-0.028851382846488503,7.304184679249546,0.261511754053296
550.0,0.6353883327016112,6.0,1.2,-0.0357419307228385,7.304184679249546,0.261511754053296
550.0,0.6353883327016112,6.0,1.8,0.0011395703047628154,7.304184679249546,0.261511754053296
550.0,0.6353883327016112,6.0,2.5,0.0058397450978225005,7.304184679249546,0.261511754053296
550.0,0.6353883327016112,6.0,3.5,0.03542761543828003,7.304184679249546,0.261511754053296
550.0,0.6353883327016112,6.0,5.0,0.13859435260866976,7.304184679249546,0.261511754053296
550.0,0.6353883327016112,6.0,7.0,0.2798345623542551,7.304184679249546,0.261511754053296
550.0,0.6353883327016112,6.0,10.0,0.4367971065988883,7.304184679249546,0.261511754053296
550.0,0.6353883327016112,6.0,14.0,0.5666987338174271,7.304184679249546,0.261511754053296
550.0,0.6353883327016112,6.0,20.0,0.6775055672785243,7.304184679249546,0.261511754053296
550.0,0.6682628855998672,6.0,0.5,-0.028271222068819716,7.598139567161188,0.2786472753441829
550.0,0.6682628855998672,6.0,0.8,-0.019381706991204468,7.598139567161188,0.2786472753441829
550.0,0.6682628855998672,6.0,1.2,-0.034573310743894435,7.598139567161188,0.2786472753441829
550.0,0.6682628855998672,6.0,1.8,-0.00813368213571006,7.598139567161188,0.2786472753441829
550.0,0.6682628855998672,6.0,2.5,-0.025761728079649913,7.598139567161188,0.2786472753441829
550.0,0.6682628855998672,6.0,3.5,0.0008229034066587977,7.598139567161188,0.2786472753441829
550.0,0.6682628855998672,6.0,5.0,0.10516471748070064,7.598139567161188,0.2786472753441829
550.0,0.6682628855998672,6.0,7.0,0.24853608256913814,7.598139567161188,0.2786472753441829
550.0,0.6682628855998672,6.0,10.0,0.4129100366387677,7.598139567161188,0.2786472753441829
550.0,0.6682628855998672,6.0,14.0,0.5495036380182557,7.598139567161188,0.2786472753441829
550.0,0.6682628855998672,6.0,20.0,0.6656260480422571,7.598139567161188,0.2786472753441829
550.0,0.6688298238964329,6.0,0.5,-0.028142386024032448,7.603115875255348,0.27893161807244404
550.0,0.6688298238964329,6.0,0.8,-0.019217939537678298,7.603115875255348,0.27893161807244404
550.0,0.6688298238964329,6.0,1.2,-0.0345440748113873,7.603115875255348,0.27893161807244404
550.0,0.6688298238964329,6.0,1.8,-0.008371895002322471,7.603115875255348,0.27893161807244404
550.0,0.6688298238964329,6.0,2.5,-0.026309849738812775,7.603115875255348,0.27893161807244404
550.0,0.6688298238964329,6.0,3.5,0.00024004267919895282,7.603115875255348,0.27893161807244404
550.0,0.6688298238964329,6.0,5.0,0.10457911700343606,7.603115875255348,0.27893161807244404
550.0,0.6688298238964329,6.0,7.0,0.2479871760120033,7.603115875255348,0.27893161807244404
550.0,0.6688298238964329,6.0,10.0,0.41248770537843543,7.603115875255348,0.27893161807244404
550.0,0.6688298238964329,6.0,14.0,0.5491971241327331,7.603115875255348,0.27893161807244404
550.0,0.6688298238964329,6.0,20.0,0.6654128827875307,7.603115875255348,0.27893161807244404
550.0,0.7022713150912545,6.0,0.5,-0.01758896524476246,7.863298366281667,0.29354476359193177
550.0,0.7022713150912545,6.0,0.8,-0.00977165675940457,7.863298366281667,0.29354476359193177
550.0,0.7022713150912545,6.0,1.2,-0.03207369728086884,7.863298366281667,0.29354476359193177
550.0,0.7022713150912545,6.0,1.8,-0.02633081538283061,7.863298366281667,0.29354476359193177
550.0,0.7022713150912545,6.0,2.5,-0.05740537456607617,7.863298366281667,0.29354476359193177
550.0,0.7022713150912545,6.0,3.5,-0.03265863773469461,7.863298366281667,0.29354476359193177
550.0,0.7022713150912545,6.0,5.0,0.06981376548794198,7.863298366281667,0.29354476359193177
550.0,0.7022713150912545,6.0,7.0,0.21542050508429705,7.863298366281667,0.29354476359193177
550.0,0.7022713150912545,6.0,10.0,0.3871201650963802,7.863298366281667,0.29354476359193177
550.0,0.7022713150912545,6.0,14.0,0.530612289692029,7.863298366281667,0.29354476359193177
550.0,0.7022713150912545,6.0,20.0,0.652463663603184,7.863298366281667,0.29354476359193177
550.0,0.7386277204483878,6.0,0.5,0.002883504311104888,8.223971351975152,0.31302159747051694
550.0,0.7386277204483878,6.0,0.8,-0.0009880933408033092,8.223971351975152,0.31302159747051694
550.0,0.7386277204483878,6.0,1.2,-0.0274778364226471,8.223971351975152,0.31302159747051694
550.0,0.7386277204483878,6.0,1.8,-0.051250642225466984,8.223971351975152,0.31302159747051694
550.0,0.7386277204483878,6.0,2.5,-0.08538732571112671,8.223971351975152,0.31302159747051694
550.0,0.7386277204483878,6.0,3.5,-0.06368385070131774,8.223971351975152,0.31302159747051694
550.0,0.7386277204483878,6.0,5.0,0.03256099995698916,8.223971351975152,0.31302159747051694
550.0,0.7386277204483878,6.0,7.0,0.1802228582651054,8.223971351975152,0.31302159747051694
550.0,0.7386277204483878,6.0,10.0,0.3589512707358019,8.223971351975152,0.31302159747051694
550.0,0.7386277204483878,6.0,14.0,0.5096868490984745,8.223971351975152,0.31302159747051694
550.0,0.7386277204483878,6.0,20.0,0.6378212302947015,8.223971351975152,0.31302159747051694
550.0,0.7781886018183509,6.0,0.5,0.03978072760991221,9.024783017608652,0.35337677765548847
550.0,0.7781886018183509,6.0,0.8,0.005741002843523809,9.024783017608652,0.35337677765548847
550.0,0.7781886018183509,6.0,1.2,-0.020813494363548186,9.024783017608652,0.35337677765548847
550.0,0.7781886018183509,6.0,1.8,-0.07617908079598791,9.024783017608652,0.35337677765548847
550.0,0.7781886018183509,6.0,2.5,-0.10460426265181519,9.024783017608652,0.35337677765548847
550.0,0.7781886018183509,6.0,3.5,-0.08983697260071481,9.024783017608652,0.35337677765548847
550.0,0.7781886018183509,6.0,5.0,-0.00531612064676196,9.024783017608652,0.35337677765548847
550.0,0.7781886018183509,6.0,7.0,0.14285877267612163,9.024783017608652,0.35337677765548847
550.0,0.7781886018183509,6.0,10.0,0.32819391363928396,9.024783017608652,0.35337677765548847
550.0,0.7781886018183509,6.0,14.0,0.4866888586343715,9.024783017608652,0.35337677765548847
550.0,0.7781886018183509,6.0,20.0,0.621605249144644,9.024783017608652,0.35337677765548847
550.0,0.8164016305125923,6.0,0.5,0.08451189862456636,9.73738737186758,0.3863824560859783
550.0,0.8164016305125923,6.0,0.8,0.010002218546732144,9.73738737186758,0.3863824560859783
550.0,0.8164016305125923,6.0,1.2,-0.014418748201024015,9.73738737186758,0.3863824560859783
550.0,0.8164016305125923,6.0,1.8,-0.08889540553301302,9.73738737186758,0.3863824560859783
550.0,0.8164016305125923,6.0,2.5,-0.10984837321275823,9.73738737186758,0.3863824560859783
550.0,0.8164016305125923,6.0,3.5,-0.10622283361094874,9.73738737186758,0.3863824560859783
550.0,0.8164016305125923,6.0,5.0,-0.0373654579361562,9.73738737186758,0.3863824560859783
550.0,0.8164016305125923,6.0,7.0,0.10838672090350317,9.73738737186758,0.3863824560859783
550.0,0.8164016305125923,6.0,10.0,0.29897000221214787,9.73738737186758,0.3863824560859783
550.0,0.8164016305125923,6.0,14.0,0.464679510654283,9.73738737186758,0.3863824560859783
550.0,0.8164016305125923,6.0,20.0,0.605940472827802,9.73738737186758,0.3863824560859783
550.0,0.8191458966508958,6.0,0.5,0.0873704623895023,9.772426012072472,0.3879423997056862
550.0,0.8191458966508958,6.0,0.8,0.010266161434198503,9.772426012072472,0.3879423997056862
550.0,0.8191458966508958,6.0,1.2,-0.014005597498405605,9.772426012072472,0.3879423997056862
550.0,0.8191458966508958,6.0,1.8,-0.08919362020952797,9.772426012072472,0.3879423997056862
550.0,0.8191458966508958,6.0,2.5,-0.10971780957669518,9.772426012072472,0.3879423997056862
550.0,0.8191458966508958,6.0,3.5,-0.10704795392925605,9.772426012072472,0.3879423997056862
550.0,0.8191458966508958,6.0,5.0,-0.03945593663324832,9.772426012072472,0.3879423997056862
550.0,0.8191458966508958,6.0,7.0,0.10598868906537119,9.772426012072472,0.3879423997056862
550.0,0.8191458966508958,6.0,10.0,0.2969003725871818,9.772426012072472,0.3879423997056862
550.0,0.8191458966508958,6.0,14.0,0.46311107626818965,9.772426012072472,0.3879423997056862
550.0,0.8191458966508958,6.0,20.0,0.6048213414197554,9.772426012072472,0.3879423997056862
550.0,0.8601031914834406,6.0,0.5,0.10262698532253613,10.211708238961899,0.40703840665511226
550.0,0.8601031914834406,6.0,0.8,0.015023143568739093,10.211708238961899,0.40703840665511226
550.0,0.8601031914834406,6.0,1.2,-0.008827411789250308,10.211708238961899,0.40703840665511226
550.0,0.8601031914834406,6.0,1.8,-0.08265068550424955,10.211708238961899,0.40703840665511226
550.0,0.8601031914834406,6.0,2.5,-0.10049273990142231,10.211708238961899,0.40703840665511226
550.0,0.8601031914834406,6.0,3.5,-0.11403574259259003,10.211708238961899,0.40703840665511226
550.0,0.8601031914834406,6.0,5.0,-0.06691729878454726,10.211708238961899,0.40703840665511226
550.0,0.8601031914834406,6.0,7.0,0.07168624051636772,10.211708238961899,0.40703840665511226
550.0,0.8601031914834406,6.0,10.0,0.26663961881239845,10.211708238961899,0.40703840665511226
550.0,0.8601031914834406,6.0,14.0,0.4399700030977909,10.211708238961899,0.40703840665511226
550.0,0.8601031914834406,6.0,20.0,0.5882852717167891,10.211708238961899,0.40703840665511226
550.0,0.9023647554129298,6.0,0.5,0.055821746648665925,10.7385762430897,0.4288867136149008
550.0,0.9023647554129298,6.0,0.8,0.023441263038372958,10.7385762430897,0.4288867136149008
550.0,0.9023647554129298,6.0,1.2,-0.0037918326664237692,10.7385762430897,0.4288867136149008
550.0,0.9023647554129298,6.0,1.8,-0.056713984235050134,10.7385762430897,0.4288867136149008
550.0,0.9023647554129298,6.0,2.5,-0.07999610917545068,10.7385762430897,0.4288867136149008
550.0,0.9023647554129298,6.0,3.5,-0.11221232840909588,10.7385762430897,0.4288867136149008
550.0,0.9023647554129298,6.0,5.0,-0.08786288125373552,10.7385762430897,0.4288867136149008
550.0,0.9023647554129298,6.0,7.0,0.03945457594950214,10.7385762430897,0.4288867136149008
550.0,0.9023647554129298,6.0,10.0,0.23669132277161603,10.7385762430897,0.4288867136149008
550.0,0.9023647554129298,6.0,14.0,0.41660604829433034,10.7385762430897,0.4288867136149008
550.0,0.9023647554129298,6.0,20.0,0.571467677936838,10.7385762430897,0.4288867136149008
550.0,0.9973793796812823,6.0,0.5,-0.038343673074514466,12.321349712006624,0.4885982928291821
550.0,0.9973793796812823,6.0,0.8,0.04021123641165439,12.321349712006624,0.4885982928291821
550.0,0.9973793796812823,6.0,1.2,0.030394156188561505,12.321349712006624,0.4885982928291821
550.0,0.9973793796812823,6.0,1.8,0.013069513227059475,12.321349712006624,0.4885982928291821
550.0,0.9973793796812823,6.0,2.5,-0.02751089383619157,12.321349712006624,0.4885982928291821
550.0,0.9973793796812823,6.0,3.5,-0.0859067062069399,12.321349712006624,0.4885982928291821
550.0,0.9973793796812823,6.0,5.0,-0.11183048133421992,12.321349712006624,0.4885982928291821
550.0,0.9973793796812823,6.0,7.0,-0.021791538892654005,12.321349712006624,0.4885982928291821
550.0,0.9973793796812823,6.0,10.0,0.17208713134523465,12.321349712006624,0.4885982928291821
550.0,0.9973793796812823,6.0,14.0,0.36489526653283244,12.321349712006624,0.4885982928291821
550.0,0.9973793796812823,6.0,20.0,0.5338374263886233,12.321349712006624,0.4885982928291821
550.0,1.1005248747756682,6.0,0.5,-0.019390319654800724,14.032666636788969,0.5450802168064512
550.0,1.1005248747756682,6.0,0.8,0.0003704074558920272,14.032666636788969,0.5450802168064512
550.0,1.1005248747756682,6.0,1.2,0.058706583933457866,14.032666636788969,0.5450802168064512
550.0,1.1005248747756682,6.0,1.8,-0.004601480824510568,14.032666636788969,0.5450802168064512
550.0,1.1005248747756682,6.0,2.5,-0.01735824849761985,14.032666636788969,0.5450802168064512
550.0,1.1005248747756682,6.0,3.5,-0.04636557418176187,14.032666636788969,0.5450802168064512
550.0,1.1005248747756682,6.0,5.0,-0.11386467062770776,14.032666636788969,0.5450802168064512
550.0,1.1005248747756682,6.0,7.0,-0.07486260681924002,14.032666636788969,0.5450802168064512
550.0,1.1005248747756682,6.0,10.0,0.10379050015256329,14.032666636788969,0.5450802168064512
550.0,1.1005248747756682,6.0,14.0,0.3076591515113968,14.032666636788969,0.5450802168064512
550.0,1.1005248747756682,6.0,20.0,0.4916397873082692,14.032666636788969,0.5450802168064512
550.0,1.102398582221007,6.0,0.5,-0.018324238476783942,14.06014367042544,0.545929767119299
550.0,1.102398582221007,6.0,0.8,-0.0006020508603088977,14.06014367042544,0.545929767119299
550.0,1.102398582221007,6.0,1.2,0.057905049373160045,14.06014367042544,0.545929767119299
550.0,1.102398582221007,6.0,1.8,-0.005646990324956135,14.06014367042544,0.545929767119299
550.0,1.102398582221007,6.0,2.5,-0.017711314512396537,14.06014367042544,0.545929767119299
550.0,1.102398582221007,6.0,3.5,-0.045794140294970864,14.06014367042544,0.545929767119299
550.0,1.102398582221007,6.0,5.0,-0.11369929953717996,14.06014367042544,0.545929767119299
550.0,1.102398582221007,6.0,7.0,-0.07568345463060398,14.06014367042544,0.545929767119299
550.0,1.102398582221007,6.0,10.0,0.1025724843085493,14.06014367042544,0.545929767119299
550.0,1.102398582221007,6.0,14.0,0.3066062965467033,14.06014367042544,0.545929767119299
550.0,1.102398582221007,6.0,20.0,0.49085965269818316,14.06014367042544,0.545929767119299
550.0,1.1584472366059666,6.0,0.5,0.014363906724505568,14.843916634253436,0.5694885152902154
550.0,1.1584472366059666,6.0,0.8,-0.020694599196808085,14.843916634253436,0.5694885152902154
550.0,1.1584472366059666,6.0,1.2,0.011255543304903347,14.843916634253436,0.5694885152902154
550.0,1.1584472366059666,6.0,1.8,-0.03214432594002511,14.843916634253436,0.5694885152902154
550.0,1.1584472366059666,6.0,2.5,-0.032767268907712414,14.843916634253436,0.5694885152902154
550.0,1.1584472366059666,6.0,3.5,-0.03363908934999271,14.843916634253436,0.5694885152902154
550.0,1.1584472366059666,6.0,5.0,-0.10532976082976538,14.843916634253436,0.5694885152902154
550.0,1.1584472366059666,6.0,7.0,-0.09690541866905415,14.843916634253436,0.5694885152902154
550.0,1.1584472366059666,6.0,10.0,0.0669898347391479,14.843916634253436,0.5694885152902154
550.0,1.1584472366059666,6.0,14.0,0.27522420495671596,14.843916634253436,0.5694885152902154
550.0,1.1584472366059666,6.0,20.0,0.46747038564267424,14.843916634253436,0.5694885152902154
550.0,1.216369598436265,6.0,0.5,0.025384006382286113,15.88033598713906,0.5987996954165694
550.0,1.216369598436265,6.0,0.8,-0.012937143900679212,15.88033598713906,0.5987996954165694
550.0,1.216369598436265,6.0,1.2,-0.0329600674673304,15.88033598713906,0.5987996954165694
550.0,1.216369598436265,6.0,1.8,-0.028822394733472,15.88033598713906,0.5987996954165694
550.0,1.216369598436265,6.0,2.5,-0.04910589261126418,15.88033598713906,0.5987996954165694
550.0,1.216369598436265,6.0,3.5,-0.030564468568602298,15.88033598713906,0.5987996954165694
550.0,1.216369598436265,6.0,5.0,-0.09102148648908619,15.88033598713906,0.5987996954165694
550.0,1.216369598436265,6.0,7.0,-0.11146859108003825,15.88033598713906,0.5987996954165694
550.0,1.216369598436265,6.0,10.0,0.032688597991440214,15.88033598713906,0.5987996954165694
550.0,1.216369598436265,6.0,14.0,0.24337679398862008,15.88033598713906,0.5987996954165694
550.0,1.216369598436265,6.0,20.0,0.44346156421121014,15.88033598713906,0.5987996954165694
550.0,1.218475796513094,6.0,0.5,0.025086533442331565,15.90794191246427,0.5995540051711518
550.0,1.218475796513094,6.0,0.8,-0.012157981812210873,15.90794191246427,0.5995540051711518
550.0,1.218475796513094,6.0,1.2,-0.033379089573519004,15.90794191246427,0.5995540051711518
550.0,1.218475796513094,6.0,1.8,-0.02793342117261008,15.90794191246427,0.5995540051711518
550.0,1.218475796513094,6.0,2.5,-0.04956035885731528,15.90794191246427,0.5995540051711518
550.0,1.218475796513094,6.0,3.5,-0.030593983741390676,15.90794191246427,0.5995540051711518
550.0,1.218475796513094,6.0,5.0,-0.09043160003899164,15.90794191246427,0.5995540051711518
550.0,1.218475796513094,6.0,7.0,-0.11185188110608375,15.90794191246427,0.5995540051711518
550.0,1.218475796513094,6.0,10.0,0.031498948245161966,15.90794191246427,0.5995540051711518
550.0,1.218475796513094,6.0,14.0,0.24223021069380518,15.90794191246427,0.5995540051711518
550.0,1.218475796513094,6.0,20.0,0.44259303697349306,15.90794191246427,0.5995540051711518
550.0,1.3467753774655815,6.0,0.5,-0.005070615619882044,17.913243356902182,0.6511142346372236
550.0,1.3467753774655815,6.0,0.8,0.03379266461629538,17.913243356902182,0.6511142346372236
550.0,1.3467753774655815,6.0,1.2,0.044483089260921996,17.913243356902182,0.6511142346372236
550.0,1.3467753774655815,6.0,1.8,0.053885654546938784,17.913243356902182,0.6511142346372236
550.0,1.3467753774655815,6.0,2.5,-0.04074658464031134,17.913243356902182,0.6511142346372236
550.0,1.3467753774655815,6.0,3.5,-0.04403283768847734,17.913243356902182,0.6511142346372236
550.0,1.3467753774655815,6.0,5.0,-0.05567830892004198,17.913243356902182,0.6511142346372236
550.0,1.3467753774655815,6.0,7.0,-0.11951601989055631,17.913243356902182,0.6511142346372236
550.0,1.3467753774655815,6.0,10.0,-0.03282815085899532,17.913243356902182,0.6511142346372236
550.0,1.3467753774655815,6.0,14.0,0.17416781884837587,17.913243356902182,0.6511142346372236
550.0,1.3467753774655815,6.0,20.0,0.390176362076172,17.913243356902182,0.6511142346372236
550.0,1.4885842809008711,6.0,0.5,-0.011897774291930703,20.345543052670926,0.7064092949788553
550.0,1.4885842809008711,6.0,0.8,-0.009568023022821516,20.345543052670926,0.7064092949788553
550.0,1.4885842809008711,6.0,1.2,-0.04202235155173552,20.345543052670926,0.7064092949788553
550.0,1.4885842809008711,6.0,1.8,-0.006921133066151077,20.345543052670926,0.7064092949788553
550.0,1.4885842809008711,6.0,2.5,0.011308745803475934,20.345543052670926,0.7064092949788553
550.0,1.4885842809008711,6.0,3.5,-0.0656570945052316,20.345543052670926,0.7064092949788553
550.0,1.4885842809008711,6.0,5.0,-0.038300419824640566,20.345543052670926,0.7064092949788553
550.0,1.4885842809008711,6.0,7.0,-0.10471946687933144,20.345543052670926,0.7064092949788553
550.0,1.4885842809008711,6.0,10.0,-0.08440246003983688,20.345543052670926,0.7064092949788553
550.0,1.4885842809008711,6.0,14.0,0.101949852429596,20.345543052670926,0.7064092949788553
550.0,1.4885842809008711,6.0,20.0,0.3321467479334841,20.345543052670926,0.7064092949788553
550.0,1.645324972836306,6.0,0.5,0.003722101185651852,22.925696571033296,0.7582625487549971
550.0,1.645324972836306,6.0,0.8,0.029069373837683182,22.925696571033296,0.7582625487549971
550.0,1.645324972836306,6.0,1.2,0.006046770919863087,22.925696571033296,0.7582625487549971
550.0,1.645324972836306,6.0,1.8,0.001552423485401334,22.925696571033296,0.7582625487549971
550.0,1.645324972836306,6.0,2.5,0.01790812705516839,22.925696571033296,0.7582625487549971
550.0,1.645324972836306,6.0,3.5,-0.050978606462252454,22.925696571033296,0.7582625487549971
550.0,1.645324972836306,6.0,5.0,-0.04122095625287013,22.925696571033296,0.7582625487549971
550.0,1.645324972836306,6.0,7.0,-0.07839737344612113,22.925696571033296,0.7582625487549971
550.0,1.645324972836306,6.0,10.0,-0.11285521664806646,22.925696571033296,0.7582625487549971
550.0,1.645324972836306,6.0,14.0,0.03000656385963274,22.925696571033296,0.7582625487549971
550.0,1.645324972836306,6.0,20.0,0.2691693225501706,22.925696571033296,0.7582625487549971
550.0,1.8185696980492723,6.0,0.5,0.044134371230075964,25.742367404896633,0.8085884931053814
550.0,1.8185696980492723,6.0,0.8,0.036100762551768216,25.742367404896633,0.8085884931053814
550.0,1.8185696980492723,6.0,1.2,0.04896031605915578,25.742367404896633,0.8085884931053814
550.0,1.8185696980492723,6.0,1.8,0.002230211218747444,25.742367404896633,0.8085884931053814
550.0,1.8185696980492723,6.0,2.5,-0.0003743697375909729,25.742367404896633,0.8085884931053814
550.0,1.8185696980492723,6.0,3.5,-0.011073330463434668,25.742367404896633,0.8085884931053814
550.0,1.8185696980492723,6.0,5.0,-0.0632763125080587,25.742367404896633,0.8085884931053814
550.0,1.8185696980492723,6.0,7.0,-0.04987179587245267,25.742367404896633,0.8085884931053814
550.0,1.8185696980492723,6.0,10.0,-0.11915446598652632,25.742367404896633,0.8085884931053814
550.0,1.8185696980492723,6.0,14.0,-0.035135394108966864,25.742367404896633,0.8085884931053814
550.0,1.8185696980492723,6.0,20.0,0.2009418149802874,25.742367404896633,0.8085884931053814
550.0,2.0100562510528768,6.0,0.5,0.03868787791341375,28.880586802790823,0.8585460217602554
550.0,2.0100562510528768,6.0,0.8,0.06068869239418547,28.880586802790823,0.8585460217602554
550.0,2.0100562510528768,6.0,1.2,0.018416833389957574,28.880586802790823,0.8585460217602554
550.0,2.0100562510528768,6.0,1.8,0.0048150582694450874,28.880586802790823,0.8585460217602554
550.0,2.0100562510528768,6.0,2.5,0.004866680054628024,28.880586802790823,0.8585460217602554
550.0,2.0100562510528768,6.0,3.5,0.006353874910792958,28.880586802790823,0.8585460217602554
550.0,2.0100562510528768,6.0,5.0,-0.06981631371738038,28.880586802790823,0.8585460217602554
550.0,2.0100562510528768,6.0,7.0,-0.038099560119693274,28.880586802790823,0.8585460217602554
550.0,2.0100562510528768,6.0,10.0,-0.10937512510954317,28.880586802790823,0.8585460217602554
550.0,2.0100562510528768,6.0,14.0,-0.08319384631525976,28.880586802790823,0.8585460217602554
550.0,2.0100562510528768,6.0,20.0,0.12826400110499578,28.880586802790823,0.8585460217602554
550.0,2.2217054076787313,6.0,0.5,0.018087296280271146,32.27360000245083,0.9067874207445757
550.0,2.2217054076787313,6.0,0.8,-0.005845802926846808,32.27360000245083,0.9067874207445757
550.0,2.2217054076787313,6.0,1.2,0.00867023190833104,32.27360000245083,0.9067874207445757
550.0,2.2217054076787313,6.0,1.8,0.0013711766924081588,32.27360000245083,0.9067874207445757
550.0,2.2217054076787313,6.0,2.5,0.00027358448772572835,32.27360000245083,0.9067874207445757
550.0,2.2217054076787313,6.0,3.5,0.003037006176703068,32.27360000245083,0.9067874207445757
550.0,2.2217054076787313,6.0,5.0,-0.049301784648489506,32.27360000245083,0.9067874207445757
550.0,2.2217054076787313,6.0,7.0,-0.04935659764241963,32.27360000245083,0.9067874207445757
550.0,2.2217054076787313,6.0,10.0,-0.0832236831826496,32.27360000245083,0.9067874207445757
550.0,2.2217054076787313,6.0,14.0,-0.11071569700849386,32.27360000245083,0.9067874207445757
550.0,2.2217054076787313,6.0,20.0,0.05386271907179451,32.27360000245083,0.9067874207445757
550.0,2.455640192120709,6.0,0.5,-0.0013601489198089558,35.758612848548196,0.9513206719305448
550.0,2.455640192120709,6.0,0.8,-0.0002277705871868795,35.758612848548196,0.9513206719305448
550.0,2.455640192120709,6.0,1.2,0.004226940714577456,35.758612848548196,0.9513206719305448
550.0,2.455640192120709,6.0,1.8,0.0012776472573466043,35.758612848548196,0.9513206719305448
550.0,2.455640192120709,6.0,2.5,0.0014348021314259701,35.758612848548196,0.9513206719305448
550.0,2.455640192120709,6.0,3.5,0.0029375536301267297,35.758612848548196,0.9513206719305448
550.0,2.455640192120709,6.0,5.0,-0.01831567178423981,35.758612848548196,0.9513206719305448
550.0,2.455640192120709,6.0,7.0,-0.0677391770401487,35.758612848548196,0.9513206719305448
550.0,2.455640192120709,6.0,10.0,-0.053903425142165146,35.758612848548196,0.9513206719305448
550.0,2.455640192120709,6.0,14.0,-0.12130929076086774,35.758612848548196,0.9513206719305448
550.0,2.455640192120709,6.0,20.0,-0.014664963404553099,35.758612848548196,0.9513206719305448
550.0,2.714207172704789,6.0,0.5,-0.008143102927562222,39.16272926721803,0.9908129590245179
550.0,2.714207172704789,6.0,0.8,-0.030430895159371363,39.16272926721803,0.9908129590245179
550.0,2.714207172704789,6.0,1.2,0.0007967432480051642,39.16272926721803,0.9908129590245179
550.0,2.714207172704789,6.0,1.8,0.00047915641181655997,39.16272926721803,0.9908129590245179
550.0,2.714207172704789,6.0,2.5,0.0003181710425615932,39.16272926721803,0.9908129590245179
550.0,2.714207172704789,6.0,3.5,0.0013579392990785211,39.16272926721803,0.9908129590245179
550.0,2.714207172704789,6.0,5.0,-0.0028980643915723116,39.16272926721803,0.9908129590245179
550.0,2.714207172704789,6.0,7.0,-0.07257647504220283,39.16272926721803,0.9908129590245179
550.0,2.714207172704789,6.0,10.0,-0.040851261570049084,39.16272926721803,0.9908129590245179
550.0,2.714207172704789,6.0,14.0,-0.11292107334286171,39.16272926721803,0.9908129590245179
550.0,2.714207172704789,6.0,20.0,-0.06671998047960707,39.16272926721803,0.9908129590245179
550.0,3.0000000000000004,6.0,0.5,0.011591480402284091,43.00984296766255,1.0315078655855312
550.0,3.0000000000000004,6.0,0.8,-0.0042840316200587186,43.00984296766255,1.0315078655855312
550.0,3.0000000000000004,6.0,1.2,0.001617258216010401,43.00984296766255,1.0315078655855312
550.0,3.0000000000000004,6.0,1.8,0.0019197530584730404,43.00984296766255,1.0315078655855312
550.0,3.0000000000000004,6.0,2.5,0.0014022939740333323,43.00984296766255,1.0315078655855312
550.0,3.0000000000000004,6.0,3.5,0.0009295868324489049,43.00984296766255,1.0315078655855312
550.0,3.0000000000000004,6.0,5.0,0.0009660902829798357,43.00984296766255,1.0315078655855312
550.0,3.0000000000000004,6.0,7.0,-0.05193190322164315,43.00984296766255,1.0315078655855312
550.0,3.0000000000000004,6.0,10.0,-0.04586563359748866,43.00984296766255,1.0315078655855312
550.0,3.0000000000000004,6.0,14.0,-0.08786447213015246,43.00984296766255,1.0315078655855312
550.0,3.0000000000000004,6.0,20.0,-0.1021401762094582,43.00984296766255,1.0315078655855312
400.0,0.3,3.0,0.5,-0.024409843979990256,4.158741464152058,0.016901931157160852
400.0,0.3,3.0,0.8,-0.04924737888718416,4.158741464152058,0.016901931157160852
400.0,0.3,3.0,1.2,-0.06053675357533068,4.158741464152058,0.016901931157160852
400.0,0.3,3.0,1.8,-0.0426527509289462,4.158741464152058,0.016901931157160852
400.0,0.3,3.0,2.5,0.019225237039581188,4.158741464152058,0.016901931157160852
400.0,0.3,3.0,3.5,0.17806460841540678,4.158741464152058,0.016901931157160852
400.0,0.3,3.0,5.0,0.343533730572271,4.158741464152058,0.016901931157160852
400.0,0.3,3.0,7.0,0.46810057349651296,4.158741464152058,0.016901931157160852
400.0,0.3,3.0,10.0,0.5840298188299092,4.158741464152058,0.016901931157160852
400.0,0.3,3.0,14.0,0.6726423785458426,4.158741464152058,0.016901931157160852
400.0,0.3,3.0,20.0,0.7489959901233209,4.158741464152058,0.016901931157160852
400.0,0.3315885423378064,3.0,0.5,-0.028837273356992252,3.805708083078088,-0.0216245186671571
400.0,0.3315885423378064,3.0,0.8,-0.054278415028938945,3.805708083078088,-0.0216245186671571
400.0,0.3315885423378064,3.0,1.2,-0.05744509769587268,3.805708083078088,-0.0216245186671571
400.0,0.3315885423378064,3.0,1.8,-0.034386656593928096,3.805708083078088,-0.0216245186671571
400.0,0.3315885423378064,3.0,2.5,0.05987734602763841,3.805708083078088,-0.0216245186671571
400.0,0.3315885423378064,3.0,3.5,0.2240258826839218,3.805708083078088,-0.0216245186671571
400.0,0.3315885423378064,3.0,5.0,0.37794237780499157,3.805708083078088,-0.0216245186671571
400.0,0.3315885423378064,3.0,7.0,0.49674106080231156,3.805708083078088,-0.0216245186671571
400.0,0.3315885423378064,3.0,10.0,0.607533386746031,3.805708083078088,-0.0216245186671571
400.0,0.3315885423378064,3.0,14.0,0.6922034729783776,3.805708083078088,-0.0216245186671571
400.0,0.3315885423378064,3.0,20.0,0.764668810368435,3.805708083078088,-0.0216245186671571
400.0,0.3665032046990376,3.0,0.5,-0.03370232769732353,3.5023628522403154,-0.057698853417663294
400.0,0.3665032046990376,3.0,0.8,-0.05810364775774666,3.5023628522403154,-0.057698853417663294
400.0,0.3665032046990376,3.0,1.2,-0.05260889581751876,3.5023628522403154,-0.057698853417663294
400.0,0.3665032046990376,3.0,1.8,-0.019447209081383796,3.5023628522403154,-0.057698853417663294
400.0,0.3665032046990376,3.0,2.5,0.10566960860528721,3.5023628522403154,-0.057698853417663294
400.0,0.3665032046990376,3.0,3.5,0.2640737545102481,3.5023628522403154,-0.057698853417663294
400.0,0.3665032046990376,3.0,5.0,0.406264522626018,3.5023628522403154,-0.057698853417663294
400.0,0.3665032046990376,3.0,7.0,0.5223847726755607,3.5023628522403154,-0.057698853417663294
400.0,0.3665032046990376,3.0,10.0,0.6279824307403487,3.5023628522403154,-0.057698853417663294
400.0,0.3665032046990376,3.0,14.0,0.7092479935149237,3.5023628522403154,-0.057698853417663294
400.0,0.3665032046990376,3.0,20.0,0.7784316242531604,3.5023628522403154,-0.057698853417663294
400.0,0.3831535810437724,3.0,0.5,-0.03600835432731205,3.3840544702852835,-0.07262264643085273
400.0,0.3831535810437724,3.0,0.8,-0.05915874286158355,3.3840544702852835,-0.07262264643085273
400.0,0.3831535810437724,3.0,1.2,-0.05016015016148954,3.3840544702852835,-0.07262264643085273
400.0,0.3831535810437724,3.0,1.8,-0.009643975120729575,3.3840544702852835,-0.07262264643085273
400.0,0.3831535810437724,3.0,2.5,0.12567979703060797,3.3840544702852835,-0.07262264643085273
400.0,0.3831535810437724,3.0,3.5,0.27929383592963564,3.3840544702852835,-0.07262264643085273
400.0,0.3831535810437724,3.0,5.0,0.4167091275782893,3.3840544702852835,-0.07262264643085273
400.0,0.3831535810437724,3.0,7.0,0.5323381966234114,3.3840544702852835,-0.07262264643085273
400.0,0.3831535810437724,3.0,10.0,0.6361574268579964,3.3840544702852835,-0.07262264643085273
400.0,0.3831535810437724,3.0,14.0,0.7160284723003706,3.3840544702852835,-0.07262264643085273
400.0,0.3831535810437724,3.0,20.0,0.7838435824600655,3.3840544702852835,-0.07262264643085273
400.0,0.4033195589934446,3.0,0.5,-0.038691360582800906,3.2605039691519226,-0.08877525809878285
400.0,0.4033195589934446,3.0,0.8,-0.059768136078387844,3.2605039691519226,-0.08877525809878285
400.0,0.4033195589934446,3.0,1.2,-0.04736039569281454,3.2605039691519226,-0.08877525809878285
400.0,0.4033195589934446,3.0,1.8,0.0043792921749379755,3.2605039691519226,-0.08877525809878285
400.0,0.4033195589934446,3.0,2.5,0.14745893140103675,3.2605039691519226,-0.08877525809878285
400.0,0.4033195589934446,3.0,3.5,0.29459831346108345,3.2605039691519226,-0.08877525809878285
400.0,0.4033195589934446,3.0,5.0,0.42719050158210675,3.2605039691519226,-0.08877525809878285
400.0,0.4033195589934446,3.0,7.0,0.5425364736119086,3.2605039691519226,-0.08877525809878285
400.0,0.4033195589934446,3.0,10.0,0.644687114626081,3.2605039691519226,-0.08877525809878285
400.0,0.4033195589934446,3.0,14.0,0.7231165223075666,3.2605039691519226,-0.08877525809878285
400.0,0.4033195589934446,3.0,20.0,0.7895833260942545,3.2605039691519226,-0.08877525809878285
400.0,0.4050942113609619,3.0,0.5,-0.038920754751297894,3.25059951370735,-0.09009652527720456
400.0,0.4050942113609619,3.0,0.8,-0.059790978547413144,3.25059951370735,-0.09009652527720456
400.0,0.4050942113609619,3.0,1.2,-0.04711703032512647,3.25059951370735,-0.09009652527720456
400.0,0.4050942113609619,3.0,1.8,0.005703429821904477,3.25059951370735,-0.09009652527720456
400.0,0.4050942113609619,3.0,2.5,0.1492204219982645,3.25059951370735,-0.09009652527720456
400.0,0.4050942113609619,3.0,3.5,0.29578787522759725,3.25059951370735,-0.09009652527720456
400.0,0.4050942113609619,3.0,5.0,0.4280184314877139,3.25059951370735,-0.09009652527720456
400.0,0.4050942113609619,3.0,7.0,0.543338957323144,3.25059951370735,-0.09009652527720456
400.0,0.4050942113609619,3.0,10.0,0.6453669323813955,3.25059951370735,-0.09009652527720456
400.0,0.4050942113609619,3.0,14.0,0.7236840919476532,3.25059951370735,-0.09009652527720456
400.0,0.4050942113609619,3.0,20.0,0.7900562623922314,3.25059951370735,-0.09009652527720456
400.0,0.42348553694311686,3.0,0.5,-0.0412337553528968,3.156633660929379,-0.10283580800037488
400.0,0.42348553694311686,3.0,0.8,-0.05970939875011068,3.156633660929379,-0.10283580800037488
400.0,0.42348553694311686,3.0,1.2,-0.044717312366590045,3.156633660929379,-0.10283580800037488
400.0,0.42348553694311686,3.0,1.8,0.020135328391039067,3.156633660929379,-0.10283580800037488
400.0,0.42348553694311686,3.0,2.5,0.16620680729595613,3.156633660929379,-0.10283580800037488
400.0,0.42348553694311686,3.0,3.5,0.30670295510783785,3.156633660929379,-0.10283580800037488
400.0,0.42348553694311686,3.0,5.0,0.4358572681434977,3.156633660929379,-0.10283580800037488
400.0,0.42348553694311686,3.0,7.0,0.5508154232254859,3.156633660929379,-0.10283580800037488
400.0,0.42348553694311686,3.0,10.0,0.6517700304017853,3.156633660929379,-0.10283580800037488
400.0,0.42348553694311686,3.0,14.0,0.7290498650399084,3.156633660929379,-0.10283580800037488
400.0,0.42348553694311686,3.0,20.0,0.7944832402787694,3.156633660929379,-0.10283580800037488
400.0,0.4477486635155488,3.0,0.5,-0.044073068427721435,3.0555672715607374,-0.11696814171230425
400.0,0.4477486635155488,3.0,0.8,-0.058733742272661885,3.0555672715607374,-0.11696814171230425
400.0,0.4477486635155488,3.0,1.2,-0.041555438830990464,3.0555672715607374,-0.11696814171230425
400.0,0.4477486635155488,3.0,1.8,0.04020013759157825,3.0555672715607374,-0.11696814171230425
400.0,0.4477486635155488,3.0,2.5,0.1845483908197862,3.0555672715607374,-0.11696814171230425
400.0,0.4477486635155488,3.0,3.5,0.3172893490823716,3.0555672715607374,-0.11696814171230425
400.0,0.4477486635155488,3.0,5.0,0.44430922632972075,3.0555672715607374,-0.11696814171230425
400.0,0.4477486635155488,3.0,7.0,0.5583978449063492,3.0555672715607374,-0.11696814171230425
400.0,0.4477486635155488,3.0,10.0,0.6584795678428661,3.0555672715607374,-0.11696814171230425
400.0,0.4477486635155488,3.0,14.0,0.7347956174101192,3.0555672715607374,-0.11696814171230425
400.0,0.4477486635155488,3.0,20.0,0.7992965094145439,3.0555672715607374,-0.11696814171230425
400.0,0.4692653833386818,3.0,0.5,-0.04628487283987584,2.983478933445914,-0.12733701572082806
400.0,0.4692653833386818,3.0,0.8,-0.057268636475712995,2.983478933445914,-0.12733701572082806
400.0,0.4692653833386818,3.0,1.2,-0.03857213935197123,2.983478933445914,-0.12733701572082806
400.0,0.4692653833386818,3.0,1.8,0.05763959924771606,2.983478933445914,-0.12733701572082806
400.0,0.4692653833386818,3.0,2.5,0.19685084278723855,2.983478933445914,-0.12733701572082806
400.0,0.4692653833386818,3.0,3.5,0.3232545118214685,2.983478933445914,-0.12733701572082806
400.0,0.4692653833386818,3.0,5.0,0.44989032916151633,2.983478933445914,-0.12733701572082806
400.0,0.4692653833386818,3.0,7.0,0.5631130681871729,2.983478933445914,-0.12733701572082806
400.0,0.4692653833386818,3.0,10.0,0.6628969305260407,2.983478933445914,-0.12733701572082806
400.0,0.4692653833386818,3.0,14.0,0.7388196678319449,2.983478933445914,-0.12733701572082806
400.0,0.4692653833386818,3.0,20.0,0.8027207104043971,2.983478933445914,-0.12733701572082806
400.0,0.4939635614091387,3.0,0.5,-0.04844728319271246,2.921502048633769,-0.1364537961429017
400.0,0.4939635614091387,3.0,0.8,-0.05507095370564842,2.921502048633769,-0.1364537961429017
400.0,0.4939635614091387,3.0,1.2,-0.03459305665208682,2.921502048633769,-0.1364537961429017
400.0,0.4939635614091387,3.0,1.8,0.07571862481421528,2.921502048633769,-0.1364537961429017
400.0,0.4939635614091387,3.0,2.5,0.20633937963639246,2.921502048633769,-0.1364537961429017
400.0,0.4939635614091387,3.0,3.5,0.32649189078673635,2.921502048633769,-0.1364537961429017
400.0,0.4939635614091387,3.0,5.0,0.45388641672545876,2.921502048633769,-0.1364537961429017
400.0,0.4939635614091387,3.0,7.0,0.5664521146001417,2.921502048633769,-0.1364537961429017
400.0,0.4939635614091387,3.0,10.0,0.6664085604010324,2.921502048633769,-0.1364537961429017
400.0,0.4939635614091387,3.0,14.0,0.7422319596849128,2.921502048633769,-0.1364537961429017
400.0,0.4939635614091387,3.0,20.0,0.8057203650814461,2.921502048633769,-0.1364537961429017
400.0,0.4948944222294061,3.0,0.5,-0.04852144966748438,2.9196065944682816,-0.13673565541447613
400.0,0.4948944222294061,3.0,0.8,-0.05498544247769799,2.9196065944682816,-0.13673565541447613
400.0,0.4948944222294061,3.0,1.2,-0.034421858658729834,2.9196065944682816,-0.13673565541447613
400.0,0.4948944222294061,3.0,1.8,0.07633687088836973,2.9196065944682816,-0.13673565541447613
400.0,0.4948944222294061,3.0,2.5,0.20659531640139475,2.9196065944682816,-0.13673565541447613
400.0,0.4948944222294061,3.0,3.5,0.3265416684733675,2.9196065944682816,-0.13673565541447613
400.0,0.4948944222294061,3.0,5.0,0.45398607100272786,2.9196065944682816,-0.13673565541447613
400.0,0.4948944222294061,3.0,7.0,0.5665414106148021,2.9196065944682816,-0.13673565541447613
400.0,0.4948944222294061,3.0,10.0,0.6665138084135638,2.9196065944682816,-0.13673565541447613
400.0,0.4948944222294061,3.0,14.0,0.7423373861584069,2.9196065944682816,-0.13673565541447613
400.0,0.4948944222294061,3.0,20.0,0.8058182988608066,2.9196065944682816,-0.13673565541447613
400.0,0.5186617394795957,3.0,0.5,-0.05010205601696,2.881892314117505,-0.14238224255932552
400.0,0.5186617394795957,3.0,0.8,-0.052579457690539025,2.881892314117505,-0.14238224255932552
400.0,0.5186617394795957,3.0,1.2,-0.029605922552451324,2.881892314117505,-0.14238224255932552
400.0,0.5186617394795957,3.0,1.8,0.09049172859301013,2.881892314117505,-0.14238224255932552
400.0,0.5186617394795957,3.0,2.5,0.21101666015769183,2.881892314117505,-0.14238224255932552
400.0,0.5186617394795957,3.0,3.5,0.3262531829311927,2.881892314117505,-0.14238224255932552
400.0,0.5186617394795957,3.0,5.0,0.4553226240673117,2.881892314117505,-0.14238224255932552
400.0,0.5186617394795957,3.0,7.0,0.5679811475984969,2.881892314117505,-0.14238224255932552
400.0,0.5186617394795957,3.0,10.0,0.6684819593878095,2.881892314117505,-0.14238224255932552
400.0,0.5186617394795957,3.0,14.0,0.744411959128408,2.881892314117505,-0.14238224255932552
400.0,0.5186617394795957,3.0,20.0,0.8078027430660273,2.881892314117505,-0.14238224255932552
400.0,0.5418609907839217,3.0,0.5,-0.0511176937609885,2.8648938913445505,-0.144951449930984
400.0,0.5418609907839217,3.0,0.8,-0.050186731542539734,2.8648938913445505,-0.144951449930984
400.0,0.5418609907839217,3.0,1.2,-0.023805230017255603,2.8648938913445505,-0.144951449930984
400.0,0.5418609907839217,3.0,1.8,0.1005714927173056,2.8648938913445505,-0.144951449930984
400.0,0.5418609907839217,3.0,2.5,0.21125925205023877,2.8648938913445505,-0.144951449930984
400.0,0.5418609907839217,3.0,3.5,0.3231423916305112,2.8648938913445505,-0.144951449930984
400.0,0.5418609907839217,3.0,5.0,0.45439504378627754,2.8648938913445505,-0.144951449930984
400.0,0.5418609907839217,3.0,7.0,0.5678562006445769,2.8648938913445505,-0.144951449930984
400.0,0.5418609907839217,3.0,10.0,0.6691421774960787,2.8648938913445505,-0.144951449930984
400.0,0.5418609907839217,3.0,14.0,0.7454283814871081,2.8648938913445505,-0.144951449930984
400.0,0.5418609907839217,3.0,20.0,0.8090232377094249,2.8648938913445505,-0.144951449930984
400.0,0.5470044002605323,3.0,0.5,-0.051275369206961484,2.8638033882988556,-0.14511679274378975
400.0,0.5470044002605323,3.0,0.8,-0.049680727677144765,2.8638033882988556,-0.14511679274378975
400.0,0.5470044002605323,3.0,1.2,-0.022369725680514162,2.8638033882988556,-0.14511679274378975
400.0,0.5470044002605323,3.0,1.8,0.1023127011345186,2.8638033882988556,-0.14511679274378975
400.0,0.5470044002605323,3.0,2.5,0.210841490611916,2.8638033882988556,-0.14511679274378975
400.0,0.5470044002605323,3.0,3.5,0.32212368556922155,2.8638033882988556,-0.14511679274378975
400.0,0.5470044002605323,3.0,5.0,0.4538979498338685,2.8638033882988556,-0.14511679274378975
400.0,0.5470044002605323,3.0,7.0,0.5676138137339204,2.8638033882988556,-0.14511679274378975
400.0,0.5470044002605323,3.0,10.0,0.6691162290833095,2.8638033882988556,-0.14511679274378975
400.0,0.5470044002605323,3.0,14.0,0.7455249359829599,2.8638033882988556,-0.14511679274378975
400.0,0.5470044002605323,3.0,20.0,0.8091953750639361,2.8638033882988556,-0.14511679274378975
400.0,0.570379990298865,3.0,0.5,-0.05153863922826998,2.871410584424898,-0.14396469440761875
400.0,0.570379990298865,3.0,0.8,-0.04742130066312513,2.871410584424898,-0.14396469440761875
400.0,0.570379990298865,3.0,1.2,-0.015330374505686877,2.871410584424898,-0.14396469440761875
400.0,0.570379990298865,3.0,1.8,0.1073895669932776,2.871410584424898,-0.14396469440761875
400.0,0.570379990298865,3.0,2.5,0.20645652508588272,2.871410584424898,-0.14396469440761875
400.0,0.570379990298865,3.0,3.5,0.3158960909232134,2.871410584424898,-0.14396469440761875
400.0,0.570379990298865,3.0,5.0,0.4502695178860131,2.871410584424898,-0.14396469440761875
400.0,0.570379990298865,3.0,7.0,0.5655190868338583,2.871410584424898,-0.14396469440761875
400.0,0.570379990298865,3.0,10.0,0.6682286409835236,2.871410584424898,-0.14396469440761875
400.0,0.570379990298865,3.0,14.0,0.7454181995858448,2.871410584424898,-0.14396469440761875
400.0,0.570379990298865,3.0,20.0,0.8095336654668124,2.871410584424898,-0.14396469440761875
400.0,0.5988989898138083,3.0,0.5,-0.051014694678014644,2.941899141460927,-0.13343221180722317
400.0,0.5988989898138083,3.0,0.8,-0.04509797322826257,2.941899141460927,-0.13343221180722317
400.0,0.5988989898138083,3.0,1.2,-0.00584113267134952,2.941899141460927,-0.13343221180722317
400.0,0.5988989898138083,3.0,1.8,0.10777679063275822,2.941899141460927,-0.13343221180722317
400.0,0.5988989898138083,3.0,2.5,0.1966205437357051,2.941899141460927,-0.13343221180722317
400.0,0.5988989898138083,3.0,3.5,0.3056446145819036,2.941899141460927,-0.13343221180722317
400.0,0.5988989898138083,3.0,5.0,0.4431208171726604,2.941899141460927,-0.13343221180722317
400.0,0.5988989898138083,3.0,7.0,0.5609360488842788,2.941899141460927,-0.13343221180722317
400.0,0.5988989898138083,3.0,10.0,0.6655972777790623,2.941899141460927,-0.13343221180722317
400.0,0.5988989898138083,3.0,14.0,0.7441488362209002,2.941899141460927,-0.13343221180722317
400.0,0.5988989898138083,3.0,20.0,0.8090884563419176,2.941899141460927,-0.13343221180722317
400.0,0.6046013057825199,3.0,0.5,-0.05079696733665815,2.9842079652726308,-0.12723090609865004
400.0,0.6046013057825199,3.0,0.8,-0.04468887377314155,2.9842079652726308,-0.12723090609865004
400.0,0.6046013057825199,3.0,1.2,-0.003908878705861681,2.9842079652726308,-0.12723090609865004
400.0,0.6046013057825199,3.0,1.8,0.10710509513035496,2.9842079652726308,-0.12723090609865004
400.0,0.6046013057825199,3.0,2.5,0.19411251053223416,2.9842079652726308,-0.12723090609865004
400.0,0.6046013057825199,3.0,3.5,0.30329574315970753,2.9842079652726308,-0.12723090609865004
400.0,0.6046013057825199,3.0,5.0,0.4413510151279095,2.9842079652726308,-0.12723090609865004
400.0,0.6046013057825199,3.0,7.0,0.5597629292526769,2.9842079652726308,-0.12723090609865004
400.0,0.6046013057825199,3.0,10.0,0.6648786646629677,2.9842079652726308,-0.12723090609865004
400.0,0.6046013057825199,3.0,14.0,0.7437509443811247,2.9842079652726308,-0.12723090609865004
400.0,0.6046013057825199,3.0,20.0,0.8088999319103882,2.9842079652726308,-0.12723090609865004
400.0,0.6636414694697732,3.0,0.5,-0.04565482510753224,3.552488186879413,-0.05152734888936002
400.0,0.6636414694697732,3.0,0.8,-0.0413886765392161,3.552488186879413,-0.05152734888936002
400.0,0.6636414694697732,3.0,1.2,0.01354272197343302,3.552488186879413,-0.05152734888936002
400.0,0.6636414694697732,3.0,1.8,0.08691345262934122,3.552488186879413,-0.05152734888936002
400.0,0.6636414694697732,3.0,2.5,0.15925944062619227,3.552488186879413,-0.05152734888936002
400.0,0.6636414694697732,3.0,3.5,0.27352982987469004,3.552488186879413,-0.05152734888936002
400.0,0.6636414694697732,3.0,5.0,0.4170683432726018,3.552488186879413,-0.05152734888936002
400.0,0.6636414694697732,3.0,7.0,0.5429576056264241,3.552488186879413,-0.05152734888936002
400.0,0.6636414694697732,3.0,10.0,0.6541516925770513,3.552488186879413,-0.05152734888936002
400.0,0.6636414694697732,3.0,14.0,0.7370236029958771,3.552488186879413,-0.05152734888936002
400.0,0.6636414694697732,3.0,20.0,0.80498090690417,3.552488186879413,-0.05152734888936002
400.0,0.6682628855998672,3.0,0.5,-0.04507627313091971,3.603564525741968,-0.04532768834785219
400.0,0.6682628855998672,3.0,0.8,-0.04115602257987764,3.603564525741968,-0.04532768834785219
400.0,0.6682628855998672,3.0,1.2,0.014459251448880163,3.603564525741968,-0.04532768834785219
400.0,0.6682628855998672,3.0,1.8,0.08438268088533228,3.603564525741968,-0.04532768834785219
400.0,0.6682628855998672,3.0,2.5,0.15594220283688512,3.603564525741968,-0.04532768834785219
400.0,0.6682628855998672,3.0,3.5,0.270777980812509,3.603564525741968,-0.04532768834785219
400.0,0.6682628855998672,3.0,5.0,0.4147741781197273,3.603564525741968,-0.04532768834785219
400.0,0.6682628855998672,3.0,7.0,0.5413341704378327,3.603564525741968,-0.04532768834785219
400.0,0.6682628855998672,3.0,10.0,0.653092059162753,3.603564525741968,-0.04532768834785219
400.0,0.6682628855998672,3.0,14.0,0.736326591629832,3.603564525741968,-0.04532768834785219
400.0,0.6682628855998672,3.0,20.0,0.8045475875802389,3.603564525741968,-0.04532768834785219
400.0,0.6985699678629192,3.0,0.5,-0.04053446314151851,3.9448492851698957,-0.006029575891370341
400.0,0.6985699678629192,3.0,0.8,-0.03973981536384279,3.9448492851698957,-0.006029575891370341
400.0,0.6985699678629192,3.0,1.2,0.018106048040807666,3.9448492851698957,-0.006029575891370341
400.0,0.6985699678629192,3.0,1.8,0.06528593625019578,3.9448492851698957,-0.006029575891370341
400.0,0.6985699678629192,3.0,2.5,0.13278784066098842,3.9448492851698957,-0.006029575891370341
400.0,0.6985699678629192,3.0,3.5,0.2513178638250716,3.9448492851698957,-0.006029575891370341
400.0,0.6985699678629192,3.0,5.0,0.39849549861379113,3.9448492851698957,-0.006029575891370341
400.0,0.6985699678629192,3.0,7.0,0.5296218243460982,3.9448492851698957,-0.006029575891370341
400.0,0.6985699678629192,3.0,10.0,0.6453189118069267,3.9448492851698957,-0.006029575891370341
400.0,0.6985699678629192,3.0,14.0,0.7311435278832565,3.9448492851698957,-0.006029575891370341
400.0,0.6985699678629192,3.0,20.0,0.8012433871815511,3.9448492851698957,-0.006029575891370341
400.0,0.7334984662560653,3.0,0.5,-0.03407964709920966,4.254042492258267,0.026741832287906796
400.0,0.7334984662560653,3.0,0.8,-0.03775695311480834,4.254042492258267,0.026741832287906796
400.0,0.7334984662560653,3.0,1.2,0.015617116247243304,4.254042492258267,0.026741832287906796
400.0,0.7334984662560653,3.0,1.8,0.038797060572953145,4.254042492258267,0.026741832287906796
400.0,0.7334984662560653,3.0,2.5,0.10357298406497585,4.254042492258267,0.026741832287906796
400.0,0.7334984662560653,3.0,3.5,0.22587661249495505,4.254042492258267,0.026741832287906796
400.0,0.7334984662560653,3.0,5.0,0.37756350487855006,4.254042492258267,0.026741832287906796
400.0,0.7334984662560653,3.0,7.0,0.51427041696461,4.254042492258267,0.026741832287906796
400.0,0.7334984662560653,3.0,10.0,0.6348046688187133,4.254042492258267,0.026741832287906796
400.0,0.7334984662560653,3.0,14.0,0.7239872807710728,4.254042492258267,0.026741832287906796
400.0,0.7334984662560653,3.0,20.0,0.7965594963153604,4.254042492258267,0.026741832287906796
400.0,0.7386277204483878,3.0,0.5,-0.03303693904331375,4.280814906184768,0.02946645889354336
400.0,0.7386277204483878,3.0,0.8,-0.037428350132505554,4.280814906184768,0.02946645889354336
400.0,0.7386277204483878,3.0,1.2,0.014585055853335506,4.280814906184768,0.02946645889354336
400.0,0.7386277204483878,3.0,1.8,0.03463876139026399,4.280814906184768,0.02946645889354336
400.0,0.7386277204483878,3.0,2.5,0.0991434291882701,4.280814906184768,0.02946645889354336
400.0,0.7386277204483878,3.0,3.5,0.2219208579861187,4.280814906184768,0.02946645889354336
400.0,0.7386277204483878,3.0,5.0,0.3743345415171225,4.280814906184768,0.02946645889354336
400.0,0.7386277204483878,3.0,7.0,0.5118790099921939,4.280814906184768,0.02946645889354336
400.0,0.7386277204483878,3.0,10.0,0.6331473724680001,4.280814906184768,0.02946645889354336
400.0,0.7386277204483878,3.0,14.0,0.7228517957803997,4.280814906184768,0.02946645889354336
400.0,0.7386277204483878,3.0,20.0,0.7958112513137553,4.280814906184768,0.02946645889354336
400.0,0.8164016305125923,3.0,0.5,-0.01677260003273727,4.627239500050531,0.06326198728550934
400.0,0.8164016305125923,3.0,0.8,-0.029803026218238188,4.627239500050531,0.06326198728550934
400.0,0.8164016305125923,3.0,1.2,-0.020184843263767585,4.627239500050531,0.06326198728550934
400.0,0.8164016305125923,3.0,1.8,-0.03044588000740972,4.627239500050531,0.06326198728550934
400.0,0.8164016305125923,3.0,2.5,0.03120823322639706,4.627239500050531,0.06326198728550934
400.0,0.8164016305125923,3.0,3.5,0.15688375712990027,4.627239500050531,0.06326198728550934
400.0,0.8164016305125923,3.0,5.0,0.3212030583104661,4.627239500050531,0.06326198728550934
400.0,0.8164016305125923,3.0,7.0,0.47197733699844246,4.627239500050531,0.06326198728550934
400.0,0.8164016305125923,3.0,10.0,0.6052757770564197,4.627239500050531,0.06326198728550934
400.0,0.8164016305125923,3.0,14.0,0.7034873872625097,4.627239500050531,0.06326198728550934
400.0,0.8164016305125923,3.0,20.0,0.7827954905686739,4.627239500050531,0.06326198728550934
400.0,0.9023647554129298,3.0,0.5,-0.003132484868390558,5.053390751335199,0.10152288984861536
400.0,0.9023647554129298,3.0,0.8,-0.0215014203260875,5.053390751335199,0.10152288984861536
400.0,0.9023647554129298,3.0,1.2,-0.07588100429054129,5.053390751335199,0.10152288984861536
400.0,0.9023647554129298,3.0,1.8,-0.08865613900755692,5.053390751335199,0.10152288984861536
400.0,0.9023647554129298,3.0,2.5,-0.03531086986266587,5.053390751335199,0.10152288984861536
400.0,0.9023647554129298,3.0,3.5,0.08223053213207358,5.053390751335199,0.10152288984861536
400.0,0.9023647554129298,3.0,5.0,0.2575789701745373,5.053390751335199,0.10152288984861536
400.0,0.9023647554129298,3.0,7.0,0.42326590922000323,5.053390751335199,0.10152288984861536
400.0,0.9023647554129298,3.0,10.0,0.570786693086012,5.053390751335199,0.10152288984861536
400.0,0.9023647554129298,3.0,14.0,0.679130546757089,5.053390751335199,0.10152288984861536
400.0,0.9023647554129298,3.0,20.0,0.7661341293923734,5.053390751335199,0.10152288984861536
400.0,0.9385307666773636,3.0,0.5,0.00024684094652697433,5.442148924323504,0.13371043074035724
400.0,0.9385307666773636,3.0,0.8,-0.021344115154521878,5.442148924323504,0.13371043074035724
400.0,0.9385307666773636,3.0,1.2,-0.09245537558282482,5.442148924323504,0.13371043074035724
400.0,0.9385307666773636,3.0,1.8,-0.10393475040311902,5.442148924323504,0.13371043074035724
400.0,0.9385307666773636,3.0,2.5,-0.05855250705375945,5.442148924323504,0.13371043074035724
400.0,0.9385307666773636,3.0,3.5,0.05288006582198063,5.442148924323504,0.13371043074035724
400.0,0.9385307666773636,3.0,5.0,0.23090986953199896,5.442148924323504,0.13371043074035724
400.0,0.9385307666773636,3.0,7.0,0.4025646654274752,5.442148924323504,0.13371043074035724
400.0,0.9385307666773636,3.0,10.0,0.5559230871743733,5.442148924323504,0.13371043074035724
400.0,0.9385307666773636,3.0,14.0,0.6685283737134967,5.442148924323504,0.13371043074035724
400.0,0.9385307666773636,3.0,20.0,0.7588226633492614,5.442148924323504,0.13371043074035724
400.0,0.9879271228182774,3.0,0.5,0.004223667264576609,5.892994613373369,0.168276052790555
400.0,0.9879271228182774,3.0,0.8,-0.025346783988531057,5.892994613373369,0.168276052790555
400.0,0.9879271228182774,3.0,1.2,-0.10053360548786232,5.892994613373369,0.168276052790555
400.0,0.9879271228182774,3.0,1.8,-0.11414323397179502,5.892994613373369,0.168276052790555
400.0,0.9879271228182774,3.0,2.5,-0.08491751322589859,5.892994613373369,0.168276052790555
400.0,0.9879271228182774,3.0,3.5,0.016532407184697284,5.892994613373369,0.168276052790555
400.0,0.9879271228182774,3.0,5.0,0.19582402479614072,5.892994613373369,0.168276052790555
400.0,0.9879271228182774,3.0,7.0,0.3747253266297217,5.892994613373369,0.168276052790555
400.0,0.9879271228182774,3.0,10.0,0.5357677782494433,5.892994613373369,0.168276052790555
400.0,0.9879271228182774,3.0,14.0,0.6540921424758638,5.892994613373369,0.168276052790555
400.0,0.9879271228182774,3.0,20.0,0.7488148863440024,5.892994613373369,0.168276052790555
400.0,0.9973793796812823,3.0,0.5,0.005212224476049797,5.947879262063067,0.17230215272639793
400.0,0.9973793796812823,3.0,0.8,-0.026489915676988905,5.947879262063067,0.17230215272639793
400.0,0.9973793796812823,3.0,1.2,-0.09991204650434875,5.947879262063067,0.17230215272639793
400.0,0.9973793796812823,3.0,1.8,-0.11469657606771871,5.947879262063067,0.17230215272639793
400.0,0.9973793796812823,3.0,2.5,-0.08916971331754152,5.947879262063067,0.17230215272639793
400.0,0.9973793796812823,3.0,3.5,0.010141834065835976,5.947879262063067,0.17230215272639793
400.0,0.9973793796812823,3.0,5.0,0.18933023827031442,5.947879262063067,0.17230215272639793
400.0,0.9973793796812823,3.0,7.0,0.36946602088263325,5.947879262063067,0.17230215272639793
400.0,0.9973793796812823,3.0,10.0,0.5319393336097092,5.947879262063067,0.17230215272639793
400.0,0.9973793796812823,3.0,14.0,0.6513425013875839,5.947879262063067,0.17230215272639793
400.0,0.9973793796812823,3.0,20.0,0.7469038109084575,5.947879262063067,0.17230215272639793
400.0,1.0373234789591914,3.0,0.5,0.011036934161650629,6.157891763130459,0.18737205973998103
400.0,1.0373234789591914,3.0,0.8,-0.030686711336483763,6.157891763130459,0.18737205973998103
400.0,1.0373234789591914,3.0,1.2,-0.08987869555070543,6.157891763130459,0.18737205973998103
400.0,1.0373234789591914,3.0,1.8,-0.11248169222910245,6.157891763130459,0.18737205973998103
400.0,1.0373234789591914,3.0,2.5,-0.10396984496255762,6.157891763130459,0.18737205973998103
400.0,1.0373234789591914,3.0,3.5,-0.014782087157911855,6.157891763130459,0.18737205973998103
400.0,1.0373234789591914,3.0,5.0,0.16269749821815258,6.157891763130459,0.18737205973998103
400.0,1.0373234789591914,3.0,7.0,0.3475298834926612,6.157891763130459,0.18737205973998103
400.0,1.0373234789591914,3.0,10.0,0.5159053743716575,6.157891763130459,0.18737205973998103
400.0,1.0373234789591914,3.0,14.0,0.6397959796565409,6.157891763130459,0.18737205973998103
400.0,1.0373234789591914,3.0,20.0,0.7388634781126767,6.157891763130459,0.18737205973998103
400.0,1.102398582221007,3.0,0.5,0.02776023068124399,6.583480016205109,0.21639553029745542
400.0,1.102398582221007,3.0,0.8,-0.026146556729241585,6.583480016205109,0.21639553029745542
400.0,1.102398582221007,3.0,1.2,-0.05456946553339034,6.583480016205109,0.21639553029745542
400.0,1.102398582221007,3.0,1.8,-0.0959465063884215,6.583480016205109,0.21639553029745542
400.0,1.102398582221007,3.0,2.5,-0.11640501131055815,6.583480016205109,0.21639553029745542
400.0,1.102398582221007,3.0,3.5,-0.04887251393825774,6.583480016205109,0.21639553029745542
400.0,1.102398582221007,3.0,5.0,0.12178527743780455,6.583480016205109,0.21639553029745542
400.0,1.102398582221007,3.0,7.0,0.3127961859651906,6.583480016205109,0.21639553029745542
400.0,1.102398582221007,3.0,10.0,0.49028708084217754,6.583480016205109,0.21639553029745542
400.0,1.102398582221007,3.0,14.0,0.621234775640263,6.583480016205109,0.21639553029745542
400.0,1.102398582221007,3.0,20.0,0.7258732258112939,6.583480016205109,0.21639553029745542
400.0,1.218475796513094,3.0,0.5,0.04572044953580674,7.532651033848277,0.27488785695095946
400.0,1.218475796513094,3.0,0.8,0.03798247689862042,7.532651033848277,0.27488785695095946
400.0,1.218475796513094,3.0,1.2,0.0025551795043812268,7.532651033848277,0.27488785695095946
400.0,1.218475796513094,3.0,1.8,-0.05038460856422592,7.532651033848277,0.27488785695095946
400.0,1.218475796513094,3.0,2.5,-0.10709794735776967,7.532651033848277,0.27488785695095946
400.0,1.218475796513094,3.0,3.5,-0.09260253750319954,7.532651033848277,0.27488785695095946
400.0,1.218475796513094,3.0,5.0,0.0546839126718053,7.532651033848277,0.27488785695095946
400.0,1.218475796513094,3.0,7.0,0.25248485177968766,7.532651033848277,0.27488785695095946
400.0,1.218475796513094,3.0,10.0,0.44484343354249395,7.532651033848277,0.27488785695095946
400.0,1.218475796513094,3.0,14.0,0.5880431780331902,7.532651033848277,0.27488785695095946
400.0,1.218475796513094,3.0,20.0,0.7024870307862056,7.532651033848277,0.27488785695095946
400.0,1.3467753774655815,3.0,0.5,-0.0027938005075713018,8.584618096386942,0.3316609881548798
400.0,1.3467753774655815,3.0,0.8,0.035802777009436994,8.584618096386942,0.3316609881548798
400.0,1.3467753774655815,3.0,1.2,-0.0210225371553215,8.584618096386942,0.3316609881548798
400.0,1.3467753774655815,3.0,1.8,-0.025028377330078257,8.584618096386942,0.3316609881548798
400.0,1.3467753774655815,3.0,2.5,-0.07736167968307525,8.584618096386942,0.3316609881548798
400.0,1.3467753774655815,3.0,3.5,-0.11682083074386251,8.584618096386942,0.3316609881548798
400.0,1.3467753774655815,3.0,5.0,-0.011703881145220618,8.584618096386942,0.3316609881548798
400.0,1.3467753774655815,3.0,7.0,0.18554855120641073,8.584618096386942,0.3316609881548798
400.0,1.3467753774655815,3.0,10.0,0.3931097794568895,8.584618096386942,0.3316609881548798
400.0,1.3467753774655815,3.0,14.0,0.5499048315793543,8.584618096386942,0.3316609881548798
400.0,1.3467753774655815,3.0,20.0,0.675418676608807,8.584618096386942,0.3316609881548798
400.0,1.4885842809008711,3.0,0.5,-0.00861383677508811,9.7204193585513,0.38562501034482344
400.0,1.4885842809008711,3.0,0.8,-0.017165593576356157,9.7204193585513,0.38562501034482344
400.0,1.4885842809008711,3.0,1.2,-0.03469542385686314,9.7204193585513,0.38562501034482344
400.0,1.4885842809008711,3.0,1.8,-0.03926442388912783,9.7204193585513,0.38562501034482344
400.0,1.4885842809008711,3.0,2.5,-0.045216084772030284,9.7204193585513,0.38562501034482344
400.0,1.4885842809008711,3.0,3.5,-0.1146940140994994,9.7204193585513,0.38562501034482344
400.0,1.4885842809008711,3.0,5.0,-0.06963664236124315,9.7204193585513,0.38562501034482344
400.0,1.4885842809008711,3.0,7.0,0.11438922629797657,9.7204193585513,0.38562501034482344
400.0,1.4885842809008711,3.0,10.0,0.3357502906861902,9.7204193585513,0.38562501034482344
400.0,1.4885842809008711,3.0,14.0,0.507182877646464,9.7204193585513,0.38562501034482344
400.0,1.4885842809008711,3.0,20.0,0.6448885331430576,9.7204193585513,0.38562501034482344
400.0,1.645324972836306,3.0,0.5,0.0351670845001045,10.990339343770701,0.43895111081817084
400.0,1.645324972836306,3.0,0.8,0.03925120502799226,10.990339343770701,0.43895111081817084
400.0,1.645324972836306,3.0,1.2,0.03798193312390679,10.990339343770701,0.43895111081817084
400.0,1.645324972836306,3.0,1.8,-0.060463144673541,10.990339343770701,0.43895111081817084
400.0,1.645324972836306,3.0,2.5,-0.03272303595815553,10.990339343770701,0.43895111081817084
400.0,1.645324972836306,3.0,3.5,-0.08709906088708969,10.990339343770701,0.43895111081817084
400.0,1.645324972836306,3.0,5.0,-0.10708682853702492,10.990339343770701,0.43895111081817084
400.0,1.645324972836306,3.0,7.0,0.04349819807541355,10.990339343770701,0.43895111081817084
400.0,1.645324972836306,3.0,10.0,0.273949187715221,10.990339343770701,0.43895111081817084
400.0,1.645324972836306,3.0,14.0,0.46053792859261417,10.990339343770701,0.43895111081817084
400.0,1.645324972836306,3.0,20.0,0.6113250984771759,10.990339343770701,0.43895111081817084
400.0,1.8185696980492723,3.0,0.5,-0.01775910926789115,12.433051252933986,0.4925177326229461
400.0,1.8185696980492723,3.0,0.8,-0.029621364348983364,12.433051252933986,0.4925177326229461
400.0,1.8185696980492723,3.0,1.2,0.01345364022685701,12.433051252933986,0.4925177326229461
400.0,1.8185696980492723,3.0,1.8,-0.04178679754743342,12.433051252933986,0.4925177326229461
400.0,1.8185696980492723,3.0,2.5,-0.05016325780668473,12.433051252933986,0.4925177326229461
400.0,1.8185696980492723,3.0,3.5,-0.05827950028967121,12.433051252933986,0.4925177326229461
400.0,1.8185696980492723,3.0,5.0,-0.12014921123126358,12.433051252933986,0.4925177326229461
400.0,1.8185696980492723,3.0,7.0,-0.023720102162036242,12.433051252933986,0.4925177326229461
400.0,1.8185696980492723,3.0,10.0,0.20647254822920347,12.433051252933986,0.4925177326229461
400.0,1.8185696980492723,3.0,14.0,0.4087318134021251,12.433051252933986,0.4925177326229461
400.0,1.8185696980492723,3.0,20.0,0.5738017159577203,12.433051252933986,0.4925177326229461
400.0,2.0100562510528768,3.0,0.5,0.014899560914080753,14.01043990415422,0.5443917802852513
400.0,2.0100562510528768,3.0,0.8,0.0019400375398307401,14.01043990415422,0.5443917802852513
400.0,2.0100562510528768,3.0,1.2,-0.007013947761890417,14.01043990415422,0.5443917802852513
400.0,2.0100562510528768,3.0,1.8,0.0016461306889364014,14.01043990415422,0.5443917802852513
400.0,2.0100562510528768,3.0,2.5,-0.06799986937198517,14.01043990415422,0.5443917802852513
400.0,2.0100562510528768,3.0,3.5,-0.03863490398478247,14.01043990415422,0.5443917802852513
400.0,2.0100562510528768,3.0,5.0,-0.1110906439824086,14.01043990415422,0.5443917802852513
400.0,2.0100562510528768,3.0,7.0,-0.0770327446693996,14.01043990415422,0.5443917802852513
400.0,2.0100562510528768,3.0,10.0,0.13494936569560462,14.01043990415422,0.5443917802852513
400.0,2.0100562510528768,3.0,14.0,0.3521527965888399,14.01043990415422,0.5443917802852513
400.0,2.0100562510528768,3.0,20.0,0.5325167450492576,14.01043990415422,0.5443917802852513
400.0,2.2217054076787313,3.0,0.5,0.030356184006108962,15.781906516991414,0.5960994752130426
400.0,2.2217054076787313,3.0,0.8,0.026854840517281504,15.781906516991414,0.5960994752130426
400.0,2.2217054076787313,3.0,1.2,0.006239217517564914,15.781906516991414,0.5960994752130426
400.0,2.2217054076787313,3.0,1.8,0.010614189193895793,15.781906516991414,0.5960994752130426
400.0,2.2217054076787313,3.0,2.5,-0.05665957516498784,15.781906516991414,0.5960994752130426
400.0,2.2217054076787313,3.0,3.5,-0.0425553754748771,15.781906516991414,0.5960994752130426
400.0,2.2217054076787313,3.0,5.0,-0.08912080262988108,15.781906516991414,0.5960994752130426
400.0,2.2217054076787313,3.0,7.0,-0.10845291939906843,15.781906516991414,0.5960994752130426
400.0,2.2217054076787313,3.0,10.0,0.061368429335478425,15.781906516991414,0.5960994752130426
400.0,2.2217054076787313,3.0,14.0,0.29035504505619103,15.781906516991414,0.5960994752130426
400.0,2.2217054076787313,3.0,20.0,0.4870367950206666,15.781906516991414,0.5960994752130426
400.0,2.455640192120709,3.0,0.5,0.02663605177640123,17.696260494773117,0.6458215113012677
400.0,2.455640192120709,3.0,0.8,0.0054943690950302925,17.696260494773117,0.6458215113012677
400.0,2.455640192120709,3.0,1.2,0.0016762674432409478,17.696260494773117,0.6458215113012677
400.0,2.455640192120709,3.0,1.8,0.0018606702529496296,17.696260494773117,0.6458215113012677
400.0,2.455640192120709,3.0,2.5,-0.02331242219340392,17.696260494773117,0.6458215113012677
400.0,2.455640192120709,3.0,3.5,-0.06228259218311881,17.696260494773117,0.6458215113012677
400.0,2.455640192120709,3.0,5.0,-0.058474045620457445,17.696260494773117,0.6458215113012677
400.0,2.455640192120709,3.0,7.0,-0.11997204907020742,17.696260494773117,0.6458215113012677
400.0,2.455640192120709,3.0,10.0,-0.008330882560347037,17.696260494773117,0.6458215113012677
400.0,2.455640192120709,3.0,14.0,0.22327476730866835,17.696260494773117,0.6458215113012677
400.0,2.455640192120709,3.0,20.0,0.4370911343399148,17.696260494773117,0.6458215113012677
400.0,2.714207172704789,3.0,0.5,-0.0644605497471697,19.734225042281974,0.6931600851107484
400.0,2.714207172704789,3.0,0.8,0.0015118431437722958,19.734225042281974,0.6931600851107484
400.0,2.714207172704789,3.0,1.2,0.0011664078545536951,19.734225042281974,0.6931600851107484
400.0,2.714207172704789,3.0,1.8,0.001958877781947619,19.734225042281974,0.6931600851107484
400.0,2.714207172704789,3.0,2.5,-0.0016371511627833663,19.734225042281974,0.6931600851107484
400.0,2.714207172704789,3.0,3.5,-0.07268864825419871,19.734225042281974,0.6931600851107484
400.0,2.714207172704789,3.0,5.0,-0.0402477109357978,19.734225042281974,0.6931600851107484
400.0,2.714207172704789,3.0,7.0,-0.11415538425362695,19.734225042281974,0.6931600851107484
400.0,2.714207172704789,3.0,10.0,-0.0637747792802335,19.734225042281974,0.6931600851107484
400.0,2.714207172704789,3.0,14.0,0.15124034109439005,19.734225042281974,0.6931600851107484
400.0,2.714207172704789,3.0,20.0,0.3823712922866337,19.734225042281974,0.6931600851107484
400.0,3.0000000000000004,3.0,0.5,0.052544949201986664,21.838368986996453,0.7371602083458493
400.0,3.0000000000000004,3.0,0.8,0.0034712031232433495,21.838368986996453,0.7371602083458493
400.0,3.0000000000000004,3.0,1.2,0.002333811090970202,21.838368986996453,0.7371602083458493
400.0,3.0000000000000004,3.0,1.8,0.0002798288368650717,21.838368986996453,0.7371602083458493
400.0,3.0000000000000004,3.0,2.5,0.0013974424768438349,21.838368986996453,0.7371602083458493
400.0,3.0000000000000004,3.0,3.5,-0.05512838588963419,21.838368986996453,0.7371602083458493
400.0,3.0000000000000004,3.0,5.0,-0.04413896233939348,21.838368986996453,0.7371602083458493
400.0,3.0000000000000004,3.0,7.0,-0.09102781381971849,21.838368986996453,0.7371602083458493
400.0,3.0000000000000004,3.0,10.0,-0.09978190495307465,21.838368986996453,0.7371602083458493
400.0,3.0000000000000004,3.0,14.0,0.0762306755151661,21.838368986996453,0.7371602083458493
400.0,3.0000000000000004,3.0,20.0,0.3226895958063253,21.838368986996453,0.7371602083458493
450.0,0.3,3.0,0.5,-0.019833010833745928,4.655929530302673,0.0659464071110568
450.0,0.3,3.0,0.8,-0.04264923618417633,4.655929530302673,0.0659464071110568
450.0,0.3,3.0,1.2,-0.06079403342084312,4.655929530302673,0.0659464071110568
450.0,0.3,3.0,1.8,-0.04908851681524084,4.655929530302673,0.0659464071110568
450.0,0.3,3.0,2.5,-0.014654223538004295,4.655929530302673,0.0659464071110568
450.0,0.3,3.0,3.5,0.11917795003885441,4.655929530302673,0.0659464071110568
450.0,0.3,3.0,5.0,0.29440799900737397,4.655929530302673,0.0659464071110568
450.0,0.3,3.0,7.0,0.42999547730596743,4.655929530302673,0.0659464071110568
450.0,0.3,3.0,10.0,0.5502470880873849,4.655929530302673,0.0659464071110568
450.0,0.3,3.0,14.0,0.6449319041586936,4.655929530302673,0.0659464071110568
450.0,0.3,3.0,20.0,0.7271165824400274,4.655929530302673,0.0659464071110568
450.0,0.3315885423378064,3.0,0.5,-0.023660958280196757,4.250477170216482,0.02637769654806049
450.0,0.3315885423378064,3.0,0.8,-0.048220482720251895,4.250477170216482,0.02637769654806049
450.0,0.3315885423378064,3.0,1.2,-0.06068071826699176,4.250477170216482,0.02637769654806049
450.0,0.3315885423378064,3.0,1.8,-0.04372113333813247,4.250477170216482,0.02637769654806049
450.0,0.3315885423378064,3.0,2.5,0.012864209923520041,4.250477170216482,0.02637769654806049
450.0,0.3315885423378064,3.0,3.5,0.16824954389477637,4.250477170216482,0.02637769654806049
450.0,0.3315885423378064,3.0,5.0,0.3340901107220358,4.250477170216482,0.02637769654806049
450.0,0.3315885423378064,3.0,7.0,0.4598064788620904,4.250477170216482,0.02637769654806049
450.0,0.3315885423378064,3.0,10.0,0.5769144722127528,4.250477170216482,0.02637769654806049
450.0,0.3315885423378064,3.0,14.0,0.6668670408350024,4.250477170216482,0.02637769654806049
450.0,0.3315885423378064,3.0,20.0,0.7445437179074952,4.250477170216482,0.02637769654806049
450.0,0.3665032046990376,3.0,0.5,-0.02798427473348834,3.8976488270522025,-0.011257284135841747
450.0,0.3665032046990376,3.0,0.8,-0.053361899097707576,3.8976488270522025,-0.011257284135841747
450.0,0.3665032046990376,3.0,1.2,-0.057937780215212106,3.8976488270522025,-0.011257284135841747
450.0,0.3665032046990376,3.0,1.8,-0.03622759254942833,3.8976488270522025,-0.011257284135841747
450.0,0.3665032046990376,3.0,2.5,0.05154310782831353,3.8976488270522025,-0.011257284135841747
450.0,0.3665032046990376,3.0,3.5,0.21367545791040451,3.8976488270522025,-0.011257284135841747
450.0,0.3665032046990376,3.0,5.0,0.3678814756686277,3.8976488270522025,-0.011257284135841747
450.0,0.3665032046990376,3.0,7.0,0.4874080101078682,3.8976488270522025,-0.011257284135841747
450.0,0.3665032046990376,3.0,10.0,0.6000084605335861,3.8976488270522025,-0.011257284135841747
450.0,0.3665032046990376,3.0,14.0,0.6861418468900636,3.8976488270522025,-0.011257284135841747
450.0,0.3665032046990376,3.0,20.0,0.759953562346741,3.8976488270522025,-0.011257284135841747
450.0,0.4050942113609619,3.0,0.5,-0.03278259067179698,3.598025388548053,-0.045995767819424424
450.0,0.4050942113609619,3.0,0.8,-0.05730505447474856,3.598025388548053,-0.045995767819424424
450.0,0.4050942113609619,3.0,1.2,-0.053238699088961235,3.598025388548053,-0.045995767819424424
450.0,0.4050942113609619,3.0,1.8,-0.022935252138815334,3.598025388548053,-0.045995767819424424
450.0,0.4050942113609619,3.0,2.5,0.09603870967522411,3.598025388548053,-0.045995767819424424
450.0,0.4050942113609619,3.0,3.5,0.25272169838607045,3.598025388548053,-0.045995767819424424
450.0,0.4050942113609619,3.0,5.0,0.394975527411577,3.598025388548053,-0.045995767819424424
450.0,0.4050942113609619,3.0,7.0,0.5118995709664786,3.598025388548053,-0.045995767819424424
450.0,0.4050942113609619,3.0,10.0,0.619540568577129,3.598025388548053,-0.045995767819424424
450.0,0.4050942113609619,3.0,14.0,0.7025724616596503,3.598025388548053,-0.045995767819424424
450.0,0.4050942113609619,3.0,20.0,0.7733574140657016,3.598025388548053,-0.045995767819424424
450.0,0.4063957430879413,3.0,0.5,-0.032939784325448605,3.589331795765061,-0.04704638520716207
450.0,0.4063957430879413,3.0,0.8,-0.05740698607405044,3.589331795765061,-0.04704638520716207
450.0,0.4063957430879413,3.0,1.2,-0.05306980602023272,3.589331795765061,-0.04704638520716207
450.0,0.4063957430879413,3.0,1.8,-0.02236327171677714,3.589331795765061,-0.04704638520716207
450.0,0.4063957430879413,3.0,2.5,0.09747366815421164,3.589331795765061,-0.04704638520716207
450.0,0.4063957430879413,3.0,3.5,0.2538365122530811,3.589331795765061,-0.04704638520716207
450.0,0.4063957430879413,3.0,5.0,0.3957273157371926,3.589331795765061,-0.04704638520716207
450.0,0.4063957430879413,3.0,7.0,0.5126097587217303,3.589331795765061,-0.04704638520716207
450.0,0.4063957430879413,3.0,10.0,0.620118484282381,3.589331795765061,-0.04704638520716207
450.0,0.4063957430879413,3.0,14.0,0.7030580120006417,3.589331795765061,-0.04704638520716207
450.0,0.4063957430879413,3.0,20.0,0.7737556290516462,3.589331795765061,-0.04704638520716207
450.0,0.42778499272414877,3.0,0.5,-0.03553964633736192,3.4582867000094675,-0.0631989968750922
450.0,0.42778499272414877,3.0,0.8,-0.05869188236202588,3.4582867000094675,-0.0631989968750922
450.0,0.42778499272414877,3.0,1.2,-0.050241910685176534,3.4582867000094675,-0.0631989968750922
450.0,0.42778499272414877,3.0,1.8,-0.011814326817441245,3.4582867000094675,-0.0631989968750922
450.0,0.42778499272414877,3.0,2.5,0.11986202019758893,3.4582867000094675,-0.0631989968750922
450.0,0.42778499272414877,3.0,3.5,0.2702875026728612,3.4582867000094675,-0.0631989968750922
450.0,0.42778499272414877,3.0,5.0,0.406659473704677,3.4582867000094675,-0.0631989968750922
450.0,0.42778499272414877,3.0,7.0,0.5232026926005093,3.4582867000094675,-0.0631989968750922
450.0,0.42778499272414877,3.0,10.0,0.6288617068971059,3.4582867000094675,-0.0631989968750922
450.0,0.42778499272414877,3.0,14.0,0.7103923995013629,3.4582867000094675,-0.0631989968750922
450.0,0.42778499272414877,3.0,20.0,0.7796659757234661,3.4582867000094675,-0.0631989968750922
450.0,0.4477486635155488,3.0,0.5,-0.03789343343207093,3.354845048302402,-0.07638752530917758
450.0,0.4477486635155488,3.0,0.8,-0.05926262154952062,3.354845048302402,-0.07638752530917758
450.0,0.4477486635155488,3.0,1.2,-0.04774937281001845,3.354845048302402,-0.07638752530917758
450.0,0.4477486635155488,3.0,1.8,-6.591033679529884e-05,3.354845048302402,-0.07638752530917758
450.0,0.4477486635155488,3.0,2.5,0.13842014913669637,3.354845048302402,-0.07638752530917758
450.0,0.4477486635155488,3.0,3.5,0.28260835138917806,3.354845048302402,-0.07638752530917758
450.0,0.4477486635155488,3.0,5.0,0.4147124098489278,3.354845048302402,-0.07638752530917758
450.0,0.4477486635155488,3.0,7.0,0.5313200165934351,3.354845048302402,-0.07638752530917758
450.0,0.4477486635155488,3.0,10.0,0.6357350638912448,3.354845048302402,-0.07638752530917758
450.0,0.4477486635155488,3.0,14.0,0.716184750782252,3.354845048302402,-0.07638752530917758
450.0,0.4477486635155488,3.0,20.0,0.784403966690986,3.354845048302402,-0.07638752530917758
450.0,0.44917424236035625,3.0,0.5,-0.0380560081288379,3.3481156010473208,-0.07725954677668431
450.0,0.44917424236035625,3.0,0.8,-0.05928134970197185,3.3481156010473208,-0.07725954677668431
450.0,0.44917424236035625,3.0,1.2,-0.047576070006536096,3.3481156010473208,-0.07725954677668431
450.0,0.44917424236035625,3.0,1.8,0.0008284814493535751,3.3481156010473208,-0.07725954677668431
450.0,0.44917424236035625,3.0,2.5,0.13966229798519988,3.3481156010473208,-0.07725954677668431
450.0,0.44917424236035625,3.0,3.5,0.28340130134348596,3.3481156010473208,-0.07725954677668431
450.0,0.44917424236035625,3.0,5.0,0.41523470440598204,3.3481156010473208,-0.07725954677668431
450.0,0.44917424236035625,3.0,7.0,0.5318491617309579,3.3481156010473208,-0.07725954677668431
450.0,0.44917424236035625,3.0,10.0,0.6361850089249713,3.3481156010473208,-0.07725954677668431
450.0,0.44917424236035625,3.0,14.0,0.7165627326132193,3.3481156010473208,-0.07725954677668431
450.0,0.44917424236035625,3.0,20.0,0.7847210725686632,3.3481156010473208,-0.07725954677668431
450.0,0.4948944222294061,3.0,0.5,-0.04295815468381664,3.1730292826148982,-0.10058591127943023
450.0,0.4948944222294061,3.0,0.8,-0.05838403608869072,3.1730292826148982,-0.10058591127943023
450.0,0.4948944222294061,3.0,1.2,-0.042383782011203915,3.1730292826148982,-0.10058591127943023
450.0,0.4948944222294061,3.0,1.8,0.032166554896050456,3.1730292826148982,-0.10058591127943023
450.0,0.4948944222294061,3.0,2.5,0.1717279603222136,3.1730292826148982,-0.10058591127943023
450.0,0.4948944222294061,3.0,3.5,0.30108177797518526,3.1730292826148982,-0.10058591127943023
450.0,0.4948944222294061,3.0,5.0,0.4277188283286,3.1730292826148982,-0.10058591127943023
450.0,0.4948944222294061,3.0,7.0,0.5441945681234135,3.1730292826148982,-0.10058591127943023
450.0,0.4948944222294061,3.0,10.0,0.6472296605047863,3.1730292826148982,-0.10058591127943023
450.0,0.4948944222294061,3.0,14.0,0.7261106728623874,3.1730292826148982,-0.10058591127943023
450.0,0.4948944222294061,3.0,20.0,0.7928267238047522,3.1730292826148982,-0.10058591127943023
450.0,0.49773110210232996,3.0,0.5,-0.04324224997458928,3.16445727805022,-0.10176075449713765
450.0,0.49773110210232996,3.0,0.8,-0.058238981081127274,3.16445727805022,-0.10176075449713765
450.0,0.49773110210232996,3.0,1.2,-0.042065569926927435,3.16445727805022,-0.10176075449713765
450.0,0.49773110210232996,3.0,1.8,0.034180449851317844,3.16445727805022,-0.10176075449713765
450.0,0.49773110210232996,3.0,2.5,0.17323209139525478,3.16445727805022,-0.10176075449713765
450.0,0.49773110210232996,3.0,3.5,0.3017430690117597,3.16445727805022,-0.10176075449713765
450.0,0.49773110210232996,3.0,5.0,0.4282730299009955,3.16445727805022,-0.10176075449713765
450.0,0.49773110210232996,3.0,7.0,0.5447050652877748,3.16445727805022,-0.10176075449713765
450.0,0.49773110210232996,3.0,10.0,0.6477212668352929,3.16445727805022,-0.10176075449713765
450.0,0.49773110210232996,3.0,14.0,0.7265566745896187,3.16445727805022,-0.10176075449713765
450.0,0.49773110210232996,3.0,20.0,0.7932146679913524,3.16445727805022,-0.10176075449713765
450.0,0.5239274758971895,3.0,0.5,-0.04558646977062227,3.098720864758992,-0.1108775349192112
450.0,0.5239274758971895,3.0,0.8,-0.056553203860125544,3.098720864758992,-0.1108775349192112
450.0,0.5239274758971895,3.0,1.2,-0.0390556515282428,3.098720864758992,-0.1108775349192112
450.0,0.5239274758971895,3.0,1.8,0.052152624047433656,3.098720864758992,-0.1108775349192112
450.0,0.5239274758971895,3.0,2.5,0.1844305221017508,3.098720864758992,-0.1108775349192112
450.0,0.5239274758971895,3.0,3.5,0.3056330796810709,3.098720864758992,-0.1108775349192112
450.0,0.5239274758971895,3.0,5.0,0.4320906811197233,3.098720864758992,-0.1108775349192112
450.0,0.5239274758971895,3.0,7.0,0.5481091298643822,3.098720864758992,-0.1108775349192112
450.0,0.5239274758971895,3.0,10.0,0.6512683077302435,3.098720864758992,-0.1108775349192112
450.0,0.5239274758971895,3.0,14.0,0.7299981679074907,3.098720864758992,-0.1108775349192112
450.0,0.5239274758971895,3.0,20.0,0.796277263226016,3.098720864758992,-0.1108775349192112
450.0,0.5470044002605323,3.0,0.5,-0.04731710683190693,3.0604791298919074,-0.11627056903619196
450.0,0.5470044002605323,3.0,0.8,-0.05459810681241949,3.0604791298919074,-0.11627056903619196
450.0,0.5470044002605323,3.0,1.2,-0.03609639276204268,3.0604791298919074,-0.11627056903619196
450.0,0.5470044002605323,3.0,1.8,0.06633696777838771,3.0604791298919074,-0.11627056903619196
450.0,0.5470044002605323,3.0,2.5,0.1902693942359515,3.0604791298919074,-0.11627056903619196
450.0,0.5470044002605323,3.0,3.5,0.3059389992685441,3.0604791298919074,-0.11627056903619196
450.0,0.5470044002605323,3.0,5.0,0.4334052443475951,3.0604791298919074,-0.11627056903619196
450.0,0.5470044002605323,3.0,7.0,0.5492732820317643,3.0604791298919074,-0.11627056903619196
450.0,0.5470044002605323,3.0,10.0,0.653002672964116,3.0604791298919074,-0.11627056903619196
450.0,0.5470044002605323,3.0,14.0,0.7319947816970701,3.0604791298919074,-0.11627056903619196
450.0,0.5470044002605323,3.0,20.0,0.798185521531587,3.0604791298919074,-0.11627056903619196
450.0,0.550123849692049,3.0,0.5,-0.04752503429629776,3.0567083969428195,-0.11680598133563488
450.0,0.550123849692049,3.0,0.8,-0.054311489869366104,3.0567083969428195,-0.11680598133563488
450.0,0.550123849692049,3.0,1.2,-0.03565311975754016,3.0567083969428195,-0.11680598133563488
450.0,0.550123849692049,3.0,1.8,0.06807978104105229,3.0567083969428195,-0.11680598133563488
450.0,0.550123849692049,3.0,2.5,0.1907709434687184,3.0567083969428195,-0.11680598133563488
450.0,0.550123849692049,3.0,3.5,0.30577321196303997,3.0567083969428195,-0.11680598133563488
450.0,0.550123849692049,3.0,5.0,0.43343612108506346,3.0567083969428195,-0.11680598133563488
450.0,0.550123849692049,3.0,7.0,0.5493165508911179,3.0567083969428195,-0.11680598133563488
450.0,0.550123849692049,3.0,10.0,0.6531524602435593,3.0567083969428195,-0.11680598133563488
450.0,0.550123849692049,3.0,14.0,0.7321936241929817,3.0567083969428195,-0.11680598133563488
450.0,0.550123849692049,3.0,20.0,0.798387433208421,3.0567083969428195,-0.11680598133563488
450.0,0.5747303715656585,3.0,0.5,-0.048915180575156654,3.038678846924472,-0.11937518870729331
450.0,0.5747303715656585,3.0,0.8,-0.05194106863650842,3.038678846924472,-0.11937518870729331
450.0,0.5747303715656585,3.0,1.2,-0.03175110370350633,3.038678846924472,-0.11937518870729331
450.0,0.5747303715656585,3.0,1.8,0.08002032271289533,3.038678846924472,-0.11937518870729331
450.0,0.5747303715656585,3.0,2.5,0.19237178973880284,3.038678846924472,-0.11937518870729331
450.0,0.5747303715656585,3.0,3.5,0.30281061952055743,3.038678846924472,-0.11937518870729331
450.0,0.5747303715656585,3.0,5.0,0.4324233664239684,3.038678846924472,-0.11937518870729331
450.0,0.5747303715656585,3.0,7.0,0.5487859476000996,3.038678846924472,-0.11937518870729331
450.0,0.5747303715656585,3.0,10.0,0.6536407803931996,3.038678846924472,-0.11937518870729331
450.0,0.5747303715656585,3.0,14.0,0.7331704987960166,3.038678846924472,-0.11937518870729331
450.0,0.5747303715656585,3.0,20.0,0.7995599179381687,3.038678846924472,-0.11937518870729331
450.0,0.6046013057825199,3.0,0.5,-0.049910017275496966,3.045300600242436,-0.11842982323160714
450.0,0.6046013057825199,3.0,0.8,-0.04895453260197919,3.045300600242436,-0.11842982323160714
450.0,0.6046013057825199,3.0,1.2,-0.025862703330185245,3.045300600242436,-0.11842982323160714
450.0,0.6046013057825199,3.0,1.8,0.08955781443400479,3.045300600242436,-0.11842982323160714
450.0,0.6046013057825199,3.0,2.5,0.18903604422389733,3.045300600242436,-0.11842982323160714
450.0,0.6046013057825199,3.0,3.5,0.2956007075990129,3.045300600242436,-0.11842982323160714
450.0,0.6046013057825199,3.0,5.0,0.42830959158829607,3.045300600242436,-0.11842982323160714
450.0,0.6046013057825199,3.0,7.0,0.5461758211044634,3.045300600242436,-0.11842982323160714
450.0,0.6046013057825199,3.0,10.0,0.6526119048831687,3.045300600242436,-0.11842982323160714
450.0,0.6046013057825199,3.0,14.0,0.7330394082314341,3.045300600242436,-0.11842982323160714
450.0,0.6046013057825199,3.0,20.0,0.8000263868084588,3.045300600242436,-0.11842982323160714
450.0,0.6049793384901669,3.0,0.5,-0.0499164036606627,3.045590843726509,-0.11838843318392815
450.0,0.6049793384901669,3.0,0.8,-0.04891839010827113,3.045590843726509,-0.11838843318392815
450.0,0.6049793384901669,3.0,1.2,-0.02577818527205833,3.045590843726509,-0.11838843318392815
450.0,0.6049793384901669,3.0,1.8,0.08963652209391762,3.045590843726509,-0.11838843318392815
450.0,0.6049793384901669,3.0,2.5,0.18895448469656298,3.045590843726509,-0.11838843318392815
450.0,0.6049793384901669,3.0,3.5,0.29548190676740754,3.045590843726509,-0.11838843318392815
450.0,0.6049793384901669,3.0,5.0,0.4282329003485024,3.045590843726509,-0.11838843318392815
450.0,0.6049793384901669,3.0,7.0,0.5461242387207922,3.045590843726509,-0.11838843318392815
450.0,0.6049793384901669,3.0,10.0,0.6525831497421705,3.045590843726509,-0.11838843318392815
450.0,0.6049793384901669,3.0,14.0,0.7330250713638785,3.045590843726509,-0.11838843318392815
450.0,0.6049793384901669,3.0,20.0,0.8000254536794423,3.045590843726509,-0.11838843318392815
450.0,0.6352283054146753,3.0,0.5,-0.05000345872941609,3.1203552487408555,-0.10785595058353252
450.0,0.6352283054146753,3.0,0.8,-0.04609848825786825,3.1203552487408555,-0.10785595058353252
450.0,0.6352283054146753,3.0,1.2,-0.018584557455075514,3.1203552487408555,-0.10785595058353252
450.0,0.6352283054146753,3.0,1.8,0.09306196273726333,3.1203552487408555,-0.10785595058353252
450.0,0.6352283054146753,3.0,2.5,0.1801227343319389,3.1203552487408555,-0.10785595058353252
450.0,0.6352283054146753,3.0,3.5,0.2845585668641225,3.1203552487408555,-0.10785595058353252
450.0,0.6352283054146753,3.0,5.0,0.4208936228448563,3.1203552487408555,-0.10785595058353252
450.0,0.6352283054146753,3.0,7.0,0.5411920288535655,3.1203552487408555,-0.10785595058353252
450.0,0.6352283054146753,3.0,10.0,0.6497281753283478,3.1203552487408555,-0.10785595058353252
450.0,0.6352283054146753,3.0,14.0,0.7315511805620432,3.1203552487408555,-0.10785595058353252
450.0,0.6352283054146753,3.0,20.0,0.7994870787808582,3.1203552487408555,-0.10785595058353252
450.0,0.6682628855998672,3.0,0.5,-0.04893603024751853,3.3846531939429894,-0.0725458156991079
450.0,0.6682628855998672,3.0,0.8,-0.043558348404143424,3.3846531939429894,-0.0725458156991079
450.0,0.6682628855998672,3.0,1.2,-0.009846470713559582,3.3846531939429894,-0.0725458156991079
450.0,0.6682628855998672,3.0,1.8,0.08955909773473564,3.3846531939429894,-0.0725458156991079
450.0,0.6682628855998672,3.0,2.5,0.16509549659168862,3.3846531939429894,-0.0725458156991079
450.0,0.6682628855998672,3.0,3.5,0.2693304159921172,3.3846531939429894,-0.0725458156991079
450.0,0.6682628855998672,3.0,5.0,0.40951992330226444,3.3846531939429894,-0.0725458156991079
450.0,0.6682628855998672,3.0,7.0,0.5333057150788425,3.3846531939429894,-0.0725458156991079
450.0,0.6682628855998672,3.0,10.0,0.6446906880880879,3.3846531939429894,-0.0725458156991079
450.0,0.6682628855998672,3.0,14.0,0.7285425901722179,3.3846531939429894,-0.0725458156991079
450.0,0.6682628855998672,3.0,20.0,0.7978232672536799,3.3846531939429894,-0.0725458156991079
450.0,0.7038980750080227,3.0,0.5,-0.04626753215319168,3.767982730541304,-0.025951087665669417
450.0,0.7038980750080227,3.0,0.8,-0.041497122892678207,3.767982730541304,-0.025951087665669417
450.0,0.7038980750080227,3.0,1.2,-0.0007454885162726444,3.767982730541304,-0.025951087665669417
450.0,0.7038980750080227,3.0,1.8,0.07797209197074961,3.767982730541304,-0.025951087665669417
450.0,0.7038980750080227,3.0,2.5,0.14378653066780714,3.767982730541304,-0.025951087665669417
450.0,0.7038980750080227,3.0,3.5,0.2500180384445597,3.767982730541304,-0.025951087665669417
450.0,0.7038980750080227,3.0,5.0,0.3938090316333011,3.767982730541304,-0.025951087665669417
450.0,0.7038980750080227,3.0,7.0,0.522155967442386,3.767982730541304,-0.025951087665669417
450.0,0.7038980750080227,3.0,10.0,0.6372887306551869,3.767982730541304,-0.025951087665669417
450.0,0.7038980750080227,3.0,14.0,0.7237997765645567,3.767982730541304,-0.025951087665669417
450.0,0.7038980750080227,3.0,20.0,0.7949499498282585,3.767982730541304,-0.025951087665669417
450.0,0.7386277204483878,3.0,0.5,-0.04202019932325201,4.160386242152613,0.017073660223986716
450.0,0.7386277204483878,3.0,0.8,-0.04000403008053981,4.160386242152613,0.017073660223986716
450.0,0.7386277204483878,3.0,1.2,0.005860451692233447,4.160386242152613,0.017073660223986716
450.0,0.7386277204483878,3.0,1.8,0.060016266795488445,4.160386242152613,0.017073660223986716
450.0,0.7386277204483878,3.0,2.5,0.11910846256715858,4.160386242152613,0.017073660223986716
450.0,0.7386277204483878,3.0,3.5,0.22862375840460314,4.160386242152613,0.017073660223986716
450.0,0.7386277204483878,3.0,5.0,0.3755377284641114,4.160386242152613,0.017073660223986716
450.0,0.7386277204483878,3.0,7.0,0.5089348248690525,4.160386242152613,0.017073660223986716
450.0,0.7386277204483878,3.0,10.0,0.6284300916808422,4.160386242152613,0.017073660223986716
450.0,0.7386277204483878,3.0,14.0,0.7178641420507096,4.160386242152613,0.017073660223986716
450.0,0.7386277204483878,3.0,20.0,0.791167612383169,4.160386242152613,0.017073660223986716
450.0,0.7409453421137081,3.0,0.5,-0.04167996670061577,4.184144520453807,0.019546685332320325
450.0,0.7409453421137081,3.0,0.8,-0.039923051422258944,4.184144520453807,0.019546685332320325
450.0,0.7409453421137081,3.0,1.2,0.006164689173600551,4.184144520453807,0.019546685332320325
450.0,0.7409453421137081,3.0,1.8,0.05863482771038994,4.184144520453807,0.019546685332320325
450.0,0.7409453421137081,3.0,2.5,0.11735760818671287,4.184144520453807,0.019546685332320325
450.0,0.7409453421137081,3.0,3.5,0.22710623696342166,4.184144520453807,0.019546685332320325
450.0,0.7409453421137081,3.0,5.0,0.3742282321822717,4.184144520453807,0.019546685332320325
450.0,0.7409453421137081,3.0,7.0,0.5079784840297176,4.184144520453807,0.019546685332320325
450.0,0.7409453421137081,3.0,10.0,0.627786388893475,4.184144520453807,0.019546685332320325
450.0,0.7409453421137081,3.0,14.0,0.7174280352590222,4.184144520453807,0.019546685332320325
450.0,0.7409453421137081,3.0,20.0,0.7908819547949266,4.184144520453807,0.019546685332320325
450.0,0.7779926092193935,3.0,0.5,-0.03547945422571084,4.5120934405973125,0.05231809351159743
450.0,0.7779926092193935,3.0,0.8,-0.03855561137235034,4.5120934405973125,0.05231809351159743
450.0,0.7779926092193935,3.0,1.2,0.008077384190322983,4.5120934405973125,0.05231809351159743
450.0,0.7779926092193935,3.0,1.8,0.03373566378130954,4.5120934405973125,0.05231809351159743
450.0,0.7779926092193935,3.0,2.5,0.08811912111633313,4.5120934405973125,0.05231809351159743
450.0,0.7779926092193935,3.0,3.5,0.2014705299752971,4.5120934405973125,0.05231809351159743
450.0,0.7779926092193935,3.0,5.0,0.3520631599047408,4.5120934405973125,0.05231809351159743
450.0,0.7779926092193935,3.0,7.0,0.4916257540161626,4.5120934405973125,0.05231809351159743
450.0,0.7779926092193935,3.0,10.0,0.6166668622952906,4.5120934405973125,0.05231809351159743
450.0,0.7779926092193935,3.0,14.0,0.7098316327654518,4.5120934405973125,0.05231809351159743
450.0,0.7779926092193935,3.0,20.0,0.7858954340635624,4.5120934405973125,0.05231809351159743
450.0,0.8164016305125923,3.0,0.5,-0.027429429699868082,4.685820106381789,0.06872562022589986
450.0,0.8164016305125923,3.0,0.8,-0.0368002201902262,4.685820106381789,0.06872562022589986
450.0,0.8164016305125923,3.0,1.2,0.0028257425322877026,4.685820106381789,0.06872562022589986
450.0,0.8164016305125923,3.0,1.8,0.004383034817767322,4.685820106381789,0.06872562022589986
450.0,0.8164016305125923,3.0,2.5,0.05627217923243028,4.685820106381789,0.06872562022589986
450.0,0.8164016305125923,3.0,3.5,0.17233683202801275,4.685820106381789,0.06872562022589986
450.0,0.8164016305125923,3.0,5.0,0.32715374653177204,4.685820106381789,0.06872562022589986
450.0,0.8164016305125923,3.0,7.0,0.47291920439425883,4.685820106381789,0.06872562022589986
450.0,0.8164016305125923,3.0,10.0,0.6036420085683734,4.685820106381789,0.06872562022589986
450.0,0.8164016305125923,3.0,14.0,0.700811376931845,4.685820106381789,0.06872562022589986
450.0,0.8164016305125923,3.0,20.0,0.7798686987486939,4.685820106381789,0.06872562022589986
450.0,0.9023647554129298,3.0,0.5,-0.007211533966867221,5.044853777747233,0.10078859164579819
450.0,0.9023647554129298,3.0,0.8,-0.029336329894403594,5.044853777747233,0.10078859164579819
450.0,0.9023647554129298,3.0,1.2,-0.03482950820495689,5.044853777747233,0.10078859164579819
450.0,0.9023647554129298,3.0,1.8,-0.06025277256526846,5.044853777747233,0.10078859164579819
450.0,0.9023647554129298,3.0,2.5,-0.012836154774943376,5.044853777747233,0.10078859164579819
450.0,0.9023647554129298,3.0,3.5,0.10198328734129009,5.044853777747233,0.10078859164579819
450.0,0.9023647554129298,3.0,5.0,0.26707150319600226,5.044853777747233,0.10078859164579819
450.0,0.9023647554129298,3.0,7.0,0.4267390924230172,5.044853777747233,0.10078859164579819
450.0,0.9023647554129298,3.0,10.0,0.5708959559211945,5.044853777747233,0.10078859164579819
450.0,0.9023647554129298,3.0,14.0,0.6778274567510514,5.044853777747233,0.10078859164579819
450.0,0.9023647554129298,3.0,20.0,0.7642624364912904,5.044853777747233,0.10078859164579819
450.0,0.9954622042046599,3.0,0.5,0.008915071510476972,5.772270612924336,0.15928669196404774
450.0,0.9954622042046599,3.0,0.8,-0.018711722261255535,5.772270612924336,0.15928669196404774
450.0,0.9954622042046599,3.0,1.2,-0.08456437886144985,5.772270612924336,0.15928669196404774
450.0,0.9954622042046599,3.0,1.8,-0.10563589265856689,5.772270612924336,0.15928669196404774
450.0,0.9954622042046599,3.0,2.5,-0.0715123053552266,5.772270612924336,0.15928669196404774
450.0,0.9954622042046599,3.0,3.5,0.02823077949819495,5.772270612924336,0.15928669196404774
450.0,0.9954622042046599,3.0,5.0,0.20008571687756838,5.772270612924336,0.15928669196404774
450.0,0.9954622042046599,3.0,7.0,0.37388059407520335,5.772270612924336,0.15928669196404774
450.0,0.9954622042046599,3.0,10.0,0.5329631408735954,5.772270612924336,0.15928669196404774
450.0,0.9954622042046599,3.0,14.0,0.6508101692377887,5.772270612924336,0.15928669196404774
450.0,0.9954622042046599,3.0,20.0,0.7456518414654603,5.772270612924336,0.15928669196404774
450.0,0.9973793796812823,3.0,0.5,0.009139493014873797,5.793393883327062,0.16087306514282526
450.0,0.9973793796812823,3.0,0.8,-0.01855579403494454,5.793393883327062,0.16087306514282526
450.0,0.9973793796812823,3.0,1.2,-0.08526870530920727,5.793393883327062,0.16087306514282526
450.0,0.9973793796812823,3.0,1.8,-0.10615605668953303,5.793393883327062,0.16087306514282526
450.0,0.9973793796812823,3.0,2.5,-0.07247143983988996,5.793393883327062,0.16087306514282526
450.0,0.9973793796812823,3.0,3.5,0.02682869159719826,5.793393883327062,0.16087306514282526
450.0,0.9973793796812823,3.0,5.0,0.19873626915637457,5.793393883327062,0.16087306514282526
450.0,0.9973793796812823,3.0,7.0,0.3728059566818484,5.793393883327062,0.16087306514282526
450.0,0.9973793796812823,3.0,10.0,0.5321831898464066,5.793393883327062,0.16087306514282526
450.0,0.9973793796812823,3.0,14.0,0.650250938664149,5.793393883327062,0.16087306514282526
450.0,0.9973793796812823,3.0,20.0,0.7452640630853385,5.793393883327062,0.16087306514282526
450.0,1.047854951794379,3.0,0.5,0.013105447643917939,6.250464678918158,0.1938523140142456
450.0,1.047854951794379,3.0,0.8,-0.016066768204445796,6.250464678918158,0.1938523140142456
450.0,1.047854951794379,3.0,1.2,-0.09559593358915149,6.250464678918158,0.1938523140142456
450.0,1.047854951794379,3.0,1.8,-0.11370036904356937,6.250464678918158,0.1938523140142456
450.0,1.047854951794379,3.0,2.5,-0.09423138930649205,6.250464678918158,0.1938523140142456
450.0,1.047854951794379,3.0,3.5,-0.007608827542309576,6.250464678918158,0.1938523140142456
450.0,1.047854951794379,3.0,5.0,0.1639268021482965,6.250464678918158,0.1938523140142456
450.0,1.047854951794379,3.0,7.0,0.34461218068655786,6.250464678918158,0.1938523140142456
450.0,1.047854951794379,3.0,10.0,0.5115939416069704,6.250464678918158,0.1938523140142456
450.0,1.047854951794379,3.0,14.0,0.6354515931563954,6.250464678918158,0.1938523140142456
450.0,1.047854951794379,3.0,20.0,0.734986025340666,6.250464678918158,0.1938523140142456
450.0,1.100247699384098,3.0,0.5,0.016142776317065025,6.5314305352835,0.21294832096367172
450.0,1.100247699384098,3.0,0.8,-0.01624613848492283,6.5314305352835,0.21294832096367172
450.0,1.100247699384098,3.0,1.2,-0.08704421900112912,6.5314305352835,0.21294832096367172
450.0,1.100247699384098,3.0,1.8,-0.10913254465392738,6.5314305352835,0.21294832096367172
450.0,1.100247699384098,3.0,2.5,-0.10921463572231481,6.5314305352835,0.21294832096367172
450.0,1.100247699384098,3.0,3.5,-0.0376910730501725,6.5314305352835,0.21294832096367172
450.0,1.100247699384098,3.0,5.0,0.13004810613510615,6.5314305352835,0.21294832096367172
450.0,1.100247699384098,3.0,7.0,0.3162650778671209,6.5314305352835,0.21294832096367172
450.0,1.100247699384098,3.0,10.0,0.49065550107787065,6.5314305352835,0.21294832096367172
450.0,1.100247699384098,3.0,14.0,0.6203145331564724,6.5314305352835,0.21294832096367172
450.0,1.100247699384098,3.0,20.0,0.7244231286071605,6.5314305352835,0.21294832096367172
450.0,1.102398582221007,3.0,0.5,0.016298666923076507,6.542753869882166,0.21370059166907537
450.0,1.102398582221007,3.0,0.8,-0.01625492415756511,6.542753869882166,0.21370059166907537
450.0,1.102398582221007,3.0,1.2,-0.08629228948715605,6.542753869882166,0.21370059166907537
450.0,1.102398582221007,3.0,1.8,-0.10870761849236513,6.542753869882166,0.21370059166907537
450.0,1.102398582221007,3.0,2.5,-0.10966195972618227,6.542753869882166,0.21370059166907537
450.0,1.102398582221007,3.0,3.5,-0.038799689508100144,6.542753869882166,0.21370059166907537
450.0,1.102398582221007,3.0,5.0,0.12871126821913054,6.542753869882166,0.21370059166907537
450.0,1.102398582221007,3.0,7.0,0.31511904743685226,6.542753869882166,0.21370059166907537
450.0,1.102398582221007,3.0,10.0,0.4898039956707626,6.542753869882166,0.21370059166907537
450.0,1.102398582221007,3.0,14.0,0.6196973420244926,6.542753869882166,0.21370059166907537
450.0,1.102398582221007,3.0,20.0,0.723991111501467,6.542753869882166,0.21370059166907537
450.0,1.218475796513094,3.0,0.5,0.03293343151505651,7.509079187037601,0.27352669287901976
450.0,1.218475796513094,3.0,0.8,-0.00011796065285834233,7.509079187037601,0.27352669287901976
450.0,1.218475796513094,3.0,1.2,-0.02022062202366956,7.509079187037601,0.27352669287901976
450.0,1.218475796513094,3.0,1.8,-0.06887394019768153,7.509079187037601,0.27352669287901976
450.0,1.218475796513094,3.0,2.5,-0.11392149656521161,7.509079187037601,0.27352669287901976
450.0,1.218475796513094,3.0,3.5,-0.08523468730936101,7.509079187037601,0.27352669287901976
450.0,1.218475796513094,3.0,5.0,0.061856624277258764,7.509079187037601,0.27352669287901976
450.0,1.218475796513094,3.0,7.0,0.25492903364914216,7.509079187037601,0.27352669287901976
450.0,1.218475796513094,3.0,10.0,0.4445490171835096,7.509079187037601,0.27352669287901976
450.0,1.218475796513094,3.0,14.0,0.5867104362382426,7.509079187037601,0.27352669287901976
450.0,1.218475796513094,3.0,20.0,0.7008110057445343,7.509079187037601,0.27352669287901976
450.0,1.3467753774655815,3.0,0.5,0.023615417772679285,8.418604434593584,0.32318011245336004
450.0,1.3467753774655815,3.0,0.8,0.05984103677596907,8.418604434593584,0.32318011245336004
450.0,1.3467753774655815,3.0,1.2,0.009971611668727318,8.418604434593584,0.32318011245336004
450.0,1.3467753774655815,3.0,1.8,-0.026551320776043597,8.418604434593584,0.32318011245336004
450.0,1.3467753774655815,3.0,2.5,-0.08507522748943623,8.418604434593584,0.32318011245336004
450.0,1.3467753774655815,3.0,3.5,-0.1128530270009229,8.418604434593584,0.32318011245336004
450.0,1.3467753774655815,3.0,5.0,-0.0032870336202272337,8.418604434593584,0.32318011245336004
450.0,1.3467753774655815,3.0,7.0,0.19008835727325188,8.418604434593584,0.32318011245336004
450.0,1.3467753774655815,3.0,10.0,0.3942363500195623,8.418604434593584,0.32318011245336004
450.0,1.3467753774655815,3.0,14.0,0.5496372497935493,8.418604434593584,0.32318011245336004
450.0,1.3467753774655815,3.0,20.0,0.6745431229104395,8.418604434593584,0.32318011245336004
450.0,1.4885842809008711,3.0,0.5,-0.024122117614125218,9.55699569687674,0.37826139913584184
450.0,1.4885842809008711,3.0,0.8,-0.001043658805534555,9.55699569687674,0.37826139913584184
450.0,1.4885842809008711,3.0,1.2,-0.03563326820620893,9.55699569687674,0.37826139913584184
450.0,1.4885842809008711,3.0,1.8,-0.02861660980261039,9.55699569687674,0.37826139913584184
450.0,1.4885842809008711,3.0,2.5,-0.05127633026638938,9.55699569687674,0.37826139913584184
450.0,1.4885842809008711,3.0,3.5,-0.1163827284388401,9.55699569687674,0.37826139913584184
450.0,1.4885842809008711,3.0,5.0,-0.06269595551906737,9.55699569687674,0.37826139913584184
450.0,1.4885842809008711,3.0,7.0,0.11930822138671505,9.55699569687674,0.37826139913584184
450.0,1.4885842809008711,3.0,10.0,0.3371638590615992,9.55699569687674,0.37826139913584184
450.0,1.4885842809008711,3.0,14.0,0.5071398253838079,9.55699569687674,0.37826139913584184
450.0,1.4885842809008711,3.0,20.0,0.6442179669859063,9.55699569687674,0.37826139913584184
450.0,1.645324972836306,3.0,0.5,0.022440666936064918,10.870673513876174,0.43419646115745
450.0,1.645324972836306,3.0,0.8,0.019591324682391865,10.870673513876174,0.43419646115745
450.0,1.645324972836306,3.0,1.2,0.009724188694908383,10.870673513876174,0.43419646115745
450.0,1.645324972836306,3.0,1.8,-0.05514734624778498,10.870673513876174,0.43419646115745
450.0,1.645324972836306,3.0,2.5,-0.031533800786499734,10.870673513876174,0.43419646115745
450.0,1.645324972836306,3.0,3.5,-0.09281374534096452,10.870673513876174,0.43419646115745
450.0,1.645324972836306,3.0,5.0,-0.10397538549018254,10.870673513876174,0.43419646115745
450.0,1.645324972836306,3.0,7.0,0.04829579295611665,10.870673513876174,0.43419646115745
450.0,1.645324972836306,3.0,10.0,0.2754694728072796,10.870673513876174,0.43419646115745
450.0,1.645324972836306,3.0,14.0,0.4605613992181265,10.870673513876174,0.43419646115745
450.0,1.645324972836306,3.0,20.0,0.6107364417793049,10.870673513876174,0.43419646115745
450.0,1.8185696980492723,3.0,0.5,0.02101775800586312,12.277427892998004,0.4870474008126749
450.0,1.8185696980492723,3.0,0.8,-0.032774574205713794,12.277427892998004,0.4870474008126749
450.0,1.8185696980492723,3.0,1.2,0.0421841412105661,12.277427892998004,0.4870474008126749
450.0,1.8185696980492723,3.0,1.8,-0.047872829573530375,12.277427892998004,0.4870474008126749
450.0,1.8185696980492723,3.0,2.5,-0.04487803249015102,12.277427892998004,0.4870474008126749
450.0,1.8185696980492723,3.0,3.5,-0.060637962189253866,12.277427892998004,0.4870474008126749
450.0,1.8185696980492723,3.0,5.0,-0.12005016572489326,12.277427892998004,0.4870474008126749
450.0,1.8185696980492723,3.0,7.0,-0.01889909521204659,12.277427892998004,0.4870474008126749
450.0,1.8185696980492723,3.0,10.0,0.20868126084962077,12.277427892998004,0.4870474008126749
450.0,1.8185696980492723,3.0,14.0,0.40919807435977645,12.277427892998004,0.4870474008126749
450.0,1.8185696980492723,3.0,20.0,0.5735479928203504,12.277427892998004,0.4870474008126749
450.0,2.0100562510528768,3.0,0.5,0.0031145142862597946,13.878976312586282,0.5402974432209652
450.0,2.0100562510528768,3.0,0.8,0.06278487509777758,13.878976312586282,0.5402974432209652
450.0,2.0100562510528768,3.0,1.2,-0.017565385264878976,13.878976312586282,0.5402974432209652
450.0,2.0100562510528768,3.0,1.8,-0.0027186835932886465,13.878976312586282,0.5402974432209652
450.0,2.0100562510528768,3.0,2.5,-0.0641918098266758,13.878976312586282,0.5402974432209652
450.0,2.0100562510528768,3.0,3.5,-0.03989110180696762,13.878976312586282,0.5402974432209652
450.0,2.0100562510528768,3.0,5.0,-0.11208785316044877,13.878976312586282,0.5402974432209652
450.0,2.0100562510528768,3.0,7.0,-0.07391549304369516,13.878976312586282,0.5402974432209652
450.0,2.0100562510528768,3.0,10.0,0.13752446874749247,13.878976312586282,0.5402974432209652
450.0,2.0100562510528768,3.0,14.0,0.3528000881848697,13.878976312586282,0.5402974432209652
450.0,2.0100562510528768,3.0,20.0,0.5324006787296539,13.878976312586282,0.5402974432209652
450.0,2.2217054076787313,3.0,0.5,-0.01627531813320272,15.607219989298429,0.5912655606243351
450.0,2.2217054076787313,3.0,0.8,-0.037095681043543174,15.607219989298429,0.5912655606243351
450.0,2.2217054076787313,3.0,1.2,0.010456879526558644,15.607219989298429,0.5912655606243351
450.0,2.2217054076787313,3.0,1.8,0.014198661494018125,15.607219989298429,0.5912655606243351
450.0,2.2217054076787313,3.0,2.5,-0.0607908912130181,15.607219989298429,0.5912655606243351
450.0,2.2217054076787313,3.0,3.5,-0.03986382278866241,15.607219989298429,0.5912655606243351
450.0,2.2217054076787313,3.0,5.0,-0.09086750222672065,15.607219989298429,0.5912655606243351
450.0,2.2217054076787313,3.0,7.0,-0.10765941103280625,15.607219989298429,0.5912655606243351
450.0,2.2217054076787313,3.0,10.0,0.06414515080225588,15.607219989298429,0.5912655606243351
450.0,2.2217054076787313,3.0,14.0,0.29114271314934065,15.607219989298429,0.5912655606243351
450.0,2.2217054076787313,3.0,20.0,0.48701125435436243,15.607219989298429,0.5912655606243351
450.0,2.455640192120709,3.0,0.5,-0.030657023254420608,17.55331572934578,0.6422991731744666
450.0,2.455640192120709,3.0,0.8,-0.01583309007207993,17.55331572934578,0.6422991731744666
450.0,2.455640192120709,3.0,1.2,-0.001722437200318828,17.55331572934578,0.6422991731744666
450.0,2.455640192120709,3.0,1.8,0.0010467569209893174,17.55331572934578,0.6422991731744666
450.0,2.455640192120709,3.0,2.5,-0.02650336791193681,17.55331572934578,0.6422991731744666
450.0,2.455640192120709,3.0,3.5,-0.06076367464828225,17.55331572934578,0.6422991731744666
450.0,2.455640192120709,3.0,5.0,-0.06074566852268742,17.55331572934578,0.6422991731744666
450.0,2.455640192120709,3.0,7.0,-0.11948258058478572,17.55331572934578,0.6422991731744666
450.0,2.455640192120709,3.0,10.0,-0.005773928730200252,17.55331572934578,0.6422991731744666
450.0,2.455640192120709,3.0,14.0,0.22429947042660495,17.55331572934578,0.6422991731744666
450.0,2.455640192120709,3.0,20.0,0.4371966751324123,17.55331572934578,0.6422991731744666
450.0,2.714207172704789,3.0,0.5,-0.023729824449724466,19.623610110113994,0.6907189152162617
450.0,2.714207172704789,3.0,0.8,-0.0012715053091968296,19.623610110113994,0.6907189152162617
450.0,2.714207172704789,3.0,1.2,0.002118436305071504,19.623610110113994,0.6907189152162617
450.0,2.714207172704789,3.0,1.8,0.0028351794180944473,19.623610110113994,0.6907189152162617
450.0,2.714207172704789,3.0,2.5,7.406248745901743e-05,19.623610110113994,0.6907189152162617
450.0,2.714207172704789,3.0,3.5,-0.07199100673000358,19.623610110113994,0.6907189152162617
450.0,2.714207172704789,3.0,5.0,-0.040580021774197415,19.623610110113994,0.6907189152162617
450.0,2.714207172704789,3.0,7.0,-0.11467673324071297,19.623610110113994,0.6907189152162617
450.0,2.714207172704789,3.0,10.0,-0.06238569447809634,19.623610110113994,0.6907189152162617
450.0,2.714207172704789,3.0,14.0,0.15258364008057024,19.623610110113994,0.6907189152162617
450.0,2.714207172704789,3.0,20.0,0.38262732322171644,19.623610110113994,0.6907189152162617
450.0,3.0000000000000004,3.0,0.5,0.07907080583053731,21.840088490926256,0.7371944023678835
450.0,3.0000000000000004,3.0,0.8,0.00176337571197849,21.840088490926256,0.7371944023678835
450.0,3.0000000000000004,3.0,1.2,0.0020091435523030467,21.840088490926256,0.7371944023678835
450.0,3.0000000000000004,3.0,1.8,0.0018184036893982708,21.840088490926256,0.7371944023678835
450.0,3.0000000000000004,3.0,2.5,0.0027949281988159528,21.840088490926256,0.7371944023678835
450.0,3.0000000000000004,3.0,3.5,-0.057257196630456926,21.840088490926256,0.7371944023678835
450.0,3.0000000000000004,3.0,5.0,-0.04340727162021399,21.840088490926256,0.7371944023678835
450.0,3.0000000000000004,3.0,7.0,-0.09206231915127992,21.840088490926256,0.7371944023678835
450.0,3.0000000000000004,3.0,10.0,-0.09895861820715096,21.840088490926256,0.7371944023678835
450.0,3.0000000000000004,3.0,14.0,0.07783442558238564,21.840088490926256,0.7371944023678835
450.0,3.0000000000000004,3.0,20.0,0.3230212082961772,21.840088490926256,0.7371944023678835
500.0,0.3,3.0,0.5,-0.016383681820108485,5.155334043482519,0.1101968196186362
500.0,0.3,3.0,0.8,-0.036732166906305146,5.155334043482519,0.1101968196186362
500.0,0.3,3.0,1.2,-0.058148564402456825,5.155334043482519,0.1101968196186362
500.0,0.3,3.0,1.8,-0.05411924138494039,5.155334043482519,0.1101968196186362
500.0,0.3,3.0,2.5,-0.03169075062929253,5.155334043482519,0.1101968196186362
500.0,0.3,3.0,3.5,0.0674778777446051,5.155334043482519,0.1101968196186362
500.0,0.3,3.0,5.0,0.2462414597420457,5.155334043482519,0.1101968196186362
500.0,0.3,3.0,7.0,0.39277137364911935,5.155334043482519,0.1101968196186362
500.0,0.3,3.0,10.0,0.5174459025193903,5.155334043482519,0.1101968196186362
500.0,0.3,3.0,14.0,0.6186067570806365,5.155334043482519,0.1101968196186362
500.0,0.3,3.0,20.0,0.7059151845110849,5.155334043482519,0.1101968196186362
500.0,0.3315885423378064,3.0,0.5,-0.01964238538359604,4.698330520038735,0.06988357411061302
500.0,0.3315885423378064,3.0,0.8,-0.04232563234454628,4.698330520038735,0.06988357411061302
500.0,0.3315885423378064,3.0,1.2,-0.06063884705013219,4.698330520038735,0.06988357411061302
500.0,0.3315885423378064,3.0,1.8,-0.049277159277272074,4.698330520038735,0.06988357411061302
500.0,0.3315885423378064,3.0,2.5,-0.015844382844795692,4.698330520038735,0.06988357411061302
500.0,0.3315885423378064,3.0,3.5,0.11598147330408706,4.698330520038735,0.06988357411061302
500.0,0.3315885423378064,3.0,5.0,0.2904062100054705,4.698330520038735,0.06988357411061302
500.0,0.3315885423378064,3.0,7.0,0.42604225468737006,4.698330520038735,0.06988357411061302
500.0,0.3315885423378064,3.0,10.0,0.5467178234196906,4.698330520038735,0.06988357411061302
500.0,0.3315885423378064,3.0,14.0,0.6420863292540274,4.698330520038735,0.06988357411061302
500.0,0.3315885423378064,3.0,20.0,0.7249421460169112,4.698330520038735,0.06988357411061302
500.0,0.3665032046990376,3.0,0.5,-0.023434307743125483,4.29728813999154,0.031134483466694843
500.0,0.3665032046990376,3.0,0.8,-0.047875480599936314,4.29728813999154,0.031134483466694843
500.0,0.3665032046990376,3.0,1.2,-0.06060100790411894,4.29728813999154,0.031134483466694843
500.0,0.3665032046990376,3.0,1.8,-0.04398326697933717,4.29728813999154,0.031134483466694843
500.0,0.3665032046990376,3.0,2.5,0.01090198646779392,4.29728813999154,0.031134483466694843
500.0,0.3665032046990376,3.0,3.5,0.16438745052048057,4.29728813999154,0.031134483466694843
500.0,0.3665032046990376,3.0,5.0,0.32914569374583263,4.29728813999154,0.031134483466694843
500.0,0.3665032046990376,3.0,7.0,0.45494209751689285,4.29728813999154,0.031134483466694843
500.0,0.3665032046990376,3.0,10.0,0.5727425305947224,4.29728813999154,0.031134483466694843
500.0,0.3665032046990376,3.0,14.0,0.6635301227969373,4.29728813999154,0.031134483466694843
500.0,0.3665032046990376,3.0,20.0,0.7420028859882078,4.29728813999154,0.031134483466694843
500.0,0.4050942113609619,3.0,0.5,-0.027718234588638417,3.9517247251562213,-0.005273307059504198
500.0,0.4050942113609619,3.0,0.8,-0.053003860928096974,3.9517247251562213,-0.005273307059504198
500.0,0.4050942113609619,3.0,1.2,-0.05789215698371868,3.9517247251562213,-0.005273307059504198
500.0,0.4050942113609619,3.0,1.8,-0.0367510032007605,3.9517247251562213,-0.005273307059504198
500.0,0.4050942113609619,3.0,2.5,0.048703272560216976,3.9517247251562213,-0.005273307059504198
500.0,0.4050942113609619,3.0,3.5,0.20865119687613073,3.9517247251562213,-0.005273307059504198
500.0,0.4050942113609619,3.0,5.0,0.3614801845311956,3.9517247251562213,-0.005273307059504198
500.0,0.4050942113609619,3.0,7.0,0.4811834501445304,3.9517247251562213,-0.005273307059504198
500.0,0.4050942113609619,3.0,10.0,0.5949202905056581,3.9517247251562213,-0.005273307059504198
500.0,0.4050942113609619,3.0,14.0,0.6821301360710214,3.9517247251562213,-0.005273307059504198
500.0,0.4050942113609619,3.0,20.0,0.756934056639216,3.9517247251562213,-0.005273307059504198
500.0,0.42837872651817493,3.0,0.5,-0.030349963513790722,3.7834879175599685,-0.024167639926824462
500.0,0.42837872651817493,3.0,0.8,-0.0553600477233185,3.7834879175599685,-0.024167639926824462
500.0,0.42837872651817493,3.0,1.2,-0.05542082676880715,3.7834879175599685,-0.024167639926824462
500.0,0.42837872651817493,3.0,1.8,-0.030600846573469457,3.7834879175599685,-0.024167639926824462
500.0,0.42837872651817493,3.0,2.5,0.07279065430917639,3.7834879175599685,-0.024167639926824462
500.0,0.42837872651817493,3.0,3.5,0.23046312541395975,3.7834879175599685,-0.024167639926824462
500.0,0.42837872651817493,3.0,5.0,0.376380100293219,3.7834879175599685,-0.024167639926824462
500.0,0.42837872651817493,3.0,7.0,0.49448388926200754,3.7834879175599685,-0.024167639926824462
500.0,0.42837872651817493,3.0,10.0,0.6055185515860486,3.7834879175599685,-0.024167639926824462
500.0,0.42837872651817493,3.0,14.0,0.6911269790641664,3.7834879175599685,-0.024167639926824462
500.0,0.42837872651817493,3.0,20.0,0.7643559997693434,3.7834879175599685,-0.024167639926824462
500.0,0.4477486635155488,3.0,0.5,-0.03247549446214728,3.663436074524191,-0.03817137364963996
500.0,0.4477486635155488,3.0,0.8,-0.05689282992801129,3.663436074524191,-0.03817137364963996
500.0,0.4477486635155488,3.0,1.2,-0.05317278265512945,3.663436074524191,-0.03817137364963996
500.0,0.4477486635155488,3.0,1.8,-0.02403147518625613,3.663436074524191,-0.03817137364963996
500.0,0.4477486635155488,3.0,2.5,0.09209892176443421,3.663436074524191,-0.03817137364963996
500.0,0.4477486635155488,3.0,3.5,0.24571245903634698,3.663436074524191,-0.03817137364963996
500.0,0.4477486635155488,3.0,5.0,0.38642866640760243,3.663436074524191,-0.03817137364963996
500.0,0.4477486635155488,3.0,7.0,0.5039222970137783,3.663436074524191,-0.03817137364963996
500.0,0.4477486635155488,3.0,10.0,0.6131185972077752,3.663436074524191,-0.03817137364963996
500.0,0.4477486635155488,3.0,14.0,0.6975908956469681,3.663436074524191,-0.03817137364963996
500.0,0.4477486635155488,3.0,20.0,0.7696688184981495,3.663436074524191,-0.03817137364963996
500.0,0.4509249752822894,3.0,0.5,-0.03281840932944054,3.645354257965789,-0.04032025159475456
500.0,0.4509249752822894,3.0,0.8,-0.05710797418291975,3.645354257965789,-0.04032025159475456
500.0,0.4509249752822894,3.0,1.2,-0.05279373971801395,3.645354257965789,-0.04032025159475456
500.0,0.4509249752822894,3.0,1.8,-0.02281662184433195,3.645354257965789,-0.04032025159475456
500.0,0.4509249752822894,3.0,2.5,0.09515548098258149,3.645354257965789,-0.04032025159475456
500.0,0.4509249752822894,3.0,3.5,0.2479738065835332,3.645354257965789,-0.04032025159475456
500.0,0.4509249752822894,3.0,5.0,0.3878925108271287,3.645354257965789,-0.04032025159475456
500.0,0.4509249752822894,3.0,7.0,0.5053364595529986,3.645354257965789,-0.04032025159475456
500.0,0.4509249752822894,3.0,10.0,0.6142767469479907,3.645354257965789,-0.04032025159475456
500.0,0.4509249752822894,3.0,14.0,0.6985752111552523,3.645354257965789,-0.04032025159475456
500.0,0.4509249752822894,3.0,20.0,0.7704667052993395,3.645354257965789,-0.04032025159475456
500.0,0.4734712240464039,3.0,0.5,-0.035259255053271286,3.529223722951057,-0.05438080149634667
500.0,0.4734712240464039,3.0,0.8,-0.058269822619380685,3.529223722951057,-0.05438080149634667
500.0,0.4734712240464039,3.0,1.2,-0.050086757277912855,3.529223722951057,-0.05438080149634667
500.0,0.4734712240464039,3.0,1.8,-0.013067063130352446,3.529223722951057,-0.05438080149634667
500.0,0.4734712240464039,3.0,2.5,0.11559454424907076,3.529223722951057,-0.05438080149634667
500.0,0.4734712240464039,3.0,3.5,0.26208732168541793,3.529223722951057,-0.05438080149634667
500.0,0.4734712240464039,3.0,5.0,0.39682171287576123,3.529223722951057,-0.05438080149634667
500.0,0.4734712240464039,3.0,7.0,0.5142588828745518,3.529223722951057,-0.05438080149634667
500.0,0.4734712240464039,3.0,10.0,0.6217209178794011,3.529223722951057,-0.05438080149634667
500.0,0.4734712240464039,3.0,14.0,0.7049103555124545,3.529223722951057,-0.05438080149634667
500.0,0.4734712240464039,3.0,20.0,0.7756257248453634,3.529223722951057,-0.05438080149634667
500.0,0.4948944222294061,3.0,0.5,-0.03751442208782297,3.437667984523662,-0.06579606180771023
500.0,0.4948944222294061,3.0,0.8,-0.05876263385461149,3.437667984523662,-0.06579606180771023
500.0,0.4948944222294061,3.0,1.2,-0.0476754328961594,3.437667984523662,-0.06579606180771023
500.0,0.4948944222294061,3.0,1.8,-0.0020754341896799975,3.437667984523662,-0.06579606180771023
500.0,0.4948944222294061,3.0,2.5,0.13261609433899746,3.437667984523662,-0.06579606180771023
500.0,0.4948944222294061,3.0,3.5,0.27246331205474367,3.437667984523662,-0.06579606180771023
500.0,0.4948944222294061,3.0,5.0,0.4031759430487059,3.437667984523662,-0.06579606180771023
500.0,0.4948944222294061,3.0,7.0,0.5210007119072647,3.437667984523662,-0.06579606180771023
500.0,0.4948944222294061,3.0,10.0,0.6275373313582107,3.437667984523662,-0.06579606180771023
500.0,0.4948944222294061,3.0,14.0,0.7099069633544758,3.437667984523662,-0.06579606180771023
500.0,0.4948944222294061,3.0,20.0,0.7797867286510484,3.437667984523662,-0.06579606180771023
500.0,0.524654648316395,3.0,0.5,-0.04043680940355116,3.3356308523118168,-0.07888200921679996
500.0,0.524654648316395,3.0,0.8,-0.058519270619554614,3.3356308523118168,-0.07888200921679996
500.0,0.524654648316395,3.0,1.2,-0.044612514659305595,3.3356308523118168,-0.07888200921679996
500.0,0.524654648316395,3.0,1.8,0.015143797585807927,3.3356308523118168,-0.07888200921679996
500.0,0.524654648316395,3.0,2.5,0.15175994678342258,3.3356308523118168,-0.07888200921679996
500.0,0.524654648316395,3.0,3.5,0.28227083706445855,3.3356308523118168,-0.07888200921679996
500.0,0.524654648316395,3.0,5.0,0.40922127194392643,3.3356308523118168,-0.07888200921679996
500.0,0.524654648316395,3.0,7.0,0.5276482056346694,3.3356308523118168,-0.07888200921679996
500.0,0.524654648316395,3.0,10.0,0.6335877218200228,3.3356308523118168,-0.07888200921679996
500.0,0.524654648316395,3.0,14.0,0.7152317752545849,3.3356308523118168,-0.07888200921679996
500.0,0.524654648316395,3.0,20.0,0.7843678128566609,3.3356308523118168,-0.07888200921679996
500.0,0.5470044002605323,3.0,0.5,-0.04245245082159647,3.277600004545198,-0.08650403978062043
500.0,0.5470044002605323,3.0,0.8,-0.05765828793393989,3.277600004545198,-0.08650403978062043
500.0,0.5470044002605323,3.0,1.2,-0.042458086692161,3.277600004545198,-0.08650403978062043
500.0,0.5470044002605323,3.0,1.8,0.02875969695553732,3.277600004545198,-0.08650403978062043
500.0,0.5470044002605323,3.0,2.5,0.1624909577500287,3.277600004545198,-0.08650403978062043
500.0,0.5470044002605323,3.0,3.5,0.2863439612797398,3.277600004545198,-0.08650403978062043
500.0,0.5470044002605323,3.0,5.0,0.4120629660634985,3.277600004545198,-0.08650403978062043
500.0,0.5470044002605323,3.0,7.0,0.5307013846816565,3.277600004545198,-0.08650403978062043
500.0,0.5470044002605323,3.0,10.0,0.6366770837226274,3.277600004545198,-0.08650403978062043
500.0,0.5470044002605323,3.0,14.0,0.7181027798262086,3.277600004545198,-0.08650403978062043
500.0,0.5470044002605323,3.0,20.0,0.7869662640183624,3.277600004545198,-0.08650403978062043
500.0,0.5522680508593631,3.0,0.5,-0.042905751536242494,3.266338588575001,-0.08799878963887361
500.0,0.5522680508593631,3.0,0.8,-0.05739565510763453,3.266338588575001,-0.08799878963887361
500.0,0.5522680508593631,3.0,1.2,-0.04193678122396606,3.266338588575001,-0.08799878963887361
500.0,0.5522680508593631,3.0,1.8,0.0319553927965646,3.266338588575001,-0.08799878963887361
500.0,0.5522680508593631,3.0,2.5,0.16454587240329585,3.266338588575001,-0.08799878963887361
500.0,0.5522680508593631,3.0,3.5,0.2869084140137292,3.266338588575001,-0.08799878963887361
500.0,0.5522680508593631,3.0,5.0,0.4125262411790714,3.266338588575001,-0.08799878963887361
500.0,0.5522680508593631,3.0,7.0,0.5311904414311869,3.266338588575001,-0.08799878963887361
500.0,0.5522680508593631,3.0,10.0,0.6372303249109696,3.266338588575001,-0.08799878963887361
500.0,0.5522680508593631,3.0,14.0,0.7186506445165444,3.266338588575001,-0.08799878963887361
500.0,0.5522680508593631,3.0,20.0,0.7874827298309958,3.266338588575001,-0.08799878963887361
500.0,0.5798814534023313,3.0,0.5,-0.04502687319680839,3.2220535591004587,-0.09392723605529736
500.0,0.5798814534023313,3.0,0.8,-0.05558719230524187,3.2220535591004587,-0.09392723605529736
500.0,0.5798814534023313,3.0,1.2,-0.039254071794043326,3.2220535591004587,-0.09392723605529736
500.0,0.5798814534023313,3.0,1.8,0.04799645711429661,3.2220535591004587,-0.09392723605529736
500.0,0.5798814534023313,3.0,2.5,0.172462140023899,3.2220535591004587,-0.09392723605529736
500.0,0.5798814534023313,3.0,3.5,0.2875527011088272,3.2220535591004587,-0.09392723605529736
500.0,0.5798814534023313,3.0,5.0,0.41362255771017087,3.2220535591004587,-0.09392723605529736
500.0,0.5798814534023313,3.0,7.0,0.532403616886261,3.2220535591004587,-0.09392723605529736
500.0,0.5798814534023313,3.0,10.0,0.6391087482718891,3.2220535591004587,-0.09392723605529736
500.0,0.5798814534023313,3.0,14.0,0.7208211102701718,3.2220535591004587,-0.09392723605529736
500.0,0.5798814534023313,3.0,20.0,0.7896189629643878,3.2220535591004587,-0.09392723605529736
500.0,0.6046013057825199,3.0,0.5,-0.046570258106772455,3.203447464961436,-0.0964423851678486
500.0,0.6046013057825199,3.0,0.8,-0.05350042478927459,3.203447464961436,-0.0964423851678486
500.0,0.6046013057825199,3.0,1.2,-0.03663144402873063,3.203447464961436,-0.0964423851678486
500.0,0.6046013057825199,3.0,1.8,0.060498238789641806,3.203447464961436,-0.0964423851678486
500.0,0.6046013057825199,3.0,2.5,0.1754531442544351,3.203447464961436,-0.0964423851678486
500.0,0.6046013057825199,3.0,3.5,0.28503488701497265,3.203447464961436,-0.0964423851678486
500.0,0.6046013057825199,3.0,5.0,0.4125421339237903,3.203447464961436,-0.0964423851678486
500.0,0.6046013057825199,3.0,7.0,0.5316265637876171,3.203447464961436,-0.0964423851678486
500.0,0.6046013057825199,3.0,10.0,0.6393809085807453,3.203447464961436,-0.0964423851678486
500.0,0.6046013057825199,3.0,14.0,0.72172643672753,3.203447464961436,-0.0964423851678486
500.0,0.6046013057825199,3.0,20.0,0.7907314547747619,3.203447464961436,-0.0964423851678486
500.0,0.605819004874118,3.0,0.5,-0.046639811328421585,3.203048744685155,-0.09649644342695585
500.0,0.605819004874118,3.0,0.8,-0.05339448940696749,3.203048744685155,-0.09649644342695585
500.0,0.605819004874118,3.0,1.2,-0.036492767071861554,3.203048744685155,-0.09649644342695585
500.0,0.605819004874118,3.0,1.8,0.06105427506926299,3.203048744685155,-0.09649644342695585
500.0,0.605819004874118,3.0,2.5,0.1755044918231342,3.203048744685155,-0.09649644342695585
500.0,0.605819004874118,3.0,3.5,0.28484312764279235,3.203048744685155,-0.09649644342695585
500.0,0.605819004874118,3.0,5.0,0.412439405699579,3.203048744685155,-0.09649644342695585
500.0,0.605819004874118,3.0,7.0,0.531548446450036,3.203048744685155,-0.09649644342695585
500.0,0.605819004874118,3.0,10.0,0.6393646670528363,3.203048744685155,-0.09649644342695585
500.0,0.605819004874118,3.0,14.0,0.7217473246549686,3.203048744685155,-0.09649644342695585
500.0,0.605819004874118,3.0,20.0,0.7907720010468183,3.203048744685155,-0.09649644342695585
500.0,0.6377042156569663,3.0,0.5,-0.04804652009789237,3.2103346290432357,-0.09550968790359048
500.0,0.6377042156569663,3.0,0.8,-0.05037514143694523,3.2103346290432357,-0.09550968790359048
500.0,0.6377042156569663,3.0,1.2,-0.032344890936689075,3.2103346290432357,-0.09550968790359048
500.0,0.6377042156569663,3.0,1.8,0.0729670139026025,3.2103346290432357,-0.09550968790359048
500.0,0.6377042156569663,3.0,2.5,0.17359457176797258,3.2103346290432357,-0.09550968790359048
500.0,0.6377042156569663,3.0,3.5,0.2775906662392272,3.2103346290432357,-0.09550968790359048
500.0,0.6377042156569663,3.0,5.0,0.4080741515520462,3.2103346290432357,-0.09550968790359048
500.0,0.6377042156569663,3.0,7.0,0.5283358826072507,3.2103346290432357,-0.09550968790359048
500.0,0.6377042156569663,3.0,10.0,0.6380287241141107,3.2103346290432357,-0.09550968790359048
500.0,0.6377042156569663,3.0,14.0,0.7215056068716746,3.2103346290432357,-0.09550968790359048
500.0,0.6377042156569663,3.0,20.0,0.7911494443782463,3.2103346290432357,-0.09550968790359048
500.0,0.6682628855998672,3.0,0.5,-0.04865479522910072,3.2795037466554335,-0.08625185993169812
500.0,0.6682628855998672,3.0,0.8,-0.04738331411116206,3.2795037466554335,-0.08625185993169812
500.0,0.6682628855998672,3.0,1.2,-0.02738059145151217,3.2795037466554335,-0.08625185993169812
500.0,0.6682628855998672,3.0,1.8,0.07907479810528016,3.2795037466554335,-0.08625185993169812
500.0,0.6682628855998672,3.0,2.5,0.1664143040451864,3.2795037466554335,-0.08625185993169812
500.0,0.6682628855998672,3.0,3.5,0.26705035429284785,3.2795037466554335,-0.08625185993169812
500.0,0.6682628855998672,3.0,5.0,0.4009403532556622,3.2795037466554335,-0.08625185993169812
500.0,0.6682628855998672,3.0,7.0,0.5232304071330627,3.2795037466554335,-0.08625185993169812
500.0,0.6682628855998672,3.0,10.0,0.6350863948799605,3.2795037466554335,-0.08625185993169812
500.0,0.6682628855998672,3.0,14.0,0.7199230982270551,3.2795037466554335,-0.08625185993169812
500.0,0.6682628855998672,3.0,20.0,0.7905376588531008,3.2795037466554335,-0.08625185993169812
500.0,0.6695894264398147,3.0,0.5,-0.04865871382161497,3.2891432316274525,-0.08497720530319479
500.0,0.6695894264398147,3.0,0.8,-0.04725445351585108,3.2891432316274525,-0.08497720530319479
500.0,0.6695894264398147,3.0,1.2,-0.027145425541090073,3.2891432316274525,-0.08497720530319479
500.0,0.6695894264398147,3.0,1.8,0.07920409462546045,3.2891432316274525,-0.08497720530319479
500.0,0.6695894264398147,3.0,2.5,0.16598875824817164,3.2891432316274525,-0.08497720530319479
500.0,0.6695894264398147,3.0,3.5,0.26652348873816584,3.2891432316274525,-0.08497720530319479
500.0,0.6695894264398147,3.0,5.0,0.4005778786841097,3.2891432316274525,-0.08497720530319479
500.0,0.6695894264398147,3.0,7.0,0.5229754132655854,3.2891432316274525,-0.08497720530319479
500.0,0.6695894264398147,3.0,10.0,0.634928892889099,3.2891432316274525,-0.08497720530319479
500.0,0.6695894264398147,3.0,14.0,0.7198290958449294,3.2891432316274525,-0.08497720530319479
500.0,0.6695894264398147,3.0,20.0,0.7904965117317193,3.2891432316274525,-0.08497720530319479
500.0,0.7386277204483878,3.0,0.5,-0.046527089558962245,3.9348633899512757,-0.007130332147544709
500.0,0.7386277204483878,3.0,0.8,-0.04163457899641941,3.9348633899512757,-0.007130332147544709
500.0,0.7386277204483878,3.0,1.2,-0.013069045360652497,3.9348633899512757,-0.007130332147544709
500.0,0.7386277204483878,3.0,1.8,0.07137406493430752,3.9348633899512757,-0.007130332147544709
500.0,0.7386277204483878,3.0,2.5,0.13320353840796034,3.9348633899512757,-0.007130332147544709
500.0,0.7386277204483878,3.0,3.5,0.23208138485833524,3.9348633899512757,-0.007130332147544709
500.0,0.7386277204483878,3.0,5.0,0.37434193097444457,3.9348633899512757,-0.007130332147544709
500.0,0.7386277204483878,3.0,7.0,0.5040886039534389,3.9348633899512757,-0.007130332147544709
500.0,0.7386277204483878,3.0,10.0,0.6225066776859599,3.9348633899512757,-0.007130332147544709
500.0,0.7386277204483878,3.0,14.0,0.7119897051931191,3.9348633899512757,-0.007130332147544709
500.0,0.7386277204483878,3.0,20.0,0.7858922879502184,3.9348633899512757,-0.007130332147544709
500.0,0.7419737192111322,3.0,0.5,-0.046293553835469306,3.9718025375636716,-0.0030723423853318654
500.0,0.7419737192111322,3.0,0.8,-0.04141500172253353,3.9718025375636716,-0.0030723423853318654
500.0,0.7419737192111322,3.0,1.2,-0.012364070194507297,3.9718025375636716,-0.0030723423853318654
500.0,0.7419737192111322,3.0,1.8,0.07028107899725747,3.9718025375636716,-0.0030723423853318654
500.0,0.7419737192111322,3.0,2.5,0.13115957343798418,3.9718025375636716,-0.0030723423853318654
500.0,0.7419737192111322,3.0,3.5,0.2301431459629376,3.9718025375636716,-0.0030723423853318654
500.0,0.7419737192111322,3.0,5.0,0.3727603886215414,3.9718025375636716,-0.0030723423853318654
500.0,0.7419737192111322,3.0,7.0,0.5029382093762659,3.9718025375636716,-0.0030723423853318654
500.0,0.7419737192111322,3.0,10.0,0.621724854947359,3.9718025375636716,-0.0030723423853318654
500.0,0.7419737192111322,3.0,14.0,0.711477168018271,3.9718025375636716,-0.0030723423853318654
500.0,0.7419737192111322,3.0,20.0,0.7855687154414834,3.9718025375636716,-0.0030723423853318654
500.0,0.7810249675906655,3.0,0.5,-0.04248255981077695,4.41047558131567,0.04242543061265789
500.0,0.7810249675906655,3.0,0.8,-0.039394120525572104,4.41047558131567,0.04242543061265789
500.0,0.7810249675906655,3.0,1.2,-0.004878160838958915,4.41047558131567,0.04242543061265789
500.0,0.7810249675906655,3.0,1.8,0.05343372999318129,4.41047558131567,0.04242543061265789
500.0,0.7810249675906655,3.0,2.5,0.10502349841389777,4.41047558131567,0.04242543061265789
500.0,0.7810249675906655,3.0,3.5,0.20620106843357114,4.41047558131567,0.04242543061265789
500.0,0.7810249675906655,3.0,5.0,0.3525117645454978,4.41047558131567,0.04242543061265789
500.0,0.7810249675906655,3.0,7.0,0.48809559841967337,4.41047558131567,0.04242543061265789
500.0,0.7810249675906655,3.0,10.0,0.6115519505505187,4.41047558131567,0.04242543061265789
500.0,0.7810249675906655,3.0,14.0,0.7046841458193721,4.41047558131567,0.04242543061265789
500.0,0.7810249675906655,3.0,20.0,0.7812251214088111,4.41047558131567,0.04242543061265789
500.0,0.8164016305125923,3.0,0.5,-0.03728335522515781,4.7359239328886975,0.07334472692406412
500.0,0.8164016305125923,3.0,0.8,-0.03808066407252707,4.7359239328886975,0.07334472692406412
500.0,0.8164016305125923,3.0,1.2,-0.0006147580206593223,4.7359239328886975,0.07334472692406412
500.0,0.8164016305125923,3.0,1.8,0.0326832040104753,4.7359239328886975,0.07334472692406412
500.0,0.8164016305125923,3.0,2.5,0.07863708361980971,4.7359239328886975,0.07334472692406412
500.0,0.8164016305125923,3.0,3.5,0.18260430390431742,4.7359239328886975,0.07334472692406412
500.0,0.8164016305125923,3.0,5.0,0.33169933740648827,4.7359239328886975,0.07334472692406412
500.0,0.8164016305125923,3.0,7.0,0.4726241907403235,4.7359239328886975,0.07334472692406412
500.0,0.8164016305125923,3.0,10.0,0.6009146643580016,4.7359239328886975,0.07334472692406412
500.0,0.8164016305125923,3.0,14.0,0.6973844123680571,4.7359239328886975,0.07334472692406412
500.0,0.8164016305125923,3.0,20.0,0.7764291544339085,4.7359239328886975,0.07334472692406412
500.0,0.8200762159701989,3.0,0.5,-0.03664550600905667,4.756164095931053,0.07519683879193494
500.0,0.8200762159701989,3.0,0.8,-0.03796908926460849,4.756164095931053,0.07519683879193494
500.0,0.8200762159701989,3.0,1.2,-0.0003777905803933039,4.756164095931053,0.07519683879193494
500.0,0.8200762159701989,3.0,1.8,0.030306019498751502,4.756164095931053,0.07519683879193494
500.0,0.8200762159701989,3.0,2.5,0.07579842632660226,4.756164095931053,0.07519683879193494
500.0,0.8200762159701989,3.0,3.5,0.18005322956585007,4.756164095931053,0.07519683879193494
500.0,0.8200762159701989,3.0,5.0,0.32942600844964853,4.756164095931053,0.07519683879193494
500.0,0.8200762159701989,3.0,7.0,0.4709209346009075,4.756164095931053,0.07519683879193494
500.0,0.8200762159701989,3.0,10.0,0.5997404156457833,4.756164095931053,0.07519683879193494
500.0,0.8200762159701989,3.0,14.0,0.6965733487570038,4.756164095931053,0.07519683879193494
500.0,0.8200762159701989,3.0,20.0,0.775890588228183,4.756164095931053,0.07519683879193494
500.0,0.9023647554129298,3.0,0.5,-0.018549823245606938,5.128276283641513,0.10791142323832281
500.0,0.9023647554129298,3.0,0.8,-0.03487747604437515,5.128276283641513,0.10791142323832281
500.0,0.9023647554129298,3.0,1.2,-0.009325905121691788,5.128276283641513,0.10791142323832281
500.0,0.9023647554129298,3.0,1.8,-0.028366832170640184,5.128276283641513,0.10791142323832281
500.0,0.9023647554129298,3.0,2.5,0.011242341244788234,5.128276283641513,0.10791142323832281
500.0,0.9023647554129298,3.0,3.5,0.11907177593807455,5.128276283641513,0.10791142323832281
500.0,0.9023647554129298,3.0,5.0,0.2749902492081768,5.128276283641513,0.10791142323832281
500.0,0.9023647554129298,3.0,7.0,0.42935913754909116,5.128276283641513,0.10791142323832281
500.0,0.9023647554129298,3.0,10.0,0.5706125701605855,5.128276283641513,0.10791142323832281
500.0,0.9023647554129298,3.0,14.0,0.6762292288463598,5.128276283641513,0.10791142323832281
500.0,0.9023647554129298,3.0,20.0,0.7621844253008286,5.128276283641513,0.10791142323832281
500.0,0.9973793796812823,3.0,0.5,0.006340716785231479,5.552696384088515,0.14244393600380426
500.0,0.9973793796812823,3.0,0.8,-0.02590748227242923,5.552696384088515,0.14244393600380426
500.0,0.9973793796812823,3.0,1.2,-0.0510024214283221,5.552696384088515,0.14244393600380426
500.0,0.9973793796812823,3.0,1.8,-0.08738224748844935,5.552696384088515,0.14244393600380426
500.0,0.9973793796812823,3.0,2.5,-0.054568058226276014,5.552696384088515,0.14244393600380426
500.0,0.9973793796812823,3.0,3.5,0.0454084464385099,5.552696384088515,0.14244393600380426
500.0,0.9973793796812823,3.0,5.0,0.20862109896344028,5.552696384088515,0.14244393600380426
500.0,0.9973793796812823,3.0,7.0,0.3768487832149286,5.552696384088515,0.14244393600380426
500.0,0.9973793796812823,3.0,10.0,0.5328031949515706,5.552696384088515,0.14244393600380426
500.0,0.9973793796812823,3.0,14.0,0.6494243102633049,5.552696384088515,0.14244393600380426
500.0,0.9973793796812823,3.0,20.0,0.743806639241477,5.552696384088515,0.14244393600380426
500.0,1.04930929663279,3.0,0.5,0.01673468052950369,6.084507469232356,0.1821654372443854
500.0,1.04930929663279,3.0,0.8,-0.018461696522864012,6.084507469232356,0.1821654372443854
500.0,1.04930929663279,3.0,1.2,-0.07541129499765063,6.084507469232356,0.1821654372443854
500.0,1.04930929663279,3.0,1.8,-0.10609556880371918,6.084507469232356,0.1821654372443854
500.0,1.04930929663279,3.0,2.5,-0.08145560278576926,6.084507469232356,0.1821654372443854
500.0,1.04930929663279,3.0,3.5,0.007955838788508729,6.084507469232356,0.1821654372443854
500.0,1.04930929663279,3.0,5.0,0.17268161690249312,6.084507469232356,0.1821654372443854
500.0,1.04930929663279,3.0,7.0,0.3476418839016283,6.084507469232356,0.1821654372443854
500.0,1.04930929663279,3.0,10.0,0.5115841338906131,6.084507469232356,0.1821654372443854
500.0,1.04930929663279,3.0,14.0,0.6342002761927614,6.084507469232356,0.1821654372443854
500.0,1.04930929663279,3.0,20.0,0.7332788352545642,6.084507469232356,0.1821654372443854
500.0,1.102398582221007,3.0,0.5,0.022174891941213273,6.5749963848065,0.21583552704158676
500.0,1.102398582221007,3.0,0.8,-0.011215654299802558,6.5749963848065,0.21583552704158676
500.0,1.102398582221007,3.0,1.2,-0.08927923039113156,6.5749963848065,0.21583552704158676
500.0,1.102398582221007,3.0,1.8,-0.11253861255693019,6.5749963848065,0.21583552704158676
500.0,1.102398582221007,3.0,2.5,-0.10057707302307457,6.5749963848065,0.21583552704158676
500.0,1.102398582221007,3.0,3.5,-0.025743885951541288,6.5749963848065,0.21583552704158676
500.0,1.102398582221007,3.0,5.0,0.1373859761372168,6.5749963848065,0.21583552704158676
500.0,1.102398582221007,3.0,7.0,0.31828276426688196,6.5749963848065,0.21583552704158676
500.0,1.102398582221007,3.0,10.0,0.49002182838420955,6.5749963848065,0.21583552704158676
500.0,1.102398582221007,3.0,14.0,0.618673776878075,6.5749963848065,0.21583552704158676
500.0,1.102398582221007,3.0,20.0,0.7224719049996727,6.5749963848065,0.21583552704158676
500.0,1.1045361017187263,3.0,0.5,0.022297917434900043,6.58856827327147,0.21673105929458308
500.0,1.1045361017187263,3.0,0.8,-0.010957344159070896,6.58856827327147,0.21673105929458308
500.0,1.1045361017187263,3.0,1.2,-0.08948033988336815,6.58856827327147,0.21673105929458308
500.0,1.1045361017187263,3.0,1.8,-0.1125184754422857,6.58856827327147,0.21673105929458308
500.0,1.1045361017187263,3.0,2.5,-0.10115751236095605,6.58856827327147,0.21673105929458308
500.0,1.1045361017187263,3.0,3.5,-0.02697463439177902,6.58856827327147,0.21673105929458308
500.0,1.1045361017187263,3.0,5.0,0.13600659506520682,6.58856827327147,0.21673105929458308
500.0,1.1045361017187263,3.0,7.0,0.3171125673328479,6.58856827327147,0.21673105929458308
500.0,1.1045361017187263,3.0,10.0,0.4891551055724998,6.58856827327147,0.21673105929458308
500.0,1.1045361017187263,3.0,14.0,0.6180513761856888,6.58856827327147,0.21673105929458308
500.0,1.1045361017187263,3.0,20.0,0.7220386389591934,6.58856827327147,0.21673105929458308
500.0,1.1597629068046627,3.0,0.5,0.022937375625785995,6.884732290222869,0.23582706624400923
500.0,1.1597629068046627,3.0,0.8,-0.005687872852027315,6.884732290222869,0.23582706624400923
500.0,1.1597629068046627,3.0,1.2,-0.08411443439531474,6.884732290222869,0.23582706624400923
500.0,1.1597629068046627,3.0,1.8,-0.10571598194317679,6.884732290222869,0.23582706624400923
500.0,1.1597629068046627,3.0,2.5,-0.11216988878210582,6.884732290222869,0.23582706624400923
500.0,1.1597629068046627,3.0,3.5,-0.055670649564046916,6.884732290222869,0.23582706624400923
500.0,1.1597629068046627,3.0,5.0,0.10165469875629035,6.884732290222869,0.23582706624400923
500.0,1.1597629068046627,3.0,7.0,0.2876048412302613,6.884732290222869,0.23582706624400923
500.0,1.1597629068046627,3.0,10.0,0.467130115872644,6.884732290222869,0.23582706624400923
500.0,1.1597629068046627,3.0,14.0,0.6020754938078995,6.884732290222869,0.23582706624400923
500.0,1.1597629068046627,3.0,20.0,0.7108693687587547,6.884732290222869,0.23582706624400923
500.0,1.218475796513094,3.0,0.5,0.022254153463661743,7.252127395265909,0.25840543324264703
500.0,1.218475796513094,3.0,0.8,-0.0012086571641472543,7.252127395265909,0.25840543324264703
500.0,1.218475796513094,3.0,1.2,-0.05772019823721801,7.252127395265909,0.25840543324264703
500.0,1.218475796513094,3.0,1.8,-0.0873907668544966,7.252127395265909,0.25840543324264703
500.0,1.218475796513094,3.0,2.5,-0.11519265434144993,7.252127395265909,0.25840543324264703
500.0,1.218475796513094,3.0,3.5,-0.07895597647870971,7.252127395265909,0.25840543324264703
500.0,1.218475796513094,3.0,5.0,0.06821162732365951,7.252127395265909,0.25840543324264703
500.0,1.218475796513094,3.0,7.0,0.2574137212539286,7.252127395265909,0.25840543324264703
500.0,1.218475796513094,3.0,10.0,0.44424931258198685,7.252127395265909,0.25840543324264703
500.0,1.218475796513094,3.0,14.0,0.5853708166051463,7.252127395265909,0.25840543324264703
500.0,1.218475796513094,3.0,20.0,0.6991351943778691,7.252127395265909,0.25840543324264703
500.0,1.3467753774655815,3.0,0.5,0.02599190282890607,8.319705129117654,0.3180479427672753
500.0,1.3467753774655815,3.0,0.8,0.029945197324756846,8.319705129117654,0.3180479427672753
500.0,1.3467753774655815,3.0,1.2,0.01349376686022892,8.319705129117654,0.3180479427672753
500.0,1.3467753774655815,3.0,1.8,-0.037295270270372965,8.319705129117654,0.3180479427672753
500.0,1.3467753774655815,3.0,2.5,-0.09546692873554567,8.319705129117654,0.3180479427672753
500.0,1.3467753774655815,3.0,3.5,-0.10840448399132413,8.319705129117654,0.3180479427672753
500.0,1.3467753774655815,3.0,5.0,0.00427265174916844,8.319705129117654,0.3180479427672753
500.0,1.3467753774655815,3.0,7.0,0.19364838128190756,8.319705129117654,0.3180479427672753
500.0,1.3467753774655815,3.0,10.0,0.39479906478666066,8.319705129117654,0.3180479427672753
500.0,1.3467753774655815,3.0,14.0,0.5489652220446365,8.319705129117654,0.3180479427672753
500.0,1.3467753774655815,3.0,20.0,0.6733878809968588,8.319705129117654,0.3180479427672753
500.0,1.4885842809008711,3.0,0.5,-0.0074169069184936145,9.494662782486008,0.3754195533842287
500.0,1.4885842809008711,3.0,0.8,0.05544061959767832,9.494662782486008,0.3754195533842287
500.0,1.4885842809008711,3.0,1.2,-0.005520008800731303,9.494662782486008,0.3754195533842287
500.0,1.4885842809008711,3.0,1.8,-0.018883238803599347,9.494662782486008,0.3754195533842287
500.0,1.4885842809008711,3.0,2.5,-0.05650998757102461,9.494662782486008,0.3754195533842287
500.0,1.4885842809008711,3.0,3.5,-0.11665384406698545,9.494662782486008,0.3754195533842287
500.0,1.4885842809008711,3.0,5.0,-0.055347954020572784,9.494662782486008,0.3754195533842287
500.0,1.4885842809008711,3.0,7.0,0.1245570781935712,9.494662782486008,0.3754195533842287
500.0,1.4885842809008711,3.0,10.0,0.3388797091192824,9.494662782486008,0.3754195533842287
500.0,1.4885842809008711,3.0,14.0,0.5073229920191457,9.494662782486008,0.3754195533842287
500.0,1.4885842809008711,3.0,20.0,0.6437077042458792,9.494662782486008,0.3754195533842287
500.0,1.645324972836306,3.0,0.5,-0.012845805383973254,10.741175198292426,0.4289918090497197
500.0,1.645324972836306,3.0,0.8,-0.03376044145219159,10.741175198292426,0.4289918090497197
500.0,1.645324972836306,3.0,1.2,-0.024395058657845966,10.741175198292426,0.4289918090497197
500.0,1.645324972836306,3.0,1.8,-0.046306833887649945,10.741175198292426,0.4289918090497197
500.0,1.645324972836306,3.0,2.5,-0.03369266005427931,10.741175198292426,0.4289918090497197
500.0,1.645324972836306,3.0,3.5,-0.09825065228712537,10.741175198292426,0.4289918090497197
500.0,1.645324972836306,3.0,5.0,-0.10043073343011608,10.741175198292426,0.4289918090497197
500.0,1.645324972836306,3.0,7.0,0.052907882568499105,10.741175198292426,0.4289918090497197
500.0,1.645324972836306,3.0,10.0,0.2769199290610526,10.741175198292426,0.4289918090497197
500.0,1.645324972836306,3.0,14.0,0.46054741778241043,10.741175198292426,0.4289918090497197
500.0,1.645324972836306,3.0,20.0,0.6101229951016188,10.741175198292426,0.4289918090497197
500.0,1.8185696980492723,3.0,0.5,0.04260356029762831,12.099994383580768,0.4807251774033268
500.0,1.8185696980492723,3.0,0.8,0.04459224745087971,12.099994383580768,0.4807251774033268
500.0,1.8185696980492723,3.0,1.2,0.05675719650986597,12.099994383580768,0.4807251774033268
500.0,1.8185696980492723,3.0,1.8,-0.05356425902387013,12.099994383580768,0.4807251774033268
500.0,1.8185696980492723,3.0,2.5,-0.03775350546727074,12.099994383580768,0.4807251774033268
500.0,1.8185696980492723,3.0,3.5,-0.06374585098909469,12.099994383580768,0.4807251774033268
500.0,1.8185696980492723,3.0,5.0,-0.11931009326216467,12.099994383580768,0.4807251774033268
500.0,1.8185696980492723,3.0,7.0,-0.014051933307351529,12.099994383580768,0.4807251774033268
500.0,1.8185696980492723,3.0,10.0,0.21089107657193462,12.099994383580768,0.4807251774033268
500.0,1.8185696980492723,3.0,14.0,0.40968794835484695,12.099994383580768,0.4807251774033268
500.0,1.8185696980492723,3.0,20.0,0.5733140052998169,12.099994383580768,0.4807251774033268
500.0,2.0100562510528768,3.0,0.5,-0.010048757029393188,13.735916905828338,0.53579766360814
500.0,2.0100562510528768,3.0,0.8,-0.04046480048281738,13.735916905828338,0.53579766360814
500.0,2.0100562510528768,3.0,1.2,-0.012471942031556653,13.735916905828338,0.53579766360814
500.0,2.0100562510528768,3.0,1.8,-0.010101049776206792,13.735916905828338,0.53579766360814
500.0,2.0100562510528768,3.0,2.5,-0.062298022316644955,13.735916905828338,0.53579766360814
500.0,2.0100562510528768,3.0,3.5,-0.041665837777835245,13.735916905828338,0.53579766360814
500.0,2.0100562510528768,3.0,5.0,-0.113795974348238,13.735916905828338,0.53579766360814
500.0,2.0100562510528768,3.0,7.0,-0.07085040780618672,13.735916905828338,0.53579766360814
500.0,2.0100562510528768,3.0,10.0,0.13985337265920994,13.735916905828338,0.53579766360814
500.0,2.0100562510528768,3.0,14.0,0.35331301044660757,13.735916905828338,0.53579766360814
500.0,2.0100562510528768,3.0,20.0,0.5321937739955493,13.735916905828338,0.53579766360814
500.0,2.2217054076787313,3.0,0.5,0.029450648175560677,15.480064504130324,0.5877127746913593
500.0,2.2217054076787313,3.0,0.8,0.001234798980303686,15.480064504130324,0.5877127746913593
500.0,2.2217054076787313,3.0,1.2,0.005249577262979296,15.480064504130324,0.5877127746913593
500.0,2.2217054076787313,3.0,1.8,0.019520630649098,15.480064504130324,0.5877127746913593
500.0,2.2217054076787313,3.0,2.5,-0.06248075159399912,15.480064504130324,0.5877127746913593
500.0,2.2217054076787313,3.0,3.5,-0.03805451279008835,15.480064504130324,0.5877127746913593
500.0,2.2217054076787313,3.0,5.0,-0.092011019009742,15.480064504130324,0.5877127746913593
500.0,2.2217054076787313,3.0,7.0,-0.1064800554095477,15.480064504130324,0.5877127746913593
500.0,2.2217054076787313,3.0,10.0,0.06699321788961542,15.480064504130324,0.5877127746913593
500.0,2.2217054076787313,3.0,14.0,0.29201705105291537,15.480064504130324,0.5877127746913593
500.0,2.2217054076787313,3.0,20.0,0.48705057893329573,15.480064504130324,0.5877127746913593
500.0,2.455640192120709,3.0,0.5,0.023963647484197003,17.38813177250901,0.6381929314179294
500.0,2.455640192120709,3.0,0.8,0.049883550597358564,17.38813177250901,0.6381929314179294
500.0,2.455640192120709,3.0,1.2,0.0003541311215005406,17.38813177250901,0.6381929314179294
500.0,2.455640192120709,3.0,1.8,0.0044141242277805255,17.38813177250901,0.6381929314179294
500.0,2.455640192120709,3.0,2.5,-0.028671484980986525,17.38813177250901,0.6381929314179294
500.0,2.455640192120709,3.0,3.5,-0.05788582975438324,17.38813177250901,0.6381929314179294
500.0,2.455640192120709,3.0,5.0,-0.06302809085270483,17.38813177250901,0.6381929314179294
500.0,2.455640192120709,3.0,7.0,-0.11907529098169928,17.38813177250901,0.6381929314179294
500.0,2.455640192120709,3.0,10.0,-0.0031016239217953687,17.38813177250901,0.6381929314179294
500.0,2.455640192120709,3.0,14.0,0.22540204033847813,17.38813177250901,0.6381929314179294
500.0,2.455640192120709,3.0,20.0,0.43736110494332514,17.38813177250901,0.6381929314179294
500.0,2.714207172704789,3.0,0.5,0.0414937754065202,19.503985275020344,0.6880633690659185
500.0,2.714207172704789,3.0,0.8,0.020651977601116155,19.503985275020344,0.6880633690659185
500.0,2.714207172704789,3.0,1.2,0.005030983981269253,19.503985275020344,0.6880633690659185
500.0,2.714207172704789,3.0,1.8,0.0034826239089696992,19.503985275020344,0.6880633690659185
500.0,2.714207172704789,3.0,2.5,0.0005400130376186264,19.503985275020344,0.6880633690659185
500.0,2.714207172704789,3.0,3.5,-0.07068126116191183,19.503985275020344,0.6880633690659185
500.0,2.714207172704789,3.0,5.0,-0.040699718512820796,19.503985275020344,0.6880633690659185
500.0,2.714207172704789,3.0,7.0,-0.11489569239168543,19.503985275020344,0.6880633690659185
500.0,2.714207172704789,3.0,10.0,-0.06083281881013545,19.503985275020344,0.6880633690659185
500.0,2.714207172704789,3.0,14.0,0.15393127833763842,19.503985275020344,0.6880633690659185
500.0,2.714207172704789,3.0,20.0,0.3828931031101099,19.503985275020344,0.6880633690659185
500.0,3.0000000000000004,3.0,0.5,-0.009471853714221004,21.78822090920993,0.7361617785760746
500.0,3.0000000000000004,3.0,0.8,0.009099453347259869,21.78822090920993,0.7361617785760746
500.0,3.0000000000000004,3.0,1.2,0.001940755447874652,21.78822090920993,0.7361617785760746
500.0,3.0000000000000004,3.0,1.8,0.00038096736775926034,21.78822090920993,0.7361617785760746
500.0,3.0000000000000004,3.0,2.5,0.0028670844507368105,21.78822090920993,0.7361617785760746
500.0,3.0000000000000004,3.0,3.5,-0.05910292384202173,21.78822090920993,0.7361617785760746
500.0,3.0000000000000004,3.0,5.0,-0.04226728450531868,21.78822090920993,0.7361617785760746
500.0,3.0000000000000004,3.0,7.0,-0.09305504272853249,21.78822090920993,0.7361617785760746
500.0,3.0000000000000004,3.0,10.0,-0.09825522460166733,21.78822090920993,0.7361617785760746
500.0,3.0000000000000004,3.0,14.0,0.07939424493332528,21.78822090920993,0.7361617785760746
500.0,3.0000000000000004,3.0,20.0,0.3233758984667924,21.78822090920993,0.7361617785760746
600.0,0.3,3.0,0.5,-0.0111509178939089,6.1585131156045305,0.1874158793372892
600.0,0.3,3.0,0.8,-0.027503596843380124,6.1585131156045305,0.1874158793372892
600.0,0.3,3.0,1.2,-0.049549956800959916,6.1585131156045305,0.1874158793372892
600.0,0.3,3.0,1.8,-0.059854837161821266,6.1585131156045305,0.1874158793372892
600.0,0.3,3.0,2.5,-0.04546728920704812,6.1585131156045305,0.1874158793372892
600.0,0.3,3.0,3.5,-0.002400981245461703,6.1585131156045305,0.1874158793372892
600.0,0.3,3.0,5.0,0.1557107686145063,6.1585131156045305,0.1874158793372892
600.0,0.3,3.0,7.0,0.3193925426696445,6.1585131156045305,0.1874158793372892
600.0,0.3,3.0,10.0,0.4576844930163794,6.1585131156045305,0.1874158793372892
600.0,0.3,3.0,14.0,0.5686054425913322,6.1585131156045305,0.1874158793372892
600.0,0.3,3.0,20.0,0.6655808199897997,6.1585131156045305,0.1874158793372892
600.0,0.3315885423378064,3.0,0.5,-0.013947286469751996,5.600076677031027,0.1461339821395748
600.0,0.3315885423378064,3.0,0.8,-0.032361534765155596,5.600076677031027,0.1461339821395748
600.0,0.3315885423378064,3.0,1.2,-0.05468732984154371,5.600076677031027,0.1461339821395748
600.0,0.3315885423378064,3.0,1.8,-0.05731371804895283,5.600076677031027,0.1461339821395748
600.0,0.3315885423378064,3.0,2.5,-0.03923932348465705,5.600076677031027,0.1461339821395748
600.0,0.3315885423378064,3.0,3.5,0.031411207052563665,5.600076677031027,0.1461339821395748
600.0,0.3315885423378064,3.0,5.0,0.2054712738881416,5.600076677031027,0.1461339821395748
600.0,0.3315885423378064,3.0,7.0,0.3597406323095643,5.600076677031027,0.1461339821395748
600.0,0.3315885423378064,3.0,10.0,0.4891378806693692,5.600076677031027,0.1461339821395748
600.0,0.3315885423378064,3.0,14.0,0.5957621999004574,5.600076677031027,0.1461339821395748
600.0,0.3315885423378064,3.0,20.0,0.6875108501471426,5.600076677031027,0.1461339821395748
600.0,0.3665032046990376,3.0,0.5,-0.01692783788656456,5.105007480581734,0.10593639148536592
600.0,0.3665032046990376,3.0,0.8,-0.03768490401864743,5.105007480581734,0.10593639148536592
600.0,0.3665032046990376,3.0,1.2,-0.05862877564182862,5.105007480581734,0.10593639148536592
600.0,0.3665032046990376,3.0,1.8,-0.05312105542516313,5.105007480581734,0.10593639148536592
600.0,0.3665032046990376,3.0,2.5,-0.029571199603195757,5.105007480581734,0.10593639148536592
600.0,0.3665032046990376,3.0,3.5,0.07529111140167752,5.105007480581734,0.10593639148536592
600.0,0.3665032046990376,3.0,5.0,0.25195931676631994,5.105007480581734,0.10593639148536592
600.0,0.3665032046990376,3.0,7.0,0.3953081277467499,5.105007480581734,0.10593639148536592
600.0,0.3665032046990376,3.0,10.0,0.519331174254528,5.105007480581734,0.10593639148536592
600.0,0.3665032046990376,3.0,14.0,0.6200191316057275,5.105007480581734,0.10593639148536592
600.0,0.3665032046990376,3.0,20.0,0.7072367054684616,5.105007480581734,0.10593639148536592
600.0,0.4050942113609619,3.0,0.5,-0.02027477677662668,4.671112530754771,0.06736033857963632
600.0,0.4050942113609619,3.0,0.8,-0.04326740278840505,4.671112530754771,0.06736033857963632
600.0,0.4050942113609619,3.0,1.2,-0.06058651023675697,4.671112530754771,0.06736033857963632
600.0,0.4050942113609619,3.0,1.8,-0.04822183048145476,4.671112530754771,0.06736033857963632
600.0,0.4050942113609619,3.0,2.5,-0.012151466140892105,4.671112530754771,0.06736033857963632
600.0,0.4050942113609619,3.0,3.5,0.12320920916110396,4.671112530754771,0.06736033857963632
600.0,0.4050942113609619,3.0,5.0,0.2932513848141402,4.671112530754771,0.06736033857963632
600.0,0.4050942113609619,3.0,7.0,0.42584920730656184,4.671112530754771,0.06736033857963632
600.0,0.4050942113609619,3.0,10.0,0.5466298433902229,4.671112530754771,0.06736033857963632
600.0,0.4050942113609619,3.0,14.0,0.6421096653300061,4.671112530754771,0.06736033857963632
600.0,0.4050942113609619,3.0,20.0,0.7251633489707602,4.671112530754771,0.06736033857963632
600.0,0.4477486635155488,3.0,0.5,-0.024147947554693374,4.298052266898966,0.031211701141512508
600.0,0.4477486635155488,3.0,0.8,-0.04868858358487353,4.298052266898966,0.031211701141512508
600.0,0.4477486635155488,3.0,1.2,-0.05989175583556631,4.298052266898966,0.031211701141512508
600.0,0.4477486635155488,3.0,1.8,-0.042811699295207783,4.298052266898966,0.031211701141512508
600.0,0.4477486635155488,3.0,2.5,0.01633657087101511,4.298052266898966,0.031211701141512508
600.0,0.4477486635155488,3.0,3.5,0.1691310160542794,4.298052266898966,0.031211701141512508
600.0,0.4477486635155488,3.0,5.0,0.3279197827812841,4.298052266898966,0.031211701141512508
600.0,0.4477486635155488,3.0,7.0,0.45152221306259377,4.298052266898966,0.031211701141512508
600.0,0.4477486635155488,3.0,10.0,0.5700208211407802,4.298052266898966,0.031211701141512508
600.0,0.4477486635155488,3.0,14.0,0.6616027821129685,4.298052266898966,0.031211701141512508
600.0,0.4477486635155488,3.0,20.0,0.7407628168300208,4.298052266898966,0.031211701141512508
600.0,0.4692653833386818,3.0,0.5,-0.026131154916274223,4.1446033569916825,0.015422983096987995
600.0,0.4692653833386818,3.0,0.8,-0.05107549744834482,4.1446033569916825,0.015422983096987995
600.0,0.4692653833386818,3.0,1.2,-0.058617843110461365,4.1446033569916825,0.015422983096987995
600.0,0.4692653833386818,3.0,1.8,-0.03967464581527482,4.1446033569916825,0.015422983096987995
600.0,0.4692653833386818,3.0,2.5,0.03338267081547976,4.1446033569916825,0.015422983096987995
600.0,0.4692653833386818,3.0,3.5,0.18870257598203607,4.1446033569916825,0.015422983096987995
600.0,0.4692653833386818,3.0,5.0,0.3415361090897534,4.1446033569916825,0.015422983096987995
600.0,0.4692653833386818,3.0,7.0,0.46241631544032163,4.1446033569916825,0.015422983096987995
600.0,0.4692653833386818,3.0,10.0,0.5794300238349289,4.1446033569916825,0.015422983096987995
600.0,0.4692653833386818,3.0,14.0,0.6695922823406882,4.1446033569916825,0.015422983096987995
600.0,0.4692653833386818,3.0,20.0,0.7472329295891149,4.1446033569916825,0.015422983096987995
600.0,0.4939635614091387,3.0,0.5,-0.02840241328068621,3.993285514370738,-0.0007296285709421214
600.0,0.4939635614091387,3.0,0.8,-0.053392577646798736,3.993285514370738,-0.0007296285709421214
600.0,0.4939635614091387,3.0,1.2,-0.05660371671253721,3.993285514370738,-0.0007296285709421214
600.0,0.4939635614091387,3.0,1.8,-0.03531119192686604,3.993285514370738,-0.0007296285709421214
600.0,0.4939635614091387,3.0,2.5,0.053847623606636134,3.993285514370738,-0.0007296285709421214
600.0,0.4939635614091387,3.0,3.5,0.20807585706475376,3.993285514370738,-0.0007296285709421214
600.0,0.4939635614091387,3.0,5.0,0.35423940834365225,3.993285514370738,-0.0007296285709421214
600.0,0.4939635614091387,3.0,7.0,0.4734261332657135,3.993285514370738,-0.0007296285709421214
600.0,0.4939635614091387,3.0,10.0,0.5884713679223306,3.993285514370738,-0.0007296285709421214
600.0,0.4939635614091387,3.0,14.0,0.6773801064718752,3.993285514370738,-0.0007296285709421214
600.0,0.4939635614091387,3.0,20.0,0.7536917118348802,3.993285514370738,-0.0007296285709421214
600.0,0.4948944222294061,3.0,0.5,-0.02849002529970685,3.9880676324118207,-0.0012974765594095927
600.0,0.4948944222294061,3.0,0.8,-0.05347183702636353,3.9880676324118207,-0.0012974765594095927
600.0,0.4948944222294061,3.0,1.2,-0.05651896343917757,3.9880676324118207,-0.0012974765594095927
600.0,0.4948944222294061,3.0,1.8,-0.03512587184452463,3.9880676324118207,-0.0012974765594095927
600.0,0.4948944222294061,3.0,2.5,0.054623141679297896,3.9880676324118207,-0.0012974765594095927
600.0,0.4948944222294061,3.0,3.5,0.20874600570040003,3.9880676324118207,-0.0012974765594095927
600.0,0.4948944222294061,3.0,5.0,0.35466483497835555,3.9880676324118207,-0.0012974765594095927
600.0,0.4948944222294061,3.0,7.0,0.47380904604744406,3.9880676324118207,-0.0012974765594095927
600.0,0.4948944222294061,3.0,10.0,0.5887790157045444,3.9880676324118207,-0.0012974765594095927
600.0,0.4948944222294061,3.0,14.0,0.6776475168102633,3.9880676324118207,-0.0012974765594095927
600.0,0.4948944222294061,3.0,20.0,0.7539220297898128,3.9880676324118207,-0.0012974765594095927
600.0,0.5186617394795957,3.0,0.5,-0.03068478380703428,3.866070887085313,-0.014790178472534303
600.0,0.5186617394795957,3.0,0.8,-0.05524524975757435,3.866070887085313,-0.014790178472534303
600.0,0.5186617394795957,3.0,1.2,-0.054250024715970374,3.866070887085313,-0.014790178472534303
600.0,0.5186617394795957,3.0,1.8,-0.02967171777028235,3.866070887085313,-0.014790178472534303
600.0,0.5186617394795957,3.0,2.5,0.07406145511154165,3.866070887085313,-0.014790178472534303
600.0,0.5186617394795957,3.0,3.5,0.22409548225862697,3.866070887085313,-0.014790178472534303
600.0,0.5186617394795957,3.0,5.0,0.36411601588753484,3.866070887085313,-0.014790178472534303
600.0,0.5186617394795957,3.0,7.0,0.4826603232742368,3.866070887085313,-0.014790178472534303
600.0,0.5186617394795957,3.0,10.0,0.595880777082142,3.866070887085313,-0.014790178472534303
600.0,0.5186617394795957,3.0,14.0,0.6838494890815496,3.866070887085313,-0.014790178472534303
600.0,0.5186617394795957,3.0,20.0,0.7591644060731582,3.866070887085313,-0.014790178472534303
600.0,0.5470044002605323,3.0,0.5,-0.03320587545726663,3.7473395871889257,-0.028336940305247395
600.0,0.5470044002605323,3.0,0.8,-0.05678082288602341,3.7473395871889257,-0.028336940305247395
600.0,0.5470044002605323,3.0,1.2,-0.05138085167381911,3.7473395871889257,-0.028336940305247395
600.0,0.5470044002605323,3.0,1.8,-0.021377322394214353,3.7473395871889257,-0.028336940305247395
600.0,0.5470044002605323,3.0,2.5,0.09550222125488472,3.7473395871889257,-0.028336940305247395
600.0,0.5470044002605323,3.0,3.5,0.23831823495749258,3.7473395871889257,-0.028336940305247395
600.0,0.5470044002605323,3.0,5.0,0.3722542890130518,3.7473395871889257,-0.028336940305247395
600.0,0.5470044002605323,3.0,7.0,0.4909711840288733,3.7473395871889257,-0.028336940305247395
600.0,0.5470044002605323,3.0,10.0,0.602768877947957,3.7473395871889257,-0.028336940305247395
600.0,0.5470044002605323,3.0,14.0,0.6899282139715713,3.7473395871889257,-0.028336940305247395
600.0,0.5470044002605323,3.0,20.0,0.7642889189974683,3.7473395871889257,-0.028336940305247395
600.0,0.5747303715656585,3.0,0.5,-0.03564100444379677,3.6540005226427312,-0.03929138619298748
600.0,0.5747303715656585,3.0,0.8,-0.05754445386471484,3.6540005226427312,-0.03929138619298748
600.0,0.5747303715656585,3.0,1.2,-0.04859663570418123,3.6540005226427312,-0.03929138619298748
600.0,0.5747303715656585,3.0,1.8,-0.011291122251363214,3.6540005226427312,-0.03929138619298748
600.0,0.5747303715656585,3.0,2.5,0.11361836187808298,3.6540005226427312,-0.03929138619298748
600.0,0.5747303715656585,3.0,3.5,0.24809256161956456,3.6540005226427312,-0.03929138619298748
600.0,0.5747303715656585,3.0,5.0,0.3772032934936833,3.6540005226427312,-0.03929138619298748
600.0,0.5747303715656585,3.0,7.0,0.49679426624706396,3.6540005226427312,-0.03929138619298748
600.0,0.5747303715656585,3.0,10.0,0.6079099206234809,3.6540005226427312,-0.03929138619298748
600.0,0.5747303715656585,3.0,14.0,0.6945503844241353,3.6540005226427312,-0.03929138619298748
600.0,0.5747303715656585,3.0,20.0,0.768217985731196,3.6540005226427312,-0.03929138619298748
600.0,0.6046013057825199,3.0,0.5,-0.03810755561144899,3.5788729698538617,-0.048313707710402734
600.0,0.6046013057825199,3.0,0.8,-0.0575456072230399,3.5788729698538617,-0.048313707710402734
600.0,0.6046013057825199,3.0,1.2,-0.04589512268276892,3.5788729698538617,-0.048313707710402734
600.0,0.6046013057825199,3.0,1.8,0.001389944777566818,3.5788729698538617,-0.048313707710402734
600.0,0.6046013057825199,3.0,2.5,0.12911229556874396,3.5788729698538617,-0.048313707710402734
600.0,0.6046013057825199,3.0,3.5,0.2542503255549451,3.5788729698538617,-0.048313707710402734
600.0,0.6046013057825199,3.0,5.0,0.3796260311247893,3.5788729698538617,-0.048313707710402734
600.0,0.6046013057825199,3.0,7.0,0.5005819571333234,3.5788729698538617,-0.048313707710402734
600.0,0.6046013057825199,3.0,10.0,0.6116398006643844,3.5788729698538617,-0.048313707710402734
600.0,0.6046013057825199,3.0,14.0,0.6980824059562646,3.5788729698538617,-0.048313707710402734
600.0,0.6046013057825199,3.0,20.0,0.7714042351688492,3.5788729698538617,-0.048313707710402734
600.0,0.6049793384901669,3.0,0.5,-0.03813786821685957,3.578094650824228,-0.04840816661506123
600.0,0.6049793384901669,3.0,0.8,-0.05754031650763399,3.578094650824228,-0.04840816661506123
600.0,0.6049793384901669,3.0,1.2,-0.045862481909773115,3.578094650824228,-0.04840816661506123
600.0,0.6049793384901669,3.0,1.8,0.0015596653800672225,3.578094650824228,-0.04840816661506123
600.0,0.6049793384901669,3.0,2.5,0.1292767482606707,3.578094650824228,-0.04840816661506123
600.0,0.6049793384901669,3.0,3.5,0.2542980255592126,3.578094650824228,-0.04840816661506123
600.0,0.6049793384901669,3.0,5.0,0.37963944993038345,3.578094650824228,-0.04840816661506123
600.0,0.6049793384901669,3.0,7.0,0.5006130050349108,3.578094650824228,-0.04840816661506123
600.0,0.6049793384901669,3.0,10.0,0.6116743480696133,3.578094650824228,-0.04840816661506123
600.0,0.6049793384901669,3.0,14.0,0.6981176011734813,3.578094650824228,-0.04840816661506123
600.0,0.6049793384901669,3.0,20.0,0.7714400153905325,3.578094650824228,-0.04840816661506123
600.0,0.6352283054146753,3.0,0.5,-0.04041580577054469,3.5295828316182525,-0.05433661303148491
600.0,0.6352283054146753,3.0,0.8,-0.05673701730679142,3.5295828316182525,-0.05433661303148491
600.0,0.6352283054146753,3.0,1.2,-0.04345946763753836,3.5295828316182525,-0.05433661303148491
600.0,0.6352283054146753,3.0,1.8,0.015458112045265624,3.5295828316182525,-0.05433661303148491
600.0,0.6352283054146753,3.0,2.5,0.14021483113986835,3.5295828316182525,-0.05433661303148491
600.0,0.6352283054146753,3.0,3.5,0.25619722951038854,3.5295828316182525,-0.05433661303148491
600.0,0.6352283054146753,3.0,5.0,0.3796158137438511,3.5295828316182525,-0.05433661303148491
600.0,0.6352283054146753,3.0,7.0,0.501921623713165,3.5295828316182525,-0.05433661303148491
600.0,0.6352283054146753,3.0,10.0,0.6135765043500443,3.5295828316182525,-0.05433661303148491
600.0,0.6352283054146753,3.0,14.0,0.7002289386482778,3.5295828316182525,-0.05433661303148491
600.0,0.6352283054146753,3.0,20.0,0.7736097788172916,3.5295828316182525,-0.05433661303148491
600.0,0.6636414694697732,3.0,0.5,-0.042317206114202595,3.5087641005053296,-0.0569058204031435
600.0,0.6636414694697732,3.0,0.8,-0.05524306913542662,3.5087641005053296,-0.0569058204031435
600.0,0.6636414694697732,3.0,1.2,-0.041377880155497336,3.5087641005053296,-0.0569058204031435
600.0,0.6636414694697732,3.0,1.8,0.028444068704999947,3.5087641005053296,-0.0569058204031435
600.0,0.6636414694697732,3.0,2.5,0.14603955499442273,3.5087641005053296,-0.0569058204031435
600.0,0.6636414694697732,3.0,3.5,0.25432692270249097,3.5087641005053296,-0.0569058204031435
600.0,0.6636414694697732,3.0,5.0,0.37766996493689975,3.5087641005053296,-0.0569058204031435
600.0,0.6636414694697732,3.0,7.0,0.5009843010697269,3.5087641005053296,-0.0569058204031435
600.0,0.6636414694697732,3.0,10.0,0.6137397056648192,3.5087641005053296,-0.0569058204031435
600.0,0.6636414694697732,3.0,14.0,0.7009739003723919,3.5087641005053296,-0.0569058204031435
600.0,0.6636414694697732,3.0,20.0,0.7747122752106744,3.5087641005053296,-0.0569058204031435
600.0,0.6682628855998672,3.0,0.5,-0.042601627284132436,3.5076667184309183,-0.05704166924014939
600.0,0.6682628855998672,3.0,0.8,-0.054935251583615376,3.5076667184309183,-0.05704166924014939
600.0,0.6682628855998672,3.0,1.2,-0.04106537284329988,3.5076667184309183,-0.05704166924014939
600.0,0.6682628855998672,3.0,1.8,0.0304830577648742,3.5076667184309183,-0.05704166924014939
600.0,0.6682628855998672,3.0,2.5,0.146605011674053,3.5076667184309183,-0.05704166924014939
600.0,0.6682628855998672,3.0,3.5,0.2537108722274486,3.5076667184309183,-0.05704166924014939
600.0,0.6682628855998672,3.0,5.0,0.37717976964835687,3.5076667184309183,-0.05704166924014939
600.0,0.6682628855998672,3.0,7.0,0.5006469451728903,3.5076667184309183,-0.05704166924014939
600.0,0.6682628855998672,3.0,10.0,0.613626070136771,3.5076667184309183,-0.05704166924014939
600.0,0.6682628855998672,3.0,14.0,0.7009932283044906,3.5076667184309183,-0.05704166924014939
600.0,0.6682628855998672,3.0,20.0,0.7747983425430658,3.5076667184309183,-0.05704166924014939
600.0,0.6985699678629192,3.0,0.5,-0.04418885172302968,3.5167453869339194,-0.055919064879778095
600.0,0.6985699678629192,3.0,0.8,-0.052684401726744635,3.5167453869339194,-0.055919064879778095
600.0,0.6985699678629192,3.0,1.2,-0.038911550216562216,3.5167453869339194,-0.055919064879778095
600.0,0.6985699678629192,3.0,1.8,0.04261577354035809,3.5167453869339194,-0.055919064879778095
600.0,0.6985699678629192,3.0,2.5,0.14738770839670332,3.5167453869339194,-0.055919064879778095
600.0,0.6985699678629192,3.0,3.5,0.2476278369810435,3.5167453869339194,-0.055919064879778095
600.0,0.6985699678629192,3.0,5.0,0.37270451446928665,3.5167453869339194,-0.055919064879778095
600.0,0.6985699678629192,3.0,7.0,0.4971922555929267,3.5167453869339194,-0.055919064879778095
600.0,0.6985699678629192,3.0,10.0,0.6119471523248756,3.5167453869339194,-0.055919064879778095
600.0,0.6985699678629192,3.0,14.0,0.7004854452988579,3.5167453869339194,-0.055919064879778095
600.0,0.6985699678629192,3.0,20.0,0.7749679412579674,3.5167453869339194,-0.055919064879778095
600.0,0.7334984662560653,3.0,0.5,-0.045455812852108674,3.6030758856555893,-0.04538658227938251
600.0,0.7334984662560653,3.0,0.8,-0.049530203726825574,3.6030758856555893,-0.04538658227938251
600.0,0.7334984662560653,3.0,1.2,-0.036217769646180904,3.6030758856555893,-0.04538658227938251
600.0,0.7334984662560653,3.0,1.8,0.05305420394377174,3.6030758856555893,-0.04538658227938251
600.0,0.7334984662560653,3.0,2.5,0.14258241899558274,3.6030758856555893,-0.04538658227938251
600.0,0.7334984662560653,3.0,3.5,0.23662515065720055,3.6030758856555893,-0.04538658227938251
600.0,0.7334984662560653,3.0,5.0,0.36472367875030787,3.6030758856555893,-0.04538658227938251
600.0,0.7334984662560653,3.0,7.0,0.49075462640262235,3.6030758856555893,-0.04538658227938251
600.0,0.7334984662560653,3.0,10.0,0.608151917938267,3.6030758856555893,-0.04538658227938251
600.0,0.7334984662560653,3.0,14.0,0.6985010240996063,3.6030758856555893,-0.04538658227938251
600.0,0.7334984662560653,3.0,20.0,0.7740928287234033,3.6030758856555893,-0.04538658227938251
600.0,0.7386277204483878,3.0,0.5,-0.04558934033653156,3.6409595551557623,-0.040844136637422056
600.0,0.7386277204483878,3.0,0.8,-0.04903517358256559,3.6409595551557623,-0.040844136637422056
600.0,0.7386277204483878,3.0,1.2,-0.035777814405921496,3.6409595551557623,-0.040844136637422056
600.0,0.7386277204483878,3.0,1.8,0.054179188506417175,3.6409595551557623,-0.040844136637422056
600.0,0.7386277204483878,3.0,2.5,0.1413869699338277,3.6409595551557623,-0.040844136637422056
600.0,0.7386277204483878,3.0,3.5,0.23468430918898614,3.6409595551557623,-0.040844136637422056
600.0,0.7386277204483878,3.0,5.0,0.3632976489740328,3.6409595551557623,-0.040844136637422056
600.0,0.7386277204483878,3.0,7.0,0.4896150882116946,3.6409595551557623,-0.040844136637422056
600.0,0.7386277204483878,3.0,10.0,0.6074485371309627,3.6409595551557623,-0.040844136637422056
600.0,0.7386277204483878,3.0,14.0,0.6980889905138834,3.6409595551557623,-0.040844136637422056
600.0,0.7386277204483878,3.0,20.0,0.7738759754663311,3.6409595551557623,-0.040844136637422056
600.0,0.8127914861758826,3.0,0.5,-0.0452731032048815,4.350891687559765,0.036518280638480526
600.0,0.8127914861758826,3.0,0.8,-0.04188102199411941,4.350891687559765,0.036518280638480526
600.0,0.8127914861758826,3.0,1.2,-0.02763094854479021,4.350891687559765,0.036518280638480526
600.0,0.8127914861758826,3.0,1.8,0.05631994879181064,4.350891687559765,0.036518280638480526
600.0,0.8127914861758826,3.0,2.5,0.11197244614646963,4.350891687559765,0.036518280638480526
600.0,0.8127914861758826,3.0,3.5,0.19898075964026454,4.350891687559765,0.036518280638480526
600.0,0.8127914861758826,3.0,5.0,0.33587649256442004,4.350891687559765,0.036518280638480526
600.0,0.8127914861758826,3.0,7.0,0.4684427943642397,4.350891687559765,0.036518280638480526
600.0,0.8127914861758826,3.0,10.0,0.5934362779036059,4.350891687559765,0.036518280638480526
600.0,0.8127914861758826,3.0,14.0,0.6889944285837227,4.350891687559765,0.036518280638480526
600.0,0.8127914861758826,3.0,20.0,0.7684367792851574,4.350891687559765,0.036518280638480526
600.0,0.8164016305125923,3.0,0.5,-0.04513989178461055,4.390639892057955,0.04046782762443334
600.0,0.8164016305125923,3.0,0.8,-0.041564495959226316,4.390639892057955,0.04046782762443334
600.0,0.8164016305125923,3.0,1.2,-0.02714697618213062,4.390639892057955,0.04046782762443334
600.0,0.8164016305125923,3.0,1.8,0.05573518764588113,4.390639892057955,0.04046782762443334
600.0,0.8164016305125923,3.0,2.5,0.11004591599710097,4.390639892057955,0.04046782762443334
600.0,0.8164016305125923,3.0,3.5,0.1969293405980744,4.390639892057955,0.04046782762443334
600.0,0.8164016305125923,3.0,5.0,0.33422899954985114,4.390639892057955,0.04046782762443334
600.0,0.8164016305125923,3.0,7.0,0.46718703286579744,4.390639892057955,0.04046782762443334
600.0,0.8164016305125923,3.0,10.0,0.5925716620658928,4.390639892057955,0.04046782762443334
600.0,0.8164016305125923,3.0,14.0,0.6884113127360284,4.390639892057955,0.04046782762443334
600.0,0.8164016305125923,3.0,20.0,0.7680699637949097,4.390639892057955,0.04046782762443334
600.0,0.8555699854482975,3.0,0.5,-0.042790658831419796,4.831433930424606,0.08201605363647031
600.0,0.8555699854482975,3.0,0.8,-0.0383686368492747,4.831433930424606,0.08201605363647031
600.0,0.8555699854482975,3.0,1.2,-0.021743291984688586,4.831433930424606,0.08201605363647031
600.0,0.8555699854482975,3.0,1.8,0.04527597138197688,4.831433930424606,0.08201605363647031
600.0,0.8555699854482975,3.0,2.5,0.08686645433391668,4.831433930424606,0.08201605363647031
600.0,0.8555699854482975,3.0,3.5,0.1732391214613576,4.831433930424606,0.08201605363647031
600.0,0.8555699854482975,3.0,5.0,0.31471462666226857,4.831433930424606,0.08201605363647031
600.0,0.8555699854482975,3.0,7.0,0.45236122134553436,4.831433930424606,0.08201605363647031
600.0,0.8555699854482975,3.0,10.0,0.5822404402448585,4.831433930424606,0.08201605363647031
600.0,0.8555699854482975,3.0,14.0,0.6814048859289286,4.831433930424606,0.08201605363647031
600.0,0.8555699854482975,3.0,20.0,0.7635322395783396,4.831433930424606,0.08201605363647031
600.0,0.8983484847207125,3.0,0.5,-0.03826907514335271,5.2101167250752045,0.11478746181574727
600.0,0.8983484847207125,3.0,0.8,-0.035734429098763516,5.2101167250752045,0.11478746181574727
600.0,0.8983484847207125,3.0,1.2,-0.016092928565479357,5.2101167250752045,0.11478746181574727
600.0,0.8983484847207125,3.0,1.8,0.026487064325038702,5.2101167250752045,0.11478746181574727
600.0,0.8983484847207125,3.0,2.5,0.058158030226584514,5.2101167250752045,0.11478746181574727
600.0,0.8983484847207125,3.0,3.5,0.14540348168751313,5.2101167250752045,0.11478746181574727
600.0,0.8983484847207125,3.0,5.0,0.29046862278030317,5.2101167250752045,0.11478746181574727
600.0,0.8983484847207125,3.0,7.0,0.43387010712050245,5.2101167250752045,0.11478746181574727
600.0,0.8983484847207125,3.0,10.0,0.5691697022195777,5.2101167250752045,0.11478746181574727
600.0,0.8983484847207125,3.0,14.0,0.672431705169502,5.2101167250752045,0.11478746181574727
600.0,0.8983484847207125,3.0,20.0,0.7575763650553864,5.2101167250752045,0.11478746181574727
600.0,0.9023647554129298,3.0,0.5,-0.03774076502167058,5.23127571954561,0.11654761922165996
600.0,0.9023647554129298,3.0,0.8,-0.03553358753949043,5.23127571954561,0.11654761922165996
600.0,0.9023647554129298,3.0,1.2,-0.015632149424673718,5.23127571954561,0.11654761922165996
600.0,0.9023647554129298,3.0,1.8,0.02440450809889092,5.23127571954561,0.11654761922165996
600.0,0.9023647554129298,3.0,2.5,0.05535081808962228,5.23127571954561,0.11654761922165996
600.0,0.9023647554129298,3.0,3.5,0.14272945552563288,5.23127571954561,0.11654761922165996
600.0,0.9023647554129298,3.0,5.0,0.2880610322822318,5.23127571954561,0.11654761922165996
600.0,0.9023647554129298,3.0,7.0,0.43202370333748424,5.23127571954561,0.11654761922165996
600.0,0.9023647554129298,3.0,10.0,0.567857494623555,5.23127571954561,0.11654761922165996
600.0,0.9023647554129298,3.0,14.0,0.6715246988847682,5.23127571954561,0.11654761922165996
600.0,0.9023647554129298,3.0,20.0,0.756971752992441,5.23127571954561,0.11654761922165996
600.0,0.9973793796812823,3.0,0.5,-0.018326971391702553,5.656387496525016,0.15047916226110758
600.0,0.9973793796812823,3.0,0.8,-0.03218659978420355,5.656387496525016,0.15047916226110758
600.0,0.9973793796812823,3.0,1.2,-0.013207790733368979,5.656387496525016,0.15047916226110758
600.0,0.9973793796812823,3.0,1.8,-0.03338370540601172,5.656387496525016,0.15047916226110758
600.0,0.9973793796812823,3.0,2.5,-0.011981319075118218,5.656387496525016,0.15047916226110758
600.0,0.9973793796812823,3.0,3.5,0.07776363880499937,5.656387496525016,0.15047916226110758
600.0,0.9973793796812823,3.0,5.0,0.2266578009549364,5.656387496525016,0.15047916226110758
600.0,0.9973793796812823,3.0,7.0,0.3841482789269358,5.656387496525016,0.15047916226110758
600.0,0.9973793796812823,3.0,10.0,0.5337455379044123,5.656387496525016,0.15047916226110758
600.0,0.9973793796812823,3.0,14.0,0.6475444202091682,5.656387496525016,0.15047916226110758
600.0,0.9973793796812823,3.0,20.0,0.7407518638444738,5.656387496525016,0.15047916226110758
600.0,1.102398582221007,3.0,0.5,0.014569104513633113,6.161388687287527,0.18761861552088901
600.0,1.102398582221007,3.0,0.8,-0.025691376388003916,6.161388687287527,0.18761861552088901
600.0,1.102398582221007,3.0,1.2,-0.0386155048387441,6.161388687287527,0.18761861552088901
600.0,1.102398582221007,3.0,1.8,-0.09043803808511862,6.161388687287527,0.18761861552088901
600.0,1.102398582221007,3.0,2.5,-0.07421488102296976,6.161388687287527,0.18761861552088901
600.0,1.102398582221007,3.0,3.5,0.006480754929983317,6.161388687287527,0.18761861552088901
600.0,1.102398582221007,3.0,5.0,0.15625208921036174,6.161388687287527,0.18761861552088901
600.0,1.102398582221007,3.0,7.0,0.3266597126295501,6.161388687287527,0.18761861552088901
600.0,1.102398582221007,3.0,10.0,0.49188193325388213,6.161388687287527,0.18761861552088901
600.0,1.102398582221007,3.0,14.0,0.6176244348572326,6.161388687287527,0.18761861552088901
600.0,1.102398582221007,3.0,20.0,0.7201437899808928,6.161388687287527,0.18761861552088901
600.0,1.149460743131317,3.0,0.5,0.028800899281440775,6.665243984414465,0.22175606026819783
600.0,1.149460743131317,3.0,0.8,-0.01933703552249065,6.665243984414465,0.22175606026819783
600.0,1.149460743131317,3.0,1.2,-0.05596176948684927,6.665243984414465,0.22175606026819783
600.0,1.149460743131317,3.0,1.8,-0.10473331208587261,6.665243984414465,0.22175606026819783
600.0,1.149460743131317,3.0,2.5,-0.09373094982871151,6.665243984414465,0.22175606026819783
600.0,1.149460743131317,3.0,3.5,-0.02271043321038434,6.665243984414465,0.22175606026819783
600.0,1.149460743131317,3.0,5.0,0.1260465901896987,6.665243984414465,0.22175606026819783
600.0,1.149460743131317,3.0,7.0,0.3009373507586436,6.665243984414465,0.22175606026819783
600.0,1.149460743131317,3.0,10.0,0.4727123959551981,6.665243984414465,0.22175606026819783
600.0,1.149460743131317,3.0,14.0,0.6038216526540068,6.665243984414465,0.22175606026819783
600.0,1.149460743131317,3.0,20.0,0.7105537072362808,6.665243984414465,0.22175606026819783
600.0,1.2099586769803339,3.0,0.5,0.03995034712236277,7.217414929867292,0.2563216823183955
600.0,1.2099586769803339,3.0,0.8,-0.007794720812545074,7.217414929867292,0.2563216823183955
600.0,1.2099586769803339,3.0,1.2,-0.0735022431884387,7.217414929867292,0.2563216823183955
600.0,1.2099586769803339,3.0,1.8,-0.10942993763926108,7.217414929867292,0.2563216823183955
600.0,1.2099586769803339,3.0,2.5,-0.1095337725487363,7.217414929867292,0.2563216823183955
600.0,1.2099586769803339,3.0,3.5,-0.05535291970851005,7.217414929867292,0.2563216823183955
600.0,1.2099586769803339,3.0,5.0,0.08918651686725251,7.217414929867292,0.2563216823183955
600.0,1.2099586769803339,3.0,7.0,0.26853126251684567,7.217414929867292,0.2563216823183955
600.0,1.2099586769803339,3.0,10.0,0.4483642152311712,7.217414929867292,0.2563216823183955
600.0,1.2099586769803339,3.0,14.0,0.5861419640707785,7.217414929867292,0.2563216823183955
600.0,1.2099586769803339,3.0,20.0,0.6982018459910123,7.217414929867292,0.2563216823183955
600.0,1.218475796513094,3.0,0.5,0.04056053860972265,7.267534020019239,0.25932708209311306
600.0,1.218475796513094,3.0,0.8,-0.005959345245963885,7.267534020019239,0.25932708209311306
600.0,1.218475796513094,3.0,1.2,-0.07494043408337857,7.267534020019239,0.25932708209311306
600.0,1.218475796513094,3.0,1.8,-0.10885645092195585,7.267534020019239,0.25932708209311306
600.0,1.218475796513094,3.0,2.5,-0.11088735176926152,7.267534020019239,0.25932708209311306
600.0,1.218475796513094,3.0,3.5,-0.059407854791226906,7.267534020019239,0.25932708209311306
600.0,1.218475796513094,3.0,5.0,0.08420435935718684,7.267534020019239,0.25932708209311306
600.0,1.218475796513094,3.0,7.0,0.264049948781904,7.267534020019239,0.25932708209311306
600.0,1.218475796513094,3.0,10.0,0.444974813652694,7.267534020019239,0.25932708209311306
600.0,1.218475796513094,3.0,14.0,0.5836686933121117,7.267534020019239,0.25932708209311306
600.0,1.218475796513094,3.0,20.0,0.6964693959630326,7.267534020019239,0.25932708209311306
600.0,1.2704566108293507,3.0,0.5,0.03852420044937987,7.5418463554785395,0.2754176892678217
600.0,1.2704566108293507,3.0,0.8,0.005394415834781226,7.5418463554785395,0.2754176892678217
600.0,1.2704566108293507,3.0,1.2,-0.0755824233640944,7.5418463554785395,0.2754176892678217
600.0,1.2704566108293507,3.0,1.8,-0.0994516501621441,7.5418463554785395,0.2754176892678217
600.0,1.2704566108293507,3.0,2.5,-0.11465348812938383,7.5418463554785395,0.2754176892678217
600.0,1.2704566108293507,3.0,3.5,-0.08091075656913181,7.5418463554785395,0.2754176892678217
600.0,1.2704566108293507,3.0,5.0,0.05506973513223941,7.5418463554785395,0.2754176892678217
600.0,1.2704566108293507,3.0,7.0,0.23722003426524996,7.5418463554785395,0.2754176892678217
600.0,1.2704566108293507,3.0,10.0,0.4245177628458522,7.5418463554785395,0.2754176892678217
600.0,1.2704566108293507,3.0,14.0,0.5686970860945989,7.5418463554785395,0.2754176892678217
600.0,1.2704566108293507,3.0,20.0,0.6859649992690282,7.5418463554785395,0.2754176892678217
600.0,1.3467753774655815,3.0,0.5,0.023201852127370817,8.029892796388843,0.3026497559124182
600.0,1.3467753774655815,3.0,0.8,0.01961783825080652,8.029892796388843,0.3026497559124182
600.0,1.3467753774655815,3.0,1.2,-0.04903950755577694,8.029892796388843,0.3026497559124182
600.0,1.3467753774655815,3.0,1.8,-0.07230272986615809,8.029892796388843,0.3026497559124182
600.0,1.3467753774655815,3.0,2.5,-0.10821161752631939,8.029892796388843,0.3026497559124182
600.0,1.3467753774655815,3.0,3.5,-0.102185301169347,8.029892796388843,0.3026497559124182
600.0,1.3467753774655815,3.0,5.0,0.0165713882077969,8.029892796388843,0.3026497559124182
600.0,1.3467753774655815,3.0,7.0,0.19953047918049882,8.029892796388843,0.3026497559124182
600.0,1.3467753774655815,3.0,10.0,0.39513041340556493,8.029892796388843,0.3026497559124182
600.0,1.3467753774655815,3.0,14.0,0.5470851656652184,8.029892796388843,0.3026497559124182
600.0,1.3467753774655815,3.0,20.0,0.6707077090738163,8.029892796388843,0.3026497559124182
600.0,1.4885842809008711,3.0,0.5,0.0036065556223064564,9.201172775404252,0.36178319443343787
600.0,1.4885842809008711,3.0,0.8,0.039889320899735375,9.201172775404252,0.36178319443343787
600.0,1.4885842809008711,3.0,1.2,0.028504411159765587,9.201172775404252,0.36178319443343787
600.0,1.4885842809008711,3.0,1.8,-0.020772393827201443,9.201172775404252,0.36178319443343787
600.0,1.4885842809008711,3.0,2.5,-0.07539981365509724,9.201172775404252,0.36178319443343787
600.0,1.4885842809008711,3.0,3.5,-0.11495109032997604,9.201172775404252,0.36178319443343787
600.0,1.4885842809008711,3.0,5.0,-0.041852507831723076,9.201172775404252,0.36178319443343787
600.0,1.4885842809008711,3.0,7.0,0.1333860212371345,9.201172775404252,0.36178319443343787
600.0,1.4885842809008711,3.0,10.0,0.3413741726936785,9.201172775404252,0.36178319443343787
600.0,1.4885842809008711,3.0,14.0,0.5070244700996301,9.201172775404252,0.36178319443343787
600.0,1.4885842809008711,3.0,20.0,0.6422282269906932,9.201172775404252,0.36178319443343787
600.0,1.645324972836306,3.0,0.5,-0.014998651344343354,10.490314318200042,0.4187285096982709
600.0,1.645324972836306,3.0,0.8,0.04435240084816785,10.490314318200042,0.4187285096982709
600.0,1.645324972836306,3.0,1.2,0.0006159026515493078,10.490314318200042,0.4187285096982709
600.0,1.645324972836306,3.0,1.8,-0.02053852882805276,10.490314318200042,0.4187285096982709
600.0,1.645324972836306,3.0,2.5,-0.03732009565870883,10.490314318200042,0.4187285096982709
600.0,1.645324972836306,3.0,3.5,-0.10498031594195965,10.490314318200042,0.4187285096982709
600.0,1.645324972836306,3.0,5.0,-0.09041852604593362,10.490314318200042,0.4187285096982709
600.0,1.645324972836306,3.0,7.0,0.06312878029307413,10.490314318200042,0.4187285096982709
600.0,1.645324972836306,3.0,10.0,0.2807735832852989,10.490314318200042,0.4187285096982709
600.0,1.645324972836306,3.0,14.0,0.46122635666945566,10.490314318200042,0.4187285096982709
600.0,1.645324972836306,3.0,20.0,0.6094011144982251,10.490314318200042,0.4187285096982709
600.0,1.8185696980492723,3.0,0.5,-0.00597006877852623,11.875690369542124,0.47259887454516275
600.0,1.8185696980492723,3.0,0.8,-0.035308084184525176,11.875690369542124,0.47259887454516275
600.0,1.8185696980492723,3.0,1.2,-0.0077285918822749475,11.875690369542124,0.47259887454516275
600.0,1.8185696980492723,3.0,1.8,-0.05202499735245821,11.875690369542124,0.47259887454516275
600.0,1.8185696980492723,3.0,2.5,-0.031212404005566446,11.875690369542124,0.47259887454516275
600.0,1.8185696980492723,3.0,3.5,-0.0742987828982555,11.875690369542124,0.47259887454516275
600.0,1.8185696980492723,3.0,5.0,-0.11797723015381352,11.875690369542124,0.47259887454516275
600.0,1.8185696980492723,3.0,7.0,-0.0055444305370342135,11.875690369542124,0.47259887454516275
600.0,1.8185696980492723,3.0,10.0,0.21451163005161283,11.875690369542124,0.47259887454516275
600.0,1.8185696980492723,3.0,14.0,0.4101482443983316,11.875690369542124,0.47259887454516275
600.0,1.8185696980492723,3.0,20.0,0.5724882160887845,11.875690369542124,0.47259887454516275
600.0,2.0100562510528768,3.0,0.5,0.040654311463219094,13.415459092125955,0.5255455479808098
600.0,2.0100562510528768,3.0,0.8,0.03894268960679949,13.415459092125955,0.5255455479808098
600.0,2.0100562510528768,3.0,1.2,0.05915294317347926,13.415459092125955,0.5255455479808098
600.0,2.0100562510528768,3.0,1.8,-0.029520297220344823,13.415459092125955,0.5255455479808098
600.0,2.0100562510528768,3.0,2.5,-0.050911519369908856,13.415459092125955,0.5255455479808098
600.0,2.0100562510528768,3.0,3.5,-0.043043724789173496,13.415459092125955,0.5255455479808098
600.0,2.0100562510528768,3.0,5.0,-0.11614184585032267,13.415459092125955,0.5255455479808098
600.0,2.0100562510528768,3.0,7.0,-0.06341533222658627,13.415459092125955,0.5255455479808098
600.0,2.0100562510528768,3.0,10.0,0.14494884917513556,13.415459092125955,0.5255455479808098
600.0,2.0100562510528768,3.0,14.0,0.3547406500529183,13.415459092125955,0.5255455479808098
600.0,2.0100562510528768,3.0,20.0,0.5320733118384958,13.415459092125955,0.5255455479808098
600.0,2.2217054076787313,3.0,0.5,-0.008138840122817018,15.184533906176243,0.5793414743314993
600.0,2.2217054076787313,3.0,0.8,-0.02434103826200744,15.184533906176243,0.5793414743314993
600.0,2.2217054076787313,3.0,1.2,-0.03883255014559119,15.184533906176243,0.5793414743314993
600.0,2.2217054076787313,3.0,1.8,0.020759397642360528,15.184533906176243,0.5793414743314993
600.0,2.2217054076787313,3.0,2.5,-0.06472939829156084,15.184533906176243,0.5793414743314993
600.0,2.2217054076787313,3.0,3.5,-0.03701308982605425,15.184533906176243,0.5793414743314993
600.0,2.2217054076787313,3.0,5.0,-0.09527945126964413,15.184533906176243,0.5793414743314993
600.0,2.2217054076787313,3.0,7.0,-0.10376117697364871,15.184533906176243,0.5793414743314993
600.0,2.2217054076787313,3.0,10.0,0.07224592779919091,15.184533906176243,0.5793414743314993
600.0,2.2217054076787313,3.0,14.0,0.2935714552239853,15.184533906176243,0.5793414743314993
600.0,2.2217054076787313,3.0,20.0,0.48700378074626566,15.184533906176243,0.5793414743314993
600.0,2.455640192120709,3.0,0.5,0.01944837575147568,17.1169949844612,0.6313675320846404
600.0,2.455640192120709,3.0,0.8,-0.034071548264860266,17.1169949844612,0.6313675320846404
600.0,2.455640192120709,3.0,1.2,0.023846054638684687,17.1169949844612,0.6313675320846404
600.0,2.455640192120709,3.0,1.8,0.012448060486000381,17.1169949844612,0.6313675320846404
600.0,2.455640192120709,3.0,2.5,-0.03807646438641623,17.1169949844612,0.6313675320846404
600.0,2.455640192120709,3.0,3.5,-0.05104151282846286,17.1169949844612,0.6313675320846404
600.0,2.455640192120709,3.0,5.0,-0.06723890349375694,17.1169949844612,0.6313675320846404
600.0,2.455640192120709,3.0,7.0,-0.11893825488281573,17.1169949844612,0.6313675320846404
600.0,2.455640192120709,3.0,10.0,0.002080244627308714,17.1169949844612,0.6313675320846404
600.0,2.455640192120709,3.0,14.0,0.22746787247738146,17.1169949844612,0.6313675320846404
600.0,2.455640192120709,3.0,20.0,0.43761170874082156,17.1169949844612,0.6313675320846404
600.0,2.714207172704789,3.0,0.5,0.024621328152445367,19.266561856951597,0.6827442298259467
600.0,2.714207172704789,3.0,0.8,0.04530222656699564,19.266561856951597,0.6827442298259467
600.0,2.714207172704789,3.0,1.2,-0.00442249134219128,19.266561856951597,0.6827442298259467
600.0,2.714207172704789,3.0,1.8,-0.00025480987939375583,19.266561856951597,0.6827442298259467
600.0,2.714207172704789,3.0,2.5,4.378285165009939e-05,19.266561856951597,0.6827442298259467
600.0,2.714207172704789,3.0,3.5,-0.06981287622522767,19.266561856951597,0.6827442298259467
600.0,2.714207172704789,3.0,5.0,-0.04192471806474597,19.266561856951597,0.6827442298259467
600.0,2.714207172704789,3.0,7.0,-0.11495771855837884,19.266561856951597,0.6827442298259467
600.0,2.714207172704789,3.0,10.0,-0.057452339753320036,19.266561856951597,0.6827442298259467
600.0,2.714207172704789,3.0,14.0,0.15652688492068761,19.266561856951597,0.6827442298259467
600.0,2.714207172704789,3.0,20.0,0.38339085861907113,19.266561856951597,0.6827442298259467
600.0,3.0000000000000004,3.0,0.5,0.02509792514550111,21.611307504068694,0.7326210515675083
600.0,3.0000000000000004,3.0,0.8,0.036658671797977126,21.611307504068694,0.7326210515675083
600.0,3.0000000000000004,3.0,1.2,0.0019524478446486643,21.611307504068694,0.7326210515675083
600.0,3.0000000000000004,3.0,1.8,0.0038698011758869404,21.611307504068694,0.7326210515675083
600.0,3.0000000000000004,3.0,2.5,0.006489906927825017,21.611307504068694,0.7326210515675083
600.0,3.0000000000000004,3.0,3.5,-0.061755474812475446,21.611307504068694,0.7326210515675083
600.0,3.0000000000000004,3.0,5.0,-0.040316015044151735,21.611307504068694,0.7326210515675083
600.0,3.0000000000000004,3.0,7.0,-0.09534566896290317,21.611307504068694,0.7326210515675083
600.0,3.0000000000000004,3.0,10.0,-0.09694544334169838,21.611307504068694,0.7326210515675083
600.0,3.0000000000000004,3.0,14.0,0.08246480703002171,21.611307504068694,0.7326210515675083
600.0,3.0000000000000004,3.0,20.0,0.32409554884350705,21.611307504068694,0.7326210515675083
650.0,0.3,3.0,0.5,-0.00913903385353645,6.661599727255485,0.22151854254104922
650.0,0.3,3.0,0.8,-0.023991530420687152,6.661599727255485,0.22151854254104922
650.0,0.3,3.0,1.2,-0.0450685727741415,6.661599727255485,0.22151854254104922
650.0,0.3,3.0,1.8,-0.06015298961607387,6.661599727255485,0.22151854254104922
650.0,0.3,3.0,2.5,-0.04965410870338803,6.661599727255485,0.22151854254104922
650.0,0.3,3.0,3.5,-0.020634843758977704,6.661599727255485,0.22151854254104922
650.0,0.3,3.0,5.0,0.11472944722687271,6.661599727255485,0.22151854254104922
650.0,0.3,3.0,7.0,0.2835207949920273,6.661599727255485,0.22151854254104922
650.0,0.3,3.0,10.0,0.43061859920517703,6.661599727255485,0.22151854254104922
650.0,0.3,3.0,14.0,0.5442739643835316,6.661599727255485,0.22151854254104922
650.0,0.3,3.0,20.0,0.6460848483049654,6.661599727255485,0.22151854254104922
650.0,0.3315885423378064,3.0,0.5,-0.011694376475919872,6.053008467263065,0.17991129009872378
650.0,0.3315885423378064,3.0,0.8,-0.028424559773792393,6.053008467263065,0.17991129009872378
650.0,0.3315885423378064,3.0,1.2,-0.05062721060905092,6.053008467263065,0.17991129009872378
650.0,0.3315885423378064,3.0,1.8,-0.0594797960893935,6.053008467263065,0.17991129009872378
650.0,0.3315885423378064,3.0,2.5,-0.044330100396937196,6.053008467263065,0.17991129009872378
650.0,0.3315885423378064,3.0,3.5,0.0033418419139274068,6.053008467263065,0.17991129009872378
650.0,0.3315885423378064,3.0,5.0,0.165455861085543,6.053008467263065,0.17991129009872378
650.0,0.3315885423378064,3.0,7.0,0.32692165124452954,6.053008467263065,0.17991129009872378
650.0,0.3315885423378064,3.0,10.0,0.4629967455753199,6.053008467263065,0.17991129009872378
650.0,0.3315885423378064,3.0,14.0,0.5733741678352995,6.053008467263065,0.17991129009872378
650.0,0.3315885423378064,3.0,20.0,0.6694208058373761,6.053008467263065,0.17991129009872378
650.0,0.3665032046990376,3.0,0.5,-0.014526459673196549,5.51172314492065,0.13922740341105647
650.0,0.3665032046990376,3.0,0.8,-0.033394808980821665,5.51172314492065,0.13922740341105647
650.0,0.3665032046990376,3.0,1.2,-0.05553868299812175,5.51172314492065,0.13922740341105647
650.0,0.3665032046990376,3.0,1.8,-0.056501793075238636,5.51172314492065,0.13922740341105647
650.0,0.3665032046990376,3.0,2.5,-0.03769305952844636,5.51172314492065,0.13922740341105647
650.0,0.3665032046990376,3.0,3.5,0.03940519513660708,5.51172314492065,0.13922740341105647
650.0,0.3665032046990376,3.0,5.0,0.21425933878729017,5.51172314492065,0.13922740341105647
650.0,0.3665032046990376,3.0,7.0,0.36578240996474015,5.51172314492065,0.13922740341105647
650.0,0.3665032046990376,3.0,10.0,0.49383328095545825,5.51172314492065,0.13922740341105647
650.0,0.3665032046990376,3.0,14.0,0.599594441613796,5.51172314492065,0.13922740341105647
650.0,0.3665032046990376,3.0,20.0,0.6906640021578904,5.51172314492065,0.13922740341105647
650.0,0.4050942113609619,3.0,0.5,-0.01756374761645832,5.034819805418745,0.09992394058000671
650.0,0.4050942113609619,3.0,0.8,-0.038775709900332654,5.034819805418745,0.09992394058000671
650.0,0.4050942113609619,3.0,1.2,-0.059143814847007585,5.034819805418745,0.09992394058000671
650.0,0.4050942113609619,3.0,1.8,-0.052067033999394274,5.034819805418745,0.09992394058000671
650.0,0.4050942113609619,3.0,2.5,-0.02688380385973686,5.034819805418745,0.09992394058000671
650.0,0.4050942113609619,3.0,3.5,0.08436347614338856,5.034819805418745,0.09992394058000671
650.0,0.4050942113609619,3.0,5.0,0.2590922491738177,5.034819805418745,0.09992394058000671
650.0,0.4050942113609619,3.0,7.0,0.39954474049483707,5.034819805418745,0.09992394058000671
650.0,0.4050942113609619,3.0,10.0,0.5229249021643734,5.034819805418745,0.09992394058000671
650.0,0.4050942113609619,3.0,14.0,0.6228513795079528,5.034819805418745,0.09992394058000671
650.0,0.4050942113609619,3.0,20.0,0.7096881623582791,5.034819805418745,0.09992394058000671
650.0,0.4477486635155488,3.0,0.5,-0.021007646558866788,4.621106861498141,0.06268602021657388
650.0,0.4477486635155488,3.0,0.8,-0.04433482308956752,4.621106861498141,0.06268602021657388
650.0,0.4477486635155488,3.0,1.2,-0.06053006422965248,4.621106861498141,0.06268602021657388
650.0,0.4477486635155488,3.0,1.8,-0.04712432678301831,4.621106861498141,0.06268602021657388
650.0,0.4477486635155488,3.0,2.5,-0.007530704513313537,4.621106861498141,0.06268602021657388
650.0,0.4477486635155488,3.0,3.5,0.13168185362822032,4.621106861498141,0.06268602021657388
650.0,0.4477486635155488,3.0,5.0,0.2979575236102118,4.621106861498141,0.06268602021657388
650.0,0.4477486635155488,3.0,7.0,0.4279029563915782,4.621106861498141,0.06268602021657388
650.0,0.4477486635155488,3.0,10.0,0.5486442963095057,4.621106861498141,0.06268602021657388
650.0,0.4477486635155488,3.0,14.0,0.6438604993536211,4.621106861498141,0.06268602021657388
650.0,0.4477486635155488,3.0,20.0,0.7266894887639852,4.621106861498141,0.06268602021657388
650.0,0.4884268966112874,3.0,0.5,-0.02441996351522943,4.313839944761388,0.03280403622659378
650.0,0.4884268966112874,3.0,0.8,-0.048961751734617,4.313839944761388,0.03280403622659378
650.0,0.4884268966112874,3.0,1.2,-0.05949395884268875,4.313839944761388,0.03280403622659378
650.0,0.4884268966112874,3.0,1.8,-0.04234960043353658,4.313839944761388,0.03280403622659378
650.0,0.4884268966112874,3.0,2.5,0.018352383032087444,4.313839944761388,0.03280403622659378
650.0,0.4884268966112874,3.0,3.5,0.17000667700510555,4.313839944761388,0.03280403622659378
650.0,0.4884268966112874,3.0,5.0,0.32568334129712606,4.313839944761388,0.03280403622659378
650.0,0.4884268966112874,3.0,7.0,0.4484002488230647,4.313839944761388,0.03280403622659378
650.0,0.4884268966112874,3.0,10.0,0.5674426159444625,4.313839944761388,0.03280403622659378
650.0,0.4884268966112874,3.0,14.0,0.6596676202678606,4.313839944761388,0.03280403622659378
650.0,0.4884268966112874,3.0,20.0,0.7394077971477189,4.313839944761388,0.03280403622659378
650.0,0.4948944222294061,3.0,0.5,-0.024975347903106973,4.271720268996391,0.028542814113674247
650.0,0.4948944222294061,3.0,0.8,-0.04963561836888244,4.271720268996391,0.028542814113674247
650.0,0.4948944222294061,3.0,1.2,-0.05916712032348299,4.271720268996391,0.028542814113674247
650.0,0.4948944222294061,3.0,1.8,-0.04151575358160245,4.271720268996391,0.028542814113674247
650.0,0.4948944222294061,3.0,2.5,0.022965898027610062,4.271720268996391,0.028542814113674247
650.0,0.4948944222294061,3.0,3.5,0.17537059548171402,4.271720268996391,0.028542814113674247
650.0,0.4948944222294061,3.0,5.0,0.32933359224259035,4.271720268996391,0.028542814113674247
650.0,0.4948944222294061,3.0,7.0,0.45126779816949697,4.271720268996391,0.028542814113674247
650.0,0.4948944222294061,3.0,10.0,0.5699725117806818,4.271720268996391,0.028542814113674247
650.0,0.4948944222294061,3.0,14.0,0.6618300365474744,4.271720268996391,0.028542814113674247
650.0,0.4948944222294061,3.0,20.0,0.7411744839415954,4.271720268996391,0.028542814113674247
650.0,0.5141335753803026,3.0,0.5,-0.026591607393150196,4.156343340713095,0.016651424558663683
650.0,0.5141335753803026,3.0,0.8,-0.05147937540603086,4.156343340713095,0.016651424558663683
650.0,0.5141335753803026,3.0,1.2,-0.057917953961076865,4.156343340713095,0.016651424558663683
650.0,0.5141335753803026,3.0,1.8,-0.038832021531929294,4.156343340713095,0.016651424558663683
650.0,0.5141335753803026,3.0,2.5,0.03712550968422351,4.156343340713095,0.016651424558663683
650.0,0.5141335753803026,3.0,3.5,0.1901078657703451,4.156343340713095,0.016651424558663683
650.0,0.5141335753803026,3.0,5.0,0.33900294170689055,4.156343340713095,0.016651424558663683
650.0,0.5141335753803026,3.0,7.0,0.459207352130587,4.156343340713095,0.016651424558663683
650.0,0.5141335753803026,3.0,10.0,0.5767702361656917,4.156343340713095,0.016651424558663683
650.0,0.5141335753803026,3.0,14.0,0.6676841812502816,4.156343340713095,0.016651424558663683
650.0,0.5141335753803026,3.0,20.0,0.7459718281555767,4.156343340713095,0.016651424558663683
650.0,0.5398402541493177,3.0,0.5,-0.028769615057730975,4.023934158585684,0.0025908746570717446
650.0,0.5398402541493177,3.0,0.8,-0.05355748391573084,4.023934158585684,0.0025908746570717446
650.0,0.5398402541493177,3.0,1.2,-0.05582356190650911,4.023934158585684,0.0025908746570717446
650.0,0.5398402541493177,3.0,1.8,-0.03449505038613679,4.023934158585684,0.0025908746570717446
650.0,0.5398402541493177,3.0,2.5,0.05645672506985464,4.023934158585684,0.0025908746570717446
650.0,0.5398402541493177,3.0,3.5,0.20694966704087234,4.023934158585684,0.0025908746570717446
650.0,0.5398402541493177,3.0,5.0,0.3493573611042188,4.023934158585684,0.0025908746570717446
650.0,0.5398402541493177,3.0,7.0,0.46842429788094375,4.023934158585684,0.0025908746570717446
650.0,0.5398402541493177,3.0,10.0,0.5843214574256935,4.023934158585684,0.0025908746570717446
650.0,0.5398402541493177,3.0,14.0,0.6743066381702403,4.023934158585684,0.0025908746570717446
650.0,0.5398402541493177,3.0,20.0,0.7515690265781338,4.023934158585684,0.0025908746570717446
650.0,0.5470044002605323,3.0,0.5,-0.02937731975073924,3.991219446925364,-0.0009543843235258471
650.0,0.5470044002605323,3.0,0.8,-0.0540597885986091,3.991219446925364,-0.0009543843235258471
650.0,0.5470044002605323,3.0,1.2,-0.055188527905838135,3.991219446925364,-0.0009543843235258471
650.0,0.5470044002605323,3.0,1.8,-0.03307567629883239,3.991219446925364,-0.0009543843235258471
650.0,0.5470044002605323,3.0,2.5,0.061794402145794625,3.991219446925364,-0.0009543843235258471
650.0,0.5470044002605323,3.0,3.5,0.21106139496826437,3.991219446925364,-0.0009543843235258471
650.0,0.5470044002605323,3.0,5.0,0.3517529038840298,3.991219446925364,-0.0009543843235258471
650.0,0.5470044002605323,3.0,7.0,0.47068288936578834,3.991219446925364,-0.0009543843235258471
650.0,0.5470044002605323,3.0,10.0,0.5861393780098361,3.991219446925364,-0.0009543843235258471
650.0,0.5470044002605323,3.0,14.0,0.6759203554946844,3.991219446925364,-0.0009543843235258471
650.0,0.5470044002605323,3.0,20.0,0.7529407237079614,3.991219446925364,-0.0009543843235258471
650.0,0.5981983366743842,3.0,0.5,-0.03357492167708182,3.803204325008425,-0.021910333063381637
650.0,0.5981983366743842,3.0,0.8,-0.056587468903354955,3.803204325008425,-0.021910333063381637
650.0,0.5981983366743842,3.0,1.2,-0.050372325560362856,3.803204325008425,-0.021910333063381637
650.0,0.5981983366743842,3.0,1.8,-0.019959728042841785,3.803204325008425,-0.021910333063381637
650.0,0.5981983366743842,3.0,2.5,0.0965047977035654,3.803204325008425,-0.021910333063381637
650.0,0.5981983366743842,3.0,3.5,0.23283400192795384,3.803204325008425,-0.021910333063381637
650.0,0.5981983366743842,3.0,5.0,0.36315748502420764,3.803204325008425,-0.021910333063381637
650.0,0.5981983366743842,3.0,7.0,0.482752258777104,3.803204325008425,-0.021910333063381637
650.0,0.5981983366743842,3.0,10.0,0.5962090992840794,3.803204325008425,-0.021910333063381637
650.0,0.5981983366743842,3.0,14.0,0.685043844945646,3.803204325008425,-0.021910333063381637
650.0,0.5981983366743842,3.0,20.0,0.7608263745325412,3.803204325008425,-0.021910333063381637
650.0,0.6046013057825199,3.0,0.5,-0.03409560645906782,3.7847887797822675,-0.02401834377579369
650.0,0.6046013057825199,3.0,0.8,-0.0567462038568986,3.7847887797822675,-0.02401834377579369
650.0,0.6046013057825199,3.0,1.2,-0.04976473223564038,3.7847887797822675,-0.02401834377579369
650.0,0.6046013057825199,3.0,1.8,-0.01793446353083066,3.7847887797822675,-0.02401834377579369
650.0,0.6046013057825199,3.0,2.5,0.10025867183362103,3.7847887797822675,-0.02401834377579369
650.0,0.6046013057825199,3.0,3.5,0.23465369185468593,3.7847887797822675,-0.02401834377579369
650.0,0.6046013057825199,3.0,5.0,0.36392203231842135,3.7847887797822675,-0.02401834377579369
650.0,0.6046013057825199,3.0,7.0,0.48376084823273874,3.7847887797822675,-0.02401834377579369
650.0,0.6046013057825199,3.0,10.0,0.5971239917260566,3.7847887797822675,-0.02401834377579369
650.0,0.6046013057825199,3.0,14.0,0.6858997964546378,3.7847887797822675,-0.02401834377579369
650.0,0.6046013057825199,3.0,20.0,0.7615849257199053,3.7847887797822675,-0.02401834377579369
650.0,0.6296824596572466,3.0,0.5,-0.03606382440014871,3.7241989887462195,-0.0310271134854553
650.0,0.6296824596572466,3.0,0.8,-0.057068054530527206,3.7241989887462195,-0.0310271134854553
650.0,0.6296824596572466,3.0,1.2,-0.047471916820515644,3.7241989887462195,-0.0310271134854553
650.0,0.6296824596572466,3.0,1.8,-0.00923240526457446,3.7241989887462195,-0.0310271134854553
650.0,0.6296824596572466,3.0,2.5,0.1133126472355111,3.7241989887462195,-0.0310271134854553
650.0,0.6296824596572466,3.0,3.5,0.23990897663929503,3.7241989887462195,-0.0310271134854553
650.0,0.6296824596572466,3.0,5.0,0.3656395462093941,3.7241989887462195,-0.0310271134854553
650.0,0.6296824596572466,3.0,7.0,0.48667665202374316,3.7241989887462195,-0.0310271134854553
650.0,0.6296824596572466,3.0,10.0,0.5999666082487712,3.7241989887462195,-0.0310271134854553
650.0,0.6296824596572466,3.0,14.0,0.6886569671706717,3.7241989887462195,-0.0310271134854553
650.0,0.6296824596572466,3.0,20.0,0.7640569784535552,3.7241989887462195,-0.0310271134854553
650.0,0.661166582640109,3.0,0.5,-0.03835651965578928,3.673706286439556,-0.03695555990187894
650.0,0.661166582640109,3.0,0.8,-0.05669996181153829,3.673706286439556,-0.03695555990187894
650.0,0.661166582640109,3.0,1.2,-0.044938411149776696,3.673706286439556,-0.03695555990187894
650.0,0.661166582640109,3.0,1.8,0.0030183454304450186,3.673706286439556,-0.03695555990187894
650.0,0.661166582640109,3.0,2.5,0.12567119940639887,3.673706286439556,-0.03695555990187894
650.0,0.661166582640109,3.0,3.5,0.2424931504172713,3.673706286439556,-0.03695555990187894
650.0,0.661166582640109,3.0,5.0,0.36522476347591243,3.673706286439556,-0.03695555990187894
650.0,0.661166582640109,3.0,7.0,0.4880363379151801,3.673706286439556,-0.03695555990187894
650.0,0.661166582640109,3.0,10.0,0.6018507248002293,3.673706286439556,-0.03695555990187894
650.0,0.661166582640109,3.0,14.0,0.6907807325413947,3.673706286439556,-0.03695555990187894
650.0,0.661166582640109,3.0,20.0,0.7662248177232989,3.673706286439556,-0.03695555990187894
650.0,0.6682628855998672,3.0,0.5,-0.038841488196879596,3.666224138550248,-0.037840978830532716
650.0,0.6682628855998672,3.0,0.8,-0.05649793870220925,3.666224138550248,-0.037840978830532716
650.0,0.6682628855998672,3.0,1.2,-0.044433285467999656,3.666224138550248,-0.037840978830532716
650.0,0.6682628855998672,3.0,1.8,0.005898583650544381,3.666224138550248,-0.037840978830532716
650.0,0.6682628855998672,3.0,2.5,0.12779876316136432,3.666224138550248,-0.037840978830532716
650.0,0.6682628855998672,3.0,3.5,0.2424864156767953,3.666224138550248,-0.037840978830532716
650.0,0.6682628855998672,3.0,5.0,0.364796505134586,3.666224138550248,-0.037840978830532716
650.0,0.6682628855998672,3.0,7.0,0.48800418767899995,3.666224138550248,-0.037840978830532716
650.0,0.6682628855998672,3.0,10.0,0.6020247389897904,3.666224138550248,-0.037840978830532716
650.0,0.6682628855998672,3.0,14.0,0.6910639116252822,3.666224138550248,-0.037840978830532716
650.0,0.6682628855998672,3.0,20.0,0.7665689756963875,3.666224138550248,-0.037840978830532716
650.0,0.6907399414154842,3.0,0.5,-0.0403043243461856,3.6520374640846573,-0.03952476727353744
650.0,0.6907399414154842,3.0,0.8,-0.05564517174795001,3.6520374640846573,-0.03952476727353744
650.0,0.6907399414154842,3.0,1.2,-0.042878137074650984,3.6520374640846573,-0.03952476727353744
650.0,0.6907399414154842,3.0,1.8,0.015093507366563808,3.6520374640846573,-0.03952476727353744
650.0,0.6907399414154842,3.0,2.5,0.13288978242495608,3.6520374640846573,-0.03952476727353744
650.0,0.6907399414154842,3.0,3.5,0.2411342131526092,3.6520374640846573,-0.03952476727353744
650.0,0.6907399414154842,3.0,5.0,0.36273060854292244,3.6520374640846573,-0.03952476727353744
650.0,0.6907399414154842,3.0,7.0,0.48710186665211996,3.6520374640846573,-0.03952476727353744
650.0,0.6907399414154842,3.0,10.0,0.6019815364827766,3.6520374640846573,-0.03952476727353744
650.0,0.6907399414154842,3.0,14.0,0.6915040001020233,3.6520374640846573,-0.03952476727353744
650.0,0.6907399414154842,3.0,20.0,0.7673211137743903,3.6520374640846573,-0.03952476727353744
650.0,0.7270946751741939,3.0,0.5,-0.042340332809995856,3.660344650379854,-0.038538011750172206
650.0,0.7270946751741939,3.0,0.8,-0.05343491277280913,3.660344650379854,-0.038538011750172206
650.0,0.7270946751741939,3.0,1.2,-0.04060867311913299,3.660344650379854,-0.038538011750172206
650.0,0.7270946751741939,3.0,1.8,0.029263858592336576,3.660344650379854,-0.038538011750172206
650.0,0.7270946751741939,3.0,2.5,0.1359049505215049,3.660344650379854,-0.038538011750172206
650.0,0.7270946751741939,3.0,3.5,0.23490045927244585,3.660344650379854,-0.038538011750172206
650.0,0.7270946751741939,3.0,5.0,0.3572111662046617,3.660344650379854,-0.038538011750172206
650.0,0.7270946751741939,3.0,7.0,0.4831953021538201,3.660344650379854,-0.038538011750172206
650.0,0.7270946751741939,3.0,10.0,0.6000707448930275,3.660344650379854,-0.038538011750172206
650.0,0.7270946751741939,3.0,14.0,0.6908334473454061,3.660344650379854,-0.038538011750172206
650.0,0.7270946751741939,3.0,20.0,0.7674998590521396,3.660344650379854,-0.038538011750172206
650.0,0.7386277204483878,3.0,0.5,-0.04287678540755127,3.671340060387782,-0.0372353781369852
650.0,0.7386277204483878,3.0,0.8,-0.052591825048150534,3.671340060387782,-0.0372353781369852
650.0,0.7386277204483878,3.0,1.2,-0.039907251907571585,3.671340060387782,-0.0372353781369852
650.0,0.7386277204483878,3.0,1.8,0.033302943477843946,3.671340060387782,-0.0372353781369852
650.0,0.7386277204483878,3.0,2.5,0.13550607280544388,3.671340060387782,-0.0372353781369852
650.0,0.7386277204483878,3.0,3.5,0.23193801004099482,3.671340060387782,-0.0372353781369852
650.0,0.7386277204483878,3.0,5.0,0.35489293846031617,3.671340060387782,-0.0372353781369852
650.0,0.7386277204483878,3.0,7.0,0.4813759427497015,3.671340060387782,-0.0372353781369852
650.0,0.7386277204483878,3.0,10.0,0.599029265354121,3.671340060387782,-0.0372353781369852
650.0,0.7386277204483878,3.0,14.0,0.6903163198078859,3.671340060387782,-0.0372353781369852
650.0,0.7386277204483878,3.0,20.0,0.7673192539301392,3.671340060387782,-0.0372353781369852
650.0,0.7634494089329036,3.0,0.5,-0.04381733189251628,3.7502002823327825,-0.028005529149776477
650.0,0.7634494089329036,3.0,0.8,-0.05048326037103943,3.7502002823327825,-0.028005529149776477
650.0,0.7634494089329036,3.0,1.2,-0.03842092050131684,3.7502002823327825,-0.028005529149776477
650.0,0.7634494089329036,3.0,1.8,0.04083955212867519,3.7502002823327825,-0.028005529149776477
650.0,0.7634494089329036,3.0,2.5,0.1326044366827298,3.7502002823327825,-0.028005529149776477
650.0,0.7634494089329036,3.0,3.5,0.22411848866173725,3.7502002823327825,-0.028005529149776477
650.0,0.7634494089329036,3.0,5.0,0.348894148819798,3.7502002823327825,-0.028005529149776477
650.0,0.7634494089329036,3.0,7.0,0.4764972265667866,3.7502002823327825,-0.028005529149776477
650.0,0.7634494089329036,3.0,10.0,0.596047174639913,3.7502002823327825,-0.028005529149776477
650.0,0.7634494089329036,3.0,14.0,0.6886741506167116,3.7502002823327825,-0.028005529149776477
650.0,0.7634494089329036,3.0,20.0,0.7665220388624974,3.7502002823327825,-0.028005529149776477
650.0,0.8164016305125923,3.0,0.5,-0.04475118218762934,4.199105655638836,0.021096810931708256
650.0,0.8164016305125923,3.0,0.8,-0.045388702040937964,4.199105655638836,0.021096810931708256
650.0,0.8164016305125923,3.0,1.2,-0.034719037059541005,4.199105655638836,0.021096810931708256
650.0,0.8164016305125923,3.0,1.8,0.049648107247411,4.199105655638836,0.021096810931708256
650.0,0.8164016305125923,3.0,2.5,0.11748649099939311,4.199105655638836,0.021096810931708256
650.0,0.8164016305125923,3.0,3.5,0.20165543575505274,4.199105655638836,0.021096810931708256
650.0,0.8164016305125923,3.0,5.0,0.331649517689792,4.199105655638836,0.021096810931708256
650.0,0.8164016305125923,3.0,7.0,0.462485258002007,4.199105655638836,0.021096810931708256
650.0,0.8164016305125923,3.0,10.0,0.5869538420205958,4.199105655638836,0.021096810931708256
650.0,0.8164016305125923,3.0,14.0,0.6830200074260985,4.199105655638836,0.021096810931708256
650.0,0.8164016305125923,3.0,20.0,0.7632278747292204,4.199105655638836,0.021096810931708256
650.0,0.8459802007139411,3.0,0.5,-0.044427364335138,4.528551646676494,0.053899333768086484
650.0,0.8459802007139411,3.0,0.8,-0.04241120141827622,4.528551646676494,0.053899333768086484
650.0,0.8459802007139411,3.0,1.2,-0.03211741706167976,4.528551646676494,0.053899333768086484
650.0,0.8459802007139411,3.0,1.8,0.049358576524853204,4.528551646676494,0.053899333768086484
650.0,0.8459802007139411,3.0,2.5,0.10449316264556746,4.528551646676494,0.053899333768086484
650.0,0.8459802007139411,3.0,3.5,0.18628296418109905,4.528551646676494,0.053899333768086484
650.0,0.8459802007139411,3.0,5.0,0.3194815188869394,4.528551646676494,0.053899333768086484
650.0,0.8459802007139411,3.0,7.0,0.4528646606298042,4.528551646676494,0.053899333768086484
650.0,0.8459802007139411,3.0,10.0,0.5804232783112852,4.528551646676494,0.053899333768086484
650.0,0.8459802007139411,3.0,14.0,0.6786585296210299,4.528551646676494,0.053899333768086484
650.0,0.8459802007139411,3.0,20.0,0.760490345879601,4.528551646676494,0.053899333768086484
650.0,0.8905054744357275,3.0,0.5,-0.04256328768921569,5.028715870815962,0.09939710676607624
650.0,0.8905054744357275,3.0,0.8,-0.03826847542499148,5.028715870815962,0.09939710676607624
650.0,0.8905054744357275,3.0,1.2,-0.02739403440861046,5.028715870815962,0.09939710676607624
650.0,0.8905054744357275,3.0,1.8,0.041466631238029586,5.028715870815962,0.09939710676607624
650.0,0.8905054744357275,3.0,2.5,0.0802020457052112,5.028715870815962,0.09939710676607624
650.0,0.8905054744357275,3.0,3.5,0.16025227501047082,5.028715870815962,0.09939710676607624
650.0,0.8905054744357275,3.0,5.0,0.2980888407162679,5.028715870815962,0.09939710676607624
650.0,0.8905054744357275,3.0,7.0,0.43621011189233166,5.028715870815962,0.09939710676607624
650.0,0.8905054744357275,3.0,10.0,0.5687991773689669,5.028715870815962,0.09939710676607624
650.0,0.8905054744357275,3.0,14.0,0.6706935181006362,5.028715870815962,0.09939710676607624
650.0,0.8905054744357275,3.0,20.0,0.7553650894785607,5.028715870815962,0.09939710676607624
650.0,0.9023647554129298,3.0,0.5,-0.04172293250982993,5.150198499889488,0.1097639766929045
650.0,0.9023647554129298,3.0,0.8,-0.03725816247862511,5.150198499889488,0.1097639766929045
650.0,0.9023647554129298,3.0,1.2,-0.026043263667026043,5.150198499889488,0.1097639766929045
650.0,0.9023647554129298,3.0,1.8,0.03787359358120967,5.150198499889488,0.1097639766929045
650.0,0.9023647554129298,3.0,2.5,0.07295659059681114,5.150198499889488,0.1097639766929045
650.0,0.9023647554129298,3.0,3.5,0.1528497188329401,5.150198499889488,0.1097639766929045
650.0,0.9023647554129298,3.0,5.0,0.29182090044966874,5.150198499889488,0.1097639766929045
650.0,0.9023647554129298,3.0,7.0,0.4313533752751508,5.150198499889488,0.1097639766929045
650.0,0.9023647554129298,3.0,10.0,0.5653644251359303,5.150198499889488,0.1097639766929045
650.0,0.9023647554129298,3.0,14.0,0.6683265255427656,5.150198499889488,0.1097639766929045
650.0,0.9023647554129298,3.0,20.0,0.7538100020171485,5.150198499889488,0.1097639766929045
650.0,0.9350307481575139,3.0,0.5,-0.038601609108686805,5.422861419919445,0.13216851494535325
650.0,0.9350307481575139,3.0,0.8,-0.034799531602180696,5.422861419919445,0.13216851494535325
650.0,0.9350307481575139,3.0,1.2,-0.022293872091146014,5.422861419919445,0.13216851494535325
650.0,0.9350307481575139,3.0,1.8,0.025237890020038716,5.422861419919445,0.13216851494535325
650.0,0.9350307481575139,3.0,2.5,0.051859569846188225,5.422861419919445,0.13216851494535325
650.0,0.9350307481575139,3.0,3.5,0.13174648589448634,5.422861419919445,0.13216851494535325
650.0,0.9350307481575139,3.0,5.0,0.27344835559629893,5.422861419919445,0.13216851494535325
650.0,0.9350307481575139,3.0,7.0,0.41710039931424564,5.422861419919445,0.13216851494535325
650.0,0.9350307481575139,3.0,10.0,0.5552034067346643,5.422861419919445,0.13216851494535325
650.0,0.9350307481575139,3.0,14.0,0.6612922460705906,5.422861419919445,0.13216851494535325
650.0,0.9350307481575139,3.0,20.0,0.7491192851866711,5.422861419919445,0.13216851494535325
650.0,0.9973793796812823,3.0,0.5,-0.028958333256289805,5.703546084294026,0.15408496364162752
650.0,0.9973793796812823,3.0,0.8,-0.03151734199482472,5.703546084294026,0.15408496364162752
650.0,0.9973793796812823,3.0,1.2,-0.016702737006761666,5.703546084294026,0.15408496364162752
650.0,0.9973793796812823,3.0,1.8,-0.007379074595766624,5.703546084294026,0.15408496364162752
650.0,0.9973793796812823,3.0,2.5,0.009432348697869864,5.703546084294026,0.15408496364162752
650.0,0.9973793796812823,3.0,3.5,0.09028827421881855,5.703546084294026,0.15408496364162752
650.0,0.9973793796812823,3.0,5.0,0.23503326217144635,5.703546084294026,0.15408496364162752
650.0,0.9973793796812823,3.0,7.0,0.3870468741082782,5.703546084294026,0.15408496364162752
650.0,0.9973793796812823,3.0,10.0,0.5335689743012123,5.703546084294026,0.15408496364162752
650.0,0.9973793796812823,3.0,14.0,0.646169861963465,5.703546084294026,0.15408496364162752
650.0,0.9973793796812823,3.0,20.0,0.7389131139103992,5.703546084294026,0.15408496364162752
650.0,1.102398582221007,3.0,0.5,-6.0093318898632235e-05,6.140783714761313,0.1861638099884436
650.0,1.102398582221007,3.0,0.8,-0.02763658499023901,6.140783714761313,0.1861638099884436
650.0,1.102398582221007,3.0,1.2,-0.02224355741287797,6.140783714761313,0.1861638099884436
650.0,1.102398582221007,3.0,1.8,-0.0682791478681024,6.140783714761313,0.1861638099884436
650.0,1.102398582221007,3.0,2.5,-0.05667665569528517,6.140783714761313,0.1861638099884436
650.0,1.102398582221007,3.0,3.5,0.02150511523021596,6.140783714761313,0.1861638099884436
650.0,1.102398582221007,3.0,5.0,0.16576141936406266,6.140783714761313,0.1861638099884436
650.0,1.102398582221007,3.0,7.0,0.33106323748506616,6.140783714761313,0.1861638099884436
650.0,1.102398582221007,3.0,10.0,0.4930010489459886,6.140783714761313,0.1861638099884436
650.0,1.102398582221007,3.0,14.0,0.6172465249660238,6.140783714761313,0.1861638099884436
650.0,1.102398582221007,3.0,20.0,0.7190800939757473,6.140783714761313,0.1861638099884436
650.0,1.1963966733487683,3.0,0.5,0.03305310192501969,6.937405890250881,0.2391371133978037
650.0,1.1963966733487683,3.0,0.8,-0.019040536388116553,6.937405890250881,0.2391371133978037
650.0,1.1963966733487683,3.0,1.2,-0.0471432308951718,6.937405890250881,0.2391371133978037
650.0,1.1963966733487683,3.0,1.8,-0.10327305653511495,6.937405890250881,0.2391371133978037
650.0,1.1963966733487683,3.0,2.5,-0.09745732630443983,6.937405890250881,0.2391371133978037
650.0,1.1963966733487683,3.0,3.5,-0.03445309839708442,6.937405890250881,0.2391371133978037
650.0,1.1963966733487683,3.0,5.0,0.10605377536854356,6.937405890250881,0.2391371133978037
650.0,1.1963966733487683,3.0,7.0,0.27998039737612473,6.937405890250881,0.2391371133978037
650.0,1.1963966733487683,3.0,10.0,0.45496391752160986,6.937405890250881,0.2391371133978037
650.0,1.1963966733487683,3.0,14.0,0.5897945457588815,6.937405890250881,0.2391371133978037
650.0,1.1963966733487683,3.0,20.0,0.70001813949135,6.937405890250881,0.2391371133978037
650.0,1.218475796513094,3.0,0.5,0.039627704502056764,7.1927325092863095,0.2548339182845145
650.0,1.218475796513094,3.0,0.8,-0.01554814852309848,7.1927325092863095,0.2548339182845145
650.0,1.218475796513094,3.0,1.2,-0.053875550417407596,7.1927325092863095,0.2548339182845145
650.0,1.218475796513094,3.0,1.8,-0.10671164779242777,7.1927325092863095,0.2548339182845145
650.0,1.218475796513094,3.0,2.5,-0.10363537181015817,7.1927325092863095,0.2548339182845145
650.0,1.218475796513094,3.0,3.5,-0.04610493572484143,7.1927325092863095,0.2548339182845145
650.0,1.218475796513094,3.0,5.0,0.09286214114298019,7.1927325092863095,0.2548339182845145
650.0,1.218475796513094,3.0,7.0,0.26823443061909025,7.1927325092863095,0.2548339182845145
650.0,1.218475796513094,3.0,10.0,0.44604189617700074,7.1927325092863095,0.2548339182845145
650.0,1.218475796513094,3.0,14.0,0.583322766565884,7.1927325092863095,0.2548339182845145
650.0,1.218475796513094,3.0,20.0,0.6955002672499554,7.1927325092863095,0.2548339182845145
650.0,1.2593649193144931,3.0,0.5,0.047797180217739994,7.512123631771991,0.27370273544800144
650.0,1.2593649193144931,3.0,0.8,-0.007525173374732589,7.512123631771991,0.27370273544800144
650.0,1.2593649193144931,3.0,1.2,-0.06439096316736488,7.512123631771991,0.27370273544800144
650.0,1.2593649193144931,3.0,1.8,-0.1077549471896536,7.512123631771991,0.27370273544800144
650.0,1.2593649193144931,3.0,2.5,-0.11145041444865429,7.512123631771991,0.27370273544800144
650.0,1.2593649193144931,3.0,3.5,-0.06561953220521967,7.512123631771991,0.27370273544800144
650.0,1.2593649193144931,3.0,5.0,0.06937878662015118,7.512123631771991,0.27370273544800144
650.0,1.2593649193144931,3.0,7.0,0.2468412202607873,7.512123631771991,0.27370273544800144
650.0,1.2593649193144931,3.0,10.0,0.42968345412965014,7.512123631771991,0.27370273544800144
650.0,1.2593649193144931,3.0,14.0,0.5714092896502927,7.512123631771991,0.27370273544800144
650.0,1.2593649193144931,3.0,20.0,0.6871561225877107,7.512123631771991,0.27370273544800144
650.0,1.322333165280218,3.0,0.5,0.04661148431286127,7.849802565698623,0.29279874239742765
650.0,1.322333165280218,3.0,0.8,0.0074999011488594,7.849802565698623,0.29279874239742765
650.0,1.322333165280218,3.0,1.2,-0.06948492284157849,7.849802565698623,0.29279874239742765
650.0,1.322333165280218,3.0,1.8,-0.0968347110337948,7.849802565698623,0.29279874239742765
650.0,1.322333165280218,3.0,2.5,-0.11447841193811843,7.849802565698623,0.29279874239742765
650.0,1.322333165280218,3.0,3.5,-0.08954510764124123,7.849802565698623,0.29279874239742765
650.0,1.322333165280218,3.0,5.0,0.035782797578185234,7.849802565698623,0.29279874239742765
650.0,1.322333165280218,3.0,7.0,0.21491956317557168,7.849802565698623,0.29279874239742765
650.0,1.322333165280218,3.0,10.0,0.40500984024148784,7.849802565698623,0.29279874239742765
650.0,1.322333165280218,3.0,14.0,0.55328927423972,7.849802565698623,0.29279874239742765
650.0,1.322333165280218,3.0,20.0,0.6744093839239043,7.849802565698623,0.29279874239742765
650.0,1.3467753774655815,3.0,0.5,0.04164360010569534,7.9870110585204666,0.3003242944130219
650.0,1.3467753774655815,3.0,0.8,0.013500761560974054,7.9870110585204666,0.3003242944130219
650.0,1.3467753774655815,3.0,1.2,-0.06628053540648224,7.9870110585204666,0.3003242944130219
650.0,1.3467753774655815,3.0,1.8,-0.089238350882042,7.9870110585204666,0.3003242944130219
650.0,1.3467753774655815,3.0,2.5,-0.1129137121498904,7.9870110585204666,0.3003242944130219
650.0,1.3467753774655815,3.0,3.5,-0.09665730120768366,7.9870110585204666,0.3003242944130219
650.0,1.3467753774655815,3.0,5.0,0.023630779356283136,7.9870110585204666,0.3003242944130219
650.0,1.3467753774655815,3.0,7.0,0.2028857297620916,7.9870110585204666,0.3003242944130219
650.0,1.3467753774655815,3.0,10.0,0.3955911605669822,7.9870110585204666,0.3003242944130219
650.0,1.3467753774655815,3.0,14.0,0.5463330053757559,7.9870110585204666,0.3003242944130219
650.0,1.3467753774655815,3.0,20.0,0.6695072546829329,7.9870110585204666,0.3003242944130219
650.0,1.4885842809008711,3.0,0.5,0.0011883912080358989,9.213681372225716,0.36237319806505774
650.0,1.4885842809008711,3.0,0.8,0.0382897865846618,9.213681372225716,0.36237319806505774
650.0,1.4885842809008711,3.0,1.2,0.0023948428156502976,9.213681372225716,0.36237319806505774
650.0,1.4885842809008711,3.0,1.8,-0.03277714850312993,9.213681372225716,0.36237319806505774
650.0,1.4885842809008711,3.0,2.5,-0.08372606503830612,9.213681372225716,0.36237319806505774
650.0,1.4885842809008711,3.0,3.5,-0.11538445033270346,9.213681372225716,0.36237319806505774
650.0,1.4885842809008711,3.0,5.0,-0.036581441596344966,9.213681372225716,0.36237319806505774
650.0,1.4885842809008711,3.0,7.0,0.13676947427438257,9.213681372225716,0.36237319806505774
650.0,1.4885842809008711,3.0,10.0,0.3420301713217438,9.213681372225716,0.36237319806505774
650.0,1.4885842809008711,3.0,14.0,0.5064824674572628,9.213681372225716,0.36237319806505774
650.0,1.4885842809008711,3.0,20.0,0.6412158560846161,9.213681372225716,0.36237319806505774
650.0,1.645324972836306,3.0,0.5,-0.009435802387127183,10.382133734343515,0.41422662748508166
650.0,1.645324972836306,3.0,0.8,0.04670652480712371,10.382133734343515,0.41422662748508166
650.0,1.645324972836306,3.0,1.2,0.03554372687710111,10.382133734343515,0.41422662748508166
650.0,1.645324972836306,3.0,1.8,-0.010454722856469261,10.382133734343515,0.41422662748508166
650.0,1.645324972836306,3.0,2.5,-0.04376442129700256,10.382133734343515,0.41422662748508166
650.0,1.645324972836306,3.0,3.5,-0.1064886029466274,10.382133734343515,0.41422662748508166
650.0,1.645324972836306,3.0,5.0,-0.08477465733676384,10.382133734343515,0.41422662748508166
650.0,1.645324972836306,3.0,7.0,0.06814974312127116,10.382133734343515,0.41422662748508166
650.0,1.645324972836306,3.0,10.0,0.2826551635233855,10.382133734343515,0.41422662748508166
650.0,1.645324972836306,3.0,14.0,0.46155907578392197,10.382133734343515,0.41422662748508166
650.0,1.645324972836306,3.0,20.0,0.6090379834695404,10.382133734343515,0.41422662748508166
650.0,1.8185696980492723,3.0,0.5,-0.021419940188884313,11.76069407060096,0.4683729615462753
650.0,1.8185696980492723,3.0,0.8,-0.0054663774636378995,11.76069407060096,0.4683729615462753
650.0,1.8185696980492723,3.0,1.2,-0.0256646558992162,11.76069407060096,0.4683729615462753
650.0,1.8185696980492723,3.0,1.8,-0.043613928665028584,11.76069407060096,0.4683729615462753
650.0,1.8185696980492723,3.0,2.5,-0.027150198508588397,11.76069407060096,0.4683729615462753
650.0,1.8185696980492723,3.0,3.5,-0.07977182312517771,11.76069407060096,0.4683729615462753
650.0,1.8185696980492723,3.0,5.0,-0.11626621165468072,11.76069407060096,0.4683729615462753
650.0,1.8185696980492723,3.0,7.0,-0.0009425936359591242,11.76069407060096,0.4683729615462753
650.0,1.8185696980492723,3.0,10.0,0.21655161667223255,11.76069407060096,0.4683729615462753
650.0,1.8185696980492723,3.0,14.0,0.4105653634804118,11.76069407060096,0.4683729615462753
650.0,1.8185696980492723,3.0,20.0,0.5722112517772868,11.76069407060096,0.4683729615462753
650.0,2.0100562510528768,3.0,0.5,0.04234039015406231,13.352123017834808,0.5234903336704235
650.0,2.0100562510528768,3.0,0.8,-0.0003126094500974829,13.352123017834808,0.5234903336704235
650.0,2.0100562510528768,3.0,1.2,0.058528223313908626,13.352123017834808,0.5234903336704235
650.0,2.0100562510528768,3.0,1.8,-0.03959968652344085,13.352123017834808,0.5234903336704235
650.0,2.0100562510528768,3.0,2.5,-0.04644188304357029,13.352123017834808,0.5234903336704235
650.0,2.0100562510528768,3.0,3.5,-0.04518172517794328,13.352123017834808,0.5234903336704235
650.0,2.0100562510528768,3.0,5.0,-0.1175024188230654,13.352123017834808,0.5234903336704235
650.0,2.0100562510528768,3.0,7.0,-0.060065029666733695,13.352123017834808,0.5234903336704235
650.0,2.0100562510528768,3.0,10.0,0.14715820685362438,13.352123017834808,0.5234903336704235
650.0,2.0100562510528768,3.0,14.0,0.35524508444160396,13.352123017834808,0.5234903336704235
650.0,2.0100562510528768,3.0,20.0,0.5318693757048155,13.352123017834808,0.5234903336704235
650.0,2.2217054076787313,3.0,0.5,-0.017070503529464397,15.029378694011328,0.5748810361425332
650.0,2.2217054076787313,3.0,0.8,-0.013914840896398103,15.029378694011328,0.5748810361425332
650.0,2.2217054076787313,3.0,1.2,-0.02579278168712859,15.029378694011328,0.5748810361425332
650.0,2.2217054076787313,3.0,1.8,0.016983831593713108,15.029378694011328,0.5748810361425332
650.0,2.2217054076787313,3.0,2.5,-0.06418834462651121,15.029378694011328,0.5748810361425332
650.0,2.2217054076787313,3.0,3.5,-0.035650731261543805,15.029378694011328,0.5748810361425332
650.0,2.2217054076787313,3.0,5.0,-0.09700095602691647,15.029378694011328,0.5748810361425332
650.0,2.2217054076787313,3.0,7.0,-0.10196521237987415,15.029378694011328,0.5748810361425332
650.0,2.2217054076787313,3.0,10.0,0.07491208077741102,15.029378694011328,0.5748810361425332
650.0,2.2217054076787313,3.0,14.0,0.29442168081862985,15.029378694011328,0.5748810361425332
650.0,2.2217054076787313,3.0,20.0,0.48703865027331383,15.029378694011328,0.5748810361425332
650.0,2.455640192120709,3.0,0.5,0.03663098280435991,16.972494267137733,0.6276856793252349
650.0,2.455640192120709,3.0,0.8,0.06139231488499266,16.972494267137733,0.6276856793252349
650.0,2.455640192120709,3.0,1.2,0.018914780609254826,16.972494267137733,0.6276856793252349
650.0,2.455640192120709,3.0,1.8,0.019372107160443186,16.972494267137733,0.6276856793252349
650.0,2.455640192120709,3.0,2.5,-0.04052465417644499,16.972494267137733,0.6276856793252349
650.0,2.455640192120709,3.0,3.5,-0.04809124643442632,16.972494267137733,0.6276856793252349
650.0,2.455640192120709,3.0,5.0,-0.06856749825139315,16.972494267137733,0.6276856793252349
650.0,2.455640192120709,3.0,7.0,-0.1188031202716072,16.972494267137733,0.6276856793252349
650.0,2.455640192120709,3.0,10.0,0.004728467770411146,16.972494267137733,0.6276856793252349
650.0,2.455640192120709,3.0,14.0,0.22855284956785676,16.972494267137733,0.6276856793252349
650.0,2.455640192120709,3.0,20.0,0.4377827533310424,16.972494267137733,0.6276856793252349
650.0,2.714207172704789,3.0,0.5,-0.0007389186854111887,19.138722776156595,0.6798529604108973
650.0,2.714207172704789,3.0,0.8,0.030999285435114744,19.138722776156595,0.6798529604108973
650.0,2.714207172704789,3.0,1.2,-0.009455688925375128,19.138722776156595,0.6798529604108973
650.0,2.714207172704789,3.0,1.8,-0.0034268646958415653,19.138722776156595,0.6798529604108973
650.0,2.714207172704789,3.0,2.5,-0.0010597885126165999,19.138722776156595,0.6798529604108973
650.0,2.714207172704789,3.0,3.5,-0.06897600574008111,19.138722776156595,0.6798529604108973
650.0,2.714207172704789,3.0,5.0,-0.04332958574315233,19.138722776156595,0.6798529604108973
650.0,2.714207172704789,3.0,7.0,-0.11511583635257758,19.138722776156595,0.6798529604108973
650.0,2.714207172704789,3.0,10.0,-0.05567295089799221,19.138722776156595,0.6798529604108973
650.0,2.714207172704789,3.0,14.0,0.1577716921053619,19.138722776156595,0.6798529604108973
650.0,2.714207172704789,3.0,20.0,0.38361788795315316,19.138722776156595,0.6798529604108973
650.0,3.0000000000000004,3.0,0.5,-0.00878686655369659,21.46973855307547,0.7297667645359539
650.0,3.0000000000000004,3.0,0.8,-0.011516427607558437,21.46973855307547,0.7297667645359539
650.0,3.0000000000000004,3.0,1.2,0.007193135411459965,21.46973855307547,0.7297667645359539
650.0,3.0000000000000004,3.0,1.8,0.0035069099289055322,21.46973855307547,0.7297667645359539
650.0,3.0000000000000004,3.0,2.5,0.007424972228400424,21.46973855307547,0.7297667645359539
650.0,3.0000000000000004,3.0,3.5,-0.06231587964157304,21.46973855307547,0.7297667645359539
650.0,3.0000000000000004,3.0,5.0,-0.03932393322256313,21.46973855307547,0.7297667645359539
650.0,3.0000000000000004,3.0,7.0,-0.09649177663307074,21.46973855307547,0.7297667645359539
650.0,3.0000000000000004,3.0,10.0,-0.09630930890759722,21.46973855307547,0.7297667645359539
650.0,3.0000000000000004,3.0,14.0,0.08393436530294295,21.46973855307547,0.7297667645359539
650.0,3.0000000000000004,3.0,20.0,0.324431501644345,21.46973855307547,0.7297667645359539
700.0,0.3,3.0,0.5,-0.007608326528309746,7.165393690812647,0.253180065659466
700.0,0.3,3.0,0.8,-0.02104895207835879,7.165393690812647,0.253180065659466
700.0,0.3,3.0,1.2,-0.04082814738699696,7.165393690812647,0.253180065659466
700.0,0.3,3.0,1.8,-0.05906698858524864,7.165393690812647,0.253180065659466
700.0,0.3,3.0,2.5,-0.05330333413241635,7.165393690812647,0.253180065659466
700.0,0.3,3.0,3.5,-0.03155356954420967,7.165393690812647,0.253180065659466
700.0,0.3,3.0,5.0,0.07772661816983809,7.165393690812647,0.253180065659466
700.0,0.3,3.0,7.0,0.24843749068620993,7.165393690812647,0.253180065659466
700.0,0.3,3.0,10.0,0.4038615808862859,7.165393690812647,0.253180065659466
700.0,0.3,3.0,14.0,0.5205841692063552,7.165393690812647,0.253180065659466
700.0,0.3,3.0,20.0,0.6273002075547107,7.165393690812647,0.253180065659466
700.0,0.3315885423378064,3.0,0.5,-0.009762789502431512,6.506909536133247,0.21131477756491496
700.0,0.3315885423378064,3.0,0.8,-0.02508389774492584,6.506909536133247,0.21131477756491496
700.0,0.3315885423378064,3.0,1.2,-0.04652030530796986,6.506909536133247,0.21131477756491496
700.0,0.3315885423378064,3.0,1.8,-0.060183327330247324,6.506909536133247,0.21131477756491496
700.0,0.3315885423378064,3.0,2.5,-0.04829302740652543,6.506909536133247,0.21131477756491496
700.0,0.3315885423378064,3.0,3.5,-0.015573454659645335,6.506909536133247,0.21131477756491496
700.0,0.3315885423378064,3.0,5.0,0.12770224438788064,6.506909536133247,0.21131477756491496
700.0,0.3315885423378064,3.0,7.0,0.29454584676286444,6.506909536133247,0.21131477756491496
700.0,0.3315885423378064,3.0,10.0,0.4384719024288317,6.506909536133247,0.21131477756491496
700.0,0.3315885423378064,3.0,14.0,0.5513308874317266,6.506909536133247,0.21131477756491496
700.0,0.3315885423378064,3.0,20.0,0.6516755562397885,6.506909536133247,0.21131477756491496
700.0,0.3665032046990376,3.0,0.5,-0.012409225943176441,5.919775685729937,0.17024525926398026
700.0,0.3665032046990376,3.0,0.8,-0.0296685076845883,5.919775685729937,0.17024525926398026
700.0,0.3665032046990376,3.0,1.2,-0.05198045541034075,5.919775685729937,0.17024525926398026
700.0,0.3665032046990376,3.0,1.8,-0.058840857718646174,5.919775685729937,0.17024525926398026
700.0,0.3665032046990376,3.0,2.5,-0.04278990666875975,5.919775685729937,0.17024525926398026
700.0,0.3665032046990376,3.0,3.5,0.011505016047370156,5.919775685729937,0.17024525926398026
700.0,0.3665032046990376,3.0,5.0,0.17787100177807305,5.919775685729937,0.17024525926398026
700.0,0.3665032046990376,3.0,7.0,0.33636221366634084,5.919775685729937,0.17024525926398026
700.0,0.3665032046990376,3.0,10.0,0.469831952487041,5.919775685729937,0.17024525926398026
700.0,0.3665032046990376,3.0,14.0,0.579415154144062,5.919775685729937,0.17024525926398026
700.0,0.3665032046990376,3.0,20.0,0.6743022323997007,5.919775685729937,0.17024525926398026
700.0,0.4050942113609619,3.0,0.5,-0.015289808802484468,5.4003906338829255,0.13036518405128067
700.0,0.4050942113609619,3.0,0.8,-0.03474616893040161,5.4003906338829255,0.13036518405128067
700.0,0.4050942113609619,3.0,1.2,-0.056568578817544984,5.4003906338829255,0.13036518405128067
700.0,0.4050942113609619,3.0,1.8,-0.05537252848502971,5.4003906338829255,0.13036518405128067
700.0,0.4050942113609619,3.0,2.5,-0.03547484814246987,5.4003906338829255,0.13036518405128067
700.0,0.4050942113609619,3.0,3.5,0.050238411444293224,5.4003906338829255,0.13036518405128067
700.0,0.4050942113609619,3.0,5.0,0.22527962888092906,5.4003906338829255,0.13036518405128067
700.0,0.4050942113609619,3.0,7.0,0.37325818448872466,5.4003906338829255,0.13036518405128067
700.0,0.4050942113609619,3.0,10.0,0.49985380929246087,5.4003906338829255,0.13036518405128067
700.0,0.4050942113609619,3.0,14.0,0.6044278214138373,5.4003906338829255,0.13036518405128067
700.0,0.4050942113609619,3.0,20.0,0.6946497540290186,5.4003906338829255,0.13036518405128067
700.0,0.4477486635155488,3.0,0.5,-0.01839296670156252,4.946798179897066,0.09226420099599612
700.0,0.4477486635155488,3.0,0.8,-0.040180994683918815,4.946798179897066,0.09226420099599612
700.0,0.4477486635155488,3.0,1.2,-0.05964232182751912,4.946798179897066,0.09226420099599612
700.0,0.4477486635155488,3.0,1.8,-0.05068371323589291,4.946798179897066,0.09226420099599612
700.0,0.4477486635155488,3.0,2.5,-0.022917074110720026,4.946798179897066,0.09226420099599612
700.0,0.4477486635155488,3.0,3.5,0.0960949715143525,4.946798179897066,0.09226420099599612
700.0,0.4477486635155488,3.0,5.0,0.26778938158706234,4.946798179897066,0.09226420099599612
700.0,0.4477486635155488,3.0,7.0,0.40467883016110046,4.946798179897066,0.09226420099599612
700.0,0.4477486635155488,3.0,10.0,0.5274348292784302,4.946798179897066,0.09226420099599612
700.0,0.4477486635155488,3.0,14.0,0.6264707118356152,4.946798179897066,0.09226420099599612
700.0,0.4477486635155488,3.0,20.0,0.7127322483065702,4.946798179897066,0.09226420099599612
700.0,0.4948944222294061,3.0,0.5,-0.02196652411733595,4.5591860404034925,0.056827322890265236
700.0,0.4948944222294061,3.0,0.8,-0.045672273604261335,4.5591860404034925,0.056827322890265236
700.0,0.4948944222294061,3.0,1.2,-0.06024959626228796,4.5591860404034925,0.056827322890265236
700.0,0.4948944222294061,3.0,1.8,-0.0456963388476253,4.5591860404034925,0.056827322890265236
700.0,0.4948944222294061,3.0,2.5,-0.0009028063425802891,4.5591860404034925,0.056827322890265236
700.0,0.4948944222294061,3.0,3.5,0.14214029121233607,4.5591860404034925,0.056827322890265236
700.0,0.4948944222294061,3.0,5.0,0.3033830766431342,4.5591860404034925,0.056827322890265236
700.0,0.4948944222294061,3.0,7.0,0.4302613607448011,4.5591860404034925,0.056827322890265236
700.0,0.4948944222294061,3.0,10.0,0.551082707426078,4.5591860404034925,0.056827322890265236
700.0,0.4948944222294061,3.0,14.0,0.6460379307404361,4.5591860404034925,0.056827322890265236
700.0,0.4948944222294061,3.0,20.0,0.7286177989208175,4.5591860404034925,0.056827322890265236
700.0,0.5068645446928268,3.0,0.5,-0.022889267947043112,4.476683275735638,0.04889637791229445
700.0,0.5068645446928268,3.0,0.8,-0.04694337152386736,4.476683275735638,0.04889637791229445
700.0,0.5068645446928268,3.0,1.2,-0.05999114515528415,4.476683275735638,0.04889637791229445
700.0,0.5068645446928268,3.0,1.8,-0.04443012154206163,4.476683275735638,0.04889637791229445
700.0,0.5068645446928268,3.0,2.5,0.006022901265092579,4.476683275735638,0.04889637791229445
700.0,0.5068645446928268,3.0,3.5,0.15249111086715422,4.476683275735638,0.04889637791229445
700.0,0.5068645446928268,3.0,5.0,0.3106864234157138,4.476683275735638,0.04889637791229445
700.0,0.5068645446928268,3.0,7.0,0.43555619810762897,4.476683275735638,0.04889637791229445
700.0,0.5068645446928268,3.0,10.0,0.5560341076547854,4.476683275735638,0.04889637791229445
700.0,0.5068645446928268,3.0,14.0,0.6502222209369884,4.476683275735638,0.04889637791229445
700.0,0.5068645446928268,3.0,20.0,0.7320275901777072,4.476683275735638,0.04889637791229445
700.0,0.5335416259924494,3.0,0.5,-0.025001021469865412,4.3132413255575,0.03274376624436429
700.0,0.5335416259924494,3.0,0.8,-0.049578690961201204,4.3132413255575,0.03274376624436429
700.0,0.5335416259924494,3.0,1.2,-0.05885742051991269,4.3132413255575,0.03274376624436429
700.0,0.5335416259924494,3.0,1.8,-0.04141155219065782,4.3132413255575,0.03274376624436429
700.0,0.5335416259924494,3.0,2.5,0.02289936157746135,4.3132413255575,0.03274376624436429
700.0,0.5335416259924494,3.0,3.5,0.17329211272141665,4.3132413255575,0.03274376624436429
700.0,0.5335416259924494,3.0,5.0,0.3246373012670651,4.3132413255575,0.03274376624436429
700.0,0.5335416259924494,3.0,7.0,0.44612391267866064,4.3132413255575,0.03274376624436429
700.0,0.5335416259924494,3.0,10.0,0.5656433687957054,4.3132413255575,0.03274376624436429
700.0,0.5335416259924494,3.0,14.0,0.6584522237861191,4.3132413255575,0.03274376624436429
700.0,0.5335416259924494,3.0,20.0,0.738692701027392,4.3132413255575,0.03274376624436429
700.0,0.5470044002605323,3.0,0.5,-0.026045847623702267,4.24078797845454,0.02538656877876432
700.0,0.5470044002605323,3.0,0.8,-0.05077357268013665,4.24078797845454,0.02538656877876432
700.0,0.5470044002605323,3.0,1.2,-0.05804055512916892,4.24078797845454,0.02538656877876432
700.0,0.5470044002605323,3.0,1.8,-0.03972070305565863,4.24078797845454,0.02538656877876432
700.0,0.5470044002605323,3.0,2.5,0.03192323823353594,4.24078797845454,0.02538656877876432
700.0,0.5470044002605323,3.0,3.5,0.1825470097350941,4.24078797845454,0.02538656877876432
700.0,0.5470044002605323,3.0,5.0,0.3304759537730926,4.24078797845454,0.02538656877876432
700.0,0.5470044002605323,3.0,7.0,0.45086669744586766,4.24078797845454,0.02538656877876432
700.0,0.5470044002605323,3.0,10.0,0.5697733183199949,4.24078797845454,0.02538656877876432
700.0,0.5470044002605323,3.0,14.0,0.6620454772188683,4.24078797845454,0.02538656877876432
700.0,0.5470044002605323,3.0,20.0,0.7416519299072003,4.24078797845454,0.02538656877876432
700.0,0.5602187072920719,3.0,0.5,-0.027066111248787855,4.17583382347726,0.018683216342772146
700.0,0.5602187072920719,3.0,0.8,-0.051851194328651734,4.17583382347726,0.018683216342772146
700.0,0.5602187072920719,3.0,1.2,-0.05712072408810453,4.17583382347726,0.018683216342772146
700.0,0.5602187072920719,3.0,1.8,-0.037914613991282334,4.17583382347726,0.018683216342772146
700.0,0.5602187072920719,3.0,2.5,0.04094384963097325,4.17583382347726,0.018683216342772146
700.0,0.5602187072920719,3.0,3.5,0.1908466595585814,4.17583382347726,0.018683216342772146
700.0,0.5602187072920719,3.0,5.0,0.33548910969606105,4.17583382347726,0.018683216342772146
700.0,0.5602187072920719,3.0,7.0,0.4551580849063643,4.17583382347726,0.018683216342772146
700.0,0.5602187072920719,3.0,10.0,0.5734023293261873,4.17583382347726,0.018683216342772146
700.0,0.5602187072920719,3.0,14.0,0.6652400472157087,4.17583382347726,0.018683216342772146
700.0,0.5602187072920719,3.0,20.0,0.7443142912468869,4.17583382347726,0.018683216342772146
700.0,0.6046013057825199,3.0,0.5,-0.030537690790685787,3.998623140849629,-0.0001495163171812256
700.0,0.6046013057825199,3.0,0.8,-0.05467982687741548,3.998623140849629,-0.0001495163171812256
700.0,0.6046013057825199,3.0,1.2,-0.05341940313360397,3.998623140849629,-0.0001495163171812256
700.0,0.6046013057825199,3.0,1.8,-0.030080449584252208,3.998623140849629,-0.0001495163171812256
700.0,0.6046013057825199,3.0,2.5,0.07067593659910587,3.998623140849629,-0.0001495163171812256
700.0,0.6046013057825199,3.0,3.5,0.21282999218747242,3.998623140849629,-0.0001495163171812256
700.0,0.6046013057825199,3.0,5.0,0.3474297169706916,3.998623140849629,-0.0001495163171812256
700.0,0.6046013057825199,3.0,7.0,0.4665772720800343,3.998623140849629,-0.0001495163171812256
700.0,0.6046013057825199,3.0,10.0,0.582736870988813,3.998623140849629,-0.0001495163171812256
700.0,0.6046013057825199,3.0,14.0,0.673711910065152,3.998623140849629,-0.0001495163171812256
700.0,0.6046013057825199,3.0,20.0,0.7517247158604138,3.998623140849629,-0.0001495163171812256
700.0,0.6207797516027724,3.0,0.5,-0.03175859966299862,3.946771649849057,-0.005817991377680868
700.0,0.6207797516027724,3.0,0.8,-0.05539827714357705,3.946771649849057,-0.005817991377680868
700.0,0.6207797516027724,3.0,1.2,-0.051958374274440805,3.946771649849057,-0.005817991377680868
700.0,0.6207797516027724,3.0,1.8,-0.026425673366047207,3.946771649849057,-0.005817991377680868
700.0,0.6207797516027724,3.0,2.5,0.08063394196511012,3.946771649849057,-0.005817991377680868
700.0,0.6207797516027724,3.0,3.5,0.21855763932219135,3.946771649849057,-0.005817991377680868
700.0,0.6207797516027724,3.0,5.0,0.3500316132330237,3.946771649849057,-0.005817991377680868
700.0,0.6207797516027724,3.0,7.0,0.469517148642188,3.946771649849057,-0.005817991377680868
700.0,0.6207797516027724,3.0,10.0,0.5852085705386827,3.946771649849057,-0.005817991377680868
700.0,0.6207797516027724,3.0,14.0,0.676037314344789,3.946771649849057,-0.005817991377680868
700.0,0.6207797516027724,3.0,20.0,0.7537924153120902,3.946771649849057,-0.005817991377680868
700.0,0.6534523701081816,3.0,0.5,-0.03416258129038583,3.8647839377253397,-0.014934771799754583
700.0,0.6534523701081816,3.0,0.8,-0.05631204580923161,3.8647839377253397,-0.014934771799754583
700.0,0.6534523701081816,3.0,1.2,-0.04902758629493464,3.8647839377253397,-0.014934771799754583
700.0,0.6534523701081816,3.0,1.8,-0.017629255052290717,3.8647839377253397,-0.014934771799754583
700.0,0.6534523701081816,3.0,2.5,0.0983220770315843,3.8647839377253397,-0.014934771799754583
700.0,0.6534523701081816,3.0,3.5,0.22651657015891755,3.8647839377253397,-0.014934771799754583
700.0,0.6534523701081816,3.0,5.0,0.3527045299313397,3.8647839377253397,-0.014934771799754583
700.0,0.6534523701081816,3.0,7.0,0.47350962765360965,3.8647839377253397,-0.014934771799754583
700.0,0.6534523701081816,3.0,10.0,0.5888880212325885,3.8647839377253397,-0.014934771799754583
700.0,0.6534523701081816,3.0,14.0,0.679650776345478,3.8647839377253397,-0.014934771799754583
700.0,0.6534523701081816,3.0,20.0,0.7570592650632287,3.8647839377253397,-0.014934771799754583
700.0,0.6682628855998672,3.0,0.5,-0.03523136051773945,3.8373986540765777,-0.018023072433991524
700.0,0.6682628855998672,3.0,0.8,-0.05644475672204972,3.8373986540765777,-0.018023072433991524
700.0,0.6682628855998672,3.0,1.2,-0.04775123960761684,3.8373986540765777,-0.018023072433991524
700.0,0.6682628855998672,3.0,1.8,-0.013036781704033442,3.8373986540765777,-0.018023072433991524
700.0,0.6682628855998672,3.0,2.5,0.10505054299472949,3.8373986540765777,-0.018023072433991524
700.0,0.6682628855998672,3.0,3.5,0.22858560657673124,3.8373986540765777,-0.018023072433991524
700.0,0.6682628855998672,3.0,5.0,0.35284575607071383,3.8373986540765777,-0.018023072433991524
700.0,0.6682628855998672,3.0,7.0,0.4744643531800848,3.8373986540765777,-0.018023072433991524
700.0,0.6682628855998672,3.0,10.0,0.5899511101952837,3.8373986540765777,-0.018023072433991524
700.0,0.6682628855998672,3.0,14.0,0.6807979918795669,3.8373986540765777,-0.018023072433991524
700.0,0.6682628855998672,3.0,20.0,0.7581495499378108,3.8373986540765777,-0.018023072433991524
700.0,0.6861249886135907,3.0,0.5,-0.03647468591425117,3.812385184211678,-0.020863218216178304
700.0,0.6861249886135907,3.0,0.8,-0.056405616126241793,3.812385184211678,-0.020863218216178304
700.0,0.6861249886135907,3.0,1.2,-0.046317876402455424,3.812385184211678,-0.020863218216178304
700.0,0.6861249886135907,3.0,1.8,-0.007100342031754116,3.812385184211678,-0.020863218216178304
700.0,0.6861249886135907,3.0,2.5,0.11197719319006391,3.812385184211678,-0.020863218216178304
700.0,0.6861249886135907,3.0,3.5,0.22989145454793833,3.812385184211678,-0.020863218216178304
700.0,0.6861249886135907,3.0,5.0,0.3522316898831819,3.812385184211678,-0.020863218216178304
700.0,0.6861249886135907,3.0,7.0,0.474941963097126,3.812385184211678,-0.020863218216178304
700.0,0.6861249886135907,3.0,10.0,0.5907464492426276,3.812385184211678,-0.020863218216178304
700.0,0.6861249886135907,3.0,14.0,0.6817945564267344,3.812385184211678,-0.020863218216178304
700.0,0.6861249886135907,3.0,20.0,0.7592099806123596,3.812385184211678,-0.020863218216178304
700.0,0.7168147133906595,3.0,0.5,-0.03843093829672769,3.7898983845428895,-0.0234324255878369
700.0,0.7168147133906595,3.0,0.8,-0.05570652515396153,3.7898983845428895,-0.0234324255878369
700.0,0.7168147133906595,3.0,1.2,-0.04411803397711048,3.7898983845428895,-0.0234324255878369
700.0,0.7168147133906595,3.0,1.8,0.003762760767471653,3.7898983845428895,-0.0234324255878369
700.0,0.7168147133906595,3.0,2.5,0.12050332660360256,3.7898983845428895,-0.0234324255878369
700.0,0.7168147133906595,3.0,3.5,0.22904957661162992,3.7898983845428895,-0.0234324255878369
700.0,0.7168147133906595,3.0,5.0,0.3492867146795027,3.7898983845428895,-0.0234324255878369
700.0,0.7168147133906595,3.0,7.0,0.4739815979400946,3.7898983845428895,-0.0234324255878369
700.0,0.7168147133906595,3.0,10.0,0.5908021218764419,3.7898983845428895,-0.0234324255878369
700.0,0.7168147133906595,3.0,14.0,0.6824795398661427,3.7898983845428895,-0.0234324255878369
700.0,0.7168147133906595,3.0,20.0,0.7602804056666407,3.7898983845428895,-0.0234324255878369
700.0,0.7386277204483878,3.0,0.5,-0.03970390162783122,3.78990132118863,-0.02343208906996312
700.0,0.7386277204483878,3.0,0.8,-0.05482431038975775,3.78990132118863,-0.02343208906996312
700.0,0.7386277204483878,3.0,1.2,-0.042752478012868855,3.78990132118863,-0.02343208906996312
700.0,0.7386277204483878,3.0,1.8,0.011665946631986012,3.78990132118863,-0.02343208906996312
700.0,0.7386277204483878,3.0,2.5,0.12397862303817613,3.78990132118863,-0.02343208906996312
700.0,0.7386277204483878,3.0,3.5,0.22633280995133226,3.78990132118863,-0.02343208906996312
700.0,0.7386277204483878,3.0,5.0,0.346030847454302,3.78990132118863,-0.02343208906996312
700.0,0.7386277204483878,3.0,7.0,0.472045837021403,3.78990132118863,-0.02343208906996312
700.0,0.7386277204483878,3.0,10.0,0.5899144656174112,3.78990132118863,-0.02343208906996312
700.0,0.7386277204483878,3.0,14.0,0.6822492544459048,3.78990132118863,-0.02343208906996312
700.0,0.7386277204483878,3.0,20.0,0.7605095005019125,3.78990132118863,-0.02343208906996312
700.0,0.7545418035691153,3.0,0.5,-0.04055492308126934,3.798519159173458,-0.0224456700644715
700.0,0.7545418035691153,3.0,0.8,-0.05394880011149046,3.798519159173458,-0.0224456700644715
700.0,0.7545418035691153,3.0,1.2,-0.041832997328620586,3.798519159173458,-0.0224456700644715
700.0,0.7545418035691153,3.0,1.8,0.017298859688663477,3.798519159173458,-0.0224456700644715
700.0,0.7545418035691153,3.0,2.5,0.12513476148134486,3.798519159173458,-0.0224456700644715
700.0,0.7545418035691153,3.0,3.5,0.22329826006135106,3.798519159173458,-0.0224456700644715
700.0,0.7545418035691153,3.0,5.0,0.34309473213703884,3.798519159173458,-0.0224456700644715
700.0,0.7545418035691153,3.0,7.0,0.4699918410428758,3.798519159173458,-0.0224456700644715
700.0,0.7545418035691153,3.0,10.0,0.588786518899641,3.798519159173458,-0.0224456700644715
700.0,0.7545418035691153,3.0,14.0,0.681713602156716,3.798519159173458,-0.0224456700644715
700.0,0.7545418035691153,3.0,20.0,0.76041045800089,3.798519159173458,-0.0224456700644715
700.0,0.792268893747571,3.0,0.5,-0.04220968914948493,3.891766755270021,-0.011913187464075891
700.0,0.792268893747571,3.0,0.8,-0.051277709374333305,3.891766755270021,-0.011913187464075891
700.0,0.792268893747571,3.0,1.2,-0.039835142329855695,3.891766755270021,-0.011913187464075891
700.0,0.792268893747571,3.0,1.8,0.029358295963846925,3.891766755270021,-0.011913187464075891
700.0,0.792268893747571,3.0,2.5,0.12337178050826617,3.891766755270021,-0.011913187464075891
700.0,0.792268893747571,3.0,3.5,0.21285057516365516,3.891766755270021,-0.011913187464075891
700.0,0.792268893747571,3.0,5.0,0.33431075527010906,3.891766755270021,-0.011913187464075891
700.0,0.792268893747571,3.0,7.0,0.4631332862845578,3.891766755270021,-0.011913187464075891
700.0,0.792268893747571,3.0,10.0,0.5846118525336258,3.891766755270021,-0.011913187464075891
700.0,0.792268893747571,3.0,14.0,0.6793525338467103,3.891766755270021,-0.011913187464075891
700.0,0.792268893747571,3.0,20.0,0.7593285469019543,3.891766755270021,-0.011913187464075891
700.0,0.8164016305125923,3.0,0.5,-0.04294860090324092,4.07765394921885,0.008350375204488105
700.0,0.8164016305125923,3.0,0.8,-0.049187217407881706,4.07765394921885,0.008350375204488105
700.0,0.8164016305125923,3.0,1.2,-0.03862009040079622,4.07765394921885,0.008350375204488105
700.0,0.8164016305125923,3.0,1.8,0.03544252498384769,4.07765394921885,0.008350375204488105
700.0,0.8164016305125923,3.0,2.5,0.11905164062239165,4.07765394921885,0.008350375204488105
700.0,0.8164016305125923,3.0,3.5,0.2039741205678512,4.07765394921885,0.008350375204488105
700.0,0.8164016305125923,3.0,5.0,0.32725834522621955,4.07765394921885,0.008350375204488105
700.0,0.8164016305125923,3.0,7.0,0.45732680507423773,4.07765394921885,0.008350375204488105
700.0,0.8164016305125923,3.0,10.0,0.5808571493981625,4.07765394921885,0.008350375204488105
700.0,0.8164016305125923,3.0,14.0,0.6770810928450934,4.07765394921885,0.008350375204488105
700.0,0.8164016305125923,3.0,20.0,0.758056661148507,4.07765394921885,0.008350375204488105
700.0,0.877915143963242,3.0,0.5,-0.043470832325596315,4.69950013898884,0.06999167545378727
700.0,0.877915143963242,3.0,0.8,-0.04308910987988648,4.69950013898884,0.06999167545378727
700.0,0.877915143963242,3.0,1.2,-0.035076390512182865,4.69950013898884,0.06999167545378727
700.0,0.877915143963242,3.0,1.8,0.042240694753671836,4.69950013898884,0.06999167545378727
700.0,0.877915143963242,3.0,2.5,0.0980311663730988,4.69950013898884,0.06999167545378727
700.0,0.877915143963242,3.0,3.5,0.1750703123217466,4.69950013898884,0.06999167545378727
700.0,0.877915143963242,3.0,5.0,0.3042983379204605,4.69950013898884,0.06999167545378727
700.0,0.877915143963242,3.0,7.0,0.4383921022089473,4.69950013898884,0.06999167545378727
700.0,0.877915143963242,3.0,10.0,0.5681336244765224,4.69950013898884,0.06999167545378727
700.0,0.877915143963242,3.0,14.0,0.6688309139318344,4.69950013898884,0.06999167545378727
700.0,0.877915143963242,3.0,20.0,0.7529589864995687,4.69950013898884,0.06999167545378727
700.0,0.9023647554129298,3.0,0.5,-0.04296072240082099,4.986349359861111,0.0957227119903296
700.0,0.9023647554129298,3.0,0.8,-0.04057308090034905,4.986349359861111,0.0957227119903296
700.0,0.9023647554129298,3.0,1.2,-0.033304820595430544,4.986349359861111,0.0957227119903296
700.0,0.9023647554129298,3.0,1.8,0.04079486902311092,4.986349359861111,0.0957227119903296
700.0,0.9023647554129298,3.0,2.5,0.08629680988973401,4.986349359861111,0.0957227119903296
700.0,0.9023647554129298,3.0,3.5,0.16156878856911816,4.986349359861111,0.0957227119903296
700.0,0.9023647554129298,3.0,5.0,0.293280019215918,4.986349359861111,0.0957227119903296
700.0,0.9023647554129298,3.0,7.0,0.429508839597142,4.986349359861111,0.0957227119903296
700.0,0.9023647554129298,3.0,10.0,0.5619761918927122,4.986349359861111,0.0957227119903296
700.0,0.9023647554129298,3.0,14.0,0.6646349328018025,4.986349359861111,0.0957227119903296
700.0,0.9023647554129298,3.0,20.0,0.7502374188442108,4.986349359861111,0.0957227119903296
700.0,0.9241212041718337,3.0,0.5,-0.04208575170173347,5.218545084095233,0.11548944845177692
700.0,0.9241212041718337,3.0,0.8,-0.03839667304285713,5.218545084095233,0.11548944845177692
700.0,0.9241212041718337,3.0,1.2,-0.031496311518001543,5.218545084095233,0.11548944845177692
700.0,0.9241212041718337,3.0,1.8,0.03740963273594413,5.218545084095233,0.11548944845177692
700.0,0.9241212041718337,3.0,2.5,0.07459205164874451,5.218545084095233,0.11548944845177692
700.0,0.9241212041718337,3.0,3.5,0.14881104229665232,5.218545084095233,0.11548944845177692
700.0,0.9241212041718337,3.0,5.0,0.28264289486016225,5.218545084095233,0.11548944845177692
700.0,0.9241212041718337,3.0,7.0,0.4210293821601315,5.218545084095233,0.11548944845177692
700.0,0.9241212041718337,3.0,10.0,0.5560079479592572,5.218545084095233,0.11548944845177692
700.0,0.9241212041718337,3.0,14.0,0.6605101180203811,5.218545084095233,0.11548944845177692
700.0,0.9241212041718337,3.0,20.0,0.7475563736945088,5.218545084095233,0.11548944845177692
700.0,0.9703272643804255,3.0,0.5,-0.038762266555418166,5.627569250608392,0.14826085663105384
700.0,0.9703272643804255,3.0,0.8,-0.03418747680209523,5.627569250608392,0.14826085663105384
700.0,0.9703272643804255,3.0,1.2,-0.027198676325509156,5.627569250608392,0.14826085663105384
700.0,0.9703272643804255,3.0,1.8,0.02403038054328418,5.627569250608392,0.14826085663105384
700.0,0.9703272643804255,3.0,2.5,0.046852186937890526,5.627569250608392,0.14826085663105384
700.0,0.9703272643804255,3.0,3.5,0.12002257393109399,5.627569250608392,0.14826085663105384
700.0,0.9703272643804255,3.0,5.0,0.25777897051628207,5.627569250608392,0.14826085663105384
700.0,0.9703272643804255,3.0,7.0,0.4013556130441852,5.627569250608392,0.14826085663105384
700.0,0.9703272643804255,3.0,10.0,0.5419523407400707,5.627569250608392,0.14826085663105384
700.0,0.9703272643804255,3.0,14.0,0.6506992785386013,5.627569250608392,0.14826085663105384
700.0,0.9703272643804255,3.0,20.0,0.7410585426030495,5.627569250608392,0.14826085663105384
700.0,0.9973793796812823,3.0,0.5,-0.035678105685599024,5.758721415823649,0.1582660782599509
700.0,0.9973793796812823,3.0,0.8,-0.03209697768992886,5.758721415823649,0.1582660782599509
700.0,0.9973793796812823,3.0,1.2,-0.024607851046026728,5.758721415823649,0.1582660782599509
700.0,0.9973793796812823,3.0,1.8,0.012783604720165239,5.758721415823649,0.1582660782599509
700.0,0.9973793796812823,3.0,2.5,0.02940588381457299,5.758721415823649,0.1582660782599509
700.0,0.9973793796812823,3.0,3.5,0.10244671666291023,5.758721415823649,0.1582660782599509
700.0,0.9973793796812823,3.0,5.0,0.24196130429357815,5.758721415823649,0.1582660782599509
700.0,0.9973793796812823,3.0,7.0,0.38884226404924055,5.758721415823649,0.1582660782599509
700.0,0.9973793796812823,3.0,10.0,0.5329076951566472,5.758721415823649,0.1582660782599509
700.0,0.9973793796812823,3.0,14.0,0.6443628448431621,5.758721415823649,0.1582660782599509
700.0,0.9973793796812823,3.0,20.0,0.7367880226702962,5.758721415823649,0.1582660782599509
700.0,1.102398582221007,3.0,0.5,-0.014083561909767794,6.20468409984475,0.190659683759537
700.0,1.102398582221007,3.0,0.8,-0.026854432476942882,6.20468409984475,0.190659683759537
700.0,1.102398582221007,3.0,1.2,-0.019055918315575397,6.20468409984475,0.190659683759537
700.0,1.102398582221007,3.0,1.8,-0.04357783498049051,6.20468409984475,0.190659683759537
700.0,1.102398582221007,3.0,2.5,-0.03769219828289892,6.20468409984475,0.190659683759537
700.0,1.102398582221007,3.0,3.5,0.03470411519925179,6.20468409984475,0.190659683759537
700.0,1.102398582221007,3.0,5.0,0.17554221395057484,6.20468409984475,0.190659683759537
700.0,1.102398582221007,3.0,7.0,0.3354380495145542,6.20468409984475,0.190659683759537
700.0,1.102398582221007,3.0,10.0,0.49389889857039615,6.20468409984475,0.190659683759537
700.0,1.102398582221007,3.0,14.0,0.6167417218543046,6.20468409984475,0.190659683759537
700.0,1.102398582221007,3.0,20.0,0.7179342772430798,6.20468409984475,0.190659683759537
700.0,1.218475796513094,3.0,0.5,0.027523241590533386,6.93630282011783,0.23906805367009185
700.0,1.218475796513094,3.0,0.8,-0.020501960186017857,6.93630282011783,0.23906805367009185
700.0,1.218475796513094,3.0,1.2,-0.034031420428766945,6.93630282011783,0.23906805367009185
700.0,1.218475796513094,3.0,1.8,-0.09580154758065401,6.93630282011783,0.23906805367009185
700.0,1.218475796513094,3.0,2.5,-0.09305823728851055,6.93630282011783,0.23906805367009185
700.0,1.218475796513094,3.0,3.5,-0.03265163859281323,6.93630282011783,0.23906805367009185
700.0,1.218475796513094,3.0,5.0,0.1017435212339849,6.93630282011783,0.23906805367009185
700.0,1.218475796513094,3.0,7.0,0.2727176320468236,6.93630282011783,0.23906805367009185
700.0,1.218475796513094,3.0,10.0,0.44744703427821186,6.93630282011783,0.23906805367009185
700.0,1.218475796513094,3.0,14.0,0.5832060774993133,6.93630282011783,0.23906805367009185
700.0,1.218475796513094,3.0,20.0,0.694680707089545,6.93630282011783,0.23906805367009185
700.0,1.2415595032055449,3.0,0.5,0.036347122839478066,7.199286325768832,0.2552294550835045
700.0,1.2415595032055449,3.0,0.8,-0.018018369062236552,7.199286325768832,0.2552294550835045
700.0,1.2415595032055449,3.0,1.2,-0.03960537755511091,7.199286325768832,0.2552294550835045
700.0,1.2415595032055449,3.0,1.8,-0.10143888295382547,7.199286325768832,0.2552294550835045
700.0,1.2415595032055449,3.0,2.5,-0.10019685830981115,7.199286325768832,0.2552294550835045
700.0,1.2415595032055449,3.0,3.5,-0.04448320047196697,7.199286325768832,0.2552294550835045
700.0,1.2415595032055449,3.0,5.0,0.08802264782092512,7.199286325768832,0.2552294550835045
700.0,1.2415595032055449,3.0,7.0,0.26046259791657517,7.199286325768832,0.2552294550835045
700.0,1.2415595032055449,3.0,10.0,0.4381568247288852,7.199286325768832,0.2552294550835045
700.0,1.2415595032055449,3.0,14.0,0.576452289617216,7.199286325768832,0.2552294550835045
700.0,1.2415595032055449,3.0,20.0,0.6899654137913535,7.199286325768832,0.2552294550835045
700.0,1.3069047402163632,3.0,0.5,0.054826398401695814,7.795699112214579,0.2897950771337021
700.0,1.3069047402163632,3.0,0.8,-0.007232724834831198,7.795699112214579,0.2897950771337021
700.0,1.3069047402163632,3.0,1.2,-0.055294499368799294,7.795699112214579,0.2897950771337021
700.0,1.3069047402163632,3.0,1.8,-0.10603447703349739,7.795699112214579,0.2897950771337021
700.0,1.3069047402163632,3.0,2.5,-0.11249937538582534,7.795699112214579,0.2897950771337021
700.0,1.3069047402163632,3.0,3.5,-0.07397776044132388,7.795699112214579,0.2897950771337021
700.0,1.3069047402163632,3.0,5.0,0.05150981933040085,7.795699112214579,0.2897950771337021
700.0,1.3069047402163632,3.0,7.0,0.226600896898408,7.795699112214579,0.2897950771337021
700.0,1.3069047402163632,3.0,10.0,0.41201706306974717,7.795699112214579,0.2897950771337021
700.0,1.3069047402163632,3.0,14.0,0.5573569300329821,7.795699112214579,0.2897950771337021
700.0,1.3069047402163632,3.0,20.0,0.6765911439941165,7.795699112214579,0.2897950771337021
700.0,1.3467753774655815,3.0,0.5,0.057302381284019356,8.010240088948958,0.30158554195266274
700.0,1.3467753774655815,3.0,0.8,0.0019024155831631109,8.010240088948958,0.30158554195266274
700.0,1.3467753774655815,3.0,1.2,-0.061323479731221854,8.010240088948958,0.30158554195266274
700.0,1.3467753774655815,3.0,1.8,-0.1007511942439162,8.010240088948958,0.30158554195266274
700.0,1.3467753774655815,3.0,2.5,-0.11439407065104379,8.010240088948958,0.30158554195266274
700.0,1.3467753774655815,3.0,3.5,-0.08847725186032633,8.010240088948958,0.30158554195266274
700.0,1.3467753774655815,3.0,5.0,0.031008222071810355,8.010240088948958,0.30158554195266274
700.0,1.3467753774655815,3.0,7.0,0.20666307238258594,8.010240088948958,0.30158554195266274
700.0,1.3467753774655815,3.0,10.0,0.3963731927648386,8.010240088948958,0.30158554195266274
700.0,1.3467753774655815,3.0,14.0,0.5458679866238572,8.010240088948958,0.30158554195266274
700.0,1.3467753774655815,3.0,20.0,0.6685038745955567,8.010240088948958,0.30158554195266274
700.0,1.3722499772271814,3.0,0.5,0.0544711100780187,8.146125102848128,0.30889108408312826
700.0,1.3722499772271814,3.0,0.8,0.00844283657282792,8.146125102848128,0.30889108408312826
700.0,1.3722499772271814,3.0,1.2,-0.06234686394323906,8.146125102848128,0.30889108408312826
700.0,1.3722499772271814,3.0,1.8,-0.09454793393335197,8.146125102848128,0.30889108408312826
700.0,1.3722499772271814,3.0,2.5,-0.11353239976584793,8.146125102848128,0.30889108408312826
700.0,1.3722499772271814,3.0,3.5,-0.09618374447106433,8.146125102848128,0.30889108408312826
700.0,1.3722499772271814,3.0,5.0,0.018605266383954263,8.146125102848128,0.30889108408312826
700.0,1.3722499772271814,3.0,7.0,0.19420541113009715,8.146125102848128,0.30889108408312826
700.0,1.3722499772271814,3.0,10.0,0.3865210016916289,8.146125102848128,0.30889108408312826
700.0,1.3722499772271814,3.0,14.0,0.5385917021246085,8.146125102848128,0.30889108408312826
700.0,1.3722499772271814,3.0,20.0,0.6633654859546744,8.146125102848128,0.30889108408312826
700.0,1.4885842809008711,3.0,0.5,0.013344393313435376,9.038075774233395,0.3540159867596618
700.0,1.4885842809008711,3.0,0.8,0.036310953442256995,9.038075774233395,0.3540159867596618
700.0,1.4885842809008711,3.0,1.2,-0.029655735621492506,9.038075774233395,0.3540159867596618
700.0,1.4885842809008711,3.0,1.8,-0.04975545840162306,9.038075774233395,0.3540159867596618
700.0,1.4885842809008711,3.0,2.5,-0.09300533293646468,9.038075774233395,0.3540159867596618
700.0,1.4885842809008711,3.0,3.5,-0.11529827549273583,9.038075774233395,0.3540159867596618
700.0,1.4885842809008711,3.0,5.0,-0.031024475019487522,9.038075774233395,0.3540159867596618
700.0,1.4885842809008711,3.0,7.0,0.1400210453236181,9.038075774233395,0.3540159867596618
700.0,1.4885842809008711,3.0,10.0,0.34262328864298636,9.038075774233395,0.3540159867596618
700.0,1.4885842809008711,3.0,14.0,0.5058595046661655,9.038075774233395,0.3540159867596618
700.0,1.4885842809008711,3.0,20.0,0.6401516568876093,9.038075774233395,0.3540159867596618
700.0,1.645324972836306,3.0,0.5,-0.014631875735564119,10.210350247132673,0.40698064868138273
700.0,1.645324972836306,3.0,0.8,0.04591929715681061,10.210350247132673,0.40698064868138273
700.0,1.645324972836306,3.0,1.2,0.04603283250839217,10.210350247132673,0.40698064868138273
700.0,1.645324972836306,3.0,1.8,-0.006667697777004532,10.210350247132673,0.40698064868138273
700.0,1.645324972836306,3.0,2.5,-0.05028364872963139,10.210350247132673,0.40698064868138273
700.0,1.645324972836306,3.0,3.5,-0.10878905789273847,10.210350247132673,0.40698064868138273
700.0,1.645324972836306,3.0,5.0,-0.08012859804531762,10.210350247132673,0.40698064868138273
700.0,1.645324972836306,3.0,7.0,0.07264288685041666,10.210350247132673,0.40698064868138273
700.0,1.645324972836306,3.0,10.0,0.28424152674999686,10.210350247132673,0.40698064868138273
700.0,1.645324972836306,3.0,14.0,0.46167905134135784,10.210350247132673,0.40698064868138273
700.0,1.645324972836306,3.0,20.0,0.6085307338955191,10.210350247132673,0.40698064868138273
700.0,1.8185696980492723,3.0,0.5,-0.016706181960625816,11.60998436857577,0.46277164368659274
700.0,1.8185696980492723,3.0,0.8,0.02030692825455184,11.60998436857577,0.46277164368659274
700.0,1.8185696980492723,3.0,1.2,-0.005817352548799313,11.60998436857577,0.46277164368659274
700.0,1.8185696980492723,3.0,1.8,-0.030633468494685224,11.60998436857577,0.46277164368659274
700.0,1.8185696980492723,3.0,2.5,-0.02593216996581672,11.60998436857577,0.46277164368659274
700.0,1.8185696980492723,3.0,3.5,-0.08337083225323293,11.60998436857577,0.46277164368659274
700.0,1.8185696980492723,3.0,5.0,-0.11311153268371639,11.60998436857577,0.46277164368659274
700.0,1.8185696980492723,3.0,7.0,0.0038344864781720243,11.60998436857577,0.46277164368659274
700.0,1.8185696980492723,3.0,10.0,0.21878533595501334,11.60998436857577,0.46277164368659274
700.0,1.8185696980492723,3.0,14.0,0.41115664237975585,11.60998436857577,0.46277164368659274
700.0,1.8185696980492723,3.0,20.0,0.5720601903923518,11.60998436857577,0.46277164368659274
700.0,2.0100562510528768,3.0,0.5,0.012474631240277985,13.146390230116436,0.5167465281629344
700.0,2.0100562510528768,3.0,0.8,-0.029878382197254263,13.146390230116436,0.5167465281629344
700.0,2.0100562510528768,3.0,1.2,0.02059912089032255,13.146390230116436,0.5167465281629344
700.0,2.0100562510528768,3.0,1.8,-0.04639087738409926,13.146390230116436,0.5167465281629344
700.0,2.0100562510528768,3.0,2.5,-0.04106126073523673,13.146390230116436,0.5167465281629344
700.0,2.0100562510528768,3.0,3.5,-0.0491981539663569,13.146390230116436,0.5167465281629344
700.0,2.0100562510528768,3.0,5.0,-0.11905900459401839,13.146390230116436,0.5167465281629344
700.0,2.0100562510528768,3.0,7.0,-0.05668555453170401,13.146390230116436,0.5167465281629344
700.0,2.0100562510528768,3.0,10.0,0.14918733699955858,13.146390230116436,0.5167465281629344
700.0,2.0100562510528768,3.0,14.0,0.3556642015203397,13.146390230116436,0.5167465281629344
700.0,2.0100562510528768,3.0,20.0,0.5316071527519414,13.146390230116436,0.5167465281629344
700.0,2.2217054076787313,3.0,0.5,0.013807301991453674,14.957933929475887,0.5728116192463506
700.0,2.2217054076787313,3.0,0.8,0.036647950998932796,14.957933929475887,0.5728116192463506
700.0,2.2217054076787313,3.0,1.2,0.020641009416402054,14.957933929475887,0.5728116192463506
700.0,2.2217054076787313,3.0,1.8,0.00972612413219654,14.957933929475887,0.5728116192463506
700.0,2.2217054076787313,3.0,2.5,-0.06120515121005373,14.957933929475887,0.5728116192463506
700.0,2.2217054076787313,3.0,3.5,-0.034187688398891844,14.957933929475887,0.5728116192463506
700.0,2.2217054076787313,3.0,5.0,-0.09876299703699791,14.957933929475887,0.5728116192463506
700.0,2.2217054076787313,3.0,7.0,-0.09968955725796737,14.957933929475887,0.5728116192463506
700.0,2.2217054076787313,3.0,10.0,0.07764307770368634,14.957933929475887,0.5728116192463506
700.0,2.2217054076787313,3.0,14.0,0.2953589916424782,14.957933929475887,0.5728116192463506
700.0,2.2217054076787313,3.0,20.0,0.48713733932500464,14.957933929475887,0.5728116192463506
700.0,2.455640192120709,3.0,0.5,0.018506673381282895,16.8600146977855,0.6247979575588842
700.0,2.455640192120709,3.0,0.8,0.007996600449101741,16.8600146977855,0.6247979575588842
700.0,2.455640192120709,3.0,1.2,-0.017210343054671385,16.8600146977855,0.6247979575588842
700.0,2.455640192120709,3.0,1.8,0.026420295582399392,16.8600146977855,0.6247979575588842
700.0,2.455640192120709,3.0,2.5,-0.04546358397052978,16.8600146977855,0.6247979575588842
700.0,2.455640192120709,3.0,3.5,-0.04629831548536426,16.8600146977855,0.6247979575588842
700.0,2.455640192120709,3.0,5.0,-0.07026452141574191,16.8600146977855,0.6247979575588842
700.0,2.455640192120709,3.0,7.0,-0.11884709547657474,16.8600146977855,0.6247979575588842
700.0,2.455640192120709,3.0,10.0,0.007153203683890774,16.8600146977855,0.6247979575588842
700.0,2.455640192120709,3.0,14.0,0.22949201735822813,16.8600146977855,0.6247979575588842
700.0,2.455640192120709,3.0,20.0,0.43785620284025945,16.8600146977855,0.6247979575588842
700.0,2.714207172704789,3.0,0.5,-0.00664837394569686,19.019598502409206,0.677141353553738
700.0,2.714207172704789,3.0,0.8,-0.060213768228442204,19.019598502409206,0.677141353553738
700.0,2.714207172704789,3.0,1.2,0.0039928713711358775,19.019598502409206,0.677141353553738
700.0,2.714207172704789,3.0,1.8,-0.004387220507532542,19.019598502409206,0.677141353553738
700.0,2.714207172704789,3.0,2.5,-0.0045820389377365005,19.019598502409206,0.677141353553738
700.0,2.714207172704789,3.0,3.5,-0.06707912546064625,19.019598502409206,0.677141353553738
700.0,2.714207172704789,3.0,5.0,-0.04497395644383496,19.019598502409206,0.677141353553738
700.0,2.714207172704789,3.0,7.0,-0.11538591804556488,19.019598502409206,0.677141353553738
700.0,2.714207172704789,3.0,10.0,-0.05383672441966236,19.019598502409206,0.677141353553738
700.0,2.714207172704789,3.0,14.0,0.15899055552679145,19.019598502409206,0.677141353553738
700.0,2.714207172704789,3.0,20.0,0.3838392916794547,19.019598502409206,0.677141353553738
700.0,3.0000000000000004,3.0,0.5,0.016611157981921764,21.34723202561705,0.7272815791837606
700.0,3.0000000000000004,3.0,0.8,-0.04502701317398955,21.34723202561705,0.7272815791837606
700.0,3.0000000000000004,3.0,1.2,0.0105558469020865,21.34723202561705,0.7272815791837606
700.0,3.0000000000000004,3.0,1.8,0.005153795449618885,21.34723202561705,0.7272815791837606
700.0,3.0000000000000004,3.0,2.5,0.008606597750960194,21.34723202561705,0.7272815791837606
700.0,3.0000000000000004,3.0,3.5,-0.06325450371606318,21.34723202561705,0.7272815791837606
700.0,3.0000000000000004,3.0,5.0,-0.03818019437321735,21.34723202561705,0.7272815791837606
700.0,3.0000000000000004,3.0,7.0,-0.0973881138954287,21.34723202561705,0.7272815791837606
700.0,3.0000000000000004,3.0,10.0,-0.09558847636715424,21.34723202561705,0.7272815791837606
700.0,3.0000000000000004,3.0,14.0,0.08540196325000153,21.34723202561705,0.7272815791837606
700.0,3.0000000000000004,3.0,20.0,0.32478524154059313,21.34723202561705,0.7272815791837606
