comparison_group,pattern_kind,hole_count,diameter_mm,pitch_mm,pitch_to_diameter_ratio,edge_clearance_mm,pupil_diameter_mm,weight_model,reference_weight,myopia_d,wavelength_nm,anchor_source,ring_count,holes_per_ring,ghost_count,ghost_cluster_count,unique_overlap_count,max_ghost_multiplicity,first_order_angle_arcmin,theory_first_order_angle_arcmin,first_order_angle_error_percent,max_ghost_peak_ratio,ghost_integrated_fraction,sun_image_width_arcmin,separation_to_width_ratio,valley_visibility,valley_status,main_peak,image_total_energy,energy_relative_error_percent,field_grid_size,field_pixel_arcmin,field_pixels_per_image_width,field_grid_coarsened,direction_anisotropy,direction_occupied_bin_count,autocorrelation_peak_to_median,autocorrelation_max_offcentre_radius_arcmin,autocorrelation_max_offcentre_value,direction_histogram,primary_risk_label,risk_labels,geometry_ok,topology_ok,mask_ok,mask_relative_area_error,ghost_positions,pattern_signature
fixed_hole_count_layout,square_packing,25,0.6353883327016112,2.0,3.1476813423630063,1.3646116672983888,8.0,infinite_pupil_upper_bound,1.0,3.0,550.0,retinal_optotype_primary,0,,24,24,0,1,275.0197416627952,275.0197416627952,0.0,1.0000349972374032,0.9610428452085363,22.585548647685478,12.1768014562258,1.0,not_evaluated_well_separated,0.006892332341742173,24.999999938060736,2.477570575365462e-07,768,2.37699728012085,9.501714131762572,True,1.3333333333333333,16,nan,2.37699728012085,0.9745607972145081,0.083333|0.000000|0.041667|0.000000|0.083333|0.000000|0.041667|0.000000|0.000000|0.083333|0.000000|0.041667|0.000000|0.083333|0.000000|0.041667|0.000000|0.000000|0.083333|0.000000|0.041667|0.000000|0.083333|0.000000|0.041667|0.000000|0.000000|0.083333|0.000000|0.041667|0.000000|0.083333|0.000000|0.041667|0.000000|0.000000,GhostResolved,GhostResolved,True,True,True,0.0002713173821692994,0.000:-275.020|-275.020:0.000|275.020:0.000|0.000:275.020|-275.020:-275.020|275.020:-275.020|-275.020:275.020|275.020:275.020|0.000:-550.039|-550.039:0.000|550.039:0.000|0.000:550.039|-275.020:-550.039|275.020:-550.039|-550.039:-275.020|550.039:-275.020|-550.039:275.020|550.039:275.020|-275.020:550.039|275.020:550.039|-550.039:-550.039|550.039:-550.039|-550.039:550.039|550.039:550.039,270.000@1.0000|180.000@1.0000|0.000@1.0000|90.000@1.0000|225.000@1.0000|315.000@1.0000|135.000@1.0000|45.000@1.0000|270.000@1.0000|180.000@1.0000|0.000@1.0000|90.000@1.0000|243.435@1.0000|296.565@1.0000|206.565@1.0000|333.435@1.0000|153.435@1.0000|26.565@1.0000|116.565@1.0000|63.435@1.0000|225.000@1.0000|315.000@1.0000|135.000@1.0000|45.000@1.0000
fixed_hole_count_layout,square_packing,25,0.6353883327016112,4.0,6.295362684726013,3.364611667298389,8.0,infinite_pupil_upper_bound,1.0,3.0,550.0,retinal_optotype_primary,0,,24,24,0,1,550.0394833255904,550.0394833255904,0.0,0.9998405949413643,0.9610772394828748,22.585548647685478,24.3536029124516,1.0,not_evaluated_well_separated,0.024618659168550903,25.000000162842355,6.513694188470254e-07,768,4.5039945602417,5.014559486162758,True,1.3333333333333333,16,nan,4.5039945602417,0.9216046333312988,0.083333|0.000000|0.041667|0.000000|0.083333|0.000000|0.041667|0.000000|0.000000|0.083333|0.000000|0.041667|0.000000|0.083333|0.000000|0.041667|0.000000|0.000000|0.083333|0.000000|0.041667|0.000000|0.083333|0.000000|0.041667|0.000000|0.000000|0.083333|0.000000|0.041667|0.000000|0.083333|0.000000|0.041667|0.000000|0.000000,GhostResolved,GhostResolved,True,True,True,4.161980134718753e-05,0.000:-550.039|-550.039:0.000|550.039:0.000|0.000:550.039|-550.039:-550.039|550.039:-550.039|-550.039:550.039|550.039:550.039|0.000:-1100.079|-1100.079:0.000|1100.079:0.000|0.000:1100.079|-550.039:-1100.079|550.039:-1100.079|-1100.079:-550.039|1100.079:-550.039|-1100.079:550.039|1100.079:550.039|-550.039:1100.079|550.039:1100.079|-1100.079:-1100.079|1100.079:-1100.079|-1100.079:1100.079|1100.079:1100.079,270.000@0.9998|180.000@0.9998|0.000@0.9998|90.000@0.9998|225.000@0.9996|315.000@0.9996|135.000@0.9996|45.000@0.9996|270.000@0.9998|180.000@0.9998|0.000@0.9998|90.000@0.9998|243.435@0.9996|296.565@0.9996|206.565@0.9996|333.435@0.9996|153.435@0.9996|26.565@0.9996|116.565@0.9996|63.435@0.9996|225.000@0.9995|315.000@0.9995|135.000@0.9995|45.000@0.9995
fixed_hole_count_layout,triangular_packing,25,0.6353883327016112,2.0,3.1476813423630063,1.3646116672983886,8.0,infinite_pupil_upper_bound,1.0,3.0,550.0,retinal_optotype_primary,0,,24,24,0,1,275.0197416627952,275.0197416627952,0.0,1.0000921111938514,0.9610725956551461,22.585548647685478,12.1768014562258,1.0,not_evaluated_well_separated,0.00611837906821045,24.99999994758035,2.0967860336895683e-07,768,2.2396238088607787,10.08452783825958,True,1.5,18,nan,2.2396238088607787,0.9770073890686035,0.083333|0.041667|0.000000|0.041667|0.041667|0.000000|0.083333|0.000000|0.000000|0.041667|0.000000|0.000000|0.083333|0.041667|0.000000|0.041667|0.000000|0.000000|0.083333|0.000000|0.000000|0.041667|0.041667|0.000000|0.083333|0.000000|0.000000|0.041667|0.000000|0.000000|0.083333|0.041667|0.000000|0.041667|0.041667|0.000000,GhostResolved,GhostResolved,True,True,True,0.00017584424083265187,-137.510:-238.174|137.510:-238.174|-275.020:0.000|275.020:0.000|-137.510:238.174|137.510:238.174|0.000:-476.348|-412.530:-238.174|412.530:-238.174|-412.530:238.174|412.530:238.174|0.000:476.348|-275.020:-476.348|275.020:-476.348|-550.039:0.000|550.039:0.000|-275.020:476.348|275.020:476.348|-550.039:-476.348|550.039:-476.348|-550.039:476.348|550.039:476.348|687.549:-238.174|687.549:238.174,240.000@1.0000|300.000@1.0000|180.000@1.0000|0.000@1.0000|120.000@1.0000|60.000@1.0000|270.000@1.0001|210.000@1.0000|330.000@1.0000|150.000@1.0000|30.000@1.0000|90.000@1.0001|240.000@1.0000|300.000@1.0000|180.000@1.0001|0.000@1.0001|120.000@1.0000|60.000@1.0000|220.893@1.0000|319.107@1.0000|139.107@1.0000|40.893@1.0000|340.893@1.0001|19.107@1.0001
fixed_hole_count_layout,triangular_packing,25,0.6353883327016112,4.0,6.295362684726013,3.364611667298388,8.0,infinite_pupil_upper_bound,1.0,3.0,550.0,retinal_optotype_primary,0,,24,24,0,1,550.0394833255904,550.0394833255904,0.0,0.9999146309826854,0.9611184696485916,22.585548647685478,24.3536029124516,1.0,not_evaluated_well_separated,0.021943865343928337,25.000000067707084,2.708283375341125e-07,768,4.229247617721557,5.340323076153459,True,1.5,18,nan,4.229247617721557,0.9323042035102844,0.083333|0.041667|0.000000|0.041667|0.041667|0.000000|0.083333|0.000000|0.000000|0.041667|0.000000|0.000000|0.083333|0.041667|0.000000|0.041667|0.000000|0.000000|0.083333|0.000000|0.000000|0.041667|0.041667|0.000000|0.083333|0.000000|0.000000|0.041667|0.000000|0.000000|0.083333|0.041667|0.000000|0.041667|0.041667|0.000000,GhostResolved,GhostResolved,True,True,True,0.00021331254693558637,-275.020:-476.348|275.020:-476.348|-550.039:0.000|550.039:0.000|-275.020:476.348|275.020:476.348|0.000:-952.696|-825.059:-476.348|825.059:-476.348|-825.059:476.348|825.059:476.348|0.000:952.696|-550.039:-952.696|550.039:-952.696|-1100.079:0.000|1100.079:0.000|-550.039:952.696|550.039:952.696|-1100.079:-952.696|1100.079:-952.696|-1100.079:952.696|1100.079:952.696|1375.099:-476.348|1375.099:476.348,240.000@0.9998|300.000@0.9998|180.000@0.9999|0.000@0.9999|120.000@0.9998|60.000@0.9998|270.000@0.9999|210.000@0.9997|330.000@0.9997|150.000@0.9997|30.000@0.9997|90.000@0.9999|240.000@0.9997|300.000@0.9997|180.000@0.9999|0.000@0.9999|120.000@0.9997|60.000@0.9997|220.893@0.9997|319.107@0.9997|139.107@0.9997|40.893@0.9997|340.893@0.9997|19.107@0.9997
fixed_hole_count_layout,hexagonal_packing,49,0.6353883327016112,2.0,3.1476813423630063,1.3646116672983883,8.0,infinite_pupil_upper_bound,1.0,3.0,550.0,retinal_optotype_primary,0,,48,48,0,1,275.0197416627952,275.0197416627952,0.0,1.0000241434643964,0.9801525257983478,22.585548647685478,12.1768014562258,1.0,not_evaluated_well_separated,0.027358211576941474,48.999999872593214,2.600138480940995e-07,768,4.762042856216431,4.742827674934092,True,2.0,24,nan,4.762042856216431,0.9174743294715881,0.041667|0.041667|0.000000|0.083333|0.062500|0.000000|0.062500|0.020833|0.000000|0.062500|0.020833|0.020833|0.041667|0.020833|0.000000|0.041667|0.020833|0.000000|0.062500|0.041667|0.020833|0.083333|0.041667|0.000000|0.041667|0.000000|0.000000|0.041667|0.000000|0.000000|0.041667|0.020833|0.000000|0.041667|0.020833|0.000000,GhostResolved,GhostResolved,True,True,True,8.317524430763463e-05,-238.174:-137.510|238.174:-137.510|0.000:275.020|-238.174:-412.530|238.174:-412.530|-476.348:0.000|476.348:0.000|-238.174:412.530|238.174:412.530|0.000:-550.039|-476.348:275.020|476.348:275.020|-476.348:-550.039|476.348:-550.039|-714.522:-137.510|714.522:-137.510|-238.174:687.549|238.174:687.549|0.000:-825.059|-714.522:-412.530|714.522:-412.530|-714.522:412.530|714.522:412.530|0.000:825.059|-476.348:-825.059|476.348:-825.059|-952.696:0.000|952.696:0.000|-476.348:825.059|476.348:825.059|-952.696:275.020|952.696:275.020|-714.522:687.549|714.522:687.549|-952.696:-550.039|0.000:1100.079|-1190.870:-137.510|-476.348:1100.079|476.348:1100.079|-1190.870:-412.530|1190.870:412.530|-952.696:-825.059|952.696:825.059|1190.870:687.549|952.696:1100.079|-1429.044:-550.039|-1429.044:-825.059|1429.044:825.059,210.000@0.9998|330.000@0.9998|90.000@0.9998|240.000@0.9998|300.000@0.9998|180.000@0.9999|0.000@0.9999|120.000@0.9998|60.000@0.9998|270.000@1.0000|150.000@0.9997|30.000@0.9997|229.107@0.9999|310.893@0.9999|190.893@0.9997|349.107@0.9997|109.107@0.9998|70.893@0.9998|270.000@0.9998|210.000@0.9997|330.000@0.9997|150.000@0.9997|30.000@0.9997|90.000@0.9998|240.000@0.9997|300.000@0.9997|180.000@0.9999|0.000@0.9999|120.000@0.9997|60.000@0.9997|163.898@0.9996|16.102@0.9996|136.102@0.9998|43.898@0.9998|210.000@0.9999|90.000@1.0000|186.587@0.9996|113.413@0.9999|66.587@0.9999|199.107@0.9997|19.107@0.9997|220.893@0.9996|40.893@0.9996|30.000@0.9997|49.107@0.9998|201.052@0.9998|210.000@0.9996|30.000@0.9996
fixed_hole_count_layout,hexagonal_packing,25,0.6353883327016112,4.0,6.295362684726013,3.364611667298388,8.0,infinite_pupil_upper_bound,1.0,3.0,550.0,retinal_optotype_primary,0,,24,24,0,1,550.0394833255904,550.0394833255904,0.0,1.0000241434643964,0.9610989509137469,22.585548647685478,24.3536029124516,1.0,not_evaluated_well_separated,0.027358211576941474,25.00000015927404,6.370961642687689e-07,768,4.762042856216431,4.742827674934092,True,1.5,18,nan,4.762042856216431,0.9168124794960022,0.041667|0.000000|0.000000|0.083333|0.000000|0.000000|0.041667|0.041667|0.000000|0.083333|0.041667|0.000000|0.041667|0.000000|0.000000|0.083333|0.000000|0.000000|0.041667|0.041667|0.000000|0.083333|0.041667|0.000000|0.041667|0.000000|0.000000|0.083333|0.000000|0.000000|0.041667|0.041667|0.000000|0.083333|0.041667|0.000000,GhostResolved,GhostResolved,True,True,True,0.00031441228315746896,-476.348:-275.020|476.348:-275.020|0.000:550.039|-476.348:-825.059|476.348:-825.059|-952.696:0.000|952.696:0.000|-476.348:825.059|476.348:825.059|0.000:-1100.079|-952.696:550.039|952.696:550.039|-952.696:-1100.079|952.696:-1100.079|-1429.044:-275.020|1429.044:-275.020|-476.348:1375.099|476.348:1375.099|0.000:-1650.118|-1429.044:-825.059|1429.044:-825.059|-1429.044:825.059|1429.044:825.059|0.000:1650.118,210.000@0.9997|330.000@0.9997|90.000@1.0000|240.000@0.9997|300.000@0.9997|180.000@0.9999|0.000@0.9999|120.000@0.9997|60.000@0.9997|270.000@1.0000|150.000@0.9999|30.000@0.9999|229.107@0.9998|310.893@0.9998|190.893@0.9996|349.107@0.9996|109.107@0.9997|70.893@0.9997|270.000@1.0000|210.000@0.9996|330.000@0.9996|150.000@0.9996|30.000@0.9996|90.000@1.0000
fixed_hole_count_layout,concentric_hexagonal_rings,19,0.6353883327016112,2.0,3.1476813423630063,1.3646116672983888,8.0,infinite_pupil_upper_bound,1.0,3.0,550.0,retinal_optotype_primary,2,6|12,18,18,0,1,275.01974166279524,275.0197416627952,2.0668850358569666e-14,0.9998947786802148,0.9488268867487324,22.585548647685478,12.176801456225803,1.0,not_evaluated_well_separated,0.0037548562704558786,18.9999999361585,3.3600789986633715e-07,768,1.754014229774475,12.876491116374494,True,1.0,18,nan,1.754014229774475,0.9847761392593384,0.055556|0.055556|0.000000|0.000000|0.055556|0.000000|0.055556|0.055556|0.000000|0.000000|0.055556|0.000000|0.055556|0.055556|0.000000|0.000000|0.055556|0.000000|0.055556|0.055556|0.000000|0.000000|0.055556|0.055556|0.000000|0.055556|0.000000|0.000000|0.055556|0.000000|0.055556|0.055556|0.000000|0.000000|0.055556|0.000000,GhostResolved,GhostResolved,True,True,True,7.982549940223373e-05,275.020:0.000|137.510:238.174|-137.510:238.174|-275.020:0.000|-137.510:-238.174|137.510:-238.174|-531.297:142.361|142.361:-531.297|531.297:142.361|388.937:388.937|142.361:531.297|-142.361:531.297|-388.937:388.937|-531.297:-142.361|-388.937:-388.937|-142.361:-531.297|388.937:-388.937|531.297:-142.361,0.000@0.9999|60.000@0.9998|120.000@0.9998|180.000@0.9999|240.000@0.9998|300.000@0.9998|165.000@0.9999|285.000@0.9999|15.000@0.9999|45.000@0.9998|75.000@0.9999|105.000@0.9999|135.000@0.9998|195.000@0.9999|225.000@0.9998|255.000@0.9999|315.000@0.9998|345.000@0.9999
fixed_hole_count_layout,concentric_hexagonal_rings,19,0.6353883327016112,4.0,6.295362684726013,3.364611667298389,8.0,infinite_pupil_upper_bound,1.0,3.0,550.0,retinal_optotype_primary,2,6|12,18,18,0,1,550.0394833255905,550.0394833255904,2.0668850358569666e-14,0.9998531837065713,0.9488903351500845,22.585548647685478,24.353602912451606,1.0,not_evaluated_well_separated,0.012961864471469433,19.00000001021233,5.374909873903801e-08,768,3.25802845954895,6.932274818376596,True,1.0,18,nan,3.25802845954895,0.9572166800498962,0.055556|0.055556|0.000000|0.000000|0.055556|0.000000|0.055556|0.055556|0.000000|0.000000|0.055556|0.000000|0.055556|0.055556|0.000000|0.000000|0.055556|0.000000|0.055556|0.055556|0.000000|0.000000|0.055556|0.055556|0.000000|0.055556|0.000000|0.000000|0.055556|0.000000|0.055556|0.055556|0.000000|0.000000|0.055556|0.000000,GhostResolved,GhostResolved,True,True,True,0.0003092996458840076,550.039:0.000|275.020:476.348|-275.020:476.348|-550.039:0.000|-275.020:-476.348|275.020:-476.348|-1062.595:284.721|284.721:-1062.595|1062.595:284.721|777.873:777.873|284.721:1062.595|-284.721:1062.595|-777.873:777.873|-1062.595:-284.721|-777.873:-777.873|-284.721:-1062.595|777.873:-777.873|1062.595:-284.721,0.000@0.9999|60.000@0.9997|120.000@0.9997|180.000@0.9999|240.000@0.9997|300.000@0.9997|165.000@0.9997|285.000@0.9997|15.000@0.9997|45.000@0.9997|75.000@0.9997|105.000@0.9997|135.000@0.9997|195.000@0.9997|225.000@0.9997|255.000@0.9997|315.000@0.9997|345.000@0.9997
fixed_hole_count_layout,concentric_circular_rings,61,0.6353883327016112,2.0,3.1476813423630063,1.3646116672983888,8.0,infinite_pupil_upper_bound,1.0,3.0,550.0,retinal_optotype_primary,4,6|12|18|24,60,60,0,1,275.01974166279524,275.0197416627952,2.0668850358569666e-14,0.9998386264316947,0.9840805962682263,22.585548647685478,12.176801456225803,1.0,not_evaluated_well_separated,0.012961864471469433,61.000000316101705,5.181995160843353e-07,768,3.25802845954895,6.932274818376596,True,1.7999999999999998,36,nan,3.25802845954895,0.9561712145805359,0.033333|0.033333|0.016667|0.033333|0.016667|0.033333|0.033333|0.033333|0.016667|0.033333|0.016667|0.033333|0.033333|0.033333|0.016667|0.033333|0.016667|0.033333|0.033333|0.033333|0.016667|0.033333|0.016667|0.050000|0.016667|0.033333|0.016667|0.033333|0.016667|0.033333|0.033333|0.033333|0.016667|0.033333|0.016667|0.033333,GhostResolved,GhostResolved,True,True,True,1.290167591227052e-06,275.020:0.000|137.510:238.174|-137.510:238.174|-275.020:0.000|-137.510:-238.174|137.510:-238.174|545.334:71.795|-71.795:545.334|-210.491:-508.170|508.170:-210.491|436.376:334.843|210.491:508.170|-334.843:436.376|-508.170:210.491|-545.334:-71.795|-436.376:-334.843|71.795:-545.334|334.843:-436.376|282.187:775.302|-282.187:-775.302|812.525:143.270|714.522:412.530|0.000:825.059|-282.187:775.302|-714.522:412.530|-812.525:143.270|-812.525:-143.270|-530.338:-632.032|-0.000:-825.059|282.187:-775.302|530.338:-632.032|714.522:-412.530|812.525:-143.270|530.338:632.032|-530.338:632.032|-714.522:-412.530|-486.552:986.631|-986.631:-486.552|-71.949:-1097.724|486.552:-986.631|725.332:-827.083|1097.724:-71.949|1078.941:214.615|986.631:486.552|827.083:725.332|611.171:914.682|353.609:1041.698|71.949:1097.724|-214.615:1078.941|-725.332:827.083|-914.682:611.171|-1041.698:353.609|-1097.724:71.949|-1078.941:-214.615|-827.083:-725.332|-611.171:-914.682|-353.609:-1041.698|214.615:-1078.941|914.682:-611.171|1041.698:-353.609,0.000@0.9998|60.000@0.9997|120.000@0.9997|180.000@0.9998|240.000@0.9997|300.000@0.9997|7.500@0.9998|97.500@0.9998|247.500@0.9998|337.500@0.9998|37.500@0.9998|67.500@0.9998|127.500@0.9998|157.500@0.9998|187.500@0.9998|217.500@0.9998|277.500@0.9998|307.500@0.9998|70.000@0.9998|250.000@0.9998|10.000@0.9998|30.000@0.9996|90.000@0.9998|110.000@0.9998|150.000@0.9996|170.000@0.9998|190.000@0.9998|230.000@0.9998|270.000@0.9998|290.000@0.9998|310.000@0.9998|330.000@0.9996|350.000@0.9998|50.000@0.9998|130.000@0.9998|210.000@0.9996|116.250@0.9997|206.250@0.9997|266.250@0.9998|296.250@0.9997|311.250@0.9997|356.250@0.9998|11.250@0.9997|26.250@0.9997|41.250@0.9997|56.250@0.9997|71.250@0.9997|86.250@0.9998|101.250@0.9997|131.250@0.9997|146.250@0.9997|161.250@0.9997|176.250@0.9998|191.250@0.9997|221.250@0.9997|236.250@0.9997|251.250@0.9997|281.250@0.9997|326.250@0.9997|341.250@0.9997
fixed_hole_count_layout,concentric_circular_rings,33,0.6353883327016112,4.0,6.295362684726013,3.364611667298389,8.0,infinite_pupil_upper_bound,1.0,3.0,550.0,retinal_optotype_primary,4,6|12|18|24,32,32,0,1,550.0394833255905,550.0394833255904,2.0668850358569666e-14,1.0000241434643964,0.9705295081010067,22.585548647685478,24.353602912451606,1.0,not_evaluated_well_separated,0.027358211576941474,33.000000023259695,7.048392307517519e-08,768,4.762042856216431,4.742827674934092,True,1.3125,21,nan,4.762042856216431,0.921177327632904,0.062500|0.031250|0.000000|0.062500|0.000000|0.000000|0.062500|0.031250|0.000000|0.062500|0.000000|0.031250|0.062500|0.000000|0.000000|0.062500|0.000000|0.031250|0.062500|0.031250|0.000000|0.031250|0.000000|0.062500|0.031250|0.031250|0.000000|0.062500|0.000000|0.031250|0.062500|0.000000|0.000000|0.062500|0.000000|0.031250,GhostResolved,GhostResolved,True,True,True,0.00024295227449055014,550.039:0.000|275.020:476.348|-275.020:476.348|-550.039:0.000|-275.020:-476.348|275.020:-476.348|1090.668:143.589|-143.589:1090.668|-420.982:-1016.340|1016.340:-420.982|872.751:669.686|420.982:1016.340|-669.686:872.751|-1016.340:420.982|-1090.668:-143.589|-872.751:-669.686|143.589:-1090.668|669.686:-872.751|564.374:1550.604|-564.374:-1550.604|1625.049:286.540|1429.044:825.059|0.000:1650.118|-564.374:1550.604|-1429.044:825.059|-1625.049:286.540|-1625.049:-286.540|-1060.676:-1264.064|-0.000:-1650.118|564.374:-1550.604|1429.044:-825.059|1625.049:-286.540,0.000@1.0000|60.000@0.9997|120.000@0.9997|180.000@1.0000|240.000@0.9997|300.000@0.9997|7.500@0.9997|97.500@0.9997|247.500@0.9998|337.500@0.9998|37.500@0.9996|67.500@0.9998|127.500@0.9996|157.500@0.9998|187.500@0.9997|217.500@0.9996|277.500@0.9997|307.500@0.9996|70.000@0.9998|250.000@0.9998|10.000@0.9995|30.000@0.9996|90.000@1.0000|110.000@0.9998|150.000@0.9996|170.000@0.9995|190.000@0.9995|230.000@0.9997|270.000@1.0000|290.000@0.9998|330.000@0.9996|350.000@0.9995
fixed_area_fraction_layout,square_packing,25,0.6353883327016112,2.0,3.1476813423630063,1.3646116672983888,8.0,infinite_pupil_upper_bound,1.0,3.0,550.0,retinal_optotype_primary,0,,24,24,0,1,275.0197416627952,275.0197416627952,0.0,1.0000349972374032,0.9610428452085363,22.585548647685478,12.1768014562258,1.0,not_evaluated_well_separated,0.006892332341742173,24.999999938060736,2.477570575365462e-07,768,2.37699728012085,9.501714131762572,True,1.3333333333333333,16,nan,2.37699728012085,0.9745607972145081,0.083333|0.000000|0.041667|0.000000|0.083333|0.000000|0.041667|0.000000|0.000000|0.083333|0.000000|0.041667|0.000000|0.083333|0.000000|0.041667|0.000000|0.000000|0.083333|0.000000|0.041667|0.000000|0.083333|0.000000|0.041667|0.000000|0.000000|0.083333|0.000000|0.041667|0.000000|0.083333|0.000000|0.041667|0.000000|0.000000,GhostResolved,GhostResolved,True,True,True,0.0002713173821692994,0.000:-275.020|-275.020:0.000|275.020:0.000|0.000:275.020|-275.020:-275.020|275.020:-275.020|-275.020:275.020|275.020:275.020|0.000:-550.039|-550.039:0.000|550.039:0.000|0.000:550.039|-275.020:-550.039|275.020:-550.039|-550.039:-275.020|550.039:-275.020|-550.039:275.020|550.039:275.020|-275.020:550.039|275.020:550.039|-550.039:-550.039|550.039:-550.039|-550.039:550.039|550.039:550.039,270.000@1.0000|180.000@1.0000|0.000@1.0000|90.000@1.0000|225.000@1.0000|315.000@1.0000|135.000@1.0000|45.000@1.0000|270.000@1.0000|180.000@1.0000|0.000@1.0000|90.000@1.0000|243.435@1.0000|296.565@1.0000|206.565@1.0000|333.435@1.0000|153.435@1.0000|26.565@1.0000|116.565@1.0000|63.435@1.0000|225.000@1.0000|315.000@1.0000|135.000@1.0000|45.000@1.0000
fixed_area_fraction_layout,square_packing,25,1.2707766654032224,4.0,3.1476813423630063,2.7292233345967776,8.0,infinite_pupil_upper_bound,1.0,3.0,550.0,retinal_optotype_primary,0,,24,24,0,1,550.0394833255904,550.0394833255904,0.0,0.9998335751950196,0.9607380754077004,22.581281711414093,24.358204744753863,1.0,not_evaluated_well_separated,0.025101806968473042,25.000000162791853,6.511674115472488e-07,768,4.5039945602417,5.01361211906133,True,1.3333333333333333,16,nan,4.5039945602417,0.9409176707267761,0.083333|0.000000|0.041667|0.000000|0.083333|0.000000|0.041667|0.000000|0.000000|0.083333|0.000000|0.041667|0.000000|0.083333|0.000000|0.041667|0.000000|0.000000|0.083333|0.000000|0.041667|0.000000|0.083333|0.000000|0.041667|0.000000|0.000000|0.083333|0.000000|0.041667|0.000000|0.083333|0.000000|0.041667|0.000000|0.000000,GhostResolved,GhostResolved,True,True,True,2.295129777602688e-05,0.000:-550.039|-550.039:0.000|550.039:0.000|0.000:550.039|-550.039:-550.039|550.039:-550.039|-550.039:550.039|550.039:550.039|0.000:-1100.079|-1100.079:0.000|1100.079:0.000|0.000:1100.079|-550.039:-1100.079|550.039:-1100.079|-1100.079:-550.039|1100.079:-550.039|-1100.079:550.039|1100.079:550.039|-550.039:1100.079|550.039:1100.079|-1100.079:-1100.079|1100.079:-1100.079|-1100.079:1100.079|1100.079:1100.079,270.000@0.9998|180.000@0.9998|0.000@0.9998|90.000@0.9998|225.000@0.9996|315.000@0.9996|135.000@0.9996|45.000@0.9996|270.000@0.9998|180.000@0.9998|0.000@0.9998|90.000@0.9998|243.435@0.9997|296.565@0.9997|206.565@0.9997|333.435@0.9997|153.435@0.9997|26.565@0.9997|116.565@0.9997|63.435@0.9997|225.000@0.9998|315.000@0.9998|135.000@0.9998|45.000@0.9998
fixed_area_fraction_layout,triangular_packing,25,0.5912954698289009,2.0,3.3824037254652506,1.4087045301710988,8.0,infinite_pupil_upper_bound,1.0,3.0,550.0,retinal_optotype_primary,0,,24,24,0,1,275.0197416627952,275.0197416627952,0.0,0.9995152044158429,0.9611425991277704,22.61778814623729,12.159444587801024,1.0,not_evaluated_well_separated,0.006116855889565776,24.999999925657,2.973719972487743e-07,768,2.2396238088607787,10.098922889082074,True,1.5,18,nan,2.2396238088607787,0.9769521355628967,0.083333|0.041667|0.000000|0.041667|0.041667|0.000000|0.083333|0.000000|0.000000|0.041667|0.000000|0.000000|0.083333|0.041667|0.000000|0.041667|0.000000|0.000000|0.083333|0.000000|0.000000|0.041667|0.041667|0.000000|0.083333|0.000000|0.000000|0.041667|0.000000|0.000000|0.083333|0.041667|0.000000|0.041667|0.041667|0.000000,GhostResolved,GhostResolved,True,True,True,0.00015800693611215308,-137.510:-238.174|137.510:-238.174|-275.020:0.000|275.020:0.000|-137.510:238.174|137.510:238.174|0.000:-476.348|-412.530:-238.174|412.530:-238.174|-412.530:238.174|412.530:238.174|0.000:476.348|-275.020:-476.348|275.020:-476.348|-550.039:0.000|550.039:0.000|-275.020:476.348|275.020:476.348|-550.039:-476.348|550.039:-476.348|-550.039:476.348|550.039:476.348|687.549:-238.174|687.549:238.174,240.000@0.9987|300.000@0.9987|180.000@0.9995|0.000@0.9995|120.000@0.9987|60.000@0.9987|270.000@0.9993|210.000@0.9989|330.000@0.9989|150.000@0.9989|30.000@0.9989|90.000@0.9993|240.000@0.9990|300.000@0.9990|180.000@0.9991|0.000@0.9991|120.000@0.9990|60.000@0.9990|220.893@0.9988|319.107@0.9988|139.107@0.9988|40.893@0.9988|340.893@0.9992|19.107@0.9992
fixed_area_fraction_layout,triangular_packing,25,1.1825909396578018,4.0,3.3824037254652506,2.8174090603421975,8.0,infinite_pupil_upper_bound,1.0,3.0,550.0,retinal_optotype_primary,0,,24,24,0,1,550.0394833255904,550.0394833255904,0.0,0.9998516850789545,0.9607702952875856,22.54064784218735,24.402115111178382,1.0,not_evaluated_well_separated,0.022065011784450455,25.000000084343597,3.3737438798198127e-07,768,4.229247617721557,5.329706340138765,True,1.5,18,nan,4.229247617721557,0.9460300207138062,0.083333|0.041667|0.000000|0.041667|0.041667|0.000000|0.083333|0.000000|0.000000|0.041667|0.000000|0.000000|0.083333|0.041667|0.000000|0.041667|0.000000|0.000000|0.083333|0.000000|0.000000|0.041667|0.041667|0.000000|0.083333|0.000000|0.000000|0.041667|0.000000|0.000000|0.083333|0.041667|0.000000|0.041667|0.041667|0.000000,GhostResolved,GhostResolved,True,True,True,1.7099118182764868e-05,-275.020:-476.348|275.020:-476.348|-550.039:0.000|550.039:0.000|-275.020:476.348|275.020:476.348|0.000:-952.696|-825.059:-476.348|825.059:-476.348|-825.059:476.348|825.059:476.348|0.000:952.696|-550.039:-952.696|550.039:-952.696|-1100.079:0.000|1100.079:0.000|-550.039:952.696|550.039:952.696|-1100.079:-952.696|1100.079:-952.696|-1100.079:952.696|1100.079:952.696|1375.099:-476.348|1375.099:476.348,240.000@0.9995|300.000@0.9995|180.000@0.9999|0.000@0.9999|120.000@0.9995|60.000@0.9995|270.000@0.9996|210.000@0.9994|330.000@0.9994|150.000@0.9994|30.000@0.9994|90.000@0.9996|240.000@0.9995|300.000@0.9995|180.000@0.9997|0.000@0.9997|120.000@0.9995|60.000@0.9995|220.893@0.9994|319.107@0.9994|139.107@0.9994|40.893@0.9994|340.893@0.9994|19.107@0.9994
fixed_area_fraction_layout,hexagonal_packing,49,0.7241860941500265,2.0,2.7617210771595797,1.2758139058499731,8.0,infinite_pupil_upper_bound,1.0,3.0,550.0,retinal_optotype_primary,0,,48,48,0,1,275.0197416627952,275.0197416627952,0.0,0.9999575292938859,0.9800970051090591,22.541509944625126,12.200590924849372,1.0,not_evaluated_well_separated,0.027538759633907724,48.99999987946963,2.4598035354626647e-07,768,4.762042856216431,4.733579815477543,True,2.0,24,nan,4.762042856216431,0.9184983968734741,0.041667|0.041667|0.000000|0.083333|0.062500|0.000000|0.062500|0.020833|0.000000|0.062500|0.020833|0.020833|0.041667|0.020833|0.000000|0.041667|0.020833|0.000000|0.062500|0.041667|0.020833|0.083333|0.041667|0.000000|0.041667|0.000000|0.000000|0.041667|0.000000|0.000000|0.041667|0.020833|0.000000|0.041667|0.020833|0.000000,GhostResolved,GhostResolved,True,True,True,1.4037784514814905e-05,-238.174:-137.510|238.174:-137.510|0.000:275.020|-238.174:-412.530|238.174:-412.530|-476.348:0.000|476.348:0.000|-238.174:412.530|238.174:412.530|0.000:-550.039|-476.348:275.020|476.348:275.020|-476.348:-550.039|476.348:-550.039|-714.522:-137.510|714.522:-137.510|-238.174:687.549|238.174:687.549|0.000:-825.059|-714.522:-412.530|714.522:-412.530|-714.522:412.530|714.522:412.530|0.000:825.059|-476.348:-825.059|476.348:-825.059|-952.696:0.000|952.696:0.000|-476.348:825.059|476.348:825.059|-952.696:275.020|952.696:275.020|-714.522:687.549|714.522:687.549|-952.696:-550.039|0.000:1100.079|-1190.870:-137.510|-476.348:1100.079|476.348:1100.079|-1190.870:-412.530|1190.870:412.530|-952.696:-825.059|952.696:825.059|1190.870:687.549|952.696:1100.079|-1429.044:-550.039|-1429.044:-825.059|1429.044:825.059,210.000@0.9995|330.000@0.9995|90.000@0.9993|240.000@0.9992|300.000@0.9992|180.000@0.9999|0.000@0.9999|120.000@0.9992|60.000@0.9992|270.000@0.9993|150.000@0.9992|30.000@0.9992|229.107@0.9992|310.893@0.9992|190.893@0.9994|349.107@0.9994|109.107@0.9992|70.893@0.9992|270.000@0.9993|210.000@0.9991|330.000@0.9991|150.000@0.9991|30.000@0.9991|90.000@0.9993|240.000@0.9992|300.000@0.9992|180.000@0.9998|0.000@0.9998|120.000@0.9992|60.000@0.9992|163.898@0.9991|16.102@0.9991|136.102@0.9991|43.898@0.9991|210.000@0.9991|90.000@1.0000|186.587@0.9993|113.413@0.9998|66.587@0.9998|199.107@0.9990|19.107@0.9990|220.893@0.9991|40.893@0.9991|30.000@0.9990|49.107@0.9997|201.052@0.9990|210.000@0.9990|30.000@0.9990
fixed_area_fraction_layout,hexagonal_packing,25,1.448372188300053,4.0,2.7617210771595797,2.5516278116999462,8.0,infinite_pupil_upper_bound,1.0,3.0,550.0,retinal_optotype_primary,0,,24,24,0,1,550.0394833255904,550.0394833255904,0.0,1.0009686339984372,0.960788910224636,22.719337695110674,24.210190046339328,1.0,not_evaluated_well_separated,0.028064547106627126,25.000000132754806,5.310192250362888e-07,768,4.762042856216431,4.770922560147178,True,1.5,18,nan,4.762042856216431,0.9395750164985657,0.041667|0.000000|0.000000|0.083333|0.000000|0.000000|0.041667|0.041667|0.000000|0.083333|0.041667|0.000000|0.041667|0.000000|0.000000|0.083333|0.000000|0.000000|0.041667|0.041667|0.000000|0.083333|0.041667|0.000000|0.041667|0.000000|0.000000|0.083333|0.000000|0.000000|0.041667|0.041667|0.000000|0.083333|0.041667|0.000000,GhostResolved,GhostResolved,True,True,True,1.2730795825902636e-05,-476.348:-275.020|476.348:-275.020|0.000:550.039|-476.348:-825.059|476.348:-825.059|-952.696:0.000|952.696:0.000|-476.348:825.059|476.348:825.059|0.000:-1100.079|-952.696:550.039|952.696:550.039|-952.696:-1100.079|952.696:-1100.079|-1429.044:-275.020|1429.044:-275.020|-476.348:1375.099|476.348:1375.099|0.000:-1650.118|-1429.044:-825.059|1429.044:-825.059|-1429.044:825.059|1429.044:825.059|0.000:1650.118,210.000@1.0000|330.000@1.0000|90.000@1.0010|240.000@1.0000|300.000@1.0000|180.000@0.9998|0.000@0.9998|120.000@1.0000|60.000@1.0000|270.000@1.0000|150.000@1.0009|30.000@1.0009|229.107@0.9998|310.893@0.9998|190.893@1.0000|349.107@1.0000|109.107@1.0000|70.893@1.0000|270.000@1.0009|210.000@1.0000|330.000@1.0000|150.000@1.0000|30.000@1.0000|90.000@1.0009
ring_growth,concentric_hexagonal_rings,7,0.6353883327016112,2.0,3.1476813423630063,1.3646116672983888,8.0,infinite_pupil_upper_bound,1.0,3.0,550.0,retinal_optotype_primary,1,6,6,6,0,1,275.01974166279524,275.0197416627952,2.0668850358569666e-14,0.9998953096847891,0.8610532686617302,22.585548647685478,12.176801456225803,1.0,not_evaluated_well_separated,0.0012255628033612897,6.999999937611782,8.912602592455901e-07,768,1.0020071148872376,22.54030766061694,True,1.0,6,nan,1.0020071148872376,0.9946588277816772,0.166667|0.000000|0.000000|0.000000|0.000000|0.000000|0.166667|0.000000|0.000000|0.000000|0.000000|0.000000|0.166667|0.000000|0.000000|0.000000|0.000000|0.000000|0.166667|0.000000|0.000000|0.000000|0.000000|0.166667|0.000000|0.000000|0.000000|0.000000|0.000000|0.000000|0.166667|0.000000|0.000000|0.000000|0.000000|0.000000,GhostResolved,GhostResolved,True,True,True,0.00017616891289327935,275.020:0.000|137.510:238.174|-137.510:238.174|-275.020:0.000|-137.510:-238.174|137.510:-238.174,0.000@0.9999|60.000@0.9999|120.000@0.9999|180.000@0.9999|240.000@0.9999|300.000@0.9999
ring_growth,concentric_hexagonal_rings,19,0.6353883327016112,2.0,3.1476813423630063,1.3646116672983888,8.0,infinite_pupil_upper_bound,1.0,3.0,550.0,retinal_optotype_primary,2,6|12,18,18,0,1,275.01974166279524,275.0197416627952,2.0668850358569666e-14,0.9998947786802148,0.9488268867487324,22.585548647685478,12.176801456225803,1.0,not_evaluated_well_separated,0.0037548562704558786,18.9999999361585,3.3600789986633715e-07,768,1.754014229774475,12.876491116374494,True,1.0,18,nan,1.754014229774475,0.9847761392593384,0.055556|0.055556|0.000000|0.000000|0.055556|0.000000|0.055556|0.055556|0.000000|0.000000|0.055556|0.000000|0.055556|0.055556|0.000000|0.000000|0.055556|0.000000|0.055556|0.055556|0.000000|0.000000|0.055556|0.055556|0.000000|0.055556|0.000000|0.000000|0.055556|0.000000|0.055556|0.055556|0.000000|0.000000|0.055556|0.000000,GhostResolved,GhostResolved,True,True,True,7.982549940223373e-05,275.020:0.000|137.510:238.174|-137.510:238.174|-275.020:0.000|-137.510:-238.174|137.510:-238.174|-531.297:142.361|142.361:-531.297|531.297:142.361|388.937:388.937|142.361:531.297|-142.361:531.297|-388.937:388.937|-531.297:-142.361|-388.937:-388.937|-142.361:-531.297|388.937:-388.937|531.297:-142.361,0.000@0.9999|60.000@0.9998|120.000@0.9998|180.000@0.9999|240.000@0.9998|300.000@0.9998|165.000@0.9999|285.000@0.9999|15.000@0.9999|45.000@0.9998|75.000@0.9999|105.000@0.9999|135.000@0.9998|195.000@0.9999|225.000@0.9998|255.000@0.9999|315.000@0.9998|345.000@0.9999
ring_growth,concentric_circular_rings,61,0.6353883327016112,2.0,3.1476813423630063,1.3646116672983888,8.0,infinite_pupil_upper_bound,1.0,3.0,550.0,retinal_optotype_primary,4,6|12|18|24,60,60,0,1,275.01974166279524,275.0197416627952,2.0668850358569666e-14,0.9998386264316947,0.9840805962682263,22.585548647685478,12.176801456225803,1.0,not_evaluated_well_separated,0.012961864471469433,61.000000316101705,5.181995160843353e-07,768,3.25802845954895,6.932274818376596,True,1.7999999999999998,36,nan,3.25802845954895,0.9561712145805359,0.033333|0.033333|0.016667|0.033333|0.016667|0.033333|0.033333|0.033333|0.016667|0.033333|0.016667|0.033333|0.033333|0.033333|0.016667|0.033333|0.016667|0.033333|0.033333|0.033333|0.016667|0.033333|0.016667|0.050000|0.016667|0.033333|0.016667|0.033333|0.016667|0.033333|0.033333|0.033333|0.016667|0.033333|0.016667|0.033333,GhostResolved,GhostResolved,True,True,True,1.290167591227052e-06,275.020:0.000|137.510:238.174|-137.510:238.174|-275.020:0.000|-137.510:-238.174|137.510:-238.174|545.334:71.795|-71.795:545.334|-210.491:-508.170|508.170:-210.491|436.376:334.843|210.491:508.170|-334.843:436.376|-508.170:210.491|-545.334:-71.795|-436.376:-334.843|71.795:-545.334|334.843:-436.376|282.187:775.302|-282.187:-775.302|812.525:143.270|714.522:412.530|0.000:825.059|-282.187:775.302|-714.522:412.530|-812.525:143.270|-812.525:-143.270|-530.338:-632.032|-0.000:-825.059|282.187:-775.302|530.338:-632.032|714.522:-412.530|812.525:-143.270|530.338:632.032|-530.338:632.032|-714.522:-412.530|-486.552:986.631|-986.631:-486.552|-71.949:-1097.724|486.552:-986.631|725.332:-827.083|1097.724:-71.949|1078.941:214.615|986.631:486.552|827.083:725.332|611.171:914.682|353.609:1041.698|71.949:1097.724|-214.615:1078.941|-725.332:827.083|-914.682:611.171|-1041.698:353.609|-1097.724:71.949|-1078.941:-214.615|-827.083:-725.332|-611.171:-914.682|-353.609:-1041.698|214.615:-1078.941|914.682:-611.171|1041.698:-353.609,0.000@0.9998|60.000@0.9997|120.000@0.9997|180.000@0.9998|240.000@0.9997|300.000@0.9997|7.500@0.9998|97.500@0.9998|247.500@0.9998|337.500@0.9998|37.500@0.9998|67.500@0.9998|127.500@0.9998|157.500@0.9998|187.500@0.9998|217.500@0.9998|277.500@0.9998|307.500@0.9998|70.000@0.9998|250.000@0.9998|10.000@0.9998|30.000@0.9996|90.000@0.9998|110.000@0.9998|150.000@0.9996|170.000@0.9998|190.000@0.9998|230.000@0.9998|270.000@0.9998|290.000@0.9998|310.000@0.9998|330.000@0.9996|350.000@0.9998|50.000@0.9998|130.000@0.9998|210.000@0.9996|116.250@0.9997|206.250@0.9997|266.250@0.9998|296.250@0.9997|311.250@0.9997|356.250@0.9998|11.250@0.9997|26.250@0.9997|41.250@0.9997|56.250@0.9997|71.250@0.9997|86.250@0.9998|101.250@0.9997|131.250@0.9997|146.250@0.9997|161.250@0.9997|176.250@0.9998|191.250@0.9997|221.250@0.9997|236.250@0.9997|251.250@0.9997|281.250@0.9997|326.250@0.9997|341.250@0.9997
ring_growth,concentric_circular_rings,61,0.6353883327016112,2.0,3.1476813423630063,1.3646116672983888,8.0,infinite_pupil_upper_bound,1.0,3.0,550.0,retinal_optotype_primary,4,6|12|18|24,60,60,0,1,275.01974166279524,275.0197416627952,2.0668850358569666e-14,0.9998386264316947,0.9840805962682263,22.585548647685478,12.176801456225803,1.0,not_evaluated_well_separated,0.012961864471469433,61.000000316101705,5.181995160843353e-07,768,3.25802845954895,6.932274818376596,True,1.7999999999999998,36,nan,3.25802845954895,0.9561712145805359,0.033333|0.033333|0.016667|0.033333|0.016667|0.033333|0.033333|0.033333|0.016667|0.033333|0.016667|0.033333|0.033333|0.033333|0.016667|0.033333|0.016667|0.033333|0.033333|0.033333|0.016667|0.033333|0.016667|0.050000|0.016667|0.033333|0.016667|0.033333|0.016667|0.033333|0.033333|0.033333|0.016667|0.033333|0.016667|0.033333,GhostResolved,GhostResolved,True,True,True,1.290167591227052e-06,275.020:0.000|137.510:238.174|-137.510:238.174|-275.020:0.000|-137.510:-238.174|137.510:-238.174|545.334:71.795|-71.795:545.334|-210.491:-508.170|508.170:-210.491|436.376:334.843|210.491:508.170|-334.843:436.376|-508.170:210.491|-545.334:-71.795|-436.376:-334.843|71.795:-545.334|334.843:-436.376|282.187:775.302|-282.187:-775.302|812.525:143.270|714.522:412.530|0.000:825.059|-282.187:775.302|-714.522:412.530|-812.525:143.270|-812.525:-143.270|-530.338:-632.032|-0.000:-825.059|282.187:-775.302|530.338:-632.032|714.522:-412.530|812.525:-143.270|530.338:632.032|-530.338:632.032|-714.522:-412.530|-486.552:986.631|-986.631:-486.552|-71.949:-1097.724|486.552:-986.631|725.332:-827.083|1097.724:-71.949|1078.941:214.615|986.631:486.552|827.083:725.332|611.171:914.682|353.609:1041.698|71.949:1097.724|-214.615:1078.941|-725.332:827.083|-914.682:611.171|-1041.698:353.609|-1097.724:71.949|-1078.941:-214.615|-827.083:-725.332|-611.171:-914.682|-353.609:-1041.698|214.615:-1078.941|914.682:-611.171|1041.698:-353.609,0.000@0.9998|60.000@0.9997|120.000@0.9997|180.000@0.9998|240.000@0.9997|300.000@0.9997|7.500@0.9998|97.500@0.9998|247.500@0.9998|337.500@0.9998|37.500@0.9998|67.500@0.9998|127.500@0.9998|157.500@0.9998|187.500@0.9998|217.500@0.9998|277.500@0.9998|307.500@0.9998|70.000@0.9998|250.000@0.9998|10.000@0.9998|30.000@0.9996|90.000@0.9998|110.000@0.9998|150.000@0.9996|170.000@0.9998|190.000@0.9998|230.000@0.9998|270.000@0.9998|290.000@0.9998|310.000@0.9998|330.000@0.9996|350.000@0.9998|50.000@0.9998|130.000@0.9998|210.000@0.9996|116.250@0.9997|206.250@0.9997|266.250@0.9998|296.250@0.9997|311.250@0.9997|356.250@0.9998|11.250@0.9997|26.250@0.9997|41.250@0.9997|56.250@0.9997|71.250@0.9997|86.250@0.9998|101.250@0.9997|131.250@0.9997|146.250@0.9997|161.250@0.9997|176.250@0.9998|191.250@0.9997|221.250@0.9997|236.250@0.9997|251.250@0.9997|281.250@0.9997|326.250@0.9997|341.250@0.9997
design_point_A,square_packing,25,1.2,2.0,1.6666666666666667,0.8,8.0,infinite_pupil_upper_bound,1.0,3.0,550.0,document_design_point,0,,24,24,0,1,275.0197416627952,275.0197416627952,0.0,0.9997528599624785,0.9607427583104838,22.54751759283411,12.197340151990833,1.0,not_evaluated_well_separated,0.006982529535912836,24.999999951790752,1.9283699259631248e-07,768,2.37699728012085,9.485714511077507,True,1.3333333333333333,16,nan,2.37699728012085,0.9814562201499939,0.083333|0.000000|0.041667|0.000000|0.083333|0.000000|0.041667|0.000000|0.000000|0.083333|0.000000|0.041667|0.000000|0.083333|0.000000|0.041667|0.000000|0.000000|0.083333|0.000000|0.041667|0.000000|0.083333|0.000000|0.041667|0.000000|0.000000|0.083333|0.000000|0.041667|0.000000|0.083333|0.000000|0.041667|0.000000|0.000000,GhostResolved,GhostResolved,True,True,True,1.2969833940769775e-05,0.000:-275.020|-275.020:0.000|275.020:0.000|0.000:275.020|-275.020:-275.020|275.020:-275.020|-275.020:275.020|275.020:275.020|0.000:-550.039|-550.039:0.000|550.039:0.000|0.000:550.039|-275.020:-550.039|275.020:-550.039|-550.039:-275.020|550.039:-275.020|-550.039:275.020|550.039:275.020|-275.020:550.039|275.020:550.039|-550.039:-550.039|550.039:-550.039|-550.039:550.039|550.039:550.039,270.000@0.9998|180.000@0.9998|0.000@0.9998|90.000@0.9998|225.000@0.9995|315.000@0.9995|135.000@0.9995|45.000@0.9995|270.000@0.9997|180.000@0.9997|0.000@0.9997|90.000@0.9997|243.435@0.9995|296.565@0.9995|206.565@0.9995|333.435@0.9995|153.435@0.9995|26.565@0.9995|116.565@0.9995|63.435@0.9995|225.000@0.9995|315.000@0.9995|135.000@0.9995|45.000@0.9995
design_point_A,triangular_packing,25,1.2,2.0,1.6666666666666667,0.7999999999999998,8.0,infinite_pupil_upper_bound,1.0,3.0,550.0,document_design_point,0,,24,24,0,1,275.0197416627952,275.0197416627952,0.0,0.9998377180866509,0.9607279737227793,22.54751759283411,12.197340151990833,1.0,not_evaluated_well_separated,0.00619986234233924,24.999999925770833,2.969166672528445e-07,768,2.2396238088607787,10.06754683694101,True,1.5,18,nan,2.2396238088607787,0.9833937287330627,0.083333|0.041667|0.000000|0.041667|0.041667|0.000000|0.083333|0.000000|0.000000|0.041667|0.000000|0.000000|0.083333|0.041667|0.000000|0.041667|0.000000|0.000000|0.083333|0.000000|0.000000|0.041667|0.041667|0.000000|0.083333|0.000000|0.000000|0.041667|0.000000|0.000000|0.083333|0.041667|0.000000|0.041667|0.041667|0.000000,GhostResolved,GhostResolved,True,True,True,7.555910189539653e-06,-137.510:-238.174|137.510:-238.174|-275.020:0.000|275.020:0.000|-137.510:238.174|137.510:238.174|0.000:-476.348|-412.530:-238.174|412.530:-238.174|-412.530:238.174|412.530:238.174|0.000:476.348|-275.020:-476.348|275.020:-476.348|-550.039:0.000|550.039:0.000|-275.020:476.348|275.020:476.348|-550.039:-476.348|550.039:-476.348|-550.039:476.348|550.039:476.348|687.549:-238.174|687.549:238.174,240.000@0.9996|300.000@0.9996|180.000@0.9998|0.000@0.9998|120.000@0.9996|60.000@0.9996|270.000@0.9998|210.000@0.9996|330.000@0.9996|150.000@0.9996|30.000@0.9996|90.000@0.9998|240.000@0.9996|300.000@0.9996|180.000@0.9997|0.000@0.9997|120.000@0.9996|60.000@0.9996|220.893@0.9996|319.107@0.9996|139.107@0.9996|40.893@0.9996|340.893@0.9998|19.107@0.9998
design_point_A,hexagonal_packing,49,1.2,2.0,1.6666666666666667,0.7999999999999996,8.0,infinite_pupil_upper_bound,1.0,3.0,550.0,document_design_point,0,,48,48,0,1,275.0197416627952,275.0197416627952,0.0,1.0001954508896138,0.9799817099820128,22.54751759283411,12.197340151990833,1.0,not_evaluated_well_separated,0.028127754107136194,48.99999984873088,3.0871248958535535e-07,768,4.762042856216431,4.734841385016159,True,2.0,24,nan,4.762042856216431,0.9337289333343506,0.041667|0.041667|0.000000|0.083333|0.062500|0.000000|0.062500|0.020833|0.000000|0.062500|0.020833|0.020833|0.041667|0.020833|0.000000|0.041667|0.020833|0.000000|0.062500|0.041667|0.020833|0.083333|0.041667|0.000000|0.041667|0.000000|0.000000|0.041667|0.000000|0.000000|0.041667|0.020833|0.000000|0.041667|0.020833|0.000000,GhostResolved,GhostResolved,True,True,True,6.596432267752536e-05,-238.174:-137.510|238.174:-137.510|0.000:275.020|-238.174:-412.530|238.174:-412.530|-476.348:0.000|476.348:0.000|-238.174:412.530|238.174:412.530|0.000:-550.039|-476.348:275.020|476.348:275.020|-476.348:-550.039|476.348:-550.039|-714.522:-137.510|714.522:-137.510|-238.174:687.549|238.174:687.549|0.000:-825.059|-714.522:-412.530|714.522:-412.530|-714.522:412.530|714.522:412.530|0.000:825.059|-476.348:-825.059|476.348:-825.059|-952.696:0.000|952.696:0.000|-476.348:825.059|476.348:825.059|-952.696:275.020|952.696:275.020|-714.522:687.549|714.522:687.549|-952.696:-550.039|0.000:1100.079|-1190.870:-137.510|-476.348:1100.079|476.348:1100.079|-1190.870:-412.530|1190.870:412.530|-952.696:-825.059|952.696:825.059|1190.870:687.549|952.696:1100.079|-1429.044:-550.039|-1429.044:-825.059|1429.044:825.059,210.000@0.9997|330.000@0.9997|90.000@0.9998|240.000@0.9999|300.000@0.9999|180.000@0.9999|0.000@0.9999|120.000@0.9999|60.000@0.9999|270.000@1.0002|150.000@0.9997|30.000@0.9997|229.107@1.0001|310.893@1.0001|190.893@0.9996|349.107@0.9996|109.107@0.9999|70.893@0.9999|270.000@0.9998|210.000@0.9998|330.000@0.9998|150.000@0.9998|30.000@0.9998|90.000@0.9998|240.000@0.9997|300.000@0.9997|180.000@0.9998|0.000@0.9998|120.000@0.9997|60.000@0.9997|163.898@0.9996|16.102@0.9996|136.102@0.9999|43.898@0.9999|210.000@1.0001|90.000@1.0000|186.587@0.9996|113.413@0.9999|66.587@0.9999|199.107@0.9998|19.107@0.9998|220.893@0.9996|40.893@0.9996|30.000@0.9998|49.107@0.9998|201.052@1.0001|210.000@0.9996|30.000@0.9996
design_point_A,concentric_hexagonal_rings,19,1.2,2.0,1.6666666666666667,0.8,8.0,infinite_pupil_upper_bound,1.0,3.0,550.0,document_design_point,2,6|12,18,18,0,1,275.01974166279524,275.0197416627952,2.0668850358569666e-14,0.9998951072331187,0.9483740806330071,22.54751759283411,12.197340151990835,1.0,not_evaluated_well_separated,0.003803346073260905,18.99999994070002,3.1210514874290214e-07,768,1.754014229774475,12.854808820868683,True,1.0,18,nan,1.754014229774475,0.9895636439323425,0.055556|0.055556|0.000000|0.000000|0.055556|0.000000|0.055556|0.055556|0.000000|0.000000|0.055556|0.000000|0.055556|0.055556|0.000000|0.000000|0.055556|0.000000|0.055556|0.055556|0.000000|0.000000|0.055556|0.055556|0.000000|0.055556|0.000000|0.000000|0.055556|0.000000|0.055556|0.055556|0.000000|0.000000|0.055556|0.000000,GhostResolved,GhostResolved,True,True,True,8.405658706347654e-05,275.020:0.000|137.510:238.174|-137.510:238.174|-275.020:0.000|-137.510:-238.174|137.510:-238.174|-531.297:142.361|142.361:-531.297|531.297:142.361|388.937:388.937|142.361:531.297|-142.361:531.297|-388.937:388.937|-531.297:-142.361|-388.937:-388.937|-142.361:-531.297|388.937:-388.937|531.297:-142.361,0.000@0.9999|60.000@0.9997|120.000@0.9997|180.000@0.9999|240.000@0.9997|300.000@0.9997|165.000@0.9999|285.000@0.9999|15.000@0.9999|45.000@0.9997|75.000@0.9999|105.000@0.9999|135.000@0.9997|195.000@0.9999|225.000@0.9997|255.000@0.9999|315.000@0.9997|345.000@0.9999
design_point_A,concentric_circular_rings,61,1.2,2.0,1.6666666666666667,0.8,8.0,infinite_pupil_upper_bound,1.0,3.0,550.0,document_design_point,4,6|12|18|24,60,60,0,1,275.01974166279524,275.0197416627952,2.0668850358569666e-14,0.9997664503773872,0.9839387170481738,22.54751759283411,12.197340151990835,1.0,not_evaluated_well_separated,0.01310479547831608,61.00000027755321,4.550052662513035e-07,768,3.25802845954895,6.920601791169021,True,1.7999999999999998,36,nan,3.25802845954895,0.966288149356842,0.033333|0.033333|0.016667|0.033333|0.016667|0.033333|0.033333|0.033333|0.016667|0.033333|0.016667|0.033333|0.033333|0.033333|0.016667|0.033333|0.016667|0.033333|0.033333|0.033333|0.016667|0.033333|0.016667|0.050000|0.016667|0.033333|0.016667|0.033333|0.016667|0.033333|0.033333|0.033333|0.016667|0.033333|0.016667|0.033333,GhostResolved,GhostResolved,True,True,True,8.298853548537777e-05,275.020:0.000|137.510:238.174|-137.510:238.174|-275.020:0.000|-137.510:-238.174|137.510:-238.174|545.334:71.795|-71.795:545.334|-210.491:-508.170|508.170:-210.491|436.376:334.843|210.491:508.170|-334.843:436.376|-508.170:210.491|-545.334:-71.795|-436.376:-334.843|71.795:-545.334|334.843:-436.376|282.187:775.302|-282.187:-775.302|812.525:143.270|714.522:412.530|0.000:825.059|-282.187:775.302|-714.522:412.530|-812.525:143.270|-812.525:-143.270|-530.338:-632.032|-0.000:-825.059|282.187:-775.302|530.338:-632.032|714.522:-412.530|812.525:-143.270|530.338:632.032|-530.338:632.032|-714.522:-412.530|-486.552:986.631|-986.631:-486.552|-71.949:-1097.724|486.552:-986.631|725.332:-827.083|1097.724:-71.949|1078.941:214.615|986.631:486.552|827.083:725.332|611.171:914.682|353.609:1041.698|71.949:1097.724|-214.615:1078.941|-725.332:827.083|-914.682:611.171|-1041.698:353.609|-1097.724:71.949|-1078.941:-214.615|-827.083:-725.332|-611.171:-914.682|-353.609:-1041.698|214.615:-1078.941|914.682:-611.171|1041.698:-353.609,0.000@0.9997|60.000@0.9996|120.000@0.9996|180.000@0.9997|240.000@0.9996|300.000@0.9996|7.500@0.9996|97.500@0.9996|247.500@0.9996|337.500@0.9996|37.500@0.9996|67.500@0.9996|127.500@0.9996|157.500@0.9996|187.500@0.9996|217.500@0.9996|277.500@0.9996|307.500@0.9996|70.000@0.9996|250.000@0.9996|10.000@0.9996|30.000@0.9994|90.000@0.9997|110.000@0.9996|150.000@0.9994|170.000@0.9996|190.000@0.9996|230.000@0.9997|270.000@0.9997|290.000@0.9996|310.000@0.9997|330.000@0.9994|350.000@0.9996|50.000@0.9997|130.000@0.9997|210.000@0.9994|116.250@0.9995|206.250@0.9995|266.250@0.9998|296.250@0.9995|311.250@0.9995|356.250@0.9998|11.250@0.9996|26.250@0.9995|41.250@0.9995|56.250@0.9994|71.250@0.9994|86.250@0.9998|101.250@0.9996|131.250@0.9995|146.250@0.9994|161.250@0.9994|176.250@0.9998|191.250@0.9996|221.250@0.9995|236.250@0.9994|251.250@0.9994|281.250@0.9996|326.250@0.9994|341.250@0.9994
design_point_B,square_packing,25,1.0,2.5,2.5,1.5,8.0,infinite_pupil_upper_bound,1.0,3.0,550.0,document_design_point,0,,24,24,0,1,343.774677078494,343.774677078494,0.0,0.9999867257418247,0.9608250716340934,22.50166539856039,15.277743713160358,1.0,not_evaluated_well_separated,0.010426258668312437,25.000000011929565,4.771825956595421e-08,768,2.9087467670440676,7.735862624241806,True,1.3333333333333333,16,nan,2.9087467670440676,0.9695013761520386,0.083333|0.000000|0.041667|0.000000|0.083333|0.000000|0.041667|0.000000|0.000000|0.083333|0.000000|0.041667|0.000000|0.083333|0.000000|0.041667|0.000000|0.000000|0.083333|0.000000|0.041667|0.000000|0.083333|0.000000|0.041667|0.000000|0.000000|0.083333|0.000000|0.041667|0.000000|0.083333|0.000000|0.041667|0.000000|0.000000,GhostResolved,GhostResolved,True,True,True,9.971137417123724e-05,0.000:-343.775|-343.775:0.000|343.775:0.000|0.000:343.775|-343.775:-343.775|343.775:-343.775|-343.775:343.775|343.775:343.775|0.000:-687.549|-687.549:0.000|687.549:0.000|0.000:687.549|-343.775:-687.549|343.775:-687.549|-687.549:-343.775|687.549:-343.775|-687.549:343.775|687.549:343.775|-343.775:687.549|343.775:687.549|-687.549:-687.549|687.549:-687.549|-687.549:687.549|687.549:687.549,270.000@1.0000|180.000@1.0000|0.000@1.0000|90.000@1.0000|225.000@0.9999|315.000@0.9999|135.000@0.9999|45.000@0.9999|270.000@1.0000|180.000@1.0000|0.000@1.0000|90.000@1.0000|243.435@0.9999|296.565@0.9999|206.565@0.9999|333.435@0.9999|153.435@0.9999|26.565@0.9999|116.565@0.9999|63.435@0.9999|225.000@0.9999|315.000@0.9999|135.000@0.9999|45.000@0.9999
design_point_B,triangular_packing,25,1.0,2.5,2.5,1.5,8.0,infinite_pupil_upper_bound,1.0,3.0,550.0,document_design_point,0,,24,24,0,1,343.7746770784939,343.774677078494,3.3070160573711464e-14,1.0000128125773489,0.9608054652065168,22.50166539856039,15.277743713160353,1.0,not_evaluated_well_separated,0.009234721772422082,24.999999874146297,5.034148102822655e-07,768,2.7370298862457276,8.221198281990633,True,1.5,18,nan,2.7370298862457276,0.9728705883026123,0.083333|0.041667|0.041667|0.000000|0.041667|0.000000|0.083333|0.000000|0.000000|0.041667|0.000000|0.000000|0.083333|0.041667|0.000000|0.041667|0.000000|0.000000|0.083333|0.000000|0.000000|0.041667|0.041667|0.000000|0.083333|0.000000|0.000000|0.041667|0.000000|0.000000|0.083333|0.041667|0.000000|0.041667|0.041667|0.000000,GhostResolved,GhostResolved,True,True,True,1.485461365813275e-05,-171.887:-297.718|171.887:-297.718|-171.887:297.718|171.887:297.718|-343.775:0.000|343.775:0.000|0.000:-595.435|0.000:595.435|-515.662:-297.718|515.662:-297.718|-515.662:297.718|515.662:297.718|-343.775:-595.435|343.775:-595.435|-343.775:595.435|343.775:595.435|-687.549:0.000|687.549:0.000|-687.549:-595.435|687.549:-595.435|859.437:-297.718|859.437:297.718|-687.549:595.435|687.549:595.435,240.000@0.9999|300.000@0.9999|120.000@0.9999|60.000@0.9999|180.000@1.0000|0.000@1.0000|270.000@1.0000|90.000@1.0000|210.000@0.9999|330.000@0.9999|150.000@0.9999|30.000@0.9999|240.000@0.9999|300.000@0.9999|120.000@0.9999|60.000@0.9999|180.000@1.0000|0.000@1.0000|220.893@0.9999|319.107@0.9999|340.893@1.0000|19.107@1.0000|139.107@0.9999|40.893@0.9999
design_point_B,hexagonal_packing,44,1.0,2.5,2.5,1.4999999999999991,8.0,infinite_pupil_upper_bound,1.0,3.0,550.0,document_design_point,0,,43,43,0,1,343.7746770784939,343.774677078494,3.3070160573711464e-14,1.0000418106191236,0.977812246265741,22.50166539856039,15.277743713160353,1.0,not_evaluated_well_separated,0.02564196474853266,44.000000151579336,3.444984903405219e-07,768,4.557661676406861,4.937107445917334,True,1.6046511627906976,23,nan,4.557661676406861,0.9332823753356934,0.046512|0.046512|0.000000|0.046512|0.046512|0.000000|0.069767|0.023256|0.000000|0.069767|0.023256|0.023256|0.046512|0.023256|0.000000|0.046512|0.023256|0.000000|0.069767|0.046512|0.000000|0.069767|0.046512|0.000000|0.046512|0.000000|0.000000|0.046512|0.000000|0.000000|0.046512|0.023256|0.000000|0.046512|0.023256|0.000000,GhostResolved,GhostResolved,True,True,True,1.5300318840668243e-05,-297.718:-171.887|297.718:-171.887|0.000:343.775|-595.435:0.000|595.435:0.000|-297.718:-515.662|297.718:-515.662|-297.718:515.662|297.718:515.662|-595.435:343.775|595.435:343.775|0.000:-687.549|-893.153:-171.887|893.153:-171.887|-595.435:-687.549|595.435:-687.549|-297.718:859.437|297.718:859.437|-893.153:-515.662|893.153:-515.662|-893.153:515.662|893.153:515.662|0.000:-1031.324|0.000:1031.324|-1190.870:0.000|1190.870:0.000|-595.435:-1031.324|595.435:-1031.324|-595.435:1031.324|595.435:1031.324|-1190.870:343.775|1190.870:343.775|-893.153:859.437|893.153:859.437|-1190.870:-687.549|0.000:1375.099|-1488.588:-171.887|-595.435:1375.099|595.435:1375.099|-1190.870:-1031.324|-1488.588:-515.662|1488.588:515.662|1190.870:1031.324,210.000@0.9998|330.000@0.9998|90.000@1.0000|180.000@0.9999|0.000@0.9999|240.000@0.9997|300.000@0.9997|120.000@0.9997|60.000@0.9997|150.000@1.0000|30.000@1.0000|270.000@0.9998|190.893@0.9998|349.107@0.9998|229.107@0.9997|310.893@0.9997|109.107@1.0000|70.893@1.0000|210.000@0.9997|330.000@0.9997|150.000@0.9997|30.000@0.9997|270.000@0.9999|90.000@0.9999|180.000@0.9999|0.000@0.9999|240.000@0.9998|300.000@0.9998|120.000@0.9998|60.000@0.9998|163.898@0.9999|16.102@0.9999|136.102@0.9999|43.898@0.9999|210.000@0.9997|90.000@0.9999|186.587@0.9999|113.413@0.9998|66.587@0.9998|220.893@0.9997|199.107@0.9998|19.107@0.9998|40.893@0.9997
design_point_B,concentric_hexagonal_rings,19,1.0,2.5,2.5,1.4999999999999996,8.0,infinite_pupil_upper_bound,1.0,3.0,550.0,document_design_point,2,6|12,18,18,0,1,343.774677078494,343.774677078494,0.0,0.9999768579456988,0.9484363774956693,22.50166539856039,15.277743713160358,1.0,not_evaluated_well_separated,0.005588137544707994,19.000000050771657,2.6721924789877734e-07,768,2.1300178289413454,10.564073733478605,True,1.0,18,nan,2.1300178289413454,0.9829699397087097,0.055556|0.055556|0.000000|0.000000|0.055556|0.000000|0.055556|0.055556|0.000000|0.000000|0.055556|0.000000|0.055556|0.055556|0.000000|0.000000|0.055556|0.000000|0.055556|0.055556|0.000000|0.000000|0.055556|0.055556|0.000000|0.055556|0.000000|0.000000|0.055556|0.000000|0.055556|0.055556|0.000000|0.000000|0.055556|0.000000,GhostResolved,GhostResolved,True,True,True,9.887502193845862e-05,171.887:297.718|-171.887:297.718|-171.887:-297.718|171.887:-297.718|343.775:0.000|-343.775:0.000|664.122:177.951|177.951:664.122|-664.122:177.951|-664.122:-177.951|-177.951:-664.122|664.122:-177.951|486.171:486.171|-177.951:664.122|-486.171:486.171|177.951:-664.122|486.171:-486.171|-486.171:-486.171,60.000@0.9999|120.000@0.9999|240.000@0.9999|300.000@0.9999|0.000@1.0000|180.000@1.0000|15.000@0.9999|75.000@0.9999|165.000@0.9999|195.000@0.9999|255.000@0.9999|345.000@0.9999|45.000@0.9999|105.000@0.9999|135.000@0.9999|285.000@0.9999|315.000@0.9999|225.000@0.9999
design_point_B,concentric_circular_rings,61,1.0,2.5,2.5,1.4999999999999996,8.0,infinite_pupil_upper_bound,1.0,3.0,550.0,document_design_point,4,6|12|18|24,60,60,0,1,343.774677078494,343.774677078494,0.0,0.999796605512928,0.9839429518075283,22.50166539856039,15.277743713160358,1.0,not_evaluated_well_separated,0.01980738155544945,61.00000013739451,2.2523689871317789e-07,768,4.010035657882691,5.611337982575778,True,1.7999999999999998,36,nan,4.010035657882691,0.9467535614967346,0.050000|0.016667|0.016667|0.033333|0.016667|0.033333|0.033333|0.033333|0.016667|0.033333|0.016667|0.033333|0.033333|0.033333|0.016667|0.033333|0.016667|0.033333|0.033333|0.033333|0.016667|0.033333|0.016667|0.050000|0.016667|0.033333|0.016667|0.033333|0.016667|0.033333|0.033333|0.033333|0.033333|0.016667|0.016667|0.033333,GhostResolved,GhostResolved,True,True,True,8.165499680003798e-05,171.887:297.718|-171.887:297.718|-171.887:-297.718|171.887:-297.718|343.775:0.000|-343.775:0.000|681.667:89.743|545.470:418.554|-89.743:681.667|-418.554:545.470|-545.470:-418.554|-263.114:-635.213|418.554:-545.470|635.213:-263.114|263.114:635.213|-635.213:263.114|-681.667:-89.743|89.743:-681.667|-893.153:-515.662|-352.734:-969.128|1015.656:179.088|893.153:515.662|662.922:790.040|352.734:969.128|0.000:1031.324|-352.734:969.128|-662.922:790.040|-893.153:515.662|-1015.656:179.088|-1015.656:-179.088|-662.922:-790.040|-0.000:-1031.324|352.734:-969.128|662.922:-790.040|893.153:-515.662|1015.656:-179.088|1233.289:608.191|442.011:1302.122|-1302.122:442.011|-442.011:-1302.122|608.191:-1233.289|1302.122:-442.011|1348.677:268.268|1033.854:906.666|763.964:1143.353|89.936:1372.155|-268.268:1348.677|-608.191:1233.289|-906.666:1033.854|-1143.353:763.964|-1372.155:89.936|-1348.677:-268.268|-1233.289:-608.191|-1033.854:-906.666|-763.964:-1143.353|-89.936:-1372.155|268.268:-1348.677|906.666:-1033.854|1143.353:-763.964|1372.155:-89.936,60.000@0.9996|120.000@0.9996|240.000@0.9996|300.000@0.9996|0.000@0.9998|180.000@0.9998|7.500@0.9998|37.500@0.9997|97.500@0.9998|127.500@0.9997|217.500@0.9997|247.500@0.9996|307.500@0.9997|337.500@0.9996|67.500@0.9996|157.500@0.9996|187.500@0.9998|277.500@0.9998|210.000@0.9996|250.000@0.9997|10.000@0.9995|30.000@0.9996|50.000@0.9997|70.000@0.9997|90.000@0.9998|110.000@0.9997|130.000@0.9997|150.000@0.9996|170.000@0.9995|190.000@0.9995|230.000@0.9997|270.000@0.9998|290.000@0.9997|310.000@0.9997|330.000@0.9996|350.000@0.9995|26.250@0.9996|71.250@0.9995|161.250@0.9995|251.250@0.9995|296.250@0.9996|341.250@0.9995|11.250@0.9996|41.250@0.9996|56.250@0.9997|86.250@0.9996|101.250@0.9996|116.250@0.9996|131.250@0.9996|146.250@0.9997|176.250@0.9996|191.250@0.9996|206.250@0.9996|221.250@0.9996|236.250@0.9997|266.250@0.9996|281.250@0.9996|311.250@0.9996|326.250@0.9997|356.250@0.9996
design_point_C,square_packing,25,0.7,2.0,2.857142857142857,1.3,8.0,infinite_pupil_upper_bound,1.0,3.0,550.0,document_design_point,0,,24,24,0,1,275.0197416627952,275.0197416627952,0.0,0.9996593566411368,0.9609588656494299,22.551238812233013,12.195327447537364,1.0,not_evaluated_well_separated,0.006919587031012345,24.99999994901897,2.039241167040018e-07,768,2.37699728012085,9.487280023764468,True,1.3333333333333333,16,nan,2.37699728012085,0.9749149680137634,0.083333|0.000000|0.041667|0.000000|0.083333|0.000000|0.041667|0.000000|0.000000|0.083333|0.000000|0.041667|0.000000|0.083333|0.000000|0.041667|0.000000|0.000000|0.083333|0.000000|0.041667|0.000000|0.083333|0.000000|0.041667|0.000000|0.000000|0.083333|0.000000|0.041667|0.000000|0.083333|0.000000|0.041667|0.000000|0.000000,GhostResolved,GhostResolved,True,True,True,2.5026749840362667e-05,0.000:-275.020|-275.020:0.000|275.020:0.000|0.000:275.020|-275.020:-275.020|275.020:-275.020|-275.020:275.020|275.020:275.020|0.000:-550.039|-550.039:0.000|550.039:0.000|0.000:550.039|-275.020:-550.039|275.020:-550.039|-550.039:-275.020|550.039:-275.020|-550.039:275.020|550.039:275.020|-275.020:550.039|275.020:550.039|-550.039:-550.039|550.039:-550.039|-550.039:550.039|550.039:550.039,270.000@0.9997|180.000@0.9997|0.000@0.9997|90.000@0.9997|225.000@0.9994|315.000@0.9994|135.000@0.9994|45.000@0.9994|270.000@0.9996|180.000@0.9996|0.000@0.9996|90.000@0.9996|243.435@0.9993|296.565@0.9993|206.565@0.9993|333.435@0.9993|153.435@0.9993|26.565@0.9993|116.565@0.9993|63.435@0.9993|225.000@0.9993|315.000@0.9993|135.000@0.9993|45.000@0.9993
design_point_C,triangular_packing,25,0.7,2.0,2.857142857142857,1.2999999999999998,8.0,infinite_pupil_upper_bound,1.0,3.0,550.0,document_design_point,0,,24,24,0,1,275.0197416627952,275.0197416627952,0.0,0.9997468059088036,0.9609889103096925,22.551238812233013,12.195327447537364,1.0,not_evaluated_well_separated,0.006142615340656345,24.999999923352803,3.065887881348317e-07,768,2.2396238088607787,10.069208374643985,True,1.5,18,nan,2.2396238088607787,0.9774193167686462,0.083333|0.041667|0.000000|0.041667|0.041667|0.000000|0.083333|0.000000|0.000000|0.041667|0.000000|0.000000|0.083333|0.041667|0.000000|0.041667|0.000000|0.000000|0.083333|0.000000|0.000000|0.041667|0.041667|0.000000|0.083333|0.000000|0.000000|0.041667|0.000000|0.000000|0.083333|0.041667|0.000000|0.041667|0.041667|0.000000,GhostResolved,GhostResolved,True,True,True,3.8211520250206234e-05,-137.510:-238.174|137.510:-238.174|-275.020:0.000|275.020:0.000|-137.510:238.174|137.510:238.174|0.000:-476.348|-412.530:-238.174|412.530:-238.174|-412.530:238.174|412.530:238.174|0.000:476.348|-275.020:-476.348|275.020:-476.348|-550.039:0.000|550.039:0.000|-275.020:476.348|275.020:476.348|-550.039:-476.348|550.039:-476.348|-550.039:476.348|550.039:476.348|687.549:-238.174|687.549:238.174,240.000@0.9993|300.000@0.9993|180.000@0.9997|0.000@0.9997|120.000@0.9993|60.000@0.9993|270.000@0.9996|210.000@0.9994|330.000@0.9994|150.000@0.9994|30.000@0.9994|90.000@0.9996|240.000@0.9994|300.000@0.9994|180.000@0.9996|0.000@0.9996|120.000@0.9994|60.000@0.9994|220.893@0.9993|319.107@0.9993|139.107@0.9993|40.893@0.9993|340.893@0.9996|19.107@0.9996
design_point_C,hexagonal_packing,49,0.7,2.0,2.857142857142857,1.2999999999999996,8.0,infinite_pupil_upper_bound,1.0,3.0,550.0,document_design_point,0,,48,48,0,1,275.0197416627952,275.0197416627952,0.0,0.9999589883713801,0.9801095626469815,22.551238812233013,12.195327447537364,1.0,not_evaluated_well_separated,0.02749520353972912,48.9999998240263,3.5913000645877574e-07,768,4.762042856216431,4.735622818428511,True,2.0,24,nan,4.762042856216431,0.9180519580841064,0.041667|0.041667|0.000000|0.083333|0.062500|0.000000|0.062500|0.020833|0.000000|0.062500|0.020833|0.020833|0.041667|0.020833|0.000000|0.041667|0.020833|0.000000|0.062500|0.041667|0.020833|0.083333|0.041667|0.000000|0.041667|0.000000|0.000000|0.041667|0.000000|0.000000|0.041667|0.020833|0.000000|0.041667|0.020833|0.000000,GhostResolved,GhostResolved,True,True,True,8.133854410042583e-06,-238.174:-137.510|238.174:-137.510|0.000:275.020|-238.174:-412.530|238.174:-412.530|-476.348:0.000|476.348:0.000|-238.174:412.530|238.174:412.530|0.000:-550.039|-476.348:275.020|476.348:275.020|-476.348:-550.039|476.348:-550.039|-714.522:-137.510|714.522:-137.510|-238.174:687.549|238.174:687.549|0.000:-825.059|-714.522:-412.530|714.522:-412.530|-714.522:412.530|714.522:412.530|0.000:825.059|-476.348:-825.059|476.348:-825.059|-952.696:0.000|952.696:0.000|-476.348:825.059|476.348:825.059|-952.696:275.020|952.696:275.020|-714.522:687.549|714.522:687.549|-952.696:-550.039|0.000:1100.079|-1190.870:-137.510|-476.348:1100.079|476.348:1100.079|-1190.870:-412.530|1190.870:412.530|-952.696:-825.059|952.696:825.059|1190.870:687.549|952.696:1100.079|-1429.044:-550.039|-1429.044:-825.059|1429.044:825.059,210.000@0.9995|330.000@0.9995|90.000@0.9994|240.000@0.9993|300.000@0.9993|180.000@0.9999|0.000@0.9999|120.000@0.9993|60.000@0.9993|270.000@0.9994|150.000@0.9993|30.000@0.9993|229.107@0.9993|310.893@0.9993|190.893@0.9994|349.107@0.9994|109.107@0.9993|70.893@0.9993|270.000@0.9994|210.000@0.9992|330.000@0.9992|150.000@0.9992|30.000@0.9992|90.000@0.9994|240.000@0.9993|300.000@0.9993|180.000@0.9998|0.000@0.9998|120.000@0.9993|60.000@0.9993|163.898@0.9992|16.102@0.9992|136.102@0.9992|43.898@0.9992|210.000@0.9992|90.000@1.0000|186.587@0.9993|113.413@0.9998|66.587@0.9998|199.107@0.9991|19.107@0.9991|220.893@0.9992|40.893@0.9992|30.000@0.9991|49.107@0.9997|201.052@0.9991|210.000@0.9991|30.000@0.9991
design_point_C,concentric_hexagonal_rings,19,0.7,2.0,2.857142857142857,1.3,8.0,infinite_pupil_upper_bound,1.0,3.0,550.0,document_design_point,2,6|12,18,18,0,1,275.01974166279524,275.0197416627952,2.0668850358569666e-14,0.9997244900156349,0.9487127348951356,22.551238812233013,12.195327447537368,1.0,not_evaluated_well_separated,0.0037676466163247824,18.99999994274001,3.0136836184474785e-07,768,1.754014229774475,12.85693036545808,True,1.0,18,nan,1.754014229774475,0.9850725531578064,0.055556|0.055556|0.000000|0.000000|0.055556|0.000000|0.055556|0.055556|0.000000|0.000000|0.055556|0.000000|0.055556|0.055556|0.000000|0.000000|0.055556|0.000000|0.055556|0.055556|0.000000|0.000000|0.055556|0.055556|0.000000|0.055556|0.000000|0.000000|0.055556|0.000000|0.055556|0.055556|0.000000|0.000000|0.055556|0.000000,GhostResolved,GhostResolved,True,True,True,0.00011702169083444011,275.020:0.000|137.510:238.174|-137.510:238.174|-275.020:0.000|-137.510:-238.174|137.510:-238.174|-531.297:142.361|142.361:-531.297|531.297:142.361|388.937:388.937|142.361:531.297|-142.361:531.297|-388.937:388.937|-531.297:-142.361|-388.937:-388.937|-142.361:-531.297|388.937:-388.937|531.297:-142.361,0.000@0.9997|60.000@0.9994|120.000@0.9994|180.000@0.9997|240.000@0.9994|300.000@0.9994|165.000@0.9997|285.000@0.9997|15.000@0.9997|45.000@0.9994|75.000@0.9997|105.000@0.9997|135.000@0.9994|195.000@0.9997|225.000@0.9994|255.000@0.9997|315.000@0.9994|345.000@0.9997
design_point_C,concentric_circular_rings,61,0.7,2.0,2.857142857142857,1.3,8.0,infinite_pupil_upper_bound,1.0,3.0,550.0,document_design_point,4,6|12|18|24,60,60,0,1,275.01974166279524,275.0197416627952,2.0668850358569666e-14,0.9997041563456804,0.9840428531275619,22.551238812233013,12.195327447537368,1.0,not_evaluated_well_separated,0.013032552786189434,61.00000026840123,4.400020166068301e-07,768,3.25802845954895,6.921743960258428,True,1.7999999999999998,36,nan,3.25802845954895,0.9566878080368042,0.033333|0.033333|0.016667|0.033333|0.016667|0.033333|0.033333|0.033333|0.016667|0.033333|0.016667|0.033333|0.033333|0.033333|0.016667|0.033333|0.016667|0.033333|0.033333|0.033333|0.016667|0.033333|0.016667|0.050000|0.016667|0.033333|0.016667|0.033333|0.016667|0.033333|0.033333|0.033333|0.016667|0.033333|0.016667|0.033333,GhostResolved,GhostResolved,True,True,True,3.2591363069207376e-05,275.020:0.000|137.510:238.174|-137.510:238.174|-275.020:0.000|-137.510:-238.174|137.510:-238.174|545.334:71.795|-71.795:545.334|-210.491:-508.170|508.170:-210.491|436.376:334.843|210.491:508.170|-334.843:436.376|-508.170:210.491|-545.334:-71.795|-436.376:-334.843|71.795:-545.334|334.843:-436.376|282.187:775.302|-282.187:-775.302|812.525:143.270|714.522:412.530|0.000:825.059|-282.187:775.302|-714.522:412.530|-812.525:143.270|-812.525:-143.270|-530.338:-632.032|-0.000:-825.059|282.187:-775.302|530.338:-632.032|714.522:-412.530|812.525:-143.270|530.338:632.032|-530.338:632.032|-714.522:-412.530|-486.552:986.631|-986.631:-486.552|-71.949:-1097.724|486.552:-986.631|725.332:-827.083|1097.724:-71.949|1078.941:214.615|986.631:486.552|827.083:725.332|611.171:914.682|353.609:1041.698|71.949:1097.724|-214.615:1078.941|-725.332:827.083|-914.682:611.171|-1041.698:353.609|-1097.724:71.949|-1078.941:-214.615|-827.083:-725.332|-611.171:-914.682|-353.609:-1041.698|214.615:-1078.941|914.682:-611.171|1041.698:-353.609,0.000@0.9995|60.000@0.9995|120.000@0.9995|180.000@0.9995|240.000@0.9995|300.000@0.9995|7.500@0.9994|97.500@0.9994|247.500@0.9995|337.500@0.9995|37.500@0.9995|67.500@0.9995|127.500@0.9995|157.500@0.9995|187.500@0.9994|217.500@0.9995|277.500@0.9994|307.500@0.9995|70.000@0.9994|250.000@0.9994|10.000@0.9995|30.000@0.9991|90.000@0.9996|110.000@0.9994|150.000@0.9991|170.000@0.9995|190.000@0.9995|230.000@0.9996|270.000@0.9996|290.000@0.9994|310.000@0.9996|330.000@0.9991|350.000@0.9995|50.000@0.9996|130.000@0.9996|210.000@0.9991|116.250@0.9993|206.250@0.9993|266.250@0.9997|296.250@0.9993|311.250@0.9993|356.250@0.9997|11.250@0.9995|26.250@0.9993|41.250@0.9993|56.250@0.9991|71.250@0.9991|86.250@0.9997|101.250@0.9995|131.250@0.9993|146.250@0.9991|161.250@0.9991|176.250@0.9997|191.250@0.9995|221.250@0.9993|236.250@0.9991|251.250@0.9991|281.250@0.9995|326.250@0.9991|341.250@0.9991
pupil_study_A,square_packing,25,1.2,2.0,1.6666666666666667,0.8,2.0,quasi_static_pupil,1.0,3.0,550.0,pupil_limited_design_point,0,,0,24,0,1,275.0197416627952,275.0197416627952,0.0,0.0,0.018568959721868568,22.54751759283411,12.197340151990833,nan,no_visible_ghost,0.006982529535912836,1.000000000068482,6.848210887255846e-09,768,2.37699728012085,9.485714511077507,True,nan,0,nan,2.37699728012085,0.9808318614959717,0.000000|0.000000|0.000000|0.000000|0.000000|0.000000|0.000000|0.000000|0.000000|0.000000|0.000000|0.000000|0.000000|0.000000|0.000000|0.000000|0.000000|0.000000|0.000000|0.000000|0.000000|0.000000|0.000000|0.000000|0.000000|0.000000|0.000000|0.000000|0.000000|0.000000|0.000000|0.000000|0.000000|0.000000|0.000000|0.000000,DeadZoneRisk,DeadZoneRisk|GhostWeak,True,True,True,1.2969833940769775e-05,,
pupil_study_A,square_packing,25,1.2,2.0,1.6666666666666667,0.8,4.0,quasi_static_pupil,1.0,3.0,550.0,pupil_limited_design_point,0,,4,24,0,1,275.0197416627952,275.0197416627952,0.0,0.46798118211642425,0.6583221970263939,22.54751759283411,12.197340151990833,1.0,not_evaluated_well_separated,0.006982529535912836,2.8723874708980013,7.027374432197603e-08,768,2.37699728012085,9.485714511077507,True,1.0,4,nan,2.37699728012085,0.9810274243354797,0.250000|0.000000|0.000000|0.000000|0.000000|0.000000|0.000000|0.000000|0.000000|0.250000|0.000000|0.000000|0.000000|0.000000|0.000000|0.000000|0.000000|0.000000|0.250000|0.000000|0.000000|0.000000|0.000000|0.000000|0.000000|0.000000|0.000000|0.250000|0.000000|0.000000|0.000000|0.000000|0.000000|0.000000|0.000000|0.000000,GhostResolved,GhostResolved,True,True,True,1.2969833940769775e-05,0.000:-275.020|-275.020:0.000|275.020:0.000|0.000:275.020,270.000@0.4680|180.000@0.4680|0.000@0.4680|90.000@0.4680
pupil_study_A,square_packing,25,1.2,2.0,1.6666666666666667,0.8,8.0,quasi_static_pupil,1.0,3.0,550.0,pupil_limited_design_point,0,,20,24,0,1,275.0197416627952,275.0197416627952,0.0,0.9997528599624785,0.913650265813292,22.54751759283411,12.197340151990833,1.0,not_evaluated_well_separated,0.006982529535912836,11.365767938824927,2.2228513656621083e-09,768,2.37699728012085,9.485714511077507,True,1.6,16,nan,2.37699728012085,0.9813553690910339,0.100000|0.000000|0.050000|0.000000|0.050000|0.000000|0.050000|0.000000|0.000000|0.100000|0.000000|0.050000|0.000000|0.050000|0.000000|0.050000|0.000000|0.000000|0.100000|0.000000|0.050000|0.000000|0.050000|0.000000|0.050000|0.000000|0.000000|0.100000|0.000000|0.050000|0.000000|0.050000|0.000000|0.050000|0.000000|0.000000,GhostResolved,GhostResolved,True,True,True,1.2969833940769775e-05,0.000:-275.020|-275.020:0.000|275.020:0.000|0.000:275.020|-275.020:-275.020|275.020:-275.020|-275.020:275.020|275.020:275.020|0.000:-550.039|-550.039:0.000|550.039:0.000|0.000:550.039|-275.020:-550.039|275.020:-550.039|-550.039:-275.020|550.039:-275.020|-550.039:275.020|550.039:275.020|-275.020:550.039|275.020:550.039,270.000@0.9998|180.000@0.9998|0.000@0.9998|90.000@0.9998|225.000@0.9995|315.000@0.9995|135.000@0.9995|45.000@0.9995|270.000@0.4839|180.000@0.4839|0.000@0.4839|90.000@0.4839|243.435@0.0537|296.565@0.0537|206.565@0.0537|333.435@0.0537|153.435@0.0537|26.565@0.0537|116.565@0.0537|63.435@0.0537
pupil_study_B,square_packing,25,1.0,2.5,2.5,1.5,2.0,quasi_static_pupil,1.0,3.0,550.0,pupil_limited_design_point,0,,0,24,0,1,343.774677078494,343.774677078494,0.0,0.0,0.02062679768431548,22.50166539856039,15.277743713160358,nan,no_visible_ghost,0.010426258668312437,1.0000000074530533,7.453053285644273e-07,768,2.9087467670440676,7.735862624241806,True,nan,0,nan,2.9087467670440676,0.9674969911575317,0.000000|0.000000|0.000000|0.000000|0.000000|0.000000|0.000000|0.000000|0.000000|0.000000|0.000000|0.000000|0.000000|0.000000|0.000000|0.000000|0.000000|0.000000|0.000000|0.000000|0.000000|0.000000|0.000000|0.000000|0.000000|0.000000|0.000000|0.000000|0.000000|0.000000|0.000000|0.000000|0.000000|0.000000|0.000000|0.000000,DeadZoneRisk,DeadZoneRisk|GhostWeak,True,True,True,9.971137417123724e-05,,
pupil_study_B,square_packing,25,1.0,2.5,2.5,1.5,4.0,quasi_static_pupil,1.0,3.0,550.0,pupil_limited_design_point,0,,0,24,0,1,343.774677078494,343.774677078494,0.0,0.0,0.02062679768431548,22.50166539856039,15.277743713160358,nan,no_visible_ghost,0.010426258668312437,1.0000000074530533,7.453053285644273e-07,768,2.9087467670440676,7.735862624241806,True,nan,0,nan,2.9087467670440676,0.9674969911575317,0.000000|0.000000|0.000000|0.000000|0.000000|0.000000|0.000000|0.000000|0.000000|0.000000|0.000000|0.000000|0.000000|0.000000|0.000000|0.000000|0.000000|0.000000|0.000000|0.000000|0.000000|0.000000|0.000000|0.000000|0.000000|0.000000|0.000000|0.000000|0.000000|0.000000|0.000000|0.000000|0.000000|0.000000|0.000000|0.000000,GhostWeak,GhostWeak,True,True,True,9.971137417123724e-05,,
pupil_study_B,square_packing,25,1.0,2.5,2.5,1.5,8.0,quasi_static_pupil,1.0,3.0,550.0,pupil_limited_design_point,0,,8,24,0,1,343.774677078494,343.774677078494,0.0,0.9999579718021895,0.8905978826236611,22.50166539856039,15.277743713160358,1.0,not_evaluated_well_separated,0.010426258668312437,8.952049860662212,8.149521427880113e-08,768,2.9087467670440676,7.735862624241806,True,1.0,8,nan,2.9087467670440676,0.9688636660575867,0.125000|0.000000|0.000000|0.000000|0.125000|0.000000|0.000000|0.000000|0.000000|0.125000|0.000000|0.000000|0.000000|0.125000|0.000000|0.000000|0.000000|0.000000|0.125000|0.000000|0.000000|0.000000|0.125000|0.000000|0.000000|0.000000|0.000000|0.125000|0.000000|0.000000|0.000000|0.125000|0.000000|0.000000|0.000000|0.000000,GhostResolved,GhostResolved,True,True,True,9.971137417123724e-05,0.000:-343.775|-343.775:0.000|343.775:0.000|0.000:343.775|-343.775:-343.775|343.775:-343.775|-343.775:343.775|343.775:343.775,270.000@1.0000|180.000@1.0000|0.000@1.0000|90.000@1.0000|225.000@0.9879|315.000@0.9879|135.000@0.9879|45.000@0.9879
pupil_study_C,square_packing,25,0.7,2.0,2.857142857142857,1.3,2.0,quasi_static_pupil,0.9999999999999999,3.0,550.0,pupil_limited_design_point,0,,0,24,0,1,275.0197416627952,275.0197416627952,0.0,0.0,0.023971640840652793,22.551238812233013,12.195327447537364,nan,no_visible_ghost,0.006919587031012345,0.9999999975559604,2.4440395263169995e-07,768,2.37699728012085,9.487280023764468,True,nan,0,nan,2.37699728012085,0.9715157747268677,0.000000|0.000000|0.000000|0.000000|0.000000|0.000000|0.000000|0.000000|0.000000|0.000000|0.000000|0.000000|0.000000|0.000000|0.000000|0.000000|0.000000|0.000000|0.000000|0.000000|0.000000|0.000000|0.000000|0.000000|0.000000|0.000000|0.000000|0.000000|0.000000|0.000000|0.000000|0.000000|0.000000|0.000000|0.000000|0.000000,DeadZoneRisk,DeadZoneRisk|GhostWeak,True,True,True,2.5026749840362667e-05,,
pupil_study_C,square_packing,25,0.7,2.0,2.857142857142857,1.3,4.0,quasi_static_pupil,0.9999999999999999,3.0,550.0,pupil_limited_design_point,0,,4,24,0,1,275.0197416627952,275.0197416627952,0.0,0.4812536912057121,0.666391586035301,22.551238812233013,12.195327447537364,1.0,not_evaluated_well_separated,0.006919587031012345,2.9256706843046665,1.2802247063327316e-07,768,2.37699728012085,9.487280023764468,True,1.0,4,nan,2.37699728012085,0.972562849521637,0.250000|0.000000|0.000000|0.000000|0.000000|0.000000|0.000000|0.000000|0.000000|0.250000|0.000000|0.000000|0.000000|0.000000|0.000000|0.000000|0.000000|0.000000|0.250000|0.000000|0.000000|0.000000|0.000000|0.000000|0.000000|0.000000|0.000000|0.250000|0.000000|0.000000|0.000000|0.000000|0.000000|0.000000|0.000000|0.000000,GhostResolved,GhostResolved,True,True,True,2.5026749840362667e-05,0.000:-275.020|-275.020:0.000|275.020:0.000|0.000:275.020,270.000@0.4813|180.000@0.4813|0.000@0.4813|90.000@0.4813
pupil_study_C,square_packing,25,0.7,2.0,2.857142857142857,1.3,8.0,quasi_static_pupil,0.9999999999999999,3.0,550.0,pupil_limited_design_point,0,,12,24,0,1,275.0197416627952,275.0197416627952,0.0,0.9996593566411368,0.9109695237184534,22.551238812233013,12.195327447537364,1.0,not_evaluated_well_separated,0.006919587031012345,10.962856737813471,3.3481531425098196e-08,768,2.37699728012085,9.487280023764468,True,1.3333333333333333,8,nan,2.37699728012085,0.9742307662963867,0.166667|0.000000|0.000000|0.000000|0.083333|0.000000|0.000000|0.000000|0.000000|0.166667|0.000000|0.000000|0.000000|0.083333|0.000000|0.000000|0.000000|0.000000|0.166667|0.000000|0.000000|0.000000|0.083333|0.000000|0.000000|0.000000|0.000000|0.166667|0.000000|0.000000|0.000000|0.083333|0.000000|0.000000|0.000000|0.000000,GhostResolved,GhostResolved,True,True,True,2.5026749840362667e-05,0.000:-275.020|-275.020:0.000|275.020:0.000|0.000:275.020|-275.020:-275.020|275.020:-275.020|-275.020:275.020|275.020:275.020|0.000:-550.039|-550.039:0.000|550.039:0.000|0.000:550.039,270.000@0.9997|180.000@0.9997|0.000@0.9997|90.000@0.9997|225.000@0.9994|315.000@0.9994|135.000@0.9994|45.000@0.9994|270.000@0.4905|180.000@0.4905|0.000@0.4905|90.000@0.4905
diameter_pitch_grid,square_packing,25,0.6353883327016112,1.5,2.360761006772255,0.8646116672983888,8.0,infinite_pupil_upper_bound,1.0,3.0,550.0,retinal_optotype_primary,0,,24,24,0,1,206.26480624709637,206.26480624709637,0.0,0.9999011884071455,0.9610635686828347,22.585548647685478,9.132601092169349,1.0,numeric,0.004155513837444777,24.99999994783778,2.086488848362933e-07,768,1.845247960090637,12.239844799273532,True,1.3333333333333333,16,nan,1.845247960090637,0.9834626913070679,0.083333|0.000000|0.041667|0.000000|0.083333|0.000000|0.041667|0.000000|0.000000|0.083333|0.000000|0.041667|0.000000|0.083333|0.000000|0.041667|0.000000|0.000000|0.083333|0.000000|0.041667|0.000000|0.083333|0.000000|0.041667|0.000000|0.000000|0.083333|0.000000|0.041667|0.000000|0.083333|0.000000|0.041667|0.000000|0.000000,GhostResolved,GhostResolved,True,True,True,0.000197607013741175,0.000:-206.265|-206.265:0.000|206.265:0.000|0.000:206.265|-206.265:-206.265|206.265:-206.265|-206.265:206.265|206.265:206.265|0.000:-412.530|-412.530:0.000|412.530:0.000|0.000:412.530|-206.265:-412.530|206.265:-412.530|-412.530:-206.265|412.530:-206.265|-412.530:206.265|412.530:206.265|-206.265:412.530|206.265:412.530|-412.530:-412.530|412.530:-412.530|-412.530:412.530|412.530:412.530,270.000@0.9999|180.000@0.9999|0.000@0.9999|90.000@0.9999|225.000@0.9998|315.000@0.9998|135.000@0.9998|45.000@0.9998|270.000@0.9998|180.000@0.9998|0.000@0.9998|90.000@0.9998|243.435@0.9998|296.565@0.9998|206.565@0.9998|333.435@0.9998|153.435@0.9998|26.565@0.9998|116.565@0.9998|63.435@0.9998|225.000@0.9998|315.000@0.9998|135.000@0.9998|45.000@0.9998
diameter_pitch_grid,triangular_packing,25,0.6353883327016112,1.5,2.360761006772255,0.8646116672983888,8.0,infinite_pupil_upper_bound,1.0,3.0,550.0,retinal_optotype_primary,0,,24,24,0,1,206.26480624709637,206.26480624709637,0.0,0.999968199607669,0.9611276462584422,22.585548647685478,9.132601092169349,1.0,numeric,0.003704625284495852,25.000000124878472,4.995138880303784e-07,768,1.7422178983688354,12.963676167505435,True,1.5,18,nan,1.7422178983688354,0.9849708080291748,0.083333|0.041667|0.000000|0.041667|0.041667|0.000000|0.083333|0.000000|0.000000|0.041667|0.000000|0.000000|0.083333|0.041667|0.000000|0.041667|0.000000|0.000000|0.083333|0.000000|0.000000|0.041667|0.041667|0.000000|0.083333|0.000000|0.000000|0.041667|0.000000|0.000000|0.083333|0.041667|0.000000|0.041667|0.041667|0.000000,GhostResolved,GhostResolved,True,True,True,0.00012983475208223162,-103.132:-178.631|103.132:-178.631|-206.265:0.000|206.265:0.000|-103.132:178.631|103.132:178.631|-309.397:-178.631|309.397:-178.631|-309.397:178.631|309.397:178.631|0.000:-357.261|0.000:357.261|-206.265:-357.261|206.265:-357.261|-412.530:0.000|412.530:0.000|-206.265:357.261|206.265:357.261|-412.530:-357.261|412.530:-357.261|515.662:-178.631|515.662:178.631|-412.530:357.261|412.530:357.261,240.000@0.9998|300.000@0.9998|180.000@0.9998|0.000@0.9998|120.000@0.9998|60.000@0.9998|210.000@0.9998|330.000@0.9998|150.000@0.9998|30.000@0.9998|270.000@1.0000|90.000@1.0000|240.000@0.9998|300.000@0.9998|180.000@0.9999|0.000@0.9999|120.000@0.9998|60.000@0.9998|220.893@0.9999|319.107@0.9999|340.893@0.9998|19.107@0.9998|139.107@0.9999|40.893@0.9999
diameter_pitch_grid,hexagonal_packing,50,0.6353883327016112,1.5,2.360761006772255,0.8646116672983888,8.0,infinite_pupil_upper_bound,1.0,3.0,550.0,retinal_optotype_primary,0,,49,49,0,1,206.26480624709637,206.26480624709637,0.0,0.9999458756086861,0.9805622355469319,22.585548647685478,9.132601092169349,1.0,numeric,0.01907784678041935,49.99999990221011,1.9557978703232948e-07,768,3.948430109024048,5.72013383143511,True,2.4489795918367347,24,nan,3.948430109024048,0.9419786334037781,0.040816|0.040816|0.000000|0.102041|0.061224|0.000000|0.061224|0.020408|0.000000|0.061224|0.020408|0.020408|0.040816|0.020408|0.000000|0.040816|0.020408|0.000000|0.061224|0.040816|0.020408|0.081633|0.040816|0.000000|0.040816|0.000000|0.000000|0.040816|0.000000|0.000000|0.040816|0.020408|0.000000|0.040816|0.020408|0.000000,GhostResolved,GhostResolved,True,True,True,3.370381653589261e-05,-178.631:-103.132|178.631:-103.132|0.000:206.265|-178.631:-309.397|178.631:-309.397|-178.631:309.397|178.631:309.397|-357.261:0.000|357.261:0.000|0.000:-412.530|-357.261:206.265|357.261:206.265|-357.261:-412.530|357.261:-412.530|-535.892:-103.132|535.892:-103.132|-178.631:515.662|178.631:515.662|0.000:-618.794|-535.892:-309.397|535.892:-309.397|-535.892:309.397|535.892:309.397|0.000:618.794|-357.261:-618.794|357.261:-618.794|-357.261:618.794|357.261:618.794|-714.522:0.000|714.522:0.000|-714.522:206.265|714.522:206.265|-535.892:515.662|535.892:515.662|-714.522:-412.530|0.000:825.059|-357.261:825.059|357.261:825.059|-893.153:-103.132|-714.522:-618.794|-893.153:-309.397|893.153:309.397|714.522:618.794|893.153:515.662|714.522:825.059|-1071.783:-412.530|-1071.783:-618.794|1071.783:618.794|1071.783:825.059,210.000@0.9996|330.000@0.9996|90.000@0.9998|240.000@0.9996|300.000@0.9996|120.000@0.9996|60.000@0.9996|180.000@0.9999|0.000@0.9999|270.000@0.9999|150.000@0.9996|30.000@0.9996|229.107@0.9997|310.893@0.9997|190.893@0.9996|349.107@0.9996|109.107@0.9996|70.893@0.9996|270.000@0.9998|210.000@0.9996|330.000@0.9996|150.000@0.9996|30.000@0.9996|90.000@0.9998|240.000@0.9996|300.000@0.9996|120.000@0.9996|60.000@0.9996|180.000@0.9999|0.000@0.9999|163.898@0.9998|16.102@0.9998|136.102@0.9996|43.898@0.9996|210.000@0.9998|90.000@0.9999|113.413@0.9998|66.587@0.9998|186.587@0.9997|220.893@0.9998|199.107@0.9996|19.107@0.9996|40.893@0.9998|30.000@0.9996|49.107@0.9999|201.052@0.9997|210.000@0.9996|30.000@0.9996|37.589@0.9998
diameter_pitch_grid,square_packing,25,0.6353883327016112,1.8491242752806438,2.910226990505699,1.2137359425790326,8.0,infinite_pupil_upper_bound,1.0,3.0,550.0,retinal_optotype_primary,0,,24,24,0,1,254.27284024504297,254.27284024504297,0.0,1.0001083707281524,0.9611007876297432,22.585548647685478,11.25820958398991,1.0,not_evaluated_well_separated,0.005993922707617342,25.000000057922776,2.31691103635967e-07,768,2.2165411710739136,10.189546191349464,True,1.3333333333333333,16,nan,2.2165411710739136,0.9775046110153198,0.083333|0.000000|0.041667|0.000000|0.083333|0.000000|0.041667|0.000000|0.000000|0.083333|0.000000|0.041667|0.000000|0.083333|0.000000|0.041667|0.000000|0.000000|0.083333|0.000000|0.041667|0.000000|0.083333|0.000000|0.041667|0.000000|0.000000|0.083333|0.000000|0.041667|0.000000|0.083333|0.000000|0.041667|0.000000|0.000000,GhostResolved,GhostResolved,True,True,True,0.00016518442572355753,0.000:-254.273|-254.273:0.000|254.273:0.000|0.000:254.273|-254.273:-254.273|254.273:-254.273|-254.273:254.273|254.273:254.273|0.000:-508.546|-508.546:0.000|508.546:0.000|0.000:508.546|-254.273:-508.546|254.273:-508.546|-508.546:-254.273|508.546:-254.273|-508.546:254.273|508.546:254.273|-254.273:508.546|254.273:508.546|-508.546:-508.546|508.546:-508.546|-508.546:508.546|508.546:508.546,270.000@1.0001|180.000@1.0001|0.000@1.0001|90.000@1.0001|225.000@1.0000|315.000@1.0000|135.000@1.0000|45.000@1.0000|270.000@1.0001|180.000@1.0001|0.000@1.0001|90.000@1.0001|243.435@1.0000|296.565@1.0000|206.565@1.0000|333.435@1.0000|153.435@1.0000|26.565@1.0000|116.565@1.0000|63.435@1.0000|225.000@1.0000|315.000@1.0000|135.000@1.0000|45.000@1.0000
diameter_pitch_grid,triangular_packing,25,0.6353883327016112,1.8491242752806438,2.910226990505699,1.2137359425790324,8.0,infinite_pupil_upper_bound,1.0,3.0,550.0,retinal_optotype_primary,0,,24,24,0,1,254.27284024504297,254.27284024504297,0.0,0.9999291772895013,0.9611049930705953,22.585548647685478,11.25820958398991,1.0,not_evaluated_well_separated,0.005328029188648031,24.999999941524955,2.3390018100144516e-07,768,2.089530920982361,10.808908554972342,True,1.5,18,nan,2.089530920982361,0.9796010851860046,0.083333|0.041667|0.000000|0.041667|0.041667|0.000000|0.083333|0.000000|0.000000|0.041667|0.000000|0.000000|0.083333|0.041667|0.000000|0.041667|0.000000|0.000000|0.083333|0.000000|0.000000|0.041667|0.041667|0.000000|0.083333|0.000000|0.000000|0.041667|0.000000|0.000000|0.083333|0.041667|0.000000|0.041667|0.041667|0.000000,GhostResolved,GhostResolved,True,True,True,4.811996630408679e-05,-127.136:-220.207|127.136:-220.207|-254.273:0.000|254.273:0.000|-127.136:220.207|127.136:220.207|0.000:-440.413|0.000:440.413|-381.409:-220.207|381.409:-220.207|-381.409:220.207|381.409:220.207|-254.273:-440.413|254.273:-440.413|-508.546:0.000|508.546:0.000|-254.273:440.413|254.273:440.413|-508.546:-440.413|508.546:-440.413|635.682:-220.207|635.682:220.207|-508.546:440.413|508.546:440.413,240.000@0.9998|300.000@0.9998|180.000@0.9999|0.000@0.9999|120.000@0.9998|60.000@0.9998|270.000@0.9999|90.000@0.9999|210.000@0.9998|330.000@0.9998|150.000@0.9998|30.000@0.9998|240.000@0.9998|300.000@0.9998|180.000@0.9999|0.000@0.9999|120.000@0.9998|60.000@0.9998|220.893@0.9998|319.107@0.9998|340.893@0.9998|19.107@0.9998|139.107@0.9998|40.893@0.9998
diameter_pitch_grid,hexagonal_packing,49,0.6353883327016112,1.8491242752806438,2.910226990505699,1.2137359425790317,8.0,infinite_pupil_upper_bound,1.0,3.0,550.0,retinal_optotype_primary,0,,48,48,0,1,254.27284024504297,254.27284024504297,0.0,1.0000512647213466,0.9800948468938495,22.585548647685478,11.25820958398991,1.0,not_evaluated_well_separated,0.023812450468548546,48.99999987979382,2.453187367531687e-07,768,4.421663904190064,5.1079297606231275,True,2.0,24,nan,4.421663904190064,0.9278584122657776,0.041667|0.041667|0.000000|0.083333|0.062500|0.000000|0.062500|0.020833|0.000000|0.062500|0.020833|0.020833|0.041667|0.020833|0.000000|0.041667|0.020833|0.000000|0.062500|0.041667|0.020833|0.083333|0.041667|0.000000|0.041667|0.000000|0.000000|0.041667|0.000000|0.000000|0.041667|0.020833|0.000000|0.041667|0.020833|0.000000,GhostResolved,GhostResolved,True,True,True,0.00010634448525146923,-220.207:-127.136|220.207:-127.136|0.000:254.273|-440.413:0.000|440.413:0.000|-220.207:-381.409|220.207:-381.409|-220.207:381.409|220.207:381.409|0.000:-508.546|-440.413:254.273|440.413:254.273|-220.207:635.682|220.207:635.682|-440.413:-508.546|440.413:-508.546|-660.620:-127.136|660.620:-127.136|-660.620:-381.409|660.620:-381.409|-660.620:381.409|660.620:381.409|0.000:-762.819|0.000:762.819|-880.827:0.000|880.827:0.000|-440.413:-762.819|440.413:-762.819|-440.413:762.819|440.413:762.819|-880.827:254.273|880.827:254.273|-660.620:635.682|660.620:635.682|-880.827:-508.546|0.000:1017.091|-1101.034:-127.136|-440.413:1017.091|440.413:1017.091|-880.827:-762.819|-1101.034:-381.409|1101.034:381.409|880.827:762.819|1101.034:635.682|880.827:1017.091|-1321.240:-508.546|-1321.240:-762.819|1321.240:762.819,210.000@0.9996|330.000@0.9996|90.000@1.0001|180.000@0.9999|0.000@0.9999|240.000@0.9996|300.000@0.9996|120.000@0.9996|60.000@0.9996|270.000@1.0000|150.000@0.9997|30.000@0.9997|109.107@0.9996|70.893@0.9996|229.107@0.9999|310.893@0.9999|190.893@0.9996|349.107@0.9996|210.000@0.9996|330.000@0.9996|150.000@0.9996|30.000@0.9996|270.000@1.0000|90.000@1.0000|180.000@0.9998|0.000@0.9998|240.000@0.9997|300.000@0.9997|120.000@0.9997|60.000@0.9997|163.898@0.9997|16.102@0.9997|136.102@0.9996|43.898@0.9996|210.000@0.9998|90.000@1.0000|186.587@0.9998|113.413@0.9999|66.587@0.9999|220.893@0.9997|199.107@0.9998|19.107@0.9998|40.893@0.9997|30.000@0.9998|49.107@0.9998|201.052@0.9998|210.000@0.9997|30.000@0.9997
diameter_pitch_grid,square_packing,25,0.6353883327016112,2.2795070569547775,3.58758091648068,1.6441187242531663,8.0,infinite_pupil_upper_bound,1.0,3.0,550.0,retinal_optotype_primary,0,,24,24,0,1,313.4547209611107,313.4547209611107,0.0,0.9999414820252152,0.9611117273909019,22.585548647685478,13.87855242530196,1.0,not_evaluated_well_separated,0.008725055493424344,25.000000137853213,5.514128531558526e-07,768,2.674252581596375,8.445555518246225,True,1.3333333333333333,16,nan,2.674252581596375,0.9688236713409424,0.083333|0.000000|0.041667|0.000000|0.083333|0.000000|0.041667|0.000000|0.000000|0.083333|0.000000|0.041667|0.000000|0.083333|0.000000|0.041667|0.000000|0.000000|0.083333|0.000000|0.041667|0.000000|0.083333|0.000000|0.041667|0.000000|0.000000|0.083333|0.000000|0.041667|0.000000|0.083333|0.000000|0.041667|0.000000|0.000000,GhostResolved,GhostResolved,True,True,True,4.911337659330484e-05,0.000:-313.455|-313.455:0.000|313.455:0.000|0.000:313.455|-313.455:-313.455|313.455:-313.455|-313.455:313.455|313.455:313.455|0.000:-626.909|-626.909:0.000|626.909:0.000|0.000:626.909|-313.455:-626.909|313.455:-626.909|-626.909:-313.455|626.909:-313.455|-626.909:313.455|626.909:313.455|-313.455:626.909|313.455:626.909|-626.909:-626.909|626.909:-626.909|-626.909:626.909|626.909:626.909,270.000@0.9999|180.000@0.9999|0.000@0.9999|90.000@0.9999|225.000@0.9999|315.000@0.9999|135.000@0.9999|45.000@0.9999|270.000@0.9999|180.000@0.9999|0.000@0.9999|90.000@0.9999|243.435@0.9999|296.565@0.9999|206.565@0.9999|333.435@0.9999|153.435@0.9999|26.565@0.9999|116.565@0.9999|63.435@0.9999|225.000@0.9999|315.000@0.9999|135.000@0.9999|45.000@0.9999
diameter_pitch_grid,triangular_packing,25,0.6353883327016112,2.2795070569547775,3.58758091648068,1.6441187242531663,8.0,infinite_pupil_upper_bound,1.0,3.0,550.0,retinal_optotype_primary,0,,24,24,0,1,313.4547209611107,313.4547209611107,0.0,1.0000047810420378,0.9611226298541149,22.585548647685478,13.87855242530196,1.0,not_evaluated_well_separated,0.007731731515461222,24.99999986696327,5.32146913201359e-07,768,2.5176807403564454,8.970775478263334,True,1.5,18,nan,2.5176807403564454,0.9714126586914062,0.083333|0.041667|0.000000|0.041667|0.041667|0.000000|0.083333|0.000000|0.000000|0.041667|0.000000|0.000000|0.083333|0.041667|0.000000|0.041667|0.000000|0.000000|0.083333|0.000000|0.000000|0.041667|0.041667|0.000000|0.083333|0.000000|0.000000|0.041667|0.000000|0.000000|0.083333|0.041667|0.000000|0.041667|0.041667|0.000000,GhostResolved,GhostResolved,True,True,True,0.00021828885674696446,-156.727:-271.460|156.727:-271.460|-313.455:0.000|313.455:0.000|-156.727:271.460|156.727:271.460|0.000:-542.920|-470.182:-271.460|470.182:-271.460|-470.182:271.460|470.182:271.460|0.000:542.920|-313.455:-542.920|313.455:-542.920|-626.909:0.000|626.909:0.000|-313.455:542.920|313.455:542.920|-626.909:-542.920|626.909:-542.920|-626.909:542.920|626.909:542.920|783.637:-271.460|783.637:271.460,240.000@0.9999|300.000@0.9999|180.000@1.0000|0.000@1.0000|120.000@0.9999|60.000@0.9999|270.000@1.0000|210.000@0.9999|330.000@0.9999|150.000@0.9999|30.000@0.9999|90.000@1.0000|240.000@0.9999|300.000@0.9999|180.000@1.0000|0.000@1.0000|120.000@0.9999|60.000@0.9999|220.893@1.0000|319.107@1.0000|139.107@1.0000|40.893@1.0000|340.893@0.9999|19.107@0.9999
diameter_pitch_grid,hexagonal_packing,45,0.6353883327016112,2.2795070569547775,3.58758091648068,1.6441187242531659,8.0,infinite_pupil_upper_bound,1.0,3.0,550.0,retinal_optotype_primary,0,,44,44,0,1,313.4547209611107,313.4547209611107,0.0,0.9999978409548774,0.9784893999777419,22.585548647685478,13.87855242530196,1.0,not_evaluated_well_separated,0.024934250861435872,45.00000010735131,2.3855847075537895e-07,768,4.535513639450073,4.979711327783363,True,1.5681818181818181,23,nan,4.535513639450073,0.9271818399429321,0.045455|0.045455|0.000000|0.068182|0.045455|0.000000|0.068182|0.022727|0.000000|0.068182|0.022727|0.022727|0.045455|0.022727|0.000000|0.045455|0.022727|0.000000|0.068182|0.045455|0.000000|0.068182|0.045455|0.000000|0.045455|0.000000|0.000000|0.045455|0.000000|0.000000|0.045455|0.022727|0.000000|0.045455|0.022727|0.000000,GhostResolved,GhostResolved,True,True,True,0.0004520954433158434,-271.460:-156.727|271.460:-156.727|0.000:313.455|-271.460:-470.182|271.460:-470.182|-542.920:0.000|542.920:0.000|-271.460:470.182|271.460:470.182|0.000:-626.909|-542.920:313.455|542.920:313.455|-542.920:-626.909|542.920:-626.909|-814.379:-156.727|814.379:-156.727|-271.460:783.637|271.460:783.637|0.000:-940.364|-814.379:-470.182|814.379:-470.182|-814.379:470.182|814.379:470.182|0.000:940.364|-542.920:-940.364|542.920:-940.364|-1085.839:0.000|1085.839:0.000|-542.920:940.364|542.920:940.364|-1085.839:313.455|1085.839:313.455|-814.379:783.637|814.379:783.637|-1085.839:-626.909|0.000:1253.819|-1357.299:-156.727|-542.920:1253.819|542.920:1253.819|-1085.839:-940.364|-1357.299:-470.182|1357.299:470.182|1085.839:940.364|1357.299:783.637,210.000@0.9997|330.000@0.9997|90.000@0.9998|240.000@0.9996|300.000@0.9996|180.000@0.9999|0.000@0.9999|120.000@0.9996|60.000@0.9996|270.000@0.9998|150.000@0.9996|30.000@0.9996|229.107@0.9995|310.893@0.9995|190.893@0.9998|349.107@0.9998|109.107@0.9996|70.893@0.9996|270.000@0.9999|210.000@0.9997|330.000@0.9997|150.000@0.9997|30.000@0.9997|90.000@0.9999|240.000@0.9996|300.000@0.9996|180.000@1.0000|0.000@1.0000|120.000@0.9996|60.000@0.9996|163.898@0.9997|16.102@0.9997|136.102@0.9997|43.898@0.9997|210.000@0.9996|90.000@1.0000|186.587@0.9996|113.413@0.9997|66.587@0.9997|220.893@0.9996|199.107@0.9996|19.107@0.9996|40.893@0.9996|30.000@0.9995
diameter_pitch_grid,square_packing,25,0.6353883327016112,2.8100612231257442,4.422588641465337,2.174672890424133,8.0,infinite_pupil_upper_bound,1.0,3.0,550.0,retinal_optotype_primary,0,,24,24,0,1,386.4111558203402,386.4111558203402,0.0,0.9998144816105592,0.9611755744594284,22.585548647685478,17.108778796920607,1.0,not_evaluated_well_separated,0.012805649079399788,25.000000068554513,2.7421805270932964e-07,768,3.2384963035583496,6.9740850477023075,True,1.3333333333333333,16,nan,3.2384963035583496,0.9579430818557739,0.083333|0.000000|0.041667|0.000000|0.083333|0.000000|0.041667|0.000000|0.000000|0.083333|0.000000|0.041667|0.000000|0.083333|0.000000|0.041667|0.000000|0.000000|0.083333|0.000000|0.041667|0.000000|0.083333|0.000000|0.041667|0.000000|0.000000|0.083333|0.000000|0.041667|0.000000|0.083333|0.000000|0.041667|0.000000|0.000000,GhostResolved,GhostResolved,True,True,True,0.00026271028643753703,0.000:-386.411|-386.411:0.000|386.411:0.000|0.000:386.411|-386.411:-386.411|386.411:-386.411|-386.411:386.411|386.411:386.411|0.000:-772.822|-772.822:0.000|772.822:0.000|0.000:772.822|-386.411:-772.822|386.411:-772.822|-772.822:-386.411|772.822:-386.411|-772.822:386.411|772.822:386.411|-386.411:772.822|386.411:772.822|-772.822:-772.822|772.822:-772.822|-772.822:772.822|772.822:772.822,270.000@0.9998|180.000@0.9998|0.000@0.9998|90.000@0.9998|225.000@0.9996|315.000@0.9996|135.000@0.9996|45.000@0.9996|270.000@0.9998|180.000@0.9998|0.000@0.9998|90.000@0.9998|243.435@0.9996|296.565@0.9996|206.565@0.9996|333.435@0.9996|153.435@0.9996|26.565@0.9996|116.565@0.9996|63.435@0.9996|225.000@0.9996|315.000@0.9996|135.000@0.9996|45.000@0.9996
diameter_pitch_grid,triangular_packing,25,0.6353883327016112,2.8100612231257442,4.422588641465337,2.174672890424133,8.0,infinite_pupil_upper_bound,1.0,3.0,550.0,retinal_optotype_primary,0,,24,24,0,1,386.4111558203401,386.4111558203402,1.471060501349424e-14,0.9999045979613381,0.9610552835907847,22.585548647685478,17.108778796920603,1.0,not_evaluated_well_separated,0.0113137327134655,24.999999850227717,5.990891338569782e-07,768,3.04548237323761,7.416082537911751,True,1.5,18,nan,3.04548237323761,0.961013674736023,0.083333|0.041667|0.000000|0.041667|0.041667|0.000000|0.083333|0.000000|0.000000|0.041667|0.000000|0.000000|0.083333|0.041667|0.000000|0.041667|0.000000|0.000000|0.083333|0.000000|0.000000|0.041667|0.041667|0.000000|0.083333|0.000000|0.000000|0.041667|0.000000|0.000000|0.083333|0.041667|0.000000|0.041667|0.041667|0.000000,GhostResolved,GhostResolved,True,True,True,4.5952734328555946e-05,-193.206:-334.642|193.206:-334.642|-193.206:334.642|193.206:334.642|-386.411:0.000|386.411:0.000|0.000:-669.284|0.000:669.284|-579.617:-334.642|579.617:-334.642|-579.617:334.642|579.617:334.642|-386.411:-669.284|386.411:-669.284|-386.411:669.284|386.411:669.284|-772.822:0.000|772.822:0.000|-772.822:-669.284|772.822:-669.284|-772.822:669.284|772.822:669.284|966.028:-334.642|966.028:334.642,240.000@0.9998|300.000@0.9998|120.000@0.9998|60.000@0.9998|180.000@0.9999|0.000@0.9999|270.000@0.9999|90.000@0.9999|210.000@0.9998|330.000@0.9998|150.000@0.9998|30.000@0.9998|240.000@0.9998|300.000@0.9998|120.000@0.9998|60.000@0.9998|180.000@0.9999|0.000@0.9999|220.893@0.9997|319.107@0.9997|139.107@0.9997|40.893@0.9997|340.893@0.9998|19.107@0.9998
diameter_pitch_grid,hexagonal_packing,37,0.6353883327016112,2.8100612231257442,4.422588641465337,2.174672890424132,8.0,infinite_pupil_upper_bound,1.0,3.0,550.0,retinal_optotype_primary,0,,36,36,0,1,386.4111558203401,386.4111558203402,1.471060501349424e-14,1.0000491234666515,0.9737133915891524,22.585548647685478,17.108778796920603,1.0,not_evaluated_well_separated,0.024346277117737083,36.99999995303895,1.2692175238732268e-07,768,4.47637209892273,5.045502953858739,True,1.8333333333333333,22,nan,4.47637209892273,0.9259700775146484,0.055556|0.027778|0.000000|0.055556|0.027778|0.000000|0.055556|0.027778|0.000000|0.083333|0.027778|0.000000|0.055556|0.027778|0.000000|0.055556|0.027778|0.000000|0.055556|0.027778|0.000000|0.083333|0.027778|0.000000|0.055556|0.000000|0.000000|0.055556|0.000000|0.000000|0.055556|0.027778|0.000000|0.055556|0.027778|0.000000,GhostResolved,GhostResolved,True,True,True,3.984536783259025e-05,-334.642:-193.206|334.642:-193.206|0.000:386.411|-669.284:0.000|669.284:0.000|-334.642:-579.617|334.642:-579.617|-334.642:579.617|334.642:579.617|0.000:-772.822|-669.284:386.411|669.284:386.411|-669.284:-772.822|669.284:-772.822|-1003.926:-193.206|1003.926:-193.206|-334.642:966.028|334.642:966.028|-1003.926:-579.617|1003.926:-579.617|-1003.926:579.617|1003.926:579.617|0.000:-1159.233|0.000:1159.233|-1338.568:0.000|1338.568:0.000|-669.284:-1159.233|669.284:-1159.233|-669.284:1159.233|669.284:1159.233|-1338.568:386.411|1338.568:386.411|-1003.926:966.028|1003.926:966.028|-1338.568:-772.822|0.000:1545.645,210.000@0.9996|330.000@0.9996|90.000@0.9999|180.000@1.0000|0.000@1.0000|240.000@0.9997|300.000@0.9997|120.000@0.9997|60.000@0.9997|270.000@0.9999|150.000@0.9997|30.000@0.9997|229.107@0.9997|310.893@0.9997|190.893@0.9996|349.107@0.9996|109.107@0.9996|70.893@0.9996|210.000@0.9997|330.000@0.9997|150.000@0.9997|30.000@0.9997|270.000@0.9999|90.000@0.9999|180.000@0.9999|0.000@0.9999|240.000@1.0000|300.000@1.0000|120.000@1.0000|60.000@1.0000|163.898@0.9998|16.102@0.9998|136.102@0.9996|43.898@0.9996|210.000@0.9998|90.000@0.9999
diameter_pitch_grid,square_packing,25,0.6353883327016112,3.464101615137754,5.451944011009331,2.8287132824361425,8.0,infinite_pupil_upper_bound,1.0,3.0,550.0,retinal_optotype_primary,0,,24,24,0,1,476.34816564442826,476.34816564442826,0.0,0.99989405159151,0.9611342096013467,22.585548647685478,21.09083879586177,1.0,not_evaluated_well_separated,0.018930802121765348,24.999999938535076,2.45859695269246e-07,768,3.934067296981812,5.741017360077431,True,1.3333333333333333,16,nan,3.934067296981812,0.9369826316833496,0.083333|0.000000|0.041667|0.000000|0.083333|0.000000|0.041667|0.000000|0.000000|0.083333|0.000000|0.041667|0.000000|0.083333|0.000000|0.041667|0.000000|0.000000|0.083333|0.000000|0.041667|0.000000|0.083333|0.000000|0.041667|0.000000|0.000000|0.083333|0.000000|0.041667|0.000000|0.083333|0.000000|0.041667|0.000000|0.000000,GhostResolved,GhostResolved,True,True,True,0.0003005115252087484,0.000:-476.348|-476.348:0.000|476.348:0.000|0.000:476.348|-476.348:-476.348|476.348:-476.348|-476.348:476.348|476.348:476.348|0.000:-952.696|-952.696:0.000|952.696:0.000|0.000:952.696|-476.348:-952.696|476.348:-952.696|-952.696:-476.348|952.696:-476.348|-952.696:476.348|952.696:476.348|-476.348:952.696|476.348:952.696|-952.696:-952.696|952.696:-952.696|-952.696:952.696|952.696:952.696,270.000@0.9999|180.000@0.9999|0.000@0.9999|90.000@0.9999|225.000@0.9998|315.000@0.9998|135.000@0.9998|45.000@0.9998|270.000@0.9998|180.000@0.9998|0.000@0.9998|90.000@0.9998|243.435@0.9997|296.565@0.9997|206.565@0.9997|333.435@0.9997|153.435@0.9997|26.565@0.9997|116.565@0.9997|63.435@0.9997|225.000@0.9996|315.000@0.9996|135.000@0.9996|45.000@0.9996
diameter_pitch_grid,triangular_packing,25,0.6353883327016112,3.464101615137754,5.451944011009331,2.8287132824361425,8.0,infinite_pupil_upper_bound,1.0,3.0,550.0,retinal_optotype_primary,0,,24,24,0,1,476.34816564442826,476.34816564442826,0.0,0.9998643069494892,0.9610549561039073,22.585548647685478,21.09083879586177,1.0,not_evaluated_well_separated,0.016607131809065374,25.000000035122987,1.404919487413281e-07,768,3.696129608154297,6.110594335722935,True,1.5,18,nan,3.696129608154297,0.947571873664856,0.083333|0.041667|0.000000|0.041667|0.041667|0.000000|0.083333|0.000000|0.000000|0.041667|0.000000|0.000000|0.083333|0.041667|0.000000|0.041667|0.000000|0.000000|0.083333|0.000000|0.000000|0.041667|0.041667|0.000000|0.083333|0.000000|0.000000|0.041667|0.000000|0.000000|0.083333|0.041667|0.000000|0.041667|0.041667|0.000000,GhostResolved,GhostResolved,True,True,True,0.0005289876526743886,-238.174:-412.530|238.174:-412.530|-476.348:0.000|476.348:0.000|-238.174:412.530|238.174:412.530|0.000:-825.059|0.000:825.059|-714.522:-412.530|714.522:-412.530|-714.522:412.530|714.522:412.530|-476.348:-825.059|476.348:-825.059|-952.696:0.000|952.696:0.000|-476.348:825.059|476.348:825.059|-952.696:-825.059|952.696:-825.059|1190.870:-412.530|1190.870:412.530|-952.696:825.059|952.696:825.059,240.000@0.9996|300.000@0.9996|180.000@0.9999|0.000@0.9999|120.000@0.9996|60.000@0.9996|270.000@0.9998|90.000@0.9998|210.000@0.9996|330.000@0.9996|150.000@0.9996|30.000@0.9996|240.000@0.9997|300.000@0.9997|180.000@0.9998|0.000@0.9998|120.000@0.9997|60.000@0.9997|220.893@0.9996|319.107@0.9996|340.893@0.9996|19.107@0.9996|139.107@0.9996|40.893@0.9996
diameter_pitch_grid,hexagonal_packing,31,0.6353883327016112,3.464101615137754,5.451944011009331,2.8287132824361416,8.0,infinite_pupil_upper_bound,1.0,3.0,550.0,retinal_optotype_primary,0,,30,30,0,1,476.34816564442826,476.34816564442826,0.0,1.0000100067722488,0.9686281859730619,22.585548647685478,21.09083879586177,1.0,not_evaluated_well_separated,0.027358211576941474,30.999999952733848,1.5247145768171322e-07,768,4.762042856216431,4.742827674934092,True,1.2,18,nan,4.762042856216431,0.9168710112571716,0.066667|0.000000|0.000000|0.066667|0.000000|0.000000|0.066667|0.033333|0.000000|0.066667|0.033333|0.000000|0.066667|0.000000|0.000000|0.066667|0.000000|0.000000|0.066667|0.033333|0.000000|0.066667|0.033333|0.000000|0.066667|0.000000|0.000000|0.066667|0.000000|0.000000|0.066667|0.033333|0.000000|0.066667|0.033333|0.000000,GhostResolved,GhostResolved,True,True,True,5.1420467579639475e-05,-412.530:-238.174|412.530:-238.174|0.000:476.348|-825.059:0.000|825.059:0.000|-412.530:-714.522|412.530:-714.522|-412.530:714.522|412.530:714.522|-825.059:476.348|825.059:476.348|0.000:-952.696|-1237.589:-238.174|1237.589:-238.174|-412.530:1190.870|412.530:1190.870|-825.059:-952.696|825.059:-952.696|-1237.589:-714.522|1237.589:-714.522|-1237.589:714.522|1237.589:714.522|0.000:-1429.044|0.000:1429.044|-1650.118:0.000|1650.118:0.000|-825.059:-1429.044|825.059:-1429.044|-825.059:1429.044|825.059:1429.044,210.000@0.9998|330.000@0.9998|90.000@0.9999|180.000@0.9998|0.000@0.9998|240.000@0.9997|300.000@0.9997|120.000@0.9997|60.000@0.9997|150.000@0.9997|30.000@0.9997|270.000@0.9999|190.893@0.9998|349.107@0.9998|109.107@0.9997|70.893@0.9997|229.107@0.9996|310.893@0.9996|210.000@0.9997|330.000@0.9997|150.000@0.9997|30.000@0.9997|270.000@0.9998|90.000@0.9998|180.000@1.0000|0.000@1.0000|240.000@0.9996|300.000@0.9996|120.000@0.9996|60.000@0.9996
diameter_pitch_grid,square_packing,21,0.6353883327016112,4.270369592393405,6.720881345485519,3.634981259691794,8.0,infinite_pupil_upper_bound,1.0,3.0,550.0,retinal_optotype_primary,0,,20,20,0,1,587.2179710523451,587.2179710523451,0.0,0.9998846778389604,0.9536752538545177,22.585548647685478,25.999721335639194,1.0,not_evaluated_well_separated,0.017982337623872267,21.00000019540129,9.30482340912758e-07,768,3.8403965950012204,5.8810458995520225,True,1.6,16,nan,3.8403965950012204,0.9401509761810303,0.100000|0.000000|0.050000|0.000000|0.050000|0.000000|0.050000|0.000000|0.000000|0.100000|0.000000|0.050000|0.000000|0.050000|0.000000|0.050000|0.000000|0.000000|0.100000|0.000000|0.050000|0.000000|0.050000|0.000000|0.050000|0.000000|0.000000|0.100000|0.000000|0.050000|0.000000|0.050000|0.000000|0.050000|0.000000|0.000000,GhostResolved,GhostResolved,True,True,True,0.00010684117014016377,0.000:-587.218|-587.218:0.000|587.218:0.000|0.000:587.218|-587.218:-587.218|587.218:-587.218|-587.218:587.218|587.218:587.218|0.000:-1174.436|-1174.436:0.000|1174.436:0.000|0.000:1174.436|-587.218:-1174.436|587.218:-1174.436|-1174.436:-587.218|1174.436:-587.218|-1174.436:587.218|1174.436:587.218|-587.218:1174.436|587.218:1174.436,270.000@0.9999|180.000@0.9999|0.000@0.9999|90.000@0.9999|225.000@0.9998|315.000@0.9998|135.000@0.9998|45.000@0.9998|270.000@0.9998|180.000@0.9998|0.000@0.9998|90.000@0.9998|243.435@0.9997|296.565@0.9997|206.565@0.9997|333.435@0.9997|153.435@0.9997|26.565@0.9997|116.565@0.9997|63.435@0.9997
diameter_pitch_grid,triangular_packing,25,0.6353883327016112,4.270369592393405,6.720881345485519,3.634981259691793,8.0,infinite_pupil_upper_bound,1.0,3.0,550.0,retinal_optotype_primary,0,,24,24,0,1,587.2179710523451,587.2179710523451,0.0,1.0000159918482128,0.961081044934453,22.585548647685478,25.999721335639194,1.0,not_evaluated_well_separated,0.024561367929012687,24.999999775505948,8.97976207170359e-07,768,4.4982147216796875,5.021002785578845,True,1.5,18,nan,4.4982147216796875,0.9236730933189392,0.083333|0.041667|0.000000|0.041667|0.041667|0.000000|0.083333|0.000000|0.000000|0.041667|0.000000|0.000000|0.083333|0.041667|0.000000|0.041667|0.000000|0.000000|0.083333|0.000000|0.000000|0.041667|0.041667|0.000000|0.083333|0.000000|0.000000|0.041667|0.000000|0.000000|0.083333|0.041667|0.000000|0.041667|0.041667|0.000000,GhostResolved,GhostResolved,True,True,True,1.709973609547646e-06,-293.609:-508.546|293.609:-508.546|-587.218:0.000|587.218:0.000|-293.609:508.546|293.609:508.546|0.000:-1017.091|-880.827:-508.546|880.827:-508.546|-880.827:508.546|880.827:508.546|0.000:1017.091|-587.218:-1017.091|587.218:-1017.091|-1174.436:0.000|1174.436:0.000|-587.218:1017.091|587.218:1017.091|-1174.436:-1017.091|1174.436:-1017.091|1468.045:-508.546|1468.045:508.546|-1174.436:1017.091|1174.436:1017.091,240.000@0.9997|300.000@0.9997|180.000@1.0000|0.000@1.0000|120.000@0.9997|60.000@0.9997|270.000@0.9998|210.000@0.9997|330.000@0.9997|150.000@0.9997|30.000@0.9997|90.000@0.9998|240.000@0.9998|300.000@0.9998|180.000@0.9999|0.000@0.9999|120.000@0.9998|60.000@0.9998|220.893@0.9997|319.107@0.9997|340.893@0.9998|19.107@0.9998|139.107@0.9997|40.893@0.9997
diameter_pitch_grid,hexagonal_packing,19,0.6353883327016112,4.270369592393405,6.720881345485519,3.634981259691793,8.0,infinite_pupil_upper_bound,1.0,3.0,550.0,retinal_optotype_primary,0,,18,18,0,1,587.2179710523451,587.2179710523451,0.0,1.0000159918482128,0.9487908489877133,22.585548647685478,25.999721335639194,1.0,not_evaluated_well_separated,0.024561367929012687,18.999999973992026,1.368840760039204e-07,768,4.4982147216796875,5.021002785578845,True,1.0,18,nan,4.4982147216796875,0.9235095977783203,0.055556|0.000000|0.000000|0.055556|0.000000|0.000000|0.055556|0.055556|0.000000|0.055556|0.055556|0.000000|0.055556|0.000000|0.000000|0.055556|0.000000|0.000000|0.055556|0.055556|0.000000|0.055556|0.055556|0.000000|0.055556|0.000000|0.000000|0.055556|0.000000|0.000000|0.055556|0.055556|0.000000|0.055556|0.055556|0.000000,GhostResolved,GhostResolved,True,True,True,3.123657742872439e-05,-508.546:-293.609|508.546:-293.609|0.000:587.218|-508.546:-880.827|508.546:-880.827|-1017.091:0.000|1017.091:0.000|-508.546:880.827|508.546:880.827|-1017.091:587.218|1017.091:587.218|0.000:-1174.436|-508.546:1468.045|508.546:1468.045|-1017.091:-1174.436|1017.091:-1174.436|-1525.637:-293.609|1525.637:-293.609,210.000@0.9997|330.000@0.9997|90.000@1.0000|240.000@0.9997|300.000@0.9997|180.000@0.9998|0.000@0.9998|120.000@0.9997|60.000@0.9997|150.000@0.9998|30.000@0.9998|270.000@0.9999|109.107@0.9998|70.893@0.9998|229.107@0.9997|310.893@0.9997|190.893@0.9996|349.107@0.9996
diameter_pitch_grid,square_packing,21,0.6353883327016112,5.264296051809969,8.285163231478737,4.628907719108358,8.0,infinite_pupil_upper_bound,1.0,3.0,550.0,retinal_optotype_primary,0,,20,20,0,1,723.8926701026251,723.8926701026251,0.0,0.9999029857944026,0.9537580171457687,22.585548647685478,32.051143914841674,1.0,not_evaluated_well_separated,0.026406168937695648,20.999999944446095,2.645424027984215e-07,768,4.676059913635254,4.8300383367259,True,1.6,16,nan,4.676059913635254,0.920462429523468,0.100000|0.000000|0.050000|0.000000|0.050000|0.000000|0.050000|0.000000|0.000000|0.100000|0.000000|0.050000|0.000000|0.050000|0.000000|0.050000|0.000000|0.000000|0.100000|0.000000|0.050000|0.000000|0.050000|0.000000|0.050000|0.000000|0.000000|0.100000|0.000000|0.050000|0.000000|0.050000|0.000000|0.050000|0.000000|0.000000,GhostResolved,GhostResolved,True,True,True,5.9190495037720764e-05,0.000:-723.893|-723.893:0.000|723.893:0.000|0.000:723.893|-723.893:-723.893|723.893:-723.893|-723.893:723.893|723.893:723.893|0.000:-1447.785|-1447.785:0.000|1447.785:0.000|0.000:1447.785|-723.893:-1447.785|723.893:-1447.785|-1447.785:-723.893|1447.785:-723.893|-1447.785:723.893|1447.785:723.893|-723.893:1447.785|723.893:1447.785,270.000@0.9998|180.000@0.9998|0.000@0.9998|90.000@0.9998|225.000@0.9995|315.000@0.9995|135.000@0.9995|45.000@0.9995|270.000@0.9999|180.000@0.9999|0.000@0.9999|90.000@0.9999|243.435@0.9996|296.565@0.9996|206.565@0.9996|333.435@0.9996|153.435@0.9996|26.565@0.9996|116.565@0.9996|63.435@0.9996
diameter_pitch_grid,triangular_packing,19,0.6353883327016112,5.264296051809969,8.285163231478737,4.628907719108358,8.0,infinite_pupil_upper_bound,1.0,3.0,550.0,retinal_optotype_primary,0,,18,18,0,1,723.8926701026251,723.8926701026251,0.0,0.9999915887847054,0.9488588797655402,22.585548647685478,32.051143914841674,1.0,not_evaluated_well_separated,0.021742952987556928,18.99999999149385,4.4769203549022726e-08,768,4.208788204193115,5.366283013524899,True,1.3333333333333333,12,nan,4.208788204193115,0.9223651885986328,0.111111|0.000000|0.000000|0.055556|0.000000|0.000000|0.111111|0.000000|0.000000|0.055556|0.000000|0.000000|0.111111|0.000000|0.000000|0.055556|0.000000|0.000000|0.111111|0.000000|0.000000|0.055556|0.000000|0.000000|0.111111|0.000000|0.000000|0.055556|0.000000|0.000000|0.111111|0.000000|0.000000|0.055556|0.000000|0.000000,GhostResolved,GhostResolved,True,True,True,0.00016310635825067275,-361.946:-626.909|361.946:-626.909|-723.893:0.000|723.893:0.000|-361.946:626.909|361.946:626.909|0.000:-1253.819|0.000:1253.819|-1085.839:-626.909|1085.839:-626.909|-1085.839:626.909|1085.839:626.909|-723.893:-1253.819|723.893:-1253.819|-1447.785:0.000|1447.785:0.000|-723.893:1253.819|723.893:1253.819,240.000@0.9999|300.000@0.9999|180.000@1.0000|0.000@1.0000|120.000@0.9999|60.000@0.9999|270.000@0.9999|90.000@0.9999|210.000@0.9999|330.000@0.9999|150.000@0.9999|30.000@0.9999|240.000@0.9999|300.000@0.9999|180.000@1.0000|0.000@1.0000|120.000@0.9999|60.000@0.9999
diameter_pitch_grid,hexagonal_packing,13,0.6353883327016112,5.264296051809969,8.285163231478737,4.628907719108358,8.0,infinite_pupil_upper_bound,1.0,3.0,550.0,retinal_optotype_primary,0,,12,12,0,1,723.8926701026251,723.8926701026251,0.0,0.9999915884033952,0.9252552858654799,22.585548647685478,32.051143914841674,1.0,not_evaluated_well_separated,0.021742952987556928,13.000000003625164,2.788587822194061e-08,768,4.208788204193115,5.366283013524899,True,1.0,12,nan,4.208788204193115,0.9224950075149536,0.083333|0.000000|0.000000|0.083333|0.000000|0.000000|0.083333|0.000000|0.000000|0.083333|0.000000|0.000000|0.083333|0.000000|0.000000|0.083333|0.000000|0.000000|0.083333|0.000000|0.000000|0.083333|0.000000|0.000000|0.083333|0.000000|0.000000|0.083333|0.000000|0.000000|0.083333|0.000000|0.000000|0.083333|0.000000|0.000000,GhostResolved,GhostResolved,True,True,True,0.00011024557411907986,-626.909:-361.946|626.909:-361.946|0.000:723.893|-1253.819:0.000|1253.819:0.000|-626.909:-1085.839|626.909:-1085.839|-626.909:1085.839|626.909:1085.839|-1253.819:723.893|1253.819:723.893|0.000:-1447.785,210.000@0.9999|330.000@0.9999|90.000@1.0000|180.000@0.9999|0.000@0.9999|240.000@0.9999|300.000@0.9999|120.000@0.9999|60.000@0.9999|150.000@0.9999|30.000@0.9999|270.000@1.0000
diameter_pitch_grid,square_packing,9,0.6353883327016112,6.48955841444391,10.213530970659974,5.854170081742299,8.0,infinite_pupil_upper_bound,1.0,3.0,550.0,retinal_optotype_primary,0,,8,8,0,1,892.3783393229915,892.3783393229915,0.0,0.9998586110175688,0.8918096363167122,22.585548647685478,39.5110321756315,1.0,not_evaluated_well_separated,0.01665000990040038,8.999999941392026,6.51199706504081e-07,768,3.7008183002471924,6.102852616724496,True,1.0,8,nan,3.7008183002471924,0.9426570534706116,0.125000|0.000000|0.000000|0.000000|0.125000|0.000000|0.000000|0.000000|0.000000|0.125000|0.000000|0.000000|0.000000|0.125000|0.000000|0.000000|0.000000|0.000000|0.125000|0.000000|0.000000|0.000000|0.125000|0.000000|0.000000|0.000000|0.000000|0.125000|0.000000|0.000000|0.000000|0.125000|0.000000|0.000000|0.000000|0.000000,GhostResolved,GhostResolved,True,True,True,0.00014278279638881263,0.000:-892.378|-892.378:0.000|892.378:0.000|0.000:892.378|-892.378:-892.378|892.378:-892.378|-892.378:892.378|892.378:892.378,270.000@0.9999|180.000@0.9999|0.000@0.9999|90.000@0.9999|225.000@0.9997|315.000@0.9997|135.000@0.9997|45.000@0.9997
diameter_pitch_grid,triangular_packing,13,0.6353883327016112,6.48955841444391,10.213530970659974,5.854170081742299,8.0,infinite_pupil_upper_bound,1.0,3.0,550.0,retinal_optotype_primary,0,,12,12,0,1,892.3783393229913,892.3783393229915,1.2739757646724737e-14,0.9999091674993128,0.9251842685068336,22.585548647685478,39.5110321756315,1.0,not_evaluated_well_separated,0.024346277117737083,13.000000007428255,5.714042572435574e-08,768,4.47637209892273,5.045502953858739,True,1.0,12,nan,4.47637209892273,0.9271361827850342,0.083333|0.000000|0.000000|0.083333|0.000000|0.000000|0.083333|0.000000|0.000000|0.083333|0.000000|0.000000|0.083333|0.000000|0.000000|0.083333|0.000000|0.000000|0.083333|0.000000|0.000000|0.083333|0.000000|0.000000|0.083333|0.000000|0.000000|0.083333|0.000000|0.000000|0.083333|0.000000|0.000000|0.083333|0.000000|0.000000,GhostResolved,GhostResolved,True,True,True,8.354268451160395e-05,-446.189:-772.822|446.189:-772.822|-446.189:772.822|446.189:772.822|-892.378:0.000|892.378:0.000|0.000:-1545.645|0.000:1545.645|-1338.568:-772.822|1338.568:-772.822|-1338.568:772.822|1338.568:772.822,240.000@0.9996|300.000@0.9996|120.000@0.9996|60.000@0.9996|180.000@0.9999|0.000@0.9999|270.000@0.9999|90.000@0.9999|210.000@0.9998|330.000@0.9998|150.000@0.9998|30.000@0.9998
diameter_pitch_grid,hexagonal_packing,10,0.6353883327016112,6.48955841444391,10.213530970659974,5.854170081742299,8.0,infinite_pupil_upper_bound,1.0,3.0,550.0,retinal_optotype_primary,0,,9,9,0,1,892.3783393229913,892.3783393229915,1.2739757646724737e-14,0.9999091136610649,0.9027395490661867,22.585548647685478,39.5110321756315,1.0,not_evaluated_well_separated,0.024346277117737083,10.000000006464912,6.464912161163738e-08,768,4.47637209892273,5.045502953858739,True,1.0,9,nan,4.47637209892273,0.9270488023757935,0.111111|0.000000|0.000000|0.000000|0.000000|0.000000|0.111111|0.000000|0.000000|0.111111|0.000000|0.000000|0.111111|0.000000|0.000000|0.000000|0.000000|0.000000|0.111111|0.000000|0.000000|0.111111|0.000000|0.000000|0.111111|0.000000|0.000000|0.000000|0.000000|0.000000|0.111111|0.000000|0.000000|0.111111|0.000000|0.000000,GhostResolved,GhostResolved,True,True,True,6.188122213051773e-06,-772.822:-446.189|772.822:-446.189|0.000:892.378|-1545.645:0.000|1545.645:0.000|-772.822:-1338.568|772.822:-1338.568|-772.822:1338.568|772.822:1338.568,210.000@0.9996|330.000@0.9996|90.000@0.9999|180.000@0.9999|0.000@0.9999|240.000@0.9998|300.000@0.9998|120.000@0.9998|60.000@0.9998
diameter_pitch_grid,square_packing,9,0.6353883327016112,7.999999999999998,12.590725369452022,7.364611667298387,8.0,infinite_pupil_upper_bound,1.0,3.0,550.0,retinal_optotype_primary,0,,8,8,0,1,1100.0789666511805,1100.0789666511805,0.0,0.9998384352295814,0.8918812201966055,22.585548647685478,48.70720582490319,1.0,not_evaluated_well_separated,0.024618659168550903,9.000000009580702,1.0645224948449241e-07,768,4.5039945602417,5.014559486162758,True,1.0,8,nan,4.5039945602417,0.9223853349685669,0.125000|0.000000|0.000000|0.000000|0.125000|0.000000|0.000000|0.000000|0.000000|0.125000|0.000000|0.000000|0.000000|0.125000|0.000000|0.000000|0.000000|0.000000|0.125000|0.000000|0.000000|0.000000|0.125000|0.000000|0.000000|0.000000|0.000000|0.125000|0.000000|0.000000|0.000000|0.125000|0.000000|0.000000|0.000000|0.000000,GhostResolved,GhostResolved,True,True,True,0.000371948110579677,0.000:-1100.079|-1100.079:0.000|1100.079:0.000|0.000:1100.079|-1100.079:-1100.079|1100.079:-1100.079|-1100.079:1100.079|1100.079:1100.079,270.000@0.9998|180.000@0.9998|0.000@0.9998|90.000@0.9998|225.000@0.9995|315.000@0.9995|135.000@0.9995|45.000@0.9995
diameter_pitch_grid,triangular_packing,7,0.6353883327016112,7.999999999999998,12.590725369452022,7.364611667298386,8.0,infinite_pupil_upper_bound,1.0,3.0,550.0,retinal_optotype_primary,0,,6,6,0,1,1100.0789666511803,1100.0789666511805,2.0668850358569673e-14,0.9998099533314256,0.8612737667848888,22.585548647685478,48.707205824903184,1.0,not_evaluated_well_separated,0.012961864471469433,7.000000001186255,1.6946495000930943e-08,768,3.25802845954895,6.932274818376596,True,1.0,6,nan,3.25802845954895,0.9560118317604065,0.166667|0.000000|0.000000|0.000000|0.000000|0.000000|0.166667|0.000000|0.000000|0.000000|0.000000|0.000000|0.166667|0.000000|0.000000|0.000000|0.000000|0.000000|0.166667|0.000000|0.000000|0.000000|0.000000|0.000000|0.166667|0.000000|0.000000|0.000000|0.000000|0.000000|0.166667|0.000000|0.000000|0.000000|0.000000|0.000000,GhostResolved,GhostResolved,True,True,True,0.0002618763420941194,-550.039:-952.696|550.039:-952.696|-550.039:952.696|550.039:952.696|-1100.079:0.000|1100.079:0.000,240.000@0.9997|300.000@0.9997|120.000@0.9997|60.000@0.9997|180.000@0.9998|0.000@0.9998
diameter_pitch_grid,hexagonal_packing,4,0.6353883327016112,7.999999999999998,12.590725369452022,7.364611667298386,8.0,infinite_pupil_upper_bound,1.0,3.0,550.0,retinal_optotype_primary,0,,3,3,0,1,1100.0789666511803,1100.0789666511805,2.0668850358569673e-14,0.9998099699242466,0.7572290917135548,22.585548647685478,48.707205824903184,1.0,not_evaluated_well_separated,0.012961864471469433,3.99999999804162,4.895950311833985e-08,768,3.25802845954895,6.932274818376596,True,1.0,3,nan,3.25802845954895,0.9551331400871277,0.000000|0.000000|0.000000|0.000000|0.000000|0.000000|0.000000|0.000000|0.000000|0.333333|0.000000|0.000000|0.000000|0.000000|0.000000|0.000000|0.000000|0.000000|0.000000|0.000000|0.000000|0.333333|0.000000|0.000000|0.000000|0.000000|0.000000|0.000000|0.000000|0.000000|0.000000|0.000000|0.000000|0.333333|0.000000|0.000000,GhostResolved,GhostResolved,True,True,True,0.00017181539793168686,-952.696:-550.039|952.696:-550.039|0.000:1100.079,210.000@0.9997|330.000@0.9997|90.000@0.9998
