comparison_group,pattern_kind,diameter_mm,pitch_mm,pupil_diameter_mm,myopia_d,wavelength_nm,ring_count,ghost_index,ghost_x_arcmin,ghost_y_arcmin,ghost_radius_arcmin,ghost_azimuth_deg,multiplicity,total_weight,measured_peak,peak_ratio,above_visibility_threshold
fixed_hole_count_layout,square_packing,0.6353883327016112,2.0,8.0,3.0,550.0,0,1,0.0,-275.0197416627952,275.0197416627952,270.0,1,1.0,0.006892436274867773,1.0000150795290255,True
fixed_hole_count_layout,square_packing,0.6353883327016112,2.0,8.0,3.0,550.0,0,2,-275.0197416627952,0.0,275.0197416627952,180.0,1,1.0,0.0068924361331936185,1.0000150589736971,True
fixed_hole_count_layout,square_packing,0.6353883327016112,2.0,8.0,3.0,550.0,0,3,275.0197416627952,0.0,275.0197416627952,0.0,1,1.0,0.0068924358946285,1.0000150243605783,True
fixed_hole_count_layout,square_packing,0.6353883327016112,2.0,8.0,3.0,550.0,0,4,0.0,275.0197416627952,275.0197416627952,90.0,1,1.0,0.006892436084799528,1.0000150519522581,True
fixed_hole_count_layout,square_packing,0.6353883327016112,2.0,8.0,3.0,550.0,0,5,-275.0197416627952,-275.0197416627952,388.9366485798699,225.0,1,1.0,0.006891992605325955,0.9999507080623259,True
fixed_hole_count_layout,square_packing,0.6353883327016112,2.0,8.0,3.0,550.0,0,6,275.0197416627952,-275.0197416627952,388.9366485798699,315.0,1,1.0,0.0068919925192967805,0.9999506955804591,True
fixed_hole_count_layout,square_packing,0.6353883327016112,2.0,8.0,3.0,550.0,0,7,-275.0197416627952,275.0197416627952,388.9366485798699,135.0,1,1.0,0.006891992552128804,0.9999507003440169,True
fixed_hole_count_layout,square_packing,0.6353883327016112,2.0,8.0,3.0,550.0,0,8,275.0197416627952,275.0197416627952,388.9366485798699,45.0,1,1.0,0.0068919925192967805,0.9999506955804591,True
fixed_hole_count_layout,square_packing,0.6353883327016112,2.0,8.0,3.0,550.0,0,9,0.0,-550.0394833255904,550.0394833255904,270.0,1,1.0,0.006892573397187437,1.0000349744372894,True
fixed_hole_count_layout,square_packing,0.6353883327016112,2.0,8.0,3.0,550.0,0,10,-550.0394833255904,0.0,550.0394833255904,180.0,1,1.0,0.006892573548577749,1.0000349964023232,True
fixed_hole_count_layout,square_packing,0.6353883327016112,2.0,8.0,3.0,550.0,0,11,550.0394833255904,0.0,550.0394833255904,0.0,1,1.0,0.006892573460854233,1.0000349836746263,True
fixed_hole_count_layout,square_packing,0.6353883327016112,2.0,8.0,3.0,550.0,0,12,0.0,550.0394833255904,550.0394833255904,90.0,1,1.0,0.0068925735543333986,1.0000349972374032,True
fixed_hole_count_layout,square_packing,0.6353883327016112,2.0,8.0,3.0,550.0,0,13,-275.0197416627952,-550.0394833255904,614.9628375124411,243.43494882292202,1,1.0,0.006892020292312208,0.9999547251330184,True
fixed_hole_count_layout,square_packing,0.6353883327016112,2.0,8.0,3.0,550.0,0,14,275.0197416627952,-550.0394833255904,614.9628375124411,296.565051177078,1,1.0,0.006892020286205449,0.9999547242469963,True
fixed_hole_count_layout,square_packing,0.6353883327016112,2.0,8.0,3.0,550.0,0,15,-550.0394833255904,-275.0197416627952,614.9628375124411,206.565051177078,1,1.0,0.0068920204548869705,0.9999547487207903,True
fixed_hole_count_layout,square_packing,0.6353883327016112,2.0,8.0,3.0,550.0,0,16,550.0394833255904,-275.0197416627952,614.9628375124411,333.434948822922,1,1.0,0.006892020107379585,0.9999546983013722,True
fixed_hole_count_layout,square_packing,0.6353883327016112,2.0,8.0,3.0,550.0,0,17,-550.0394833255904,275.0197416627952,614.9628375124411,153.434948822922,1,1.0,0.0068920203487690766,0.9999547333242759,True
fixed_hole_count_layout,square_packing,0.6353883327016112,2.0,8.0,3.0,550.0,0,18,550.0394833255904,275.0197416627952,614.9628375124411,26.56505117707799,1,1.0,0.006892020252150311,0.9999547193059783,True
fixed_hole_count_layout,square_packing,0.6353883327016112,2.0,8.0,3.0,550.0,0,19,-275.0197416627952,550.0394833255904,614.9628375124411,116.56505117707799,1,1.0,0.006892020222246757,0.9999547149673086,True
fixed_hole_count_layout,square_packing,0.6353883327016112,2.0,8.0,3.0,550.0,0,20,275.0197416627952,550.0394833255904,614.9628375124411,63.43494882292201,1,1.0,0.0068920201066431765,0.9999546981945276,True
fixed_hole_count_layout,square_packing,0.6353883327016112,2.0,8.0,3.0,550.0,0,21,-550.0394833255904,-550.0394833255904,777.8732971597398,225.0,1,1.0,0.006892027354645507,0.9999557497982476,True
fixed_hole_count_layout,square_packing,0.6353883327016112,2.0,8.0,3.0,550.0,0,22,550.0394833255904,-550.0394833255904,777.8732971597398,315.0,1,1.0,0.006892027130688883,0.9999557173046573,True
fixed_hole_count_layout,square_packing,0.6353883327016112,2.0,8.0,3.0,550.0,0,23,-550.0394833255904,550.0394833255904,777.8732971597398,135.0,1,1.0,0.00689202731338643,0.9999557438120191,True
fixed_hole_count_layout,square_packing,0.6353883327016112,2.0,8.0,3.0,550.0,0,24,550.0394833255904,550.0394833255904,777.8732971597398,45.0,1,1.0,0.006892027329100253,0.9999557460919184,True
fixed_hole_count_layout,square_packing,0.6353883327016112,4.0,8.0,3.0,550.0,0,1,0.0,-550.0394833255904,550.0394833255904,270.0,1,1.0,0.024614733689243728,0.99984054861476,True
fixed_hole_count_layout,square_packing,0.6353883327016112,4.0,8.0,3.0,550.0,0,2,-550.0394833255904,0.0,550.0394833255904,180.0,1,1.0,0.024614733689243728,0.99984054861476,True
fixed_hole_count_layout,square_packing,0.6353883327016112,4.0,8.0,3.0,550.0,0,3,550.0394833255904,0.0,550.0394833255904,0.0,1,1.0,0.02461473482974261,0.9998405949413643,True
fixed_hole_count_layout,square_packing,0.6353883327016112,4.0,8.0,3.0,550.0,0,4,0.0,550.0394833255904,550.0394833255904,90.0,1,1.0,0.02461473482974261,0.9998405949413643,True
fixed_hole_count_layout,square_packing,0.6353883327016112,4.0,8.0,3.0,550.0,0,5,-550.0394833255904,-550.0394833255904,777.8732971597398,225.0,1,1.0,0.024609851354440715,0.9996422301454403,True
fixed_hole_count_layout,square_packing,0.6353883327016112,4.0,8.0,3.0,550.0,0,6,550.0394833255904,-550.0394833255904,777.8732971597398,315.0,1,1.0,0.024609852077343026,0.9996422595094404,True
fixed_hole_count_layout,square_packing,0.6353883327016112,4.0,8.0,3.0,550.0,0,7,-550.0394833255904,550.0394833255904,777.8732971597398,135.0,1,1.0,0.024609852077343026,0.9996422595094404,True
fixed_hole_count_layout,square_packing,0.6353883327016112,4.0,8.0,3.0,550.0,0,8,550.0394833255904,550.0394833255904,777.8732971597398,45.0,1,1.0,0.024609852800245337,0.9996422888734405,True
fixed_hole_count_layout,square_packing,0.6353883327016112,4.0,8.0,3.0,550.0,0,9,0.0,-1100.0789666511807,1100.0789666511807,270.0,1,1.0,0.02461468166053432,0.9998384352295814,True
fixed_hole_count_layout,square_packing,0.6353883327016112,4.0,8.0,3.0,550.0,0,10,-1100.0789666511807,0.0,1100.0789666511807,180.0,1,1.0,0.02461468166053432,0.9998384352295814,True
fixed_hole_count_layout,square_packing,0.6353883327016112,4.0,8.0,3.0,550.0,0,11,1100.0789666511807,0.0,1100.0789666511807,0.0,1,1.0,0.024614681466024815,0.9998384273286837,True
fixed_hole_count_layout,square_packing,0.6353883327016112,4.0,8.0,3.0,550.0,0,12,0.0,1100.0789666511807,1100.0789666511807,90.0,1,1.0,0.024614681466024815,0.9998384273286837,True
fixed_hole_count_layout,square_packing,0.6353883327016112,4.0,8.0,3.0,550.0,0,13,-550.0394833255904,-1100.0789666511807,1229.9256750248821,243.43494882292202,1,1.0,0.024608993074492734,0.9996073671603319,True
fixed_hole_count_layout,square_packing,0.6353883327016112,4.0,8.0,3.0,550.0,0,14,550.0394833255904,-1100.0789666511807,1229.9256750248821,296.565051177078,1,1.0,0.024608993765391326,0.9996073952243538,True
fixed_hole_count_layout,square_packing,0.6353883327016112,4.0,8.0,3.0,550.0,0,15,-1100.0789666511807,-550.0394833255904,1229.9256750248821,206.565051177078,1,1.0,0.024608993074492734,0.9996073671603319,True
fixed_hole_count_layout,square_packing,0.6353883327016112,4.0,8.0,3.0,550.0,0,16,1100.0789666511807,-550.0394833255904,1229.9256750248821,333.434948822922,1,1.0,0.024608994290102663,0.9996074165379166,True
fixed_hole_count_layout,square_packing,0.6353883327016112,4.0,8.0,3.0,550.0,0,17,-1100.0789666511807,550.0394833255904,1229.9256750248821,153.434948822922,1,1.0,0.024608993765391326,0.9996073952243538,True
fixed_hole_count_layout,square_packing,0.6353883327016112,4.0,8.0,3.0,550.0,0,18,1100.0789666511807,550.0394833255904,1229.9256750248821,26.56505117707799,1,1.0,0.02460899338075235,0.9996073796004739,True
fixed_hole_count_layout,square_packing,0.6353883327016112,4.0,8.0,3.0,550.0,0,19,-550.0394833255904,1100.0789666511807,1229.9256750248821,116.56505117707799,1,1.0,0.024608994290102663,0.9996074165379166,True
fixed_hole_count_layout,square_packing,0.6353883327016112,4.0,8.0,3.0,550.0,0,20,550.0394833255904,1100.0789666511807,1229.9256750248821,63.43494882292201,1,1.0,0.02460899338075235,0.9996073796004739,True
fixed_hole_count_layout,square_packing,0.6353883327016112,4.0,8.0,3.0,550.0,0,21,-1100.0789666511807,-1100.0789666511807,1555.7465943194795,225.0,1,1.0,0.024607462000205138,0.99954517554067,True
fixed_hole_count_layout,square_packing,0.6353883327016112,4.0,8.0,3.0,550.0,0,22,1100.0789666511807,-1100.0789666511807,1555.7465943194795,315.0,1,1.0,0.02460746338662987,0.9995452318566831,True
fixed_hole_count_layout,square_packing,0.6353883327016112,4.0,8.0,3.0,550.0,0,23,-1100.0789666511807,1100.0789666511807,1555.7465943194795,135.0,1,1.0,0.02460746338662987,0.9995452318566831,True
fixed_hole_count_layout,square_packing,0.6353883327016112,4.0,8.0,3.0,550.0,0,24,1100.0789666511807,1100.0789666511807,1555.7465943194795,45.0,1,1.0,0.024607463287041276,0.9995452278114346,True
fixed_hole_count_layout,triangular_packing,0.6353883327016112,2.0,8.0,3.0,550.0,0,1,-137.5098708313976,-238.1740828222142,275.0197416627952,240.0,1,1.0,0.006118482517380599,1.0000169079373795,True
fixed_hole_count_layout,triangular_packing,0.6353883327016112,2.0,8.0,3.0,550.0,0,2,137.5098708313976,-238.1740828222142,275.0197416627952,300.0,1,1.0,0.006118482348518388,1.0000168803382052,True
fixed_hole_count_layout,triangular_packing,0.6353883327016112,2.0,8.0,3.0,550.0,0,3,-275.0197416627952,0.0,275.0197416627952,180.0,1,1.0,0.006118628181754733,1.0000407156113582,True
fixed_hole_count_layout,triangular_packing,0.6353883327016112,2.0,8.0,3.0,550.0,0,4,275.0197416627952,0.0,275.0197416627952,0.0,1,1.0,0.006118627562964105,1.0000406144749916,True
fixed_hole_count_layout,triangular_packing,0.6353883327016112,2.0,8.0,3.0,550.0,0,5,-137.5098708313976,238.1740828222142,275.0197416627952,120.00000000000001,1,1.0,0.006118482381992332,1.0000168858092529,True
fixed_hole_count_layout,triangular_packing,0.6353883327016112,2.0,8.0,3.0,550.0,0,6,137.5098708313976,238.1740828222142,275.0197416627952,59.99999999999999,1,1.0,0.006118482403368333,1.0000168893029888,True
fixed_hole_count_layout,triangular_packing,0.6353883327016112,2.0,8.0,3.0,550.0,0,7,0.0,-476.3481656444284,476.3481656444284,270.0,1,1.0,0.00611879178641374,1.0000674554810496,True
fixed_hole_count_layout,triangular_packing,0.6353883327016112,2.0,8.0,3.0,550.0,0,8,-412.52961249419275,-238.1740828222142,476.3481656444284,210.0,1,1.0,0.006118520317199749,1.000023086014731,True
fixed_hole_count_layout,triangular_packing,0.6353883327016112,2.0,8.0,3.0,550.0,0,9,412.52961249419275,-238.1740828222142,476.3481656444284,330.0,1,1.0,0.006118520595216166,1.0000231314542853,True
fixed_hole_count_layout,triangular_packing,0.6353883327016112,2.0,8.0,3.0,550.0,0,10,-412.52961249419275,238.1740828222142,476.3481656444284,150.0,1,1.0,0.006118520586559884,1.0000231300394853,True
fixed_hole_count_layout,triangular_packing,0.6353883327016112,2.0,8.0,3.0,550.0,0,11,412.52961249419275,238.1740828222142,476.3481656444284,30.000000000000004,1,1.0,0.006118520393911954,1.0000230985527259,True
fixed_hole_count_layout,triangular_packing,0.6353883327016112,2.0,8.0,3.0,550.0,0,12,0.0,476.3481656444284,476.3481656444284,90.0,1,1.0,0.00611879134477543,1.000067383298809,True
fixed_hole_count_layout,triangular_packing,0.6353883327016112,2.0,8.0,3.0,550.0,0,13,-275.0197416627952,-476.3481656444284,550.0394833255904,240.0,1,1.0,0.00611849311054537,1.0000186393052226,True
fixed_hole_count_layout,triangular_packing,0.6353883327016112,2.0,8.0,3.0,550.0,0,14,275.0197416627952,-476.3481656444284,550.0394833255904,300.0,1,1.0,0.006118492860056478,1.0000185983648218,True
fixed_hole_count_layout,triangular_packing,0.6353883327016112,2.0,8.0,3.0,550.0,0,15,-550.0394833255904,0.0,550.0394833255904,180.0,1,1.0,0.006118942446186631,1.0000920796129007,True
fixed_hole_count_layout,triangular_packing,0.6353883327016112,2.0,8.0,3.0,550.0,0,16,550.0394833255904,0.0,550.0394833255904,0.0,1,1.0,0.006118942639410858,1.0000921111938514,True
fixed_hole_count_layout,triangular_packing,0.6353883327016112,2.0,8.0,3.0,550.0,0,17,-275.0197416627952,476.3481656444284,550.0394833255904,120.00000000000001,1,1.0,0.006118492950453169,1.000018613139436,True
fixed_hole_count_layout,triangular_packing,0.6353883327016112,2.0,8.0,3.0,550.0,0,18,275.0197416627952,476.3481656444284,550.0394833255904,59.99999999999999,1,1.0,0.0061184929340542624,1.0000186104591662,True
fixed_hole_count_layout,triangular_packing,0.6353883327016112,2.0,8.0,3.0,550.0,0,19,-550.0394833255904,-476.3481656444284,727.6338420729853,220.8933946491309,1,1.0,0.00611849150783899,1.0000183773557156,True
fixed_hole_count_layout,triangular_packing,0.6353883327016112,2.0,8.0,3.0,550.0,0,20,550.0394833255904,-476.3481656444284,727.6338420729853,319.1066053508691,1,1.0,0.006118491462847855,1.0000183700022756,True
fixed_hole_count_layout,triangular_packing,0.6353883327016112,2.0,8.0,3.0,550.0,0,21,-550.0394833255904,476.3481656444284,727.6338420729853,139.1066053508691,1,1.0,0.006118491602617189,1.0000183928464523,True
fixed_hole_count_layout,triangular_packing,0.6353883327016112,2.0,8.0,3.0,550.0,0,22,550.0394833255904,476.3481656444284,727.6338420729853,40.893394649130904,1,1.0,0.006118491459956906,1.000018369529773,True
fixed_hole_count_layout,triangular_packing,0.6353883327016112,2.0,8.0,3.0,550.0,0,23,687.549354156988,-238.1740828222142,727.6338420729854,340.8933946491309,1,1.0,0.00611883044449327,1.0000737738341787,True
fixed_hole_count_layout,triangular_packing,0.6353883327016112,2.0,8.0,3.0,550.0,0,24,687.549354156988,238.1740828222142,727.6338420729854,19.106605350869096,1,1.0,0.006118830730280913,1.0000738205438773,True
fixed_hole_count_layout,triangular_packing,0.6353883327016112,4.0,8.0,3.0,550.0,0,1,-275.0197416627952,-476.3481656444284,550.0394833255904,240.0,1,1.0,0.021940307889179642,0.999837883859888,True
fixed_hole_count_layout,triangular_packing,0.6353883327016112,4.0,8.0,3.0,550.0,0,2,275.0197416627952,-476.3481656444284,550.0394833255904,300.0,1,1.0,0.021940308008960546,0.9998378893184023,True
fixed_hole_count_layout,triangular_packing,0.6353883327016112,4.0,8.0,3.0,550.0,0,3,-550.0394833255904,0.0,550.0394833255904,180.0,1,1.0,0.021941992017707843,0.9999146309826854,True
fixed_hole_count_layout,triangular_packing,0.6353883327016112,4.0,8.0,3.0,550.0,0,4,550.0394833255904,0.0,550.0394833255904,0.0,1,1.0,0.021941992017707843,0.9999146309826854,True
fixed_hole_count_layout,triangular_packing,0.6353883327016112,4.0,8.0,3.0,550.0,0,5,-275.0197416627952,476.3481656444284,550.0394833255904,120.00000000000001,1,1.0,0.02194030792792521,0.9998378856255555,True
fixed_hole_count_layout,triangular_packing,0.6353883327016112,4.0,8.0,3.0,550.0,0,6,275.0197416627952,476.3481656444284,550.0394833255904,59.99999999999999,1,1.0,0.021940308008960546,0.9998378893184023,True
fixed_hole_count_layout,triangular_packing,0.6353883327016112,4.0,8.0,3.0,550.0,0,7,0.0,-952.6963312888568,952.6963312888568,270.0,1,1.0,0.021940615505737355,0.999851902199542,True
fixed_hole_count_layout,triangular_packing,0.6353883327016112,4.0,8.0,3.0,550.0,0,8,-825.0592249883855,-476.3481656444284,952.6963312888568,210.0,1,1.0,0.02193796862317739,0.9997312815833251,True
fixed_hole_count_layout,triangular_packing,0.6353883327016112,4.0,8.0,3.0,550.0,0,9,825.0592249883855,-476.3481656444284,952.6963312888568,330.0,1,1.0,0.021937968851397562,0.9997312919835062,True
fixed_hole_count_layout,triangular_packing,0.6353883327016112,4.0,8.0,3.0,550.0,0,10,-825.0592249883855,476.3481656444284,952.6963312888568,150.0,1,1.0,0.021937968396156835,0.9997312712378117,True
fixed_hole_count_layout,triangular_packing,0.6353883327016112,4.0,8.0,3.0,550.0,0,11,825.0592249883855,476.3481656444284,952.6963312888568,30.000000000000004,1,1.0,0.021937968624377007,0.9997312816379926,True
fixed_hole_count_layout,triangular_packing,0.6353883327016112,4.0,8.0,3.0,550.0,0,12,0.0,952.6963312888568,952.6963312888568,90.0,1,1.0,0.021940615505737355,0.999851902199542,True
fixed_hole_count_layout,triangular_packing,0.6353883327016112,4.0,8.0,3.0,550.0,0,13,-550.0394833255904,-952.6963312888568,1100.0789666511807,240.0,1,1.0,0.02193803207857778,0.9997341732981345,True
fixed_hole_count_layout,triangular_packing,0.6353883327016112,4.0,8.0,3.0,550.0,0,14,550.0394833255904,-952.6963312888568,1100.0789666511807,300.0,1,1.0,0.02193803207857778,0.9997341732981345,True
fixed_hole_count_layout,triangular_packing,0.6353883327016112,4.0,8.0,3.0,550.0,0,15,-1100.0789666511807,0.0,1100.0789666511807,180.0,1,1.0,0.02194091943927346,0.9998657527008709,True
fixed_hole_count_layout,triangular_packing,0.6353883327016112,4.0,8.0,3.0,550.0,0,16,1100.0789666511807,0.0,1100.0789666511807,0.0,1,1.0,0.02194091943927346,0.9998657527008709,True
fixed_hole_count_layout,triangular_packing,0.6353883327016112,4.0,8.0,3.0,550.0,0,17,-550.0394833255904,952.6963312888568,1100.0789666511807,120.00000000000001,1,1.0,0.021938032003561522,0.9997341698795819,True
fixed_hole_count_layout,triangular_packing,0.6353883327016112,4.0,8.0,3.0,550.0,0,18,550.0394833255904,952.6963312888568,1100.0789666511807,59.99999999999999,1,1.0,0.021938032168143506,0.9997341773797184,True
fixed_hole_count_layout,triangular_packing,0.6353883327016112,4.0,8.0,3.0,550.0,0,19,-1100.0789666511807,-952.6963312888568,1455.2676841459706,220.8933946491309,1,1.0,0.021936248211121633,0.9996528809903215,True
fixed_hole_count_layout,triangular_packing,0.6353883327016112,4.0,8.0,3.0,550.0,0,20,1100.0789666511807,-952.6963312888568,1455.2676841459706,319.1066053508691,1,1.0,0.021936248518048925,0.9996528949772507,True
fixed_hole_count_layout,triangular_packing,0.6353883327016112,4.0,8.0,3.0,550.0,0,21,-1100.0789666511807,952.6963312888568,1455.2676841459706,139.1066053508691,1,1.0,0.021936248211121633,0.9996528809903215,True
fixed_hole_count_layout,triangular_packing,0.6353883327016112,4.0,8.0,3.0,550.0,0,22,1100.0789666511807,952.6963312888568,1455.2676841459706,40.893394649130904,1,1.0,0.021936248518048925,0.9996528949772507,True
fixed_hole_count_layout,triangular_packing,0.6353883327016112,4.0,8.0,3.0,550.0,0,23,1375.098708313976,-476.3481656444284,1455.2676841459709,340.8933946491309,1,1.0,0.021936356185383154,0.9996578014662644,True
fixed_hole_count_layout,triangular_packing,0.6353883327016112,4.0,8.0,3.0,550.0,0,24,1375.098708313976,476.3481656444284,1455.2676841459709,19.106605350869096,1,1.0,0.021936356185383154,0.9996578014662644,True
fixed_hole_count_layout,hexagonal_packing,0.6353883327016112,2.0,8.0,3.0,550.0,0,1,-238.1740828222142,-137.5098708313976,275.0197416627952,210.0,1,1.0,0.02735148043662586,0.9997539627070767,True
fixed_hole_count_layout,hexagonal_packing,0.6353883327016112,2.0,8.0,3.0,550.0,0,2,238.1740828222142,-137.5098708313976,275.0197416627952,330.0,1,1.0,0.02735148049016099,0.9997539646638979,True
fixed_hole_count_layout,hexagonal_packing,0.6353883327016112,2.0,8.0,3.0,550.0,0,3,0.0,275.0197416627952,275.0197416627952,90.0,1,1.0,0.027352215317038835,0.9997808241271263,True
fixed_hole_count_layout,hexagonal_packing,0.6353883327016112,2.0,8.0,3.0,550.0,0,4,-238.1740828222142,-412.52961249419275,476.3481656444284,240.0,1,1.0,0.02735337158841702,0.9998230882705603,True
fixed_hole_count_layout,hexagonal_packing,0.6353883327016112,2.0,8.0,3.0,550.0,0,5,238.1740828222142,-412.52961249419275,476.3481656444284,300.0,1,1.0,0.027353371638418163,0.9998230900982069,True
fixed_hole_count_layout,hexagonal_packing,0.6353883327016112,2.0,8.0,3.0,550.0,0,6,-476.3481656444284,0.0,476.3481656444284,180.0,1,1.0,0.027356181084291838,0.9999257812359581,True
fixed_hole_count_layout,hexagonal_packing,0.6353883327016112,2.0,8.0,3.0,550.0,0,7,476.3481656444284,0.0,476.3481656444284,0.0,1,1.0,0.027356181192530152,0.9999257851922955,True
fixed_hole_count_layout,hexagonal_packing,0.6353883327016112,2.0,8.0,3.0,550.0,0,8,-238.1740828222142,412.52961249419275,476.3481656444284,120.00000000000001,1,1.0,0.027353371360526367,0.9998230799406791,True
fixed_hole_count_layout,hexagonal_packing,0.6353883327016112,2.0,8.0,3.0,550.0,0,9,238.1740828222142,412.52961249419275,476.3481656444284,60.00000000000001,1,1.0,0.02735337141052751,0.9998230817683257,True
fixed_hole_count_layout,hexagonal_packing,0.6353883327016112,2.0,8.0,3.0,550.0,0,10,0.0,-550.0394833255904,550.0394833255904,270.0,1,1.0,0.02735887209894863,1.0000241434643964,True
fixed_hole_count_layout,hexagonal_packing,0.6353883327016112,2.0,8.0,3.0,550.0,0,11,-476.3481656444284,275.0197416627952,550.0394833255904,150.0,1,1.0,0.027349862884511522,0.9996948377854864,True
fixed_hole_count_layout,hexagonal_packing,0.6353883327016112,2.0,8.0,3.0,550.0,0,12,476.3481656444284,275.0197416627952,550.0394833255904,30.000000000000004,1,1.0,0.027349862519699064,0.999694824450826,True
fixed_hole_count_layout,hexagonal_packing,0.6353883327016112,2.0,8.0,3.0,550.0,0,13,-476.3481656444284,-550.0394833255904,727.6338420729853,229.10660535086907,1,1.0,0.02735643003805467,0.9999348810180156,True
fixed_hole_count_layout,hexagonal_packing,0.6353883327016112,2.0,8.0,3.0,550.0,0,14,476.3481656444284,-550.0394833255904,727.6338420729853,310.8933946491309,1,1.0,0.02735643013305646,0.9999348844905303,True
fixed_hole_count_layout,hexagonal_packing,0.6353883327016112,2.0,8.0,3.0,550.0,0,15,-714.5222484666426,-137.5098708313976,727.6338420729854,190.8933946491309,1,1.0,0.027349512138565676,0.9996820172856938,True
fixed_hole_count_layout,hexagonal_packing,0.6353883327016112,2.0,8.0,3.0,550.0,0,16,714.5222484666426,-137.5098708313976,727.6338420729854,349.1066053508691,1,1.0,0.02734951220843344,0.9996820198395071,True
fixed_hole_count_layout,hexagonal_packing,0.6353883327016112,2.0,8.0,3.0,550.0,0,17,-238.1740828222142,687.549354156988,727.6338420729854,109.10660535086909,1,1.0,0.027353652192119684,0.9998333449242847,True
fixed_hole_count_layout,hexagonal_packing,0.6353883327016112,2.0,8.0,3.0,550.0,0,18,238.1740828222142,687.549354156988,727.6338420729854,70.89339464913091,1,1.0,0.02735365224200111,0.9998333467475554,True
fixed_hole_count_layout,hexagonal_packing,0.6353883327016112,2.0,8.0,3.0,550.0,0,19,0.0,-825.0592249883855,825.0592249883855,270.0,1,1.0,0.027352322564355602,0.9997847442414388,True
fixed_hole_count_layout,hexagonal_packing,0.6353883327016112,2.0,8.0,3.0,550.0,0,20,-714.5222484666426,-412.52961249419275,825.0592249883855,210.0,1,1.0,0.027351210913154546,0.999744111059042,True
fixed_hole_count_layout,hexagonal_packing,0.6353883327016112,2.0,8.0,3.0,550.0,0,21,714.5222484666426,-412.52961249419275,825.0592249883855,330.0,1,1.0,0.027351211056314478,0.9997441162918377,True
fixed_hole_count_layout,hexagonal_packing,0.6353883327016112,2.0,8.0,3.0,550.0,0,22,-714.5222484666426,412.52961249419275,825.0592249883855,150.0,1,1.0,0.02735121076243689,0.9997441055499956,True
fixed_hole_count_layout,hexagonal_packing,0.6353883327016112,2.0,8.0,3.0,550.0,0,23,714.5222484666426,412.52961249419275,825.0592249883855,29.999999999999996,1,1.0,0.027351210828517367,0.9997441079653756,True
fixed_hole_count_layout,hexagonal_packing,0.6353883327016112,2.0,8.0,3.0,550.0,0,24,0.0,825.0592249883855,825.0592249883855,90.0,1,1.0,0.027352322564355602,0.9997847442414388,True
fixed_hole_count_layout,hexagonal_packing,0.6353883327016112,2.0,8.0,3.0,550.0,0,25,-476.3481656444284,-825.0592249883855,952.6963312888568,240.0,1,1.0,0.027349962348971444,0.9996984734200615,True
fixed_hole_count_layout,hexagonal_packing,0.6353883327016112,2.0,8.0,3.0,550.0,0,26,476.3481656444284,-825.0592249883855,952.6963312888568,300.0,1,1.0,0.027349962449372798,0.9996984770899415,True
fixed_hole_count_layout,hexagonal_packing,0.6353883327016112,2.0,8.0,3.0,550.0,0,27,-952.6963312888568,0.0,952.6963312888568,180.0,1,1.0,0.02735463859450108,0.9998693999996914,True
fixed_hole_count_layout,hexagonal_packing,0.6353883327016112,2.0,8.0,3.0,550.0,0,28,952.6963312888568,0.0,952.6963312888568,0.0,1,1.0,0.027354638707888467,0.9998694041442381,True
fixed_hole_count_layout,hexagonal_packing,0.6353883327016112,2.0,8.0,3.0,550.0,0,29,-476.3481656444284,825.0592249883855,952.6963312888568,120.00000000000001,1,1.0,0.027349962348971444,0.9996984734200615,True
fixed_hole_count_layout,hexagonal_packing,0.6353883327016112,2.0,8.0,3.0,550.0,0,30,476.3481656444284,825.0592249883855,952.6963312888568,60.00000000000001,1,1.0,0.027349962449372798,0.9996984770899415,True
fixed_hole_count_layout,hexagonal_packing,0.6353883327016112,2.0,8.0,3.0,550.0,0,31,-952.6963312888568,275.0197416627952,991.597780330068,163.897886248014,1,1.0,0.02734801081501704,0.9996271407618972,True
fixed_hole_count_layout,hexagonal_packing,0.6353883327016112,2.0,8.0,3.0,550.0,0,32,952.6963312888568,275.0197416627952,991.597780330068,16.102113751986018,1,1.0,0.027348010900963695,0.9996271439034277,True
fixed_hole_count_layout,hexagonal_packing,0.6353883327016112,2.0,8.0,3.0,550.0,0,33,-714.5222484666426,687.549354156988,991.5977803300681,136.10211375198602,1,1.0,0.027351488575667566,0.9997542602061176,True
fixed_hole_count_layout,hexagonal_packing,0.6353883327016112,2.0,8.0,3.0,550.0,0,34,714.5222484666426,687.549354156988,991.5977803300681,43.89788624801398,1,1.0,0.02735148871852345,0.9997542654277997,True
fixed_hole_count_layout,hexagonal_packing,0.6353883327016112,2.0,8.0,3.0,550.0,0,35,-952.6963312888568,-550.0394833255904,1100.0789666511807,210.0,1,1.0,0.027354503764385297,0.9998644716762369,True
fixed_hole_count_layout,hexagonal_packing,0.6353883327016112,2.0,8.0,3.0,550.0,0,36,0.0,1100.0789666511807,1100.0789666511807,90.0,1,1.0,0.027357487741649394,0.9999735423022794,True
fixed_hole_count_layout,hexagonal_packing,0.6353883327016112,2.0,8.0,3.0,550.0,0,37,-1190.8704141110707,-137.5098708313976,1198.7832613867865,186.58677555362945,1,1.0,0.0273480062099673,0.999626972437673,True
fixed_hole_count_layout,hexagonal_packing,0.6353883327016112,2.0,8.0,3.0,550.0,0,38,-476.3481656444284,1100.0789666511807,1198.783261386787,113.41322444637053,1,1.0,0.027355442444208535,0.9998987823920744,True
fixed_hole_count_layout,hexagonal_packing,0.6353883327016112,2.0,8.0,3.0,550.0,0,39,476.3481656444284,1100.0789666511807,1198.783261386787,66.58677555362947,1,1.0,0.027355442552098146,0.999898786335666,True
fixed_hole_count_layout,hexagonal_packing,0.6353883327016112,2.0,8.0,3.0,550.0,0,40,-1190.8704141110707,-412.52961249419275,1260.2987837769588,199.1066053508691,1,1.0,0.027349528151762507,0.9996826026016158,True
fixed_hole_count_layout,hexagonal_packing,0.6353883327016112,2.0,8.0,3.0,550.0,0,41,1190.8704141110707,412.52961249419275,1260.2987837769588,19.1066053508691,1,1.0,0.02734952837969606,0.9996826109330651,True
fixed_hole_count_layout,hexagonal_packing,0.6353883327016112,2.0,8.0,3.0,550.0,0,42,-952.6963312888568,-825.0592249883855,1260.2987837769592,220.8933946491309,1,1.0,0.02734810489661629,0.9996305796416275,True
fixed_hole_count_layout,hexagonal_packing,0.6353883327016112,2.0,8.0,3.0,550.0,0,43,952.6963312888568,825.0592249883855,1260.2987837769592,40.893394649130904,1,1.0,0.02734810529673236,0.9996305942667089,True
fixed_hole_count_layout,hexagonal_packing,0.6353883327016112,2.0,8.0,3.0,550.0,0,44,1190.8704141110707,687.549354156988,1375.0987083139755,30.00000000000001,1,1.0,0.02734980484485098,0.9996927163141913,True
fixed_hole_count_layout,hexagonal_packing,0.6353883327016112,2.0,8.0,3.0,550.0,0,45,952.6963312888568,1100.0789666511807,1455.2676841459706,49.106605350869096,1,1.0,0.027353883938799978,0.9998418157513942,True
fixed_hole_count_layout,hexagonal_packing,0.6353883327016112,2.0,8.0,3.0,550.0,0,46,-1429.0444969332852,-550.0394833255904,1531.24511670483,201.0517244353729,1,1.0,0.027353031523543157,0.9998106581863456,True
fixed_hole_count_layout,hexagonal_packing,0.6353883327016112,2.0,8.0,3.0,550.0,0,47,-1429.0444969332852,-825.0592249883855,1650.118449976771,210.0,1,1.0,0.027346676533186377,0.9995783699631587,True
fixed_hole_count_layout,hexagonal_packing,0.6353883327016112,2.0,8.0,3.0,550.0,0,48,1429.0444969332852,825.0592249883855,1650.118449976771,29.999999999999996,1,1.0,0.02734667680688077,0.9995783799672627,True
fixed_hole_count_layout,hexagonal_packing,0.6353883327016112,4.0,8.0,3.0,550.0,0,1,-476.3481656444284,-275.0197416627952,550.0394833255904,210.0,1,1.0,0.027349862831467283,0.9996948358466082,True
fixed_hole_count_layout,hexagonal_packing,0.6353883327016112,4.0,8.0,3.0,550.0,0,2,476.3481656444284,-275.0197416627952,550.0394833255904,330.0,1,1.0,0.02734986293212114,0.9996948395257177,True
fixed_hole_count_layout,hexagonal_packing,0.6353883327016112,4.0,8.0,3.0,550.0,0,3,0.0,550.0394833255904,550.0394833255904,90.0,1,1.0,0.02735887209894863,1.0000241434643964,True
fixed_hole_count_layout,hexagonal_packing,0.6353883327016112,4.0,8.0,3.0,550.0,0,4,-476.3481656444284,-825.0592249883855,952.6963312888568,240.0,1,1.0,0.027349962348971444,0.9996984734200615,True
fixed_hole_count_layout,hexagonal_packing,0.6353883327016112,4.0,8.0,3.0,550.0,0,5,476.3481656444284,-825.0592249883855,952.6963312888568,300.0,1,1.0,0.027349962449372798,0.9996984770899415,True
fixed_hole_count_layout,hexagonal_packing,0.6353883327016112,4.0,8.0,3.0,550.0,0,6,-952.6963312888568,0.0,952.6963312888568,180.0,1,1.0,0.02735463859450108,0.9998693999996914,True
fixed_hole_count_layout,hexagonal_packing,0.6353883327016112,4.0,8.0,3.0,550.0,0,7,952.6963312888568,0.0,952.6963312888568,0.0,1,1.0,0.027354638707888467,0.9998694041442381,True
fixed_hole_count_layout,hexagonal_packing,0.6353883327016112,4.0,8.0,3.0,550.0,0,8,-476.3481656444284,825.0592249883855,952.6963312888568,120.00000000000001,1,1.0,0.027349962348971444,0.9996984734200615,True
fixed_hole_count_layout,hexagonal_packing,0.6353883327016112,4.0,8.0,3.0,550.0,0,9,476.3481656444284,825.0592249883855,952.6963312888568,60.00000000000001,1,1.0,0.027349962449372798,0.9996984770899415,True
fixed_hole_count_layout,hexagonal_packing,0.6353883327016112,4.0,8.0,3.0,550.0,0,10,0.0,-1100.0789666511807,1100.0789666511807,270.0,1,1.0,0.027357487741649394,0.9999735423022794,True
fixed_hole_count_layout,hexagonal_packing,0.6353883327016112,4.0,8.0,3.0,550.0,0,11,-952.6963312888568,550.0394833255904,1100.0789666511807,150.0,1,1.0,0.027354503531560413,0.9998644631659992,True
fixed_hole_count_layout,hexagonal_packing,0.6353883327016112,4.0,8.0,3.0,550.0,0,12,952.6963312888568,550.0394833255904,1100.0789666511807,30.000000000000004,1,1.0,0.027354503631422,0.9998644668161497,True
fixed_hole_count_layout,hexagonal_packing,0.6353883327016112,4.0,8.0,3.0,550.0,0,13,-952.6963312888568,-1100.0789666511807,1455.2676841459706,229.10660535086907,1,1.0,0.0273538837350305,0.9998418083031926,True
fixed_hole_count_layout,hexagonal_packing,0.6353883327016112,4.0,8.0,3.0,550.0,0,14,952.6963312888568,-1100.0789666511807,1455.2676841459706,310.8933946491309,1,1.0,0.027353883938799978,0.9998418157513942,True
fixed_hole_count_layout,hexagonal_packing,0.6353883327016112,4.0,8.0,3.0,550.0,0,15,-1429.0444969332852,-275.0197416627952,1455.2676841459709,190.8933946491309,1,1.0,0.027346590164603994,0.9995752130103681,True
fixed_hole_count_layout,hexagonal_packing,0.6353883327016112,4.0,8.0,3.0,550.0,0,16,1429.0444969332852,-275.0197416627952,1455.2676841459709,349.1066053508691,1,1.0,0.027346590438847237,0.9995752230345337,True
fixed_hole_count_layout,hexagonal_packing,0.6353883327016112,4.0,8.0,3.0,550.0,0,17,-476.3481656444284,1375.098708313976,1455.2676841459709,109.10660535086909,1,1.0,0.027349779591032134,0.9996917932341584,True
fixed_hole_count_layout,hexagonal_packing,0.6353883327016112,4.0,8.0,3.0,550.0,0,18,476.3481656444284,1375.098708313976,1455.2676841459709,70.89339464913091,1,1.0,0.027349779591032134,0.9996917932341584,True
fixed_hole_count_layout,hexagonal_packing,0.6353883327016112,4.0,8.0,3.0,550.0,0,19,0.0,-1650.118449976771,1650.118449976771,270.0,1,1.0,0.0273584860291549,1.0000100318038938,True
fixed_hole_count_layout,hexagonal_packing,0.6353883327016112,4.0,8.0,3.0,550.0,0,20,-1429.0444969332852,-825.0592249883855,1650.118449976771,210.0,1,1.0,0.027346676533186377,0.9995783699631587,True
fixed_hole_count_layout,hexagonal_packing,0.6353883327016112,4.0,8.0,3.0,550.0,0,21,1429.0444969332852,-825.0592249883855,1650.118449976771,330.0,1,1.0,0.02734667680688077,0.9995783799672627,True
fixed_hole_count_layout,hexagonal_packing,0.6353883327016112,4.0,8.0,3.0,550.0,0,22,-1429.0444969332852,825.0592249883855,1650.118449976771,150.0,1,1.0,0.027346676533186377,0.9995783699631587,True
fixed_hole_count_layout,hexagonal_packing,0.6353883327016112,4.0,8.0,3.0,550.0,0,23,1429.0444969332852,825.0592249883855,1650.118449976771,29.999999999999996,1,1.0,0.02734667680688077,0.9995783799672627,True
fixed_hole_count_layout,hexagonal_packing,0.6353883327016112,4.0,8.0,3.0,550.0,0,24,0.0,1650.118449976771,1650.118449976771,90.0,1,1.0,0.0273584860291549,1.0000100318038938,True
fixed_hole_count_layout,concentric_hexagonal_rings,0.6353883327016112,2.0,8.0,3.0,550.0,2,1,275.01974166279524,0.0,275.01974166279524,0.0,1,1.0,0.003754460947261583,0.9998947168238086,True
fixed_hole_count_layout,concentric_hexagonal_rings,0.6353883327016112,2.0,8.0,3.0,550.0,2,2,137.50987083139762,238.17408282221425,275.01974166279524,59.99999999999999,1,1.0,0.0037540300214244644,0.999779951888461,True
fixed_hole_count_layout,concentric_hexagonal_rings,0.6353883327016112,2.0,8.0,3.0,550.0,2,3,-137.50987083139756,238.17408282221427,275.01974166279524,119.99999999999999,1,1.0,0.0037540298761756475,0.9997799132055377,True
fixed_hole_count_layout,concentric_hexagonal_rings,0.6353883327016112,2.0,8.0,3.0,550.0,2,4,-275.01974166279524,3.3680204632967415e-14,275.01974166279524,180.0,1,1.0,0.0037544611795234974,0.9998947786802148,True
fixed_hole_count_layout,concentric_hexagonal_rings,0.6353883327016112,2.0,8.0,3.0,550.0,2,5,-137.50987083139773,-238.1740828222142,275.01974166279524,239.99999999999994,1,1.0,0.003754029927377903,0.9997799268418135,True
fixed_hole_count_layout,concentric_hexagonal_rings,0.6353883327016112,2.0,8.0,3.0,550.0,2,6,137.50987083139762,-238.17408282221425,275.01974166279524,300.0,1,1.0,0.003754030002798412,0.9997799469279376,True
fixed_hole_count_layout,concentric_hexagonal_rings,0.6353883327016112,2.0,8.0,3.0,550.0,2,7,-531.2973424228829,142.3606938430133,550.0394833255903,165.0,1,1.0,0.003754396312598792,0.9998775032054608,True
fixed_hole_count_layout,concentric_hexagonal_rings,0.6353883327016112,2.0,8.0,3.0,550.0,2,8,142.36069384301294,-531.297342422883,550.0394833255903,285.0,1,1.0,0.003754396312598792,0.9998775032054608,True
fixed_hole_count_layout,concentric_hexagonal_rings,0.6353883327016112,2.0,8.0,3.0,550.0,2,9,531.297342422883,142.36069384301317,550.0394833255904,14.999999999999998,1,1.0,0.0037543964748560105,0.9998775464180917,True
fixed_hole_count_layout,concentric_hexagonal_rings,0.6353883327016112,2.0,8.0,3.0,550.0,2,10,388.9366485798699,388.9366485798699,550.0394833255904,45.0,1,1.0,0.003754157649375824,0.9998139419914548,True
fixed_hole_count_layout,concentric_hexagonal_rings,0.6353883327016112,2.0,8.0,3.0,550.0,2,11,142.36069384301317,531.297342422883,550.0394833255904,75.0,1,1.0,0.0037543964748560105,0.9998775464180917,True
fixed_hole_count_layout,concentric_hexagonal_rings,0.6353883327016112,2.0,8.0,3.0,550.0,2,12,-142.36069384301325,531.297342422883,550.0394833255904,105.00000000000001,1,1.0,0.00375439626519506,0.9998774905808145,True
fixed_hole_count_layout,concentric_hexagonal_rings,0.6353883327016112,2.0,8.0,3.0,550.0,2,13,-388.9366485798698,388.9366485798699,550.0394833255904,135.0,1,1.0,0.0037541576975527392,0.9998139548220165,True
fixed_hole_count_layout,concentric_hexagonal_rings,0.6353883327016112,2.0,8.0,3.0,550.0,2,14,-531.297342422883,-142.3606938430132,550.0394833255904,194.99999999999997,1,1.0,0.003754396292248942,0.9998774977858526,True
fixed_hole_count_layout,concentric_hexagonal_rings,0.6353883327016112,2.0,8.0,3.0,550.0,2,15,-388.93664857986994,-388.9366485798698,550.0394833255904,224.99999999999997,1,1.0,0.003754157816784261,0.9998139865759674,True
fixed_hole_count_layout,concentric_hexagonal_rings,0.6353883327016112,2.0,8.0,3.0,550.0,2,16,-142.3606938430131,-531.297342422883,550.0394833255904,255.0,1,1.0,0.003754396292248942,0.9998774977858526,True
fixed_hole_count_layout,concentric_hexagonal_rings,0.6353883327016112,2.0,8.0,3.0,550.0,2,17,388.93664857986977,-388.93664857986994,550.0394833255904,315.0,1,1.0,0.0037541576975527392,0.9998139548220165,True
fixed_hole_count_layout,concentric_hexagonal_rings,0.6353883327016112,2.0,8.0,3.0,550.0,2,18,531.297342422883,-142.36069384301314,550.0394833255904,345.0,1,1.0,0.003754396292248942,0.9998774977858526,True
fixed_hole_count_layout,concentric_hexagonal_rings,0.6353883327016112,4.0,8.0,3.0,550.0,2,1,550.0394833255905,0.0,550.0394833255905,0.0,1,1.0,0.012959961255225702,0.9998531680185424,True
fixed_hole_count_layout,concentric_hexagonal_rings,0.6353883327016112,4.0,8.0,3.0,550.0,2,2,275.01974166279524,476.3481656444285,550.0394833255905,59.99999999999999,1,1.0,0.012957501445423321,0.9996633951808619,True
fixed_hole_count_layout,concentric_hexagonal_rings,0.6353883327016112,4.0,8.0,3.0,550.0,2,3,-275.0197416627951,476.34816564442855,550.0394833255905,119.99999999999999,1,1.0,0.012957502021729716,0.9996634396425516,True
fixed_hole_count_layout,concentric_hexagonal_rings,0.6353883327016112,4.0,8.0,3.0,550.0,2,4,-550.0394833255905,6.736040926593483e-14,550.0394833255905,180.0,1,1.0,0.012959961458571806,0.9998531837065713,True
fixed_hole_count_layout,concentric_hexagonal_rings,0.6353883327016112,4.0,8.0,3.0,550.0,2,5,-275.01974166279547,-476.3481656444284,550.0394833255905,239.99999999999994,1,1.0,0.012957501426249768,0.9996633937016338,True
fixed_hole_count_layout,concentric_hexagonal_rings,0.6353883327016112,4.0,8.0,3.0,550.0,2,6,275.01974166279524,-476.3481656444285,550.0394833255905,300.0,1,1.0,0.012957502037556943,0.9996634408636125,True
fixed_hole_count_layout,concentric_hexagonal_rings,0.6353883327016112,4.0,8.0,3.0,550.0,2,7,-1062.5946848457659,284.7213876860266,1100.0789666511805,165.0,1,1.0,0.012957804891903336,0.999686805893162,True
fixed_hole_count_layout,concentric_hexagonal_rings,0.6353883327016112,4.0,8.0,3.0,550.0,2,8,284.7213876860259,-1062.594684845766,1100.0789666511805,285.0,1,1.0,0.01295780454191333,0.9996867788916448,True
fixed_hole_count_layout,concentric_hexagonal_rings,0.6353883327016112,4.0,8.0,3.0,550.0,2,9,1062.594684845766,284.72138768602633,1100.0789666511807,14.999999999999998,1,1.0,0.012957804891903336,0.999686805893162,True
fixed_hole_count_layout,concentric_hexagonal_rings,0.6353883327016112,4.0,8.0,3.0,550.0,2,10,777.8732971597398,777.8732971597398,1100.0789666511807,45.0,1,1.0,0.012957445265507543,0.9996590609343573,True
fixed_hole_count_layout,concentric_hexagonal_rings,0.6353883327016112,4.0,8.0,3.0,550.0,2,11,284.72138768602633,1062.594684845766,1100.0789666511807,75.0,1,1.0,0.012957804720626517,0.9996867926792591,True
fixed_hole_count_layout,concentric_hexagonal_rings,0.6353883327016112,4.0,8.0,3.0,550.0,2,12,-284.7213876860265,1062.594684845766,1100.0789666511807,105.00000000000001,1,1.0,0.0129578044359395,0.999686770715828,True
fixed_hole_count_layout,concentric_hexagonal_rings,0.6353883327016112,4.0,8.0,3.0,550.0,2,13,-777.8732971597396,777.8732971597398,1100.0789666511807,135.0,1,1.0,0.012957445538373752,0.9996590819858202,True
fixed_hole_count_layout,concentric_hexagonal_rings,0.6353883327016112,4.0,8.0,3.0,550.0,2,14,-1062.594684845766,-284.7213876860264,1100.0789666511807,194.99999999999997,1,1.0,0.012957804769996624,0.999686796488133,True
fixed_hole_count_layout,concentric_hexagonal_rings,0.6353883327016112,4.0,8.0,3.0,550.0,2,15,-777.8732971597399,-777.8732971597396,1100.0789666511807,224.99999999999997,1,1.0,0.012957445907710863,0.9996591104799548,True
fixed_hole_count_layout,concentric_hexagonal_rings,0.6353883327016112,4.0,8.0,3.0,550.0,2,16,-284.7213876860262,-1062.594684845766,1100.0789666511807,255.0,1,1.0,0.012957805088980359,0.999686821097535,True
fixed_hole_count_layout,concentric_hexagonal_rings,0.6353883327016112,4.0,8.0,3.0,550.0,2,17,777.8732971597395,-777.8732971597399,1100.0789666511807,315.0,1,1.0,0.012957445907710863,0.9996591104799548,True
fixed_hole_count_layout,concentric_hexagonal_rings,0.6353883327016112,4.0,8.0,3.0,550.0,2,18,1062.594684845766,-284.7213876860263,1100.0789666511807,345.0,1,1.0,0.01295780494870076,0.9996868102750489,True
fixed_hole_count_layout,concentric_circular_rings,0.6353883327016112,2.0,8.0,3.0,550.0,4,1,275.01974166279524,0.0,275.01974166279524,0.0,1,1.0,0.012959441982528276,0.9998131064441779,True
fixed_hole_count_layout,concentric_circular_rings,0.6353883327016112,2.0,8.0,3.0,550.0,4,2,137.50987083139762,238.17408282221425,275.01974166279524,59.99999999999999,1,1.0,0.012958470569650675,0.9997381625285291,True
fixed_hole_count_layout,concentric_circular_rings,0.6353883327016112,2.0,8.0,3.0,550.0,4,3,-137.50987083139756,238.17408282221427,275.01974166279524,119.99999999999999,1,1.0,0.012958470481479675,0.9997381557261898,True
fixed_hole_count_layout,concentric_circular_rings,0.6353883327016112,2.0,8.0,3.0,550.0,4,4,-275.01974166279524,3.3680204632967415e-14,275.01974166279524,180.0,1,1.0,0.012959442621838164,0.9998131557665489,True
fixed_hole_count_layout,concentric_circular_rings,0.6353883327016112,2.0,8.0,3.0,550.0,4,5,-137.50987083139773,-238.1740828222142,275.01974166279524,239.99999999999994,1,1.0,0.012958470059406388,0.9997381231634911,True
fixed_hole_count_layout,concentric_circular_rings,0.6353883327016112,2.0,8.0,3.0,550.0,4,6,137.50987083139762,-238.17408282221425,275.01974166279524,300.0,1,1.0,0.012958470295703803,0.9997381413936938,True
fixed_hole_count_layout,concentric_circular_rings,0.6353883327016112,2.0,8.0,3.0,550.0,4,7,545.3338192958621,71.79455932917385,550.0394833255903,7.499999999999999,1,1.0,0.012958888360788911,0.9997703948620145,True
fixed_hole_count_layout,concentric_circular_rings,0.6353883327016112,2.0,8.0,3.0,550.0,4,8,-71.79455932917388,545.3338192958621,550.0394833255903,97.5,1,1.0,0.012958888580389426,0.9997704118040612,True
fixed_hole_count_layout,concentric_circular_rings,0.6353883327016112,2.0,8.0,3.0,550.0,4,9,-210.49099741535733,-508.1702207175961,550.0394833255903,247.5,1,1.0,0.012959046112037964,0.9997825652754144,True
fixed_hole_count_layout,concentric_circular_rings,0.6353883327016112,2.0,8.0,3.0,550.0,4,10,508.1702207175961,-210.49099741535736,550.0394833255903,337.5,1,1.0,0.012959046338542151,0.9997825827500755,True
fixed_hole_count_layout,concentric_circular_rings,0.6353883327016112,2.0,8.0,3.0,550.0,4,11,436.37566138842226,334.84282188050474,550.0394833255904,37.5,1,1.0,0.012958833544383706,0.9997661658095255,True
fixed_hole_count_layout,concentric_circular_rings,0.6353883327016112,2.0,8.0,3.0,550.0,4,12,210.49099741535753,508.1702207175961,550.0394833255904,67.5,1,1.0,0.012959046399037994,0.9997825874172931,True
fixed_hole_count_layout,concentric_circular_rings,0.6353883327016112,2.0,8.0,3.0,550.0,4,13,-334.84282188050474,436.37566138842226,550.0394833255904,127.50000000000001,1,1.0,0.012958833853798944,0.9997661896807238,True
fixed_hole_count_layout,concentric_circular_rings,0.6353883327016112,2.0,8.0,3.0,550.0,4,14,-508.1702207175961,210.49099741535753,550.0394833255904,157.5,1,1.0,0.012959047117905943,0.9997826428775204,True
fixed_hole_count_layout,concentric_circular_rings,0.6353883327016112,2.0,8.0,3.0,550.0,4,15,-545.3338192958622,-71.79455932917372,550.0394833255904,187.49999999999997,1,1.0,0.01295888864996045,0.9997704171714237,True
fixed_hole_count_layout,concentric_circular_rings,0.6353883327016112,2.0,8.0,3.0,550.0,4,16,-436.37566138842226,-334.84282188050474,550.0394833255904,217.49999999999997,1,1.0,0.01295883331294249,0.9997661479539758,True
fixed_hole_count_layout,concentric_circular_rings,0.6353883327016112,2.0,8.0,3.0,550.0,4,17,71.79455932917368,-545.3338192958622,550.0394833255904,277.5,1,1.0,0.012958888609088157,0.9997704140181509,True
fixed_hole_count_layout,concentric_circular_rings,0.6353883327016112,2.0,8.0,3.0,550.0,4,18,334.8428218805047,-436.37566138842226,550.0394833255904,307.5,1,1.0,0.012958833796641376,0.999766185271052,True
fixed_hole_count_layout,concentric_circular_rings,0.6353883327016112,2.0,8.0,3.0,550.0,4,19,282.18687438269285,775.3020654329263,825.0592249883854,70.0,1,1.0,0.012958930026187017,0.9997736093222641,True
fixed_hole_count_layout,concentric_circular_rings,0.6353883327016112,2.0,8.0,3.0,550.0,4,20,-282.1868743826926,-775.3020654329264,825.0592249883854,250.0,1,1.0,0.012958929871750558,0.9997735974075849,True
fixed_hole_count_layout,concentric_circular_rings,0.6353883327016112,2.0,8.0,3.0,550.0,4,21,812.5247214628057,143.27003088652302,825.0592249883855,10.0,1,1.0,0.012959039903894224,0.9997820863208818,True
fixed_hole_count_layout,concentric_circular_rings,0.6353883327016112,2.0,8.0,3.0,550.0,4,22,714.5222484666426,412.5296124941927,825.0592249883855,29.999999999999996,1,1.0,0.012957211381763357,0.9996410169450299,True
fixed_hole_count_layout,concentric_circular_rings,0.6353883327016112,2.0,8.0,3.0,550.0,4,23,5.05203069494511e-14,825.0592249883855,825.0592249883855,90.0,1,1.0,0.012959624723604016,0.9998272048075841,True
fixed_hole_count_layout,concentric_circular_rings,0.6353883327016112,2.0,8.0,3.0,550.0,4,24,-282.1868743826928,775.3020654329264,825.0592249883855,110.0,1,1.0,0.012958929781382739,0.9997735904357623,True
fixed_hole_count_layout,concentric_circular_rings,0.6353883327016112,2.0,8.0,3.0,550.0,4,25,-714.5222484666426,412.5296124941927,825.0592249883855,150.0,1,1.0,0.012957211050113108,0.9996409913584139,True
fixed_hole_count_layout,concentric_circular_rings,0.6353883327016112,2.0,8.0,3.0,550.0,4,26,-812.5247214628057,143.27003088652296,825.0592249883855,170.0,1,1.0,0.012959039773704549,0.9997820762768271,True
fixed_hole_count_layout,concentric_circular_rings,0.6353883327016112,2.0,8.0,3.0,550.0,4,27,-812.5247214628057,-143.2700308865231,825.0592249883855,190.0,1,1.0,0.012959039860148068,0.9997820829458923,True
fixed_hole_count_layout,concentric_circular_rings,0.6353883327016112,2.0,8.0,3.0,550.0,4,28,-530.3378470801131,-632.0320345464033,825.0592249883855,230.0,1,1.0,0.01295957773456436,0.9998235796316104,True
fixed_hole_count_layout,concentric_circular_rings,0.6353883327016112,2.0,8.0,3.0,550.0,4,29,-1.5156092084835333e-13,-825.0592249883855,825.0592249883855,270.0,1,1.0,0.012959624021995764,0.999827150678932,True
fixed_hole_count_layout,concentric_circular_rings,0.6353883327016112,2.0,8.0,3.0,550.0,4,30,282.186874382693,-775.3020654329263,825.0592249883855,290.0,1,1.0,0.012958930274911833,0.9997736285112332,True
fixed_hole_count_layout,concentric_circular_rings,0.6353883327016112,2.0,8.0,3.0,550.0,4,31,530.3378470801129,-632.0320345464035,825.0592249883855,310.0,1,1.0,0.01295957748525463,0.9998235603975155,True
fixed_hole_count_layout,concentric_circular_rings,0.6353883327016112,2.0,8.0,3.0,550.0,4,32,714.5222484666424,-412.52961249419315,825.0592249883855,330.0,1,1.0,0.012957211107062126,0.9996409957519963,True
fixed_hole_count_layout,concentric_circular_rings,0.6353883327016112,2.0,8.0,3.0,550.0,4,33,812.5247214628057,-143.27003088652305,825.0592249883855,350.0,1,1.0,0.012959039973582517,0.9997820916972915,True
fixed_hole_count_layout,concentric_circular_rings,0.6353883327016112,2.0,8.0,3.0,550.0,4,34,530.3378470801131,632.0320345464035,825.0592249883856,50.0,1,1.0,0.012959577453204469,0.999823557924865,True
fixed_hole_count_layout,concentric_circular_rings,0.6353883327016112,2.0,8.0,3.0,550.0,4,35,-530.3378470801131,632.0320345464035,825.0592249883856,130.0,1,1.0,0.01295957770777813,0.9998235775650689,True
fixed_hole_count_layout,concentric_circular_rings,0.6353883327016112,2.0,8.0,3.0,550.0,4,36,-714.5222484666426,-412.52961249419286,825.0592249883856,210.0,1,1.0,0.01295721127217245,0.9996410084901577,True
fixed_hole_count_layout,concentric_circular_rings,0.6353883327016112,2.0,8.0,3.0,550.0,4,37,-486.5524852976229,986.6308387228912,1100.0789666511805,116.25,1,1.0,0.012957630532054835,0.9996733541363654,True
fixed_hole_count_layout,concentric_circular_rings,0.6353883327016112,2.0,8.0,3.0,550.0,4,38,-986.6308387228912,-486.5524852976229,1100.0789666511805,206.25,1,1.0,0.012957630703541006,0.9996733673664198,True
fixed_hole_count_layout,concentric_circular_rings,0.6353883327016112,2.0,8.0,3.0,550.0,4,39,-71.94860681924905,-1097.7236131399827,1100.0789666511805,266.25,1,1.0,0.012959772704847506,0.9998386214709674,True
fixed_hole_count_layout,concentric_circular_rings,0.6353883327016112,2.0,8.0,3.0,550.0,4,40,486.5524852976228,-986.6308387228912,1100.0789666511805,296.25,1,1.0,0.01295763049065996,0.9996733509427759,True
fixed_hole_count_layout,concentric_circular_rings,0.6353883327016112,2.0,8.0,3.0,550.0,4,41,725.3324629410645,-827.0831584986958,1100.0789666511805,311.25,1,1.0,0.012957833179227959,0.9996889882431383,True
fixed_hole_count_layout,concentric_circular_rings,0.6353883327016112,2.0,8.0,3.0,550.0,4,42,1097.7236131399827,-71.94860681924912,1100.0789666511805,356.25,1,1.0,0.012959772420554053,0.9998385995378994,True
fixed_hole_count_layout,concentric_circular_rings,0.6353883327016112,2.0,8.0,3.0,550.0,4,43,1078.9412577726744,214.61475984714846,1100.0789666511807,11.249999999999998,1,1.0,0.012958508668007025,0.999741101793666,True
fixed_hole_count_layout,concentric_circular_rings,0.6353883327016112,2.0,8.0,3.0,550.0,4,44,986.6308387228912,486.5524852976231,1100.0789666511807,26.250000000000004,1,1.0,0.012957630531717574,0.9996733541103459,True
fixed_hole_count_layout,concentric_circular_rings,0.6353883327016112,2.0,8.0,3.0,550.0,4,45,827.0831584986961,725.3324629410641,1100.0789666511807,41.25,1,1.0,0.012957833429516303,0.9996890075527326,True
fixed_hole_count_layout,concentric_circular_rings,0.6353883327016112,2.0,8.0,3.0,550.0,4,46,611.1711278423597,914.6822319036418,1100.0789666511807,56.25,1,1.0,0.012957347055732713,0.9996514841096615,True
fixed_hole_count_layout,concentric_circular_rings,0.6353883327016112,2.0,8.0,3.0,550.0,4,47,353.60879483161017,1041.6979183458445,1100.0789666511807,71.25,1,1.0,0.012957464085925298,0.9996605129181978,True
fixed_hole_count_layout,concentric_circular_rings,0.6353883327016112,2.0,8.0,3.0,550.0,4,48,71.94860681924939,1097.7236131399827,1100.0789666511807,86.25,1,1.0,0.012959772578473078,0.9998386117212567,True
fixed_hole_count_layout,concentric_circular_rings,0.6353883327016112,2.0,8.0,3.0,550.0,4,49,-214.61475984714838,1078.9412577726744,1100.0789666511807,101.25,1,1.0,0.012958508258849527,0.9997410702274127,True
fixed_hole_count_layout,concentric_circular_rings,0.6353883327016112,2.0,8.0,3.0,550.0,4,50,-725.3324629410641,827.0831584986961,1100.0789666511807,131.25,1,1.0,0.012957833170320194,0.9996889875559097,True
fixed_hole_count_layout,concentric_circular_rings,0.6353883327016112,2.0,8.0,3.0,550.0,4,51,-914.682231903642,611.1711278423596,1100.0789666511807,146.25,1,1.0,0.012957347436373987,0.9996515134759055,True
fixed_hole_count_layout,concentric_circular_rings,0.6353883327016112,2.0,8.0,3.0,550.0,4,52,-1041.6979183458445,353.6087948316102,1100.0789666511807,161.25,1,1.0,0.012957464366282942,0.9996605345476204,True
fixed_hole_count_layout,concentric_circular_rings,0.6353883327016112,2.0,8.0,3.0,550.0,4,53,-1097.7236131399827,71.94860681924946,1100.0789666511807,176.25,1,1.0,0.012959772769147783,0.9998386264316947,True
fixed_hole_count_layout,concentric_circular_rings,0.6353883327016112,2.0,8.0,3.0,550.0,4,54,-1078.9412577726744,-214.61475984714858,1100.0789666511807,191.25,1,1.0,0.01295850887674918,0.999741117897997,True
fixed_hole_count_layout,concentric_circular_rings,0.6353883327016112,2.0,8.0,3.0,550.0,4,55,-827.0831584986961,-725.3324629410641,1100.0789666511807,221.24999999999997,1,1.0,0.012957832604790468,0.9996889439256336,True
fixed_hole_count_layout,concentric_circular_rings,0.6353883327016112,2.0,8.0,3.0,550.0,4,56,-611.1711278423596,-914.6822319036418,1100.0789666511807,236.25,1,1.0,0.01295734755088958,0.9996515223107142,True
fixed_hole_count_layout,concentric_circular_rings,0.6353883327016112,2.0,8.0,3.0,550.0,4,57,-353.6087948316103,-1041.6979183458445,1100.0789666511807,251.25,1,1.0,0.012957463972277093,0.9996605041503075,True
fixed_hole_count_layout,concentric_circular_rings,0.6353883327016112,2.0,8.0,3.0,550.0,4,58,214.6147598471485,-1078.9412577726744,1100.0789666511807,281.25,1,1.0,0.01295850846189419,0.9997410858921855,True
fixed_hole_count_layout,concentric_circular_rings,0.6353883327016112,2.0,8.0,3.0,550.0,4,59,914.6822319036418,-611.1711278423596,1100.0789666511807,326.25,1,1.0,0.012957347560276554,0.9996515230349136,True
fixed_hole_count_layout,concentric_circular_rings,0.6353883327016112,2.0,8.0,3.0,550.0,4,60,1041.6979183458445,-353.60879483161034,1100.0789666511807,341.25,1,1.0,0.01295746410487575,0.9996605143802137,True
fixed_hole_count_layout,concentric_circular_rings,0.6353883327016112,4.0,8.0,3.0,550.0,4,1,550.0394833255905,0.0,550.0394833255905,0.0,1,1.0,0.027358871404973478,1.0000241180981493,True
fixed_hole_count_layout,concentric_circular_rings,0.6353883327016112,4.0,8.0,3.0,550.0,4,2,275.01974166279524,476.3481656444285,550.0394833255905,59.99999999999999,1,1.0,0.027349862472089446,0.9996948227105947,True
fixed_hole_count_layout,concentric_circular_rings,0.6353883327016112,4.0,8.0,3.0,550.0,4,3,-275.0197416627951,476.34816564442855,550.0394833255905,119.99999999999999,1,1.0,0.027349863138782095,0.999694847079609,True
fixed_hole_count_layout,concentric_circular_rings,0.6353883327016112,4.0,8.0,3.0,550.0,4,4,-550.0394833255905,6.736040926593483e-14,550.0394833255905,180.0,1,1.0,0.02735887209894863,1.0000241434643964,True
fixed_hole_count_layout,concentric_circular_rings,0.6353883327016112,4.0,8.0,3.0,550.0,4,5,-275.01974166279547,-476.3481656444284,550.0394833255905,239.99999999999994,1,1.0,0.027349863091172478,0.9996948453393777,True
fixed_hole_count_layout,concentric_circular_rings,0.6353883327016112,4.0,8.0,3.0,550.0,4,6,275.01974166279524,-476.3481656444285,550.0394833255905,300.0,1,1.0,0.027349862472089446,0.9996948227105947,True
fixed_hole_count_layout,concentric_circular_rings,0.6353883327016112,4.0,8.0,3.0,550.0,4,7,1090.6676385917242,143.5891186583477,1100.0789666511805,7.499999999999999,1,1.0,0.0273497279450919,0.9996899054667475,True
fixed_hole_count_layout,concentric_circular_rings,0.6353883327016112,4.0,8.0,3.0,550.0,4,8,-143.58911865834776,1090.6676385917242,1100.0789666511805,97.5,1,1.0,0.02734972762079705,0.9996898936130908,True
fixed_hole_count_layout,concentric_circular_rings,0.6353883327016112,4.0,8.0,3.0,550.0,4,9,-420.98199483071465,-1016.3404414351922,1100.0789666511805,247.5,1,1.0,0.02735198504382736,0.9997724071583919,True
fixed_hole_count_layout,concentric_circular_rings,0.6353883327016112,4.0,8.0,3.0,550.0,4,10,1016.3404414351922,-420.9819948307147,1100.0789666511805,337.5,1,1.0,0.02735198504382736,0.9997724071583919,True
fixed_hole_count_layout,concentric_circular_rings,0.6353883327016112,4.0,8.0,3.0,550.0,4,11,872.7513227768445,669.6856437610095,1100.0789666511807,37.5,1,1.0,0.027346736989380324,0.9995805797638169,True
fixed_hole_count_layout,concentric_circular_rings,0.6353883327016112,4.0,8.0,3.0,550.0,4,12,420.98199483071505,1016.3404414351922,1100.0789666511807,67.5,1,1.0,0.02735198550445648,0.999772423995352,True
fixed_hole_count_layout,concentric_circular_rings,0.6353883327016112,4.0,8.0,3.0,550.0,4,13,-669.6856437610095,872.7513227768445,1100.0789666511807,127.50000000000001,1,1.0,0.027346737426225155,0.9995805957314114,True
fixed_hole_count_layout,concentric_circular_rings,0.6353883327016112,4.0,8.0,3.0,550.0,4,14,-1016.3404414351922,420.98199483071505,1100.0789666511807,157.5,1,1.0,0.02735198504382736,0.9997724071583919,True
fixed_hole_count_layout,concentric_circular_rings,0.6353883327016112,4.0,8.0,3.0,550.0,4,15,-1090.6676385917244,-143.58911865834745,1100.0789666511807,187.49999999999997,1,1.0,0.02734972789154544,0.9996899035095121,True
fixed_hole_count_layout,concentric_circular_rings,0.6353883327016112,4.0,8.0,3.0,550.0,4,16,-872.7513227768445,-669.6856437610095,1100.0789666511807,217.49999999999997,1,1.0,0.027346736787652218,0.9995805723902316,True
fixed_hole_count_layout,concentric_circular_rings,0.6353883327016112,4.0,8.0,3.0,550.0,4,17,143.58911865834736,-1090.6676385917244,1100.0789666511807,277.5,1,1.0,0.027349728059140207,0.9996899096354522,True
fixed_hole_count_layout,concentric_circular_rings,0.6353883327016112,4.0,8.0,3.0,550.0,4,18,669.6856437610094,-872.7513227768445,1100.0789666511807,307.5,1,1.0,0.027346736989380324,0.9995805797638169,True
fixed_hole_count_layout,concentric_circular_rings,0.6353883327016112,4.0,8.0,3.0,550.0,4,19,564.3737487653857,1550.6041308658525,1650.1184499767708,70.0,1,1.0,0.02735377102811166,0.9998376886289762,True
fixed_hole_count_layout,concentric_circular_rings,0.6353883327016112,4.0,8.0,3.0,550.0,4,20,-564.3737487653852,-1550.6041308658528,1650.1184499767708,250.0,1,1.0,0.027353770414350328,0.9998376661947125,True
fixed_hole_count_layout,concentric_circular_rings,0.6353883327016112,4.0,8.0,3.0,550.0,4,21,1625.0494429256114,286.54006177304603,1650.118449976771,10.0,1,1.0,0.027344524770329486,0.9994997185187527,True
fixed_hole_count_layout,concentric_circular_rings,0.6353883327016112,4.0,8.0,3.0,550.0,4,22,1429.0444969332852,825.0592249883854,1650.118449976771,29.999999999999996,1,1.0,0.02734667680688077,0.9995783799672627,True
fixed_hole_count_layout,concentric_circular_rings,0.6353883327016112,4.0,8.0,3.0,550.0,4,23,1.010406138989022e-13,1650.118449976771,1650.118449976771,90.0,1,1.0,0.0273584860291549,1.0000100318038938,True
fixed_hole_count_layout,concentric_circular_rings,0.6353883327016112,4.0,8.0,3.0,550.0,4,24,-564.3737487653856,1550.6041308658528,1650.118449976771,110.0,1,1.0,0.027353769953837256,0.999837649361994,True
fixed_hole_count_layout,concentric_circular_rings,0.6353883327016112,4.0,8.0,3.0,550.0,4,25,-1429.0444969332852,825.0592249883854,1650.118449976771,150.0,1,1.0,0.027346676533186377,0.9995783699631587,True
fixed_hole_count_layout,concentric_circular_rings,0.6353883327016112,4.0,8.0,3.0,550.0,4,26,-1625.0494429256114,286.5400617730459,1650.118449976771,170.0,1,1.0,0.02734452415626655,0.9994996960734648,True
fixed_hole_count_layout,concentric_circular_rings,0.6353883327016112,4.0,8.0,3.0,550.0,4,27,-1625.0494429256114,-286.5400617730462,1650.118449976771,190.0,1,1.0,0.027344524564516883,0.9994997109958705,True
fixed_hole_count_layout,concentric_circular_rings,0.6353883327016112,4.0,8.0,3.0,550.0,4,28,-1060.6756941602262,-1264.0640690928067,1650.118449976771,230.0,1,1.0,0.027349144733258387,0.9996685878513079,True
fixed_hole_count_layout,concentric_circular_rings,0.6353883327016112,4.0,8.0,3.0,550.0,4,29,-3.0312184169670667e-13,-1650.118449976771,1650.118449976771,270.0,1,1.0,0.0273584860291549,1.0000100318038938,True
fixed_hole_count_layout,concentric_circular_rings,0.6353883327016112,4.0,8.0,3.0,550.0,4,30,564.373748765386,-1550.6041308658525,1650.118449976771,290.0,1,1.0,0.027353770345206942,0.9998376636673767,True
fixed_hole_count_layout,concentric_circular_rings,0.6353883327016112,4.0,8.0,3.0,550.0,4,31,1429.0444969332848,-825.0592249883863,1650.118449976771,330.0,1,1.0,0.02734667680688077,0.9995783799672627,True
fixed_hole_count_layout,concentric_circular_rings,0.6353883327016112,4.0,8.0,3.0,550.0,4,32,1625.0494429256114,-286.5400617730461,1650.118449976771,350.0,1,1.0,0.027344524770329486,0.9994997185187527,True
fixed_area_fraction_layout,square_packing,0.6353883327016112,2.0,8.0,3.0,550.0,0,1,0.0,-275.0197416627952,275.0197416627952,270.0,1,1.0,0.006892436274867773,1.0000150795290255,True
fixed_area_fraction_layout,square_packing,0.6353883327016112,2.0,8.0,3.0,550.0,0,2,-275.0197416627952,0.0,275.0197416627952,180.0,1,1.0,0.0068924361331936185,1.0000150589736971,True
fixed_area_fraction_layout,square_packing,0.6353883327016112,2.0,8.0,3.0,550.0,0,3,275.0197416627952,0.0,275.0197416627952,0.0,1,1.0,0.0068924358946285,1.0000150243605783,True
fixed_area_fraction_layout,square_packing,0.6353883327016112,2.0,8.0,3.0,550.0,0,4,0.0,275.0197416627952,275.0197416627952,90.0,1,1.0,0.006892436084799528,1.0000150519522581,True
fixed_area_fraction_layout,square_packing,0.6353883327016112,2.0,8.0,3.0,550.0,0,5,-275.0197416627952,-275.0197416627952,388.9366485798699,225.0,1,1.0,0.006891992605325955,0.9999507080623259,True
fixed_area_fraction_layout,square_packing,0.6353883327016112,2.0,8.0,3.0,550.0,0,6,275.0197416627952,-275.0197416627952,388.9366485798699,315.0,1,1.0,0.0068919925192967805,0.9999506955804591,True
fixed_area_fraction_layout,square_packing,0.6353883327016112,2.0,8.0,3.0,550.0,0,7,-275.0197416627952,275.0197416627952,388.9366485798699,135.0,1,1.0,0.006891992552128804,0.9999507003440169,True
fixed_area_fraction_layout,square_packing,0.6353883327016112,2.0,8.0,3.0,550.0,0,8,275.0197416627952,275.0197416627952,388.9366485798699,45.0,1,1.0,0.0068919925192967805,0.9999506955804591,True
fixed_area_fraction_layout,square_packing,0.6353883327016112,2.0,8.0,3.0,550.0,0,9,0.0,-550.0394833255904,550.0394833255904,270.0,1,1.0,0.006892573397187437,1.0000349744372894,True
fixed_area_fraction_layout,square_packing,0.6353883327016112,2.0,8.0,3.0,550.0,0,10,-550.0394833255904,0.0,550.0394833255904,180.0,1,1.0,0.006892573548577749,1.0000349964023232,True
fixed_area_fraction_layout,square_packing,0.6353883327016112,2.0,8.0,3.0,550.0,0,11,550.0394833255904,0.0,550.0394833255904,0.0,1,1.0,0.006892573460854233,1.0000349836746263,True
fixed_area_fraction_layout,square_packing,0.6353883327016112,2.0,8.0,3.0,550.0,0,12,0.0,550.0394833255904,550.0394833255904,90.0,1,1.0,0.0068925735543333986,1.0000349972374032,True
fixed_area_fraction_layout,square_packing,0.6353883327016112,2.0,8.0,3.0,550.0,0,13,-275.0197416627952,-550.0394833255904,614.9628375124411,243.43494882292202,1,1.0,0.006892020292312208,0.9999547251330184,True
fixed_area_fraction_layout,square_packing,0.6353883327016112,2.0,8.0,3.0,550.0,0,14,275.0197416627952,-550.0394833255904,614.9628375124411,296.565051177078,1,1.0,0.006892020286205449,0.9999547242469963,True
fixed_area_fraction_layout,square_packing,0.6353883327016112,2.0,8.0,3.0,550.0,0,15,-550.0394833255904,-275.0197416627952,614.9628375124411,206.565051177078,1,1.0,0.0068920204548869705,0.9999547487207903,True
fixed_area_fraction_layout,square_packing,0.6353883327016112,2.0,8.0,3.0,550.0,0,16,550.0394833255904,-275.0197416627952,614.9628375124411,333.434948822922,1,1.0,0.006892020107379585,0.9999546983013722,True
fixed_area_fraction_layout,square_packing,0.6353883327016112,2.0,8.0,3.0,550.0,0,17,-550.0394833255904,275.0197416627952,614.9628375124411,153.434948822922,1,1.0,0.0068920203487690766,0.9999547333242759,True
fixed_area_fraction_layout,square_packing,0.6353883327016112,2.0,8.0,3.0,550.0,0,18,550.0394833255904,275.0197416627952,614.9628375124411,26.56505117707799,1,1.0,0.006892020252150311,0.9999547193059783,True
fixed_area_fraction_layout,square_packing,0.6353883327016112,2.0,8.0,3.0,550.0,0,19,-275.0197416627952,550.0394833255904,614.9628375124411,116.56505117707799,1,1.0,0.006892020222246757,0.9999547149673086,True
fixed_area_fraction_layout,square_packing,0.6353883327016112,2.0,8.0,3.0,550.0,0,20,275.0197416627952,550.0394833255904,614.9628375124411,63.43494882292201,1,1.0,0.0068920201066431765,0.9999546981945276,True
fixed_area_fraction_layout,square_packing,0.6353883327016112,2.0,8.0,3.0,550.0,0,21,-550.0394833255904,-550.0394833255904,777.8732971597398,225.0,1,1.0,0.006892027354645507,0.9999557497982476,True
fixed_area_fraction_layout,square_packing,0.6353883327016112,2.0,8.0,3.0,550.0,0,22,550.0394833255904,-550.0394833255904,777.8732971597398,315.0,1,1.0,0.006892027130688883,0.9999557173046573,True
fixed_area_fraction_layout,square_packing,0.6353883327016112,2.0,8.0,3.0,550.0,0,23,-550.0394833255904,550.0394833255904,777.8732971597398,135.0,1,1.0,0.00689202731338643,0.9999557438120191,True
fixed_area_fraction_layout,square_packing,0.6353883327016112,2.0,8.0,3.0,550.0,0,24,550.0394833255904,550.0394833255904,777.8732971597398,45.0,1,1.0,0.006892027329100253,0.9999557460919184,True
fixed_area_fraction_layout,square_packing,1.2707766654032224,4.0,8.0,3.0,550.0,0,1,0.0,-550.0394833255904,550.0394833255904,270.0,1,1.0,0.025096909545944446,0.9998048976101702,True
fixed_area_fraction_layout,square_packing,1.2707766654032224,4.0,8.0,3.0,550.0,0,2,-550.0394833255904,0.0,550.0394833255904,180.0,1,1.0,0.025096909545944446,0.9998048976101702,True
fixed_area_fraction_layout,square_packing,1.2707766654032224,4.0,8.0,3.0,550.0,0,3,550.0394833255904,0.0,550.0394833255904,0.0,1,1.0,0.02509691033669019,0.9998049291117168,True
fixed_area_fraction_layout,square_packing,1.2707766654032224,4.0,8.0,3.0,550.0,0,4,0.0,550.0394833255904,550.0394833255904,90.0,1,1.0,0.02509691033669019,0.9998049291117168,True
fixed_area_fraction_layout,square_packing,1.2707766654032224,4.0,8.0,3.0,550.0,0,5,-550.0394833255904,-550.0394833255904,777.8732971597398,225.0,1,1.0,0.02509209544916681,0.9996131147324003,True
fixed_area_fraction_layout,square_packing,1.2707766654032224,4.0,8.0,3.0,550.0,0,6,550.0394833255904,-550.0394833255904,777.8732971597398,315.0,1,1.0,0.025092094308768787,0.9996130693014867,True
fixed_area_fraction_layout,square_packing,1.2707766654032224,4.0,8.0,3.0,550.0,0,7,-550.0394833255904,550.0394833255904,777.8732971597398,135.0,1,1.0,0.025092094308768787,0.9996130693014867,True
fixed_area_fraction_layout,square_packing,1.2707766654032224,4.0,8.0,3.0,550.0,0,8,550.0394833255904,550.0394833255904,777.8732971597398,45.0,1,1.0,0.025092094861861834,0.9996130913354802,True
fixed_area_fraction_layout,square_packing,1.2707766654032224,4.0,8.0,3.0,550.0,0,9,0.0,-1100.0789666511807,1100.0789666511807,270.0,1,1.0,0.025097629405143658,0.9998335751950196,True
fixed_area_fraction_layout,square_packing,1.2707766654032224,4.0,8.0,3.0,550.0,0,10,-1100.0789666511807,0.0,1100.0789666511807,180.0,1,1.0,0.025097629405143658,0.9998335751950196,True
fixed_area_fraction_layout,square_packing,1.2707766654032224,4.0,8.0,3.0,550.0,0,11,1100.0789666511807,0.0,1100.0789666511807,0.0,1,1.0,0.025097628610470202,0.9998335435370016,True
fixed_area_fraction_layout,square_packing,1.2707766654032224,4.0,8.0,3.0,550.0,0,12,0.0,1100.0789666511807,1100.0789666511807,90.0,1,1.0,0.025097628610470202,0.9998335435370016,True
fixed_area_fraction_layout,square_packing,1.2707766654032224,4.0,8.0,3.0,550.0,0,13,-550.0394833255904,-1100.0789666511807,1229.9256750248821,243.43494882292202,1,1.0,0.025093336457056165,0.999662553718642,True
fixed_area_fraction_layout,square_packing,1.2707766654032224,4.0,8.0,3.0,550.0,0,14,550.0394833255904,-1100.0789666511807,1229.9256750248821,296.565051177078,1,1.0,0.025093336855322782,0.9996625695846957,True
fixed_area_fraction_layout,square_packing,1.2707766654032224,4.0,8.0,3.0,550.0,0,15,-1100.0789666511807,-550.0394833255904,1229.9256750248821,206.565051177078,1,1.0,0.025093336457056165,0.999662553718642,True
fixed_area_fraction_layout,square_packing,1.2707766654032224,4.0,8.0,3.0,550.0,0,16,1100.0789666511807,-550.0394833255904,1229.9256750248821,333.434948822922,1,1.0,0.025093337307447883,0.9996625875963513,True
fixed_area_fraction_layout,square_packing,1.2707766654032224,4.0,8.0,3.0,550.0,0,17,-1100.0789666511807,550.0394833255904,1229.9256750248821,153.434948822922,1,1.0,0.025093337011880597,0.9996625758216099,True
fixed_area_fraction_layout,square_packing,1.2707766654032224,4.0,8.0,3.0,550.0,0,18,1100.0789666511807,550.0394833255904,1229.9256750248821,26.56505117707799,1,1.0,0.025093337862272316,0.9996626096993192,True
fixed_area_fraction_layout,square_packing,1.2707766654032224,4.0,8.0,3.0,550.0,0,19,-550.0394833255904,1100.0789666511807,1229.9256750248821,116.56505117707799,1,1.0,0.025093337307447883,0.9996625875963513,True
fixed_area_fraction_layout,square_packing,1.2707766654032224,4.0,8.0,3.0,550.0,0,20,550.0394833255904,1100.0789666511807,1229.9256750248821,63.43494882292201,1,1.0,0.025093337862272316,0.9996626096993192,True
fixed_area_fraction_layout,square_packing,1.2707766654032224,4.0,8.0,3.0,550.0,0,21,-1100.0789666511807,-1100.0789666511807,1555.7465943194795,225.0,1,1.0,0.02509554656108423,0.9997505993334793,True
fixed_area_fraction_layout,square_packing,1.2707766654032224,4.0,8.0,3.0,550.0,0,22,1100.0789666511807,-1100.0789666511807,1555.7465943194795,315.0,1,1.0,0.025095547412842933,0.9997506332656462,True
fixed_area_fraction_layout,square_packing,1.2707766654032224,4.0,8.0,3.0,550.0,0,23,-1100.0789666511807,1100.0789666511807,1555.7465943194795,135.0,1,1.0,0.025095547412842933,0.9997506332656462,True
fixed_area_fraction_layout,square_packing,1.2707766654032224,4.0,8.0,3.0,550.0,0,24,1100.0789666511807,1100.0789666511807,1555.7465943194795,45.0,1,1.0,0.025095546843811607,0.9997506105967073,True
fixed_area_fraction_layout,triangular_packing,0.5912954698289009,2.0,8.0,3.0,550.0,0,1,-137.5098708313976,-238.1740828222142,275.0197416627952,240.0,1,1.0,0.006109108175169107,0.9987333828789582,True
fixed_area_fraction_layout,triangular_packing,0.5912954698289009,2.0,8.0,3.0,550.0,0,2,137.5098708313976,-238.1740828222142,275.0197416627952,300.0,1,1.0,0.0061091083037180475,0.9987334038944836,True
fixed_area_fraction_layout,triangular_packing,0.5912954698289009,2.0,8.0,3.0,550.0,0,3,-275.0197416627952,0.0,275.0197416627952,180.0,1,1.0,0.006113890464841589,0.9995152044158429,True
fixed_area_fraction_layout,triangular_packing,0.5912954698289009,2.0,8.0,3.0,550.0,0,4,275.0197416627952,0.0,275.0197416627952,0.0,1,1.0,0.006113890383225133,0.9995151910729658,True
fixed_area_fraction_layout,triangular_packing,0.5912954698289009,2.0,8.0,3.0,550.0,0,5,-137.5098708313976,238.1740828222142,275.0197416627952,120.00000000000001,1,1.0,0.0061091082035215965,0.9987333875140992,True
fixed_area_fraction_layout,triangular_packing,0.5912954698289009,2.0,8.0,3.0,550.0,0,6,137.5098708313976,238.1740828222142,275.0197416627952,59.99999999999999,1,1.0,0.006109108020211609,0.9987333575460909,True
fixed_area_fraction_layout,triangular_packing,0.5912954698289009,2.0,8.0,3.0,550.0,0,7,0.0,-476.3481656444284,476.3481656444284,270.0,1,1.0,0.006112551548352457,0.99929631475859,True
fixed_area_fraction_layout,triangular_packing,0.5912954698289009,2.0,8.0,3.0,550.0,0,8,-412.52961249419275,-238.1740828222142,476.3481656444284,210.0,1,1.0,0.0061103688424182755,0.9989394801406771,True
fixed_area_fraction_layout,triangular_packing,0.5912954698289009,2.0,8.0,3.0,550.0,0,9,412.52961249419275,-238.1740828222142,476.3481656444284,330.0,1,1.0,0.006110368568666925,0.9989394353870724,True
fixed_area_fraction_layout,triangular_packing,0.5912954698289009,2.0,8.0,3.0,550.0,0,10,-412.52961249419275,238.1740828222142,476.3481656444284,150.0,1,1.0,0.006110368559196104,0.9989394338387573,True
fixed_area_fraction_layout,triangular_packing,0.5912954698289009,2.0,8.0,3.0,550.0,0,11,412.52961249419275,238.1740828222142,476.3481656444284,30.000000000000004,1,1.0,0.0061103686980082455,0.9989394565321382,True
fixed_area_fraction_layout,triangular_packing,0.5912954698289009,2.0,8.0,3.0,550.0,0,12,0.0,476.3481656444284,476.3481656444284,90.0,1,1.0,0.006112551851953494,0.9992963643921015,True
fixed_area_fraction_layout,triangular_packing,0.5912954698289009,2.0,8.0,3.0,550.0,0,13,-275.0197416627952,-476.3481656444284,550.0394833255904,240.0,1,1.0,0.0061106073056371776,0.9989784647470186,True
fixed_area_fraction_layout,triangular_packing,0.5912954698289009,2.0,8.0,3.0,550.0,0,14,275.0197416627952,-476.3481656444284,550.0394833255904,300.0,1,1.0,0.0061106071234323656,0.9989784349596874,True
fixed_area_fraction_layout,triangular_packing,0.5912954698289009,2.0,8.0,3.0,550.0,0,15,-550.0394833255904,0.0,550.0394833255904,180.0,1,1.0,0.006111557300871652,0.9991337725148696,True
fixed_area_fraction_layout,triangular_packing,0.5912954698289009,2.0,8.0,3.0,550.0,0,16,550.0394833255904,0.0,550.0394833255904,0.0,1,1.0,0.006111557506706607,0.9991338061653199,True
fixed_area_fraction_layout,triangular_packing,0.5912954698289009,2.0,8.0,3.0,550.0,0,17,-275.0197416627952,476.3481656444284,550.0394833255904,120.00000000000001,1,1.0,0.0061106071228527485,0.9989784348649301,True
fixed_area_fraction_layout,triangular_packing,0.5912954698289009,2.0,8.0,3.0,550.0,0,18,275.0197416627952,476.3481656444284,550.0394833255904,59.99999999999999,1,1.0,0.006110607481635343,0.9989784935196705,True
fixed_area_fraction_layout,triangular_packing,0.5912954698289009,2.0,8.0,3.0,550.0,0,19,-550.0394833255904,-476.3481656444284,727.6338420729853,220.8933946491309,1,1.0,0.006109262023836479,0.9987585344715655,True
fixed_area_fraction_layout,triangular_packing,0.5912954698289009,2.0,8.0,3.0,550.0,0,20,550.0394833255904,-476.3481656444284,727.6338420729853,319.1066053508691,1,1.0,0.006109261754293117,0.9987584904058942,True
fixed_area_fraction_layout,triangular_packing,0.5912954698289009,2.0,8.0,3.0,550.0,0,21,-550.0394833255904,476.3481656444284,727.6338420729853,139.1066053508691,1,1.0,0.006109261774451724,0.9987584937014772,True
fixed_area_fraction_layout,triangular_packing,0.5912954698289009,2.0,8.0,3.0,550.0,0,22,550.0394833255904,476.3481656444284,727.6338420729853,40.893394649130904,1,1.0,0.006109261999871483,0.9987585305537038,True
fixed_area_fraction_layout,triangular_packing,0.5912954698289009,2.0,8.0,3.0,550.0,0,23,687.549354156988,-238.1740828222142,727.6338420729854,340.8933946491309,1,1.0,0.0061120746420029876,0.9992183488300019,True
fixed_area_fraction_layout,triangular_packing,0.5912954698289009,2.0,8.0,3.0,550.0,0,24,687.549354156988,238.1740828222142,727.6338420729854,19.106605350869096,1,1.0,0.006112074370664374,0.9992183044708379,True
fixed_area_fraction_layout,triangular_packing,1.1825909396578018,4.0,8.0,3.0,550.0,0,1,-275.0197416627952,-476.3481656444284,550.0394833255904,240.0,1,1.0,0.022054638691862173,0.9995298850193413,True
fixed_area_fraction_layout,triangular_packing,1.1825909396578018,4.0,8.0,3.0,550.0,0,2,275.0197416627952,-476.3481656444284,550.0394833255904,300.0,1,1.0,0.02205463877933388,0.9995298889836132,True
fixed_area_fraction_layout,triangular_packing,1.1825909396578018,4.0,8.0,3.0,550.0,0,3,-550.0394833255904,0.0,550.0394833255904,180.0,1,1.0,0.022061739058719058,0.9998516780428958,True
fixed_area_fraction_layout,triangular_packing,1.1825909396578018,4.0,8.0,3.0,550.0,0,4,550.0394833255904,0.0,550.0394833255904,0.0,1,1.0,0.022061739213969776,0.9998516850789545,True
fixed_area_fraction_layout,triangular_packing,1.1825909396578018,4.0,8.0,3.0,550.0,0,5,-275.0197416627952,476.3481656444284,550.0394833255904,120.00000000000001,1,1.0,0.02205463721645846,0.9995298181531312,True
fixed_area_fraction_layout,triangular_packing,1.1825909396578018,4.0,8.0,3.0,550.0,0,6,275.0197416627952,476.3481656444284,550.0394833255904,59.99999999999999,1,1.0,0.02205463721645846,0.9995298181531312,True
fixed_area_fraction_layout,triangular_packing,1.1825909396578018,4.0,8.0,3.0,550.0,0,7,0.0,-952.6963312888568,952.6963312888568,270.0,1,1.0,0.02205624924556364,0.9996028763105854,True
fixed_area_fraction_layout,triangular_packing,1.1825909396578018,4.0,8.0,3.0,550.0,0,8,-825.0592249883855,-476.3481656444284,952.6963312888568,210.0,1,1.0,0.02205229972724748,0.9994238816943695,True
fixed_area_fraction_layout,triangular_packing,1.1825909396578018,4.0,8.0,3.0,550.0,0,9,825.0592249883855,-476.3481656444284,952.6963312888568,330.0,1,1.0,0.022052300075927986,0.999423897496786,True
fixed_area_fraction_layout,triangular_packing,1.1825909396578018,4.0,8.0,3.0,550.0,0,10,-825.0592249883855,476.3481656444284,952.6963312888568,150.0,1,1.0,0.022052300395141805,0.9994239119637539,True
fixed_area_fraction_layout,triangular_packing,1.1825909396578018,4.0,8.0,3.0,550.0,0,11,825.0592249883855,476.3481656444284,952.6963312888568,30.000000000000004,1,1.0,0.022052298444655852,0.9994238235665225,True
fixed_area_fraction_layout,triangular_packing,1.1825909396578018,4.0,8.0,3.0,550.0,0,12,0.0,952.6963312888568,952.6963312888568,90.0,1,1.0,0.022056250435343386,0.9996029302321405,True
fixed_area_fraction_layout,triangular_packing,1.1825909396578018,4.0,8.0,3.0,550.0,0,13,-550.0394833255904,-952.6963312888568,1100.0789666511807,240.0,1,1.0,0.02205319056815317,0.9994642551559563,True
fixed_area_fraction_layout,triangular_packing,1.1825909396578018,4.0,8.0,3.0,550.0,0,14,550.0394833255904,-952.6963312888568,1100.0789666511807,300.0,1,1.0,0.02205319073289005,0.9994642626219337,True
fixed_area_fraction_layout,triangular_packing,1.1825909396578018,4.0,8.0,3.0,550.0,0,15,-1100.0789666511807,0.0,1100.0789666511807,180.0,1,1.0,0.022059347147347586,0.9997432751381143,True
fixed_area_fraction_layout,triangular_packing,1.1825909396578018,4.0,8.0,3.0,550.0,0,16,1100.0789666511807,0.0,1100.0789666511807,0.0,1,1.0,0.022059347439971025,0.9997432883999898,True
fixed_area_fraction_layout,triangular_packing,1.1825909396578018,4.0,8.0,3.0,550.0,0,17,-550.0394833255904,952.6963312888568,1100.0789666511807,120.00000000000001,1,1.0,0.022053190109024783,0.9994642343479734,True
fixed_area_fraction_layout,triangular_packing,1.1825909396578018,4.0,8.0,3.0,550.0,0,18,550.0394833255904,952.6963312888568,1100.0789666511807,59.99999999999999,1,1.0,0.022053190273765715,0.9994642418141344,True
fixed_area_fraction_layout,triangular_packing,1.1825909396578018,4.0,8.0,3.0,550.0,0,19,-1100.0789666511807,-952.6963312888568,1455.2676841459706,220.8933946491309,1,1.0,0.022051154479569103,0.9993719783602781,True
fixed_area_fraction_layout,triangular_packing,1.1825909396578018,4.0,8.0,3.0,550.0,0,20,1100.0789666511807,-952.6963312888568,1455.2676841459706,319.1066053508691,1,1.0,0.022051154786741564,0.9993719922815244,True
fixed_area_fraction_layout,triangular_packing,1.1825909396578018,4.0,8.0,3.0,550.0,0,21,-1100.0789666511807,952.6963312888568,1455.2676841459706,139.1066053508691,1,1.0,0.022051155682984016,0.9993720328997874,True
fixed_area_fraction_layout,triangular_packing,1.1825909396578018,4.0,8.0,3.0,550.0,0,22,1100.0789666511807,952.6963312888568,1455.2676841459706,40.893394649130904,1,1.0,0.022051155990156477,0.9993720468210335,True
fixed_area_fraction_layout,triangular_packing,1.1825909396578018,4.0,8.0,3.0,550.0,0,23,1375.098708313976,-476.3481656444284,1455.2676841459709,340.8933946491309,1,1.0,0.022050927817924837,0.9993617059141775,True
fixed_area_fraction_layout,triangular_packing,1.1825909396578018,4.0,8.0,3.0,550.0,0,24,1375.098708313976,476.3481656444284,1455.2676841459709,19.106605350869096,1,1.0,0.022050927760296997,0.9993617033024481,True
fixed_area_fraction_layout,hexagonal_packing,0.7241860941500265,2.0,8.0,3.0,550.0,0,1,-238.1740828222142,-137.5098708313976,275.0197416627952,210.0,1,1.0,0.027525321275562342,0.9995120202026515,True
fixed_area_fraction_layout,hexagonal_packing,0.7241860941500265,2.0,8.0,3.0,550.0,0,2,238.1740828222142,-137.5098708313976,275.0197416627952,330.0,1,1.0,0.027525321354960258,0.9995120230857849,True
fixed_area_fraction_layout,hexagonal_packing,0.7241860941500265,2.0,8.0,3.0,550.0,0,3,0.0,275.0197416627952,275.0197416627952,90.0,1,1.0,0.027520831173742315,0.9993489735774688,True
fixed_area_fraction_layout,hexagonal_packing,0.7241860941500265,2.0,8.0,3.0,550.0,0,4,-238.1740828222142,-412.52961249419275,476.3481656444284,240.0,1,1.0,0.02751715348427178,0.9992154276400547,True
fixed_area_fraction_layout,hexagonal_packing,0.7241860941500265,2.0,8.0,3.0,550.0,0,5,238.1740828222142,-412.52961249419275,476.3481656444284,300.0,1,1.0,0.02751715358861754,0.9992154314291054,True
fixed_area_fraction_layout,hexagonal_packing,0.7241860941500265,2.0,8.0,3.0,550.0,0,6,-476.3481656444284,0.0,476.3481656444284,180.0,1,1.0,0.02753532296813308,0.9998752062249597,True
fixed_area_fraction_layout,hexagonal_packing,0.7241860941500265,2.0,8.0,3.0,550.0,0,7,476.3481656444284,0.0,476.3481656444284,0.0,1,1.0,0.027535323120613492,0.9998752117618979,True
fixed_area_fraction_layout,hexagonal_packing,0.7241860941500265,2.0,8.0,3.0,550.0,0,8,-238.1740828222142,412.52961249419275,476.3481656444284,120.00000000000001,1,1.0,0.027517154824912637,0.9992154763220168,True
fixed_area_fraction_layout,hexagonal_packing,0.7241860941500265,2.0,8.0,3.0,550.0,0,9,238.1740828222142,412.52961249419275,476.3481656444284,60.00000000000001,1,1.0,0.027517154929258394,0.9992154801110675,True
fixed_area_fraction_layout,hexagonal_packing,0.7241860941500265,2.0,8.0,3.0,550.0,0,10,0.0,-550.0394833255904,550.0394833255904,270.0,1,1.0,0.027520148119036084,0.9993241701834412,True
fixed_area_fraction_layout,hexagonal_packing,0.7241860941500265,2.0,8.0,3.0,550.0,0,11,-476.3481656444284,275.0197416627952,550.0394833255904,150.0,1,1.0,0.0275175260307824,0.9992289557188633,True
fixed_area_fraction_layout,hexagonal_packing,0.7241860941500265,2.0,8.0,3.0,550.0,0,12,476.3481656444284,275.0197416627952,550.0394833255904,30.000000000000004,1,1.0,0.027517526233799387,0.9992289630909087,True
fixed_area_fraction_layout,hexagonal_packing,0.7241860941500265,2.0,8.0,3.0,550.0,0,13,-476.3481656444284,-550.0394833255904,727.6338420729853,229.10660535086907,1,1.0,0.027517054890251292,0.9992118474490148,True
fixed_area_fraction_layout,hexagonal_packing,0.7241860941500265,2.0,8.0,3.0,550.0,0,14,476.3481656444284,-550.0394833255904,727.6338420729853,310.8933946491309,1,1.0,0.02751705509995028,0.9992118550637,True
fixed_area_fraction_layout,hexagonal_packing,0.7241860941500265,2.0,8.0,3.0,550.0,0,15,-714.5222484666426,-137.5098708313976,727.6338420729854,190.8933946491309,1,1.0,0.0275221340654056,0.9993962847737828,True
fixed_area_fraction_layout,hexagonal_packing,0.7241860941500265,2.0,8.0,3.0,550.0,0,16,714.5222484666426,-137.5098708313976,727.6338420729854,349.1066053508691,1,1.0,0.027522134297797336,0.9993962932124976,True
fixed_area_fraction_layout,hexagonal_packing,0.7241860941500265,2.0,8.0,3.0,550.0,0,17,-238.1740828222142,687.549354156988,727.6338420729854,109.10660535086909,1,1.0,0.02751715179987182,0.999215366475355,True
fixed_area_fraction_layout,hexagonal_packing,0.7241860941500265,2.0,8.0,3.0,550.0,0,18,238.1740828222142,687.549354156988,727.6338420729854,70.89339464913091,1,1.0,0.027517151905384625,0.9992153703067841,True
fixed_area_fraction_layout,hexagonal_packing,0.7241860941500265,2.0,8.0,3.0,550.0,0,19,0.0,-825.0592249883855,825.0592249883855,270.0,1,1.0,0.02752052827803285,0.9993379746903187,True
fixed_area_fraction_layout,hexagonal_packing,0.7241860941500265,2.0,8.0,3.0,550.0,0,20,-714.5222484666426,-412.52961249419275,825.0592249883855,210.0,1,1.0,0.027514195031663913,0.9991079989596349,True
fixed_area_fraction_layout,hexagonal_packing,0.7241860941500265,2.0,8.0,3.0,550.0,0,21,714.5222484666426,-412.52961249419275,825.0592249883855,330.0,1,1.0,0.027514195275931946,0.9991080078296071,True
fixed_area_fraction_layout,hexagonal_packing,0.7241860941500265,2.0,8.0,3.0,550.0,0,22,-714.5222484666426,412.52961249419275,825.0592249883855,150.0,1,1.0,0.027514194292987425,0.9991079721364773,True
fixed_area_fraction_layout,hexagonal_packing,0.7241860941500265,2.0,8.0,3.0,550.0,0,23,714.5222484666426,412.52961249419275,825.0592249883855,29.999999999999996,1,1.0,0.027514194537259003,0.9991079810065783,True
fixed_area_fraction_layout,hexagonal_packing,0.7241860941500265,2.0,8.0,3.0,550.0,0,24,0.0,825.0592249883855,825.0592249883855,90.0,1,1.0,0.027520528832472087,0.9993379948233693,True
fixed_area_fraction_layout,hexagonal_packing,0.7241860941500265,2.0,8.0,3.0,550.0,0,25,-476.3481656444284,-825.0592249883855,952.6963312888568,240.0,1,1.0,0.027517231449431457,0.999218258746492,True
fixed_area_fraction_layout,hexagonal_packing,0.7241860941500265,2.0,8.0,3.0,550.0,0,26,476.3481656444284,-825.0592249883855,952.6963312888568,300.0,1,1.0,0.02751723165288028,0.9992182661342185,True
fixed_area_fraction_layout,hexagonal_packing,0.7241860941500265,2.0,8.0,3.0,550.0,0,27,-952.6963312888568,0.0,952.6963312888568,180.0,1,1.0,0.027532281348216635,0.9997647575352989,True
fixed_area_fraction_layout,hexagonal_packing,0.7241860941500265,2.0,8.0,3.0,550.0,0,28,952.6963312888568,0.0,952.6963312888568,0.0,1,1.0,0.027532281646375098,0.9997647683621651,True
fixed_area_fraction_layout,hexagonal_packing,0.7241860941500265,2.0,8.0,3.0,550.0,0,29,-476.3481656444284,825.0592249883855,952.6963312888568,120.00000000000001,1,1.0,0.02751723181052107,0.9992182718585427,True
fixed_area_fraction_layout,hexagonal_packing,0.7241860941500265,2.0,8.0,3.0,550.0,0,30,476.3481656444284,825.0592249883855,952.6963312888568,60.00000000000001,1,1.0,0.027517232010473736,0.999218279119315,True
fixed_area_fraction_layout,hexagonal_packing,0.7241860941500265,2.0,8.0,3.0,550.0,0,31,-952.6963312888568,275.0197416627952,991.597780330068,163.897886248014,1,1.0,0.027514666204868133,0.9991251084159243,True
fixed_area_fraction_layout,hexagonal_packing,0.7241860941500265,2.0,8.0,3.0,550.0,0,32,952.6963312888568,275.0197416627952,991.597780330068,16.102113751986018,1,1.0,0.02751466447704797,0.9991250456745304,True
fixed_area_fraction_layout,hexagonal_packing,0.7241860941500265,2.0,8.0,3.0,550.0,0,33,-714.5222484666426,687.549354156988,991.5977803300681,136.10211375198602,1,1.0,0.02751420270075578,0.9991082774431965,True
fixed_area_fraction_layout,hexagonal_packing,0.7241860941500265,2.0,8.0,3.0,550.0,0,34,714.5222484666426,687.549354156988,991.5977803300681,43.89788624801398,1,1.0,0.027514203010689776,0.9991082886976612,True
fixed_area_fraction_layout,hexagonal_packing,0.7241860941500265,2.0,8.0,3.0,550.0,0,35,-952.6963312888568,-550.0394833255904,1100.0789666511807,210.0,1,1.0,0.027514455314046057,0.9991174504522077,True
fixed_area_fraction_layout,hexagonal_packing,0.7241860941500265,2.0,8.0,3.0,550.0,0,36,0.0,1100.0789666511807,1100.0789666511807,90.0,1,1.0,0.027537590043340568,0.9999575292938859,True
fixed_area_fraction_layout,hexagonal_packing,0.7241860941500265,2.0,8.0,3.0,550.0,0,37,-1190.8704141110707,-137.5098708313976,1198.7832613867865,186.58677555362945,1,1.0,0.027519356690456614,0.9992954314679002,True
fixed_area_fraction_layout,hexagonal_packing,0.7241860941500265,2.0,8.0,3.0,550.0,0,38,-476.3481656444284,1100.0789666511807,1198.783261386787,113.41322444637053,1,1.0,0.02753415297312098,0.9998327208324563,True
fixed_area_fraction_layout,hexagonal_packing,0.7241860941500265,2.0,8.0,3.0,550.0,0,39,476.3481656444284,1100.0789666511807,1198.783261386787,66.58677555362947,1,1.0,0.027534153125952032,0.9998327263821273,True
fixed_area_fraction_layout,hexagonal_packing,0.7241860941500265,2.0,8.0,3.0,550.0,0,40,-1190.8704141110707,-412.52961249419275,1260.2987837769588,199.1066053508691,1,1.0,0.027511688015428006,0.9990169630426496,True
fixed_area_fraction_layout,hexagonal_packing,0.7241860941500265,2.0,8.0,3.0,550.0,0,41,1190.8704141110707,412.52961249419275,1260.2987837769588,19.1066053508691,1,1.0,0.027511689225236228,0.9990170069737576,True
fixed_area_fraction_layout,hexagonal_packing,0.7241860941500265,2.0,8.0,3.0,550.0,0,42,-952.6963312888568,-825.0592249883855,1260.2987837769592,220.8933946491309,1,1.0,0.027514381642664378,0.9991147752633953,True
fixed_area_fraction_layout,hexagonal_packing,0.7241860941500265,2.0,8.0,3.0,550.0,0,43,952.6963312888568,825.0592249883855,1260.2987837769592,40.893394649130904,1,1.0,0.027514380541503763,0.9991147352775488,True
fixed_area_fraction_layout,hexagonal_packing,0.7241860941500265,2.0,8.0,3.0,550.0,0,44,1190.8704141110707,687.549354156988,1375.0987083139755,30.00000000000001,1,1.0,0.027511707811296034,0.9990176818792382,True
fixed_area_fraction_layout,hexagonal_packing,0.7241860941500265,2.0,8.0,3.0,550.0,0,45,952.6963312888568,1100.0789666511807,1455.2676841459706,49.106605350869096,1,1.0,0.02753111310187315,0.999722335641248,True
fixed_area_fraction_layout,hexagonal_packing,0.7241860941500265,2.0,8.0,3.0,550.0,0,46,-1429.0444969332852,-550.0394833255904,1531.24511670483,201.0517244353729,1,1.0,0.027512303727641754,0.999039321065376,True
fixed_area_fraction_layout,hexagonal_packing,0.7241860941500265,2.0,8.0,3.0,550.0,0,47,-1429.0444969332852,-825.0592249883855,1650.118449976771,210.0,1,1.0,0.0275119380165309,0.9990260411967212,True
fixed_area_fraction_layout,hexagonal_packing,0.7241860941500265,2.0,8.0,3.0,550.0,0,48,1429.0444969332852,825.0592249883855,1650.118449976771,29.999999999999996,1,1.0,0.027511939006382664,0.9990260771406699,True
fixed_area_fraction_layout,hexagonal_packing,1.448372188300053,4.0,8.0,3.0,550.0,0,1,-476.3481656444284,-275.0197416627952,550.0394833255904,210.0,1,1.0,0.02806413942932011,0.9999854735832555,True
fixed_area_fraction_layout,hexagonal_packing,1.448372188300053,4.0,8.0,3.0,550.0,0,2,476.3481656444284,-275.0197416627952,550.0394833255904,330.0,1,1.0,0.028064139578864097,0.9999854789118285,True
fixed_area_fraction_layout,hexagonal_packing,1.448372188300053,4.0,8.0,3.0,550.0,0,3,0.0,550.0394833255904,550.0394833255904,90.0,1,1.0,0.028091731381105347,1.0009686339984372,True
fixed_area_fraction_layout,hexagonal_packing,1.448372188300053,4.0,8.0,3.0,550.0,0,4,-476.3481656444284,-825.0592249883855,952.6963312888568,240.0,1,1.0,0.02806494999867757,1.0000143559077905,True
fixed_area_fraction_layout,hexagonal_packing,1.448372188300053,4.0,8.0,3.0,550.0,0,5,476.3481656444284,-825.0592249883855,952.6963312888568,300.0,1,1.0,0.028064950148344266,1.0000143612407357,True
fixed_area_fraction_layout,hexagonal_packing,1.448372188300053,4.0,8.0,3.0,550.0,0,6,-952.6963312888568,0.0,952.6963312888568,180.0,1,1.0,0.02806010313922934,0.9998416519111852,True
fixed_area_fraction_layout,hexagonal_packing,1.448372188300053,4.0,8.0,3.0,550.0,0,7,952.6963312888568,0.0,952.6963312888568,0.0,1,1.0,0.02806010340401696,0.9998416613461361,True
fixed_area_fraction_layout,hexagonal_packing,1.448372188300053,4.0,8.0,3.0,550.0,0,8,-476.3481656444284,825.0592249883855,952.6963312888568,120.00000000000001,1,1.0,0.028064949104371444,1.0000143240417454,True
fixed_area_fraction_layout,hexagonal_packing,1.448372188300053,4.0,8.0,3.0,550.0,0,9,476.3481656444284,825.0592249883855,952.6963312888568,60.00000000000001,1,1.0,0.02806494925403814,1.0000143293746906,True
fixed_area_fraction_layout,hexagonal_packing,1.448372188300053,4.0,8.0,3.0,550.0,0,10,0.0,-1100.0789666511807,1100.0789666511807,270.0,1,1.0,0.028063410373575664,0.9999594957635645,True
fixed_area_fraction_layout,hexagonal_packing,1.448372188300053,4.0,8.0,3.0,550.0,0,11,-952.6963312888568,550.0394833255904,1100.0789666511807,150.0,1,1.0,0.028090482664423187,1.0009241395450823,True
fixed_area_fraction_layout,hexagonal_packing,1.448372188300053,4.0,8.0,3.0,550.0,0,12,952.6963312888568,550.0394833255904,1100.0789666511807,30.000000000000004,1,1.0,0.028090482938791354,1.0009241493214085,True
fixed_area_fraction_layout,hexagonal_packing,1.448372188300053,4.0,8.0,3.0,550.0,0,13,-952.6963312888568,-1100.0789666511807,1455.2676841459706,229.10660535086907,1,1.0,0.028058952609205733,0.9998006560590436,True
fixed_area_fraction_layout,hexagonal_packing,1.448372188300053,4.0,8.0,3.0,550.0,0,14,952.6963312888568,-1100.0789666511807,1455.2676841459706,310.8933946491309,1,1.0,0.028058952874245504,0.999800665502979,True
fixed_area_fraction_layout,hexagonal_packing,1.448372188300053,4.0,8.0,3.0,550.0,0,15,-1429.0444969332852,-275.0197416627952,1455.2676841459709,190.8933946491309,1,1.0,0.02806374772288169,0.9999715162428098,True
fixed_area_fraction_layout,hexagonal_packing,1.448372188300053,4.0,8.0,3.0,550.0,0,16,1429.0444969332852,-275.0197416627952,1455.2676841459709,349.1066053508691,1,1.0,0.028063748092773944,0.9999715294228642,True
fixed_area_fraction_layout,hexagonal_packing,1.448372188300053,4.0,8.0,3.0,550.0,0,17,-476.3481656444284,1375.098708313976,1455.2676841459709,109.10660535086909,1,1.0,0.028063358054998315,0.9999576315404524,True
fixed_area_fraction_layout,hexagonal_packing,1.448372188300053,4.0,8.0,3.0,550.0,0,18,476.3481656444284,1375.098708313976,1455.2676841459709,70.89339464913091,1,1.0,0.028063358204422687,0.9999576368647631,True
fixed_area_fraction_layout,hexagonal_packing,1.448372188300053,4.0,8.0,3.0,550.0,0,19,0.0,-1650.118449976771,1650.118449976771,270.0,1,1.0,0.028090573751245924,1.000927385163919,True
fixed_area_fraction_layout,hexagonal_packing,1.448372188300053,4.0,8.0,3.0,550.0,0,20,-1429.0444969332852,-825.0592249883855,1650.118449976771,210.0,1,1.0,0.02806465431951473,1.0000038202251116,True
fixed_area_fraction_layout,hexagonal_packing,1.448372188300053,4.0,8.0,3.0,550.0,0,21,1429.0444969332852,-825.0592249883855,1650.118449976771,330.0,1,1.0,0.028064653166844533,1.0000037791530005,True
fixed_area_fraction_layout,hexagonal_packing,1.448372188300053,4.0,8.0,3.0,550.0,0,22,-1429.0444969332852,825.0592249883855,1650.118449976771,150.0,1,1.0,0.028064653279227157,1.0000037831574344,True
fixed_area_fraction_layout,hexagonal_packing,1.448372188300053,4.0,8.0,3.0,550.0,0,23,1429.0444969332852,825.0592249883855,1650.118449976771,29.999999999999996,1,1.0,0.028064653649335476,1.0000037963451875,True
fixed_area_fraction_layout,hexagonal_packing,1.448372188300053,4.0,8.0,3.0,550.0,0,24,0.0,1650.118449976771,1650.118449976771,90.0,1,1.0,0.02809057492512226,1.0009274269916506,True
ring_growth,concentric_hexagonal_rings,0.6353883327016112,2.0,8.0,3.0,550.0,1,1,275.01974166279524,0.0,275.01974166279524,0.0,1,1.0,0.0012254344988050952,0.9998953096847891,True
ring_growth,concentric_hexagonal_rings,0.6353883327016112,2.0,8.0,3.0,550.0,1,2,137.50987083139762,238.17408282221425,275.01974166279524,59.99999999999999,1,1.0,0.00122538672607903,0.9998563294498031,True
ring_growth,concentric_hexagonal_rings,0.6353883327016112,2.0,8.0,3.0,550.0,1,3,-137.50987083139756,238.17408282221427,275.01974166279524,119.99999999999999,1,1.0,0.0012253865057417805,0.9998561496652593,True
ring_growth,concentric_hexagonal_rings,0.6353883327016112,2.0,8.0,3.0,550.0,1,4,-275.01974166279524,3.3680204632967415e-14,275.01974166279524,180.0,1,1.0,0.0012254344788656146,0.9998952934151369,True
ring_growth,concentric_hexagonal_rings,0.6353883327016112,2.0,8.0,3.0,550.0,1,5,-137.50987083139773,-238.1740828222142,275.01974166279524,239.99999999999994,1,1.0,0.0012253865987992395,0.9998562255956472,True
ring_growth,concentric_hexagonal_rings,0.6353883327016112,2.0,8.0,3.0,550.0,1,6,137.50987083139762,-238.17408282221425,275.01974166279524,300.0,1,1.0,0.0012253867781706327,0.9998563719540327,True
ring_growth,concentric_hexagonal_rings,0.6353883327016112,2.0,8.0,3.0,550.0,2,1,275.01974166279524,0.0,275.01974166279524,0.0,1,1.0,0.003754460947261583,0.9998947168238086,True
ring_growth,concentric_hexagonal_rings,0.6353883327016112,2.0,8.0,3.0,550.0,2,2,137.50987083139762,238.17408282221425,275.01974166279524,59.99999999999999,1,1.0,0.0037540300214244644,0.999779951888461,True
ring_growth,concentric_hexagonal_rings,0.6353883327016112,2.0,8.0,3.0,550.0,2,3,-137.50987083139756,238.17408282221427,275.01974166279524,119.99999999999999,1,1.0,0.0037540298761756475,0.9997799132055377,True
ring_growth,concentric_hexagonal_rings,0.6353883327016112,2.0,8.0,3.0,550.0,2,4,-275.01974166279524,3.3680204632967415e-14,275.01974166279524,180.0,1,1.0,0.0037544611795234974,0.9998947786802148,True
ring_growth,concentric_hexagonal_rings,0.6353883327016112,2.0,8.0,3.0,550.0,2,5,-137.50987083139773,-238.1740828222142,275.01974166279524,239.99999999999994,1,1.0,0.003754029927377903,0.9997799268418135,True
ring_growth,concentric_hexagonal_rings,0.6353883327016112,2.0,8.0,3.0,550.0,2,6,137.50987083139762,-238.17408282221425,275.01974166279524,300.0,1,1.0,0.003754030002798412,0.9997799469279376,True
ring_growth,concentric_hexagonal_rings,0.6353883327016112,2.0,8.0,3.0,550.0,2,7,-531.2973424228829,142.3606938430133,550.0394833255903,165.0,1,1.0,0.003754396312598792,0.9998775032054608,True
ring_growth,concentric_hexagonal_rings,0.6353883327016112,2.0,8.0,3.0,550.0,2,8,142.36069384301294,-531.297342422883,550.0394833255903,285.0,1,1.0,0.003754396312598792,0.9998775032054608,True
ring_growth,concentric_hexagonal_rings,0.6353883327016112,2.0,8.0,3.0,550.0,2,9,531.297342422883,142.36069384301317,550.0394833255904,14.999999999999998,1,1.0,0.0037543964748560105,0.9998775464180917,True
ring_growth,concentric_hexagonal_rings,0.6353883327016112,2.0,8.0,3.0,550.0,2,10,388.9366485798699,388.9366485798699,550.0394833255904,45.0,1,1.0,0.003754157649375824,0.9998139419914548,True
ring_growth,concentric_hexagonal_rings,0.6353883327016112,2.0,8.0,3.0,550.0,2,11,142.36069384301317,531.297342422883,550.0394833255904,75.0,1,1.0,0.0037543964748560105,0.9998775464180917,True
ring_growth,concentric_hexagonal_rings,0.6353883327016112,2.0,8.0,3.0,550.0,2,12,-142.36069384301325,531.297342422883,550.0394833255904,105.00000000000001,1,1.0,0.00375439626519506,0.9998774905808145,True
ring_growth,concentric_hexagonal_rings,0.6353883327016112,2.0,8.0,3.0,550.0,2,13,-388.9366485798698,388.9366485798699,550.0394833255904,135.0,1,1.0,0.0037541576975527392,0.9998139548220165,True
ring_growth,concentric_hexagonal_rings,0.6353883327016112,2.0,8.0,3.0,550.0,2,14,-531.297342422883,-142.3606938430132,550.0394833255904,194.99999999999997,1,1.0,0.003754396292248942,0.9998774977858526,True
ring_growth,concentric_hexagonal_rings,0.6353883327016112,2.0,8.0,3.0,550.0,2,15,-388.93664857986994,-388.9366485798698,550.0394833255904,224.99999999999997,1,1.0,0.003754157816784261,0.9998139865759674,True
ring_growth,concentric_hexagonal_rings,0.6353883327016112,2.0,8.0,3.0,550.0,2,16,-142.3606938430131,-531.297342422883,550.0394833255904,255.0,1,1.0,0.003754396292248942,0.9998774977858526,True
ring_growth,concentric_hexagonal_rings,0.6353883327016112,2.0,8.0,3.0,550.0,2,17,388.93664857986977,-388.93664857986994,550.0394833255904,315.0,1,1.0,0.0037541576975527392,0.9998139548220165,True
ring_growth,concentric_hexagonal_rings,0.6353883327016112,2.0,8.0,3.0,550.0,2,18,531.297342422883,-142.36069384301314,550.0394833255904,345.0,1,1.0,0.003754396292248942,0.9998774977858526,True
ring_growth,concentric_circular_rings,0.6353883327016112,2.0,8.0,3.0,550.0,4,1,275.01974166279524,0.0,275.01974166279524,0.0,1,1.0,0.012959441982528276,0.9998131064441779,True
ring_growth,concentric_circular_rings,0.6353883327016112,2.0,8.0,3.0,550.0,4,2,137.50987083139762,238.17408282221425,275.01974166279524,59.99999999999999,1,1.0,0.012958470569650675,0.9997381625285291,True
ring_growth,concentric_circular_rings,0.6353883327016112,2.0,8.0,3.0,550.0,4,3,-137.50987083139756,238.17408282221427,275.01974166279524,119.99999999999999,1,1.0,0.012958470481479675,0.9997381557261898,True
ring_growth,concentric_circular_rings,0.6353883327016112,2.0,8.0,3.0,550.0,4,4,-275.01974166279524,3.3680204632967415e-14,275.01974166279524,180.0,1,1.0,0.012959442621838164,0.9998131557665489,True
ring_growth,concentric_circular_rings,0.6353883327016112,2.0,8.0,3.0,550.0,4,5,-137.50987083139773,-238.1740828222142,275.01974166279524,239.99999999999994,1,1.0,0.012958470059406388,0.9997381231634911,True
ring_growth,concentric_circular_rings,0.6353883327016112,2.0,8.0,3.0,550.0,4,6,137.50987083139762,-238.17408282221425,275.01974166279524,300.0,1,1.0,0.012958470295703803,0.9997381413936938,True
ring_growth,concentric_circular_rings,0.6353883327016112,2.0,8.0,3.0,550.0,4,7,545.3338192958621,71.79455932917385,550.0394833255903,7.499999999999999,1,1.0,0.012958888360788911,0.9997703948620145,True
ring_growth,concentric_circular_rings,0.6353883327016112,2.0,8.0,3.0,550.0,4,8,-71.79455932917388,545.3338192958621,550.0394833255903,97.5,1,1.0,0.012958888580389426,0.9997704118040612,True
ring_growth,concentric_circular_rings,0.6353883327016112,2.0,8.0,3.0,550.0,4,9,-210.49099741535733,-508.1702207175961,550.0394833255903,247.5,1,1.0,0.012959046112037964,0.9997825652754144,True
ring_growth,concentric_circular_rings,0.6353883327016112,2.0,8.0,3.0,550.0,4,10,508.1702207175961,-210.49099741535736,550.0394833255903,337.5,1,1.0,0.012959046338542151,0.9997825827500755,True
ring_growth,concentric_circular_rings,0.6353883327016112,2.0,8.0,3.0,550.0,4,11,436.37566138842226,334.84282188050474,550.0394833255904,37.5,1,1.0,0.012958833544383706,0.9997661658095255,True
ring_growth,concentric_circular_rings,0.6353883327016112,2.0,8.0,3.0,550.0,4,12,210.49099741535753,508.1702207175961,550.0394833255904,67.5,1,1.0,0.012959046399037994,0.9997825874172931,True
ring_growth,concentric_circular_rings,0.6353883327016112,2.0,8.0,3.0,550.0,4,13,-334.84282188050474,436.37566138842226,550.0394833255904,127.50000000000001,1,1.0,0.012958833853798944,0.9997661896807238,True
ring_growth,concentric_circular_rings,0.6353883327016112,2.0,8.0,3.0,550.0,4,14,-508.1702207175961,210.49099741535753,550.0394833255904,157.5,1,1.0,0.012959047117905943,0.9997826428775204,True
ring_growth,concentric_circular_rings,0.6353883327016112,2.0,8.0,3.0,550.0,4,15,-545.3338192958622,-71.79455932917372,550.0394833255904,187.49999999999997,1,1.0,0.01295888864996045,0.9997704171714237,True
ring_growth,concentric_circular_rings,0.6353883327016112,2.0,8.0,3.0,550.0,4,16,-436.37566138842226,-334.84282188050474,550.0394833255904,217.49999999999997,1,1.0,0.01295883331294249,0.9997661479539758,True
ring_growth,concentric_circular_rings,0.6353883327016112,2.0,8.0,3.0,550.0,4,17,71.79455932917368,-545.3338192958622,550.0394833255904,277.5,1,1.0,0.012958888609088157,0.9997704140181509,True
ring_growth,concentric_circular_rings,0.6353883327016112,2.0,8.0,3.0,550.0,4,18,334.8428218805047,-436.37566138842226,550.0394833255904,307.5,1,1.0,0.012958833796641376,0.999766185271052,True
ring_growth,concentric_circular_rings,0.6353883327016112,2.0,8.0,3.0,550.0,4,19,282.18687438269285,775.3020654329263,825.0592249883854,70.0,1,1.0,0.012958930026187017,0.9997736093222641,True
ring_growth,concentric_circular_rings,0.6353883327016112,2.0,8.0,3.0,550.0,4,20,-282.1868743826926,-775.3020654329264,825.0592249883854,250.0,1,1.0,0.012958929871750558,0.9997735974075849,True
ring_growth,concentric_circular_rings,0.6353883327016112,2.0,8.0,3.0,550.0,4,21,812.5247214628057,143.27003088652302,825.0592249883855,10.0,1,1.0,0.012959039903894224,0.9997820863208818,True
ring_growth,concentric_circular_rings,0.6353883327016112,2.0,8.0,3.0,550.0,4,22,714.5222484666426,412.5296124941927,825.0592249883855,29.999999999999996,1,1.0,0.012957211381763357,0.9996410169450299,True
ring_growth,concentric_circular_rings,0.6353883327016112,2.0,8.0,3.0,550.0,4,23,5.05203069494511e-14,825.0592249883855,825.0592249883855,90.0,1,1.0,0.012959624723604016,0.9998272048075841,True
ring_growth,concentric_circular_rings,0.6353883327016112,2.0,8.0,3.0,550.0,4,24,-282.1868743826928,775.3020654329264,825.0592249883855,110.0,1,1.0,0.012958929781382739,0.9997735904357623,True
ring_growth,concentric_circular_rings,0.6353883327016112,2.0,8.0,3.0,550.0,4,25,-714.5222484666426,412.5296124941927,825.0592249883855,150.0,1,1.0,0.012957211050113108,0.9996409913584139,True
ring_growth,concentric_circular_rings,0.6353883327016112,2.0,8.0,3.0,550.0,4,26,-812.5247214628057,143.27003088652296,825.0592249883855,170.0,1,1.0,0.012959039773704549,0.9997820762768271,True
ring_growth,concentric_circular_rings,0.6353883327016112,2.0,8.0,3.0,550.0,4,27,-812.5247214628057,-143.2700308865231,825.0592249883855,190.0,1,1.0,0.012959039860148068,0.9997820829458923,True
ring_growth,concentric_circular_rings,0.6353883327016112,2.0,8.0,3.0,550.0,4,28,-530.3378470801131,-632.0320345464033,825.0592249883855,230.0,1,1.0,0.01295957773456436,0.9998235796316104,True
ring_growth,concentric_circular_rings,0.6353883327016112,2.0,8.0,3.0,550.0,4,29,-1.5156092084835333e-13,-825.0592249883855,825.0592249883855,270.0,1,1.0,0.012959624021995764,0.999827150678932,True
ring_growth,concentric_circular_rings,0.6353883327016112,2.0,8.0,3.0,550.0,4,30,282.186874382693,-775.3020654329263,825.0592249883855,290.0,1,1.0,0.012958930274911833,0.9997736285112332,True
ring_growth,concentric_circular_rings,0.6353883327016112,2.0,8.0,3.0,550.0,4,31,530.3378470801129,-632.0320345464035,825.0592249883855,310.0,1,1.0,0.01295957748525463,0.9998235603975155,True
ring_growth,concentric_circular_rings,0.6353883327016112,2.0,8.0,3.0,550.0,4,32,714.5222484666424,-412.52961249419315,825.0592249883855,330.0,1,1.0,0.012957211107062126,0.9996409957519963,True
ring_growth,concentric_circular_rings,0.6353883327016112,2.0,8.0,3.0,550.0,4,33,812.5247214628057,-143.27003088652305,825.0592249883855,350.0,1,1.0,0.012959039973582517,0.9997820916972915,True
ring_growth,concentric_circular_rings,0.6353883327016112,2.0,8.0,3.0,550.0,4,34,530.3378470801131,632.0320345464035,825.0592249883856,50.0,1,1.0,0.012959577453204469,0.999823557924865,True
ring_growth,concentric_circular_rings,0.6353883327016112,2.0,8.0,3.0,550.0,4,35,-530.3378470801131,632.0320345464035,825.0592249883856,130.0,1,1.0,0.01295957770777813,0.9998235775650689,True
ring_growth,concentric_circular_rings,0.6353883327016112,2.0,8.0,3.0,550.0,4,36,-714.5222484666426,-412.52961249419286,825.0592249883856,210.0,1,1.0,0.01295721127217245,0.9996410084901577,True
ring_growth,concentric_circular_rings,0.6353883327016112,2.0,8.0,3.0,550.0,4,37,-486.5524852976229,986.6308387228912,1100.0789666511805,116.25,1,1.0,0.012957630532054835,0.9996733541363654,True
ring_growth,concentric_circular_rings,0.6353883327016112,2.0,8.0,3.0,550.0,4,38,-986.6308387228912,-486.5524852976229,1100.0789666511805,206.25,1,1.0,0.012957630703541006,0.9996733673664198,True
ring_growth,concentric_circular_rings,0.6353883327016112,2.0,8.0,3.0,550.0,4,39,-71.94860681924905,-1097.7236131399827,1100.0789666511805,266.25,1,1.0,0.012959772704847506,0.9998386214709674,True
ring_growth,concentric_circular_rings,0.6353883327016112,2.0,8.0,3.0,550.0,4,40,486.5524852976228,-986.6308387228912,1100.0789666511805,296.25,1,1.0,0.01295763049065996,0.9996733509427759,True
ring_growth,concentric_circular_rings,0.6353883327016112,2.0,8.0,3.0,550.0,4,41,725.3324629410645,-827.0831584986958,1100.0789666511805,311.25,1,1.0,0.012957833179227959,0.9996889882431383,True
ring_growth,concentric_circular_rings,0.6353883327016112,2.0,8.0,3.0,550.0,4,42,1097.7236131399827,-71.94860681924912,1100.0789666511805,356.25,1,1.0,0.012959772420554053,0.9998385995378994,True
ring_growth,concentric_circular_rings,0.6353883327016112,2.0,8.0,3.0,550.0,4,43,1078.9412577726744,214.61475984714846,1100.0789666511807,11.249999999999998,1,1.0,0.012958508668007025,0.999741101793666,True
ring_growth,concentric_circular_rings,0.6353883327016112,2.0,8.0,3.0,550.0,4,44,986.6308387228912,486.5524852976231,1100.0789666511807,26.250000000000004,1,1.0,0.012957630531717574,0.9996733541103459,True
ring_growth,concentric_circular_rings,0.6353883327016112,2.0,8.0,3.0,550.0,4,45,827.0831584986961,725.3324629410641,1100.0789666511807,41.25,1,1.0,0.012957833429516303,0.9996890075527326,True
ring_growth,concentric_circular_rings,0.6353883327016112,2.0,8.0,3.0,550.0,4,46,611.1711278423597,914.6822319036418,1100.0789666511807,56.25,1,1.0,0.012957347055732713,0.9996514841096615,True
ring_growth,concentric_circular_rings,0.6353883327016112,2.0,8.0,3.0,550.0,4,47,353.60879483161017,1041.6979183458445,1100.0789666511807,71.25,1,1.0,0.012957464085925298,0.9996605129181978,True
ring_growth,concentric_circular_rings,0.6353883327016112,2.0,8.0,3.0,550.0,4,48,71.94860681924939,1097.7236131399827,1100.0789666511807,86.25,1,1.0,0.012959772578473078,0.9998386117212567,True
ring_growth,concentric_circular_rings,0.6353883327016112,2.0,8.0,3.0,550.0,4,49,-214.61475984714838,1078.9412577726744,1100.0789666511807,101.25,1,1.0,0.012958508258849527,0.9997410702274127,True
ring_growth,concentric_circular_rings,0.6353883327016112,2.0,8.0,3.0,550.0,4,50,-725.3324629410641,827.0831584986961,1100.0789666511807,131.25,1,1.0,0.012957833170320194,0.9996889875559097,True
ring_growth,concentric_circular_rings,0.6353883327016112,2.0,8.0,3.0,550.0,4,51,-914.682231903642,611.1711278423596,1100.0789666511807,146.25,1,1.0,0.012957347436373987,0.9996515134759055,True
ring_growth,concentric_circular_rings,0.6353883327016112,2.0,8.0,3.0,550.0,4,52,-1041.6979183458445,353.6087948316102,1100.0789666511807,161.25,1,1.0,0.012957464366282942,0.9996605345476204,True
ring_growth,concentric_circular_rings,0.6353883327016112,2.0,8.0,3.0,550.0,4,53,-1097.7236131399827,71.94860681924946,1100.0789666511807,176.25,1,1.0,0.012959772769147783,0.9998386264316947,True
ring_growth,concentric_circular_rings,0.6353883327016112,2.0,8.0,3.0,550.0,4,54,-1078.9412577726744,-214.61475984714858,1100.0789666511807,191.25,1,1.0,0.01295850887674918,0.999741117897997,True
ring_growth,concentric_circular_rings,0.6353883327016112,2.0,8.0,3.0,550.0,4,55,-827.0831584986961,-725.3324629410641,1100.0789666511807,221.24999999999997,1,1.0,0.012957832604790468,0.9996889439256336,True
ring_growth,concentric_circular_rings,0.6353883327016112,2.0,8.0,3.0,550.0,4,56,-611.1711278423596,-914.6822319036418,1100.0789666511807,236.25,1,1.0,0.01295734755088958,0.9996515223107142,True
ring_growth,concentric_circular_rings,0.6353883327016112,2.0,8.0,3.0,550.0,4,57,-353.6087948316103,-1041.6979183458445,1100.0789666511807,251.25,1,1.0,0.012957463972277093,0.9996605041503075,True
ring_growth,concentric_circular_rings,0.6353883327016112,2.0,8.0,3.0,550.0,4,58,214.6147598471485,-1078.9412577726744,1100.0789666511807,281.25,1,1.0,0.01295850846189419,0.9997410858921855,True
ring_growth,concentric_circular_rings,0.6353883327016112,2.0,8.0,3.0,550.0,4,59,914.6822319036418,-611.1711278423596,1100.0789666511807,326.25,1,1.0,0.012957347560276554,0.9996515230349136,True
ring_growth,concentric_circular_rings,0.6353883327016112,2.0,8.0,3.0,550.0,4,60,1041.6979183458445,-353.60879483161034,1100.0789666511807,341.25,1,1.0,0.01295746410487575,0.9996605143802137,True
ring_growth,concentric_circular_rings,0.6353883327016112,2.0,8.0,3.0,550.0,4,1,275.01974166279524,0.0,275.01974166279524,0.0,1,1.0,0.012959441982528276,0.9998131064441779,True
ring_growth,concentric_circular_rings,0.6353883327016112,2.0,8.0,3.0,550.0,4,2,137.50987083139762,238.17408282221425,275.01974166279524,59.99999999999999,1,1.0,0.012958470569650675,0.9997381625285291,True
ring_growth,concentric_circular_rings,0.6353883327016112,2.0,8.0,3.0,550.0,4,3,-137.50987083139756,238.17408282221427,275.01974166279524,119.99999999999999,1,1.0,0.012958470481479675,0.9997381557261898,True
ring_growth,concentric_circular_rings,0.6353883327016112,2.0,8.0,3.0,550.0,4,4,-275.01974166279524,3.3680204632967415e-14,275.01974166279524,180.0,1,1.0,0.012959442621838164,0.9998131557665489,True
ring_growth,concentric_circular_rings,0.6353883327016112,2.0,8.0,3.0,550.0,4,5,-137.50987083139773,-238.1740828222142,275.01974166279524,239.99999999999994,1,1.0,0.012958470059406388,0.9997381231634911,True
ring_growth,concentric_circular_rings,0.6353883327016112,2.0,8.0,3.0,550.0,4,6,137.50987083139762,-238.17408282221425,275.01974166279524,300.0,1,1.0,0.012958470295703803,0.9997381413936938,True
ring_growth,concentric_circular_rings,0.6353883327016112,2.0,8.0,3.0,550.0,4,7,545.3338192958621,71.79455932917385,550.0394833255903,7.499999999999999,1,1.0,0.012958888360788911,0.9997703948620145,True
ring_growth,concentric_circular_rings,0.6353883327016112,2.0,8.0,3.0,550.0,4,8,-71.79455932917388,545.3338192958621,550.0394833255903,97.5,1,1.0,0.012958888580389426,0.9997704118040612,True
ring_growth,concentric_circular_rings,0.6353883327016112,2.0,8.0,3.0,550.0,4,9,-210.49099741535733,-508.1702207175961,550.0394833255903,247.5,1,1.0,0.012959046112037964,0.9997825652754144,True
ring_growth,concentric_circular_rings,0.6353883327016112,2.0,8.0,3.0,550.0,4,10,508.1702207175961,-210.49099741535736,550.0394833255903,337.5,1,1.0,0.012959046338542151,0.9997825827500755,True
ring_growth,concentric_circular_rings,0.6353883327016112,2.0,8.0,3.0,550.0,4,11,436.37566138842226,334.84282188050474,550.0394833255904,37.5,1,1.0,0.012958833544383706,0.9997661658095255,True
ring_growth,concentric_circular_rings,0.6353883327016112,2.0,8.0,3.0,550.0,4,12,210.49099741535753,508.1702207175961,550.0394833255904,67.5,1,1.0,0.012959046399037994,0.9997825874172931,True
ring_growth,concentric_circular_rings,0.6353883327016112,2.0,8.0,3.0,550.0,4,13,-334.84282188050474,436.37566138842226,550.0394833255904,127.50000000000001,1,1.0,0.012958833853798944,0.9997661896807238,True
ring_growth,concentric_circular_rings,0.6353883327016112,2.0,8.0,3.0,550.0,4,14,-508.1702207175961,210.49099741535753,550.0394833255904,157.5,1,1.0,0.012959047117905943,0.9997826428775204,True
ring_growth,concentric_circular_rings,0.6353883327016112,2.0,8.0,3.0,550.0,4,15,-545.3338192958622,-71.79455932917372,550.0394833255904,187.49999999999997,1,1.0,0.01295888864996045,0.9997704171714237,True
ring_growth,concentric_circular_rings,0.6353883327016112,2.0,8.0,3.0,550.0,4,16,-436.37566138842226,-334.84282188050474,550.0394833255904,217.49999999999997,1,1.0,0.01295883331294249,0.9997661479539758,True
ring_growth,concentric_circular_rings,0.6353883327016112,2.0,8.0,3.0,550.0,4,17,71.79455932917368,-545.3338192958622,550.0394833255904,277.5,1,1.0,0.012958888609088157,0.9997704140181509,True
ring_growth,concentric_circular_rings,0.6353883327016112,2.0,8.0,3.0,550.0,4,18,334.8428218805047,-436.37566138842226,550.0394833255904,307.5,1,1.0,0.012958833796641376,0.999766185271052,True
ring_growth,concentric_circular_rings,0.6353883327016112,2.0,8.0,3.0,550.0,4,19,282.18687438269285,775.3020654329263,825.0592249883854,70.0,1,1.0,0.012958930026187017,0.9997736093222641,True
ring_growth,concentric_circular_rings,0.6353883327016112,2.0,8.0,3.0,550.0,4,20,-282.1868743826926,-775.3020654329264,825.0592249883854,250.0,1,1.0,0.012958929871750558,0.9997735974075849,True
ring_growth,concentric_circular_rings,0.6353883327016112,2.0,8.0,3.0,550.0,4,21,812.5247214628057,143.27003088652302,825.0592249883855,10.0,1,1.0,0.012959039903894224,0.9997820863208818,True
ring_growth,concentric_circular_rings,0.6353883327016112,2.0,8.0,3.0,550.0,4,22,714.5222484666426,412.5296124941927,825.0592249883855,29.999999999999996,1,1.0,0.012957211381763357,0.9996410169450299,True
ring_growth,concentric_circular_rings,0.6353883327016112,2.0,8.0,3.0,550.0,4,23,5.05203069494511e-14,825.0592249883855,825.0592249883855,90.0,1,1.0,0.012959624723604016,0.9998272048075841,True
ring_growth,concentric_circular_rings,0.6353883327016112,2.0,8.0,3.0,550.0,4,24,-282.1868743826928,775.3020654329264,825.0592249883855,110.0,1,1.0,0.012958929781382739,0.9997735904357623,True
ring_growth,concentric_circular_rings,0.6353883327016112,2.0,8.0,3.0,550.0,4,25,-714.5222484666426,412.5296124941927,825.0592249883855,150.0,1,1.0,0.012957211050113108,0.9996409913584139,True
ring_growth,concentric_circular_rings,0.6353883327016112,2.0,8.0,3.0,550.0,4,26,-812.5247214628057,143.27003088652296,825.0592249883855,170.0,1,1.0,0.012959039773704549,0.9997820762768271,True
ring_growth,concentric_circular_rings,0.6353883327016112,2.0,8.0,3.0,550.0,4,27,-812.5247214628057,-143.2700308865231,825.0592249883855,190.0,1,1.0,0.012959039860148068,0.9997820829458923,True
ring_growth,concentric_circular_rings,0.6353883327016112,2.0,8.0,3.0,550.0,4,28,-530.3378470801131,-632.0320345464033,825.0592249883855,230.0,1,1.0,0.01295957773456436,0.9998235796316104,True
ring_growth,concentric_circular_rings,0.6353883327016112,2.0,8.0,3.0,550.0,4,29,-1.5156092084835333e-13,-825.0592249883855,825.0592249883855,270.0,1,1.0,0.012959624021995764,0.999827150678932,True
ring_growth,concentric_circular_rings,0.6353883327016112,2.0,8.0,3.0,550.0,4,30,282.186874382693,-775.3020654329263,825.0592249883855,290.0,1,1.0,0.012958930274911833,0.9997736285112332,True
ring_growth,concentric_circular_rings,0.6353883327016112,2.0,8.0,3.0,550.0,4,31,530.3378470801129,-632.0320345464035,825.0592249883855,310.0,1,1.0,0.01295957748525463,0.9998235603975155,True
ring_growth,concentric_circular_rings,0.6353883327016112,2.0,8.0,3.0,550.0,4,32,714.5222484666424,-412.52961249419315,825.0592249883855,330.0,1,1.0,0.012957211107062126,0.9996409957519963,True
ring_growth,concentric_circular_rings,0.6353883327016112,2.0,8.0,3.0,550.0,4,33,812.5247214628057,-143.27003088652305,825.0592249883855,350.0,1,1.0,0.012959039973582517,0.9997820916972915,True
ring_growth,concentric_circular_rings,0.6353883327016112,2.0,8.0,3.0,550.0,4,34,530.3378470801131,632.0320345464035,825.0592249883856,50.0,1,1.0,0.012959577453204469,0.999823557924865,True
ring_growth,concentric_circular_rings,0.6353883327016112,2.0,8.0,3.0,550.0,4,35,-530.3378470801131,632.0320345464035,825.0592249883856,130.0,1,1.0,0.01295957770777813,0.9998235775650689,True
ring_growth,concentric_circular_rings,0.6353883327016112,2.0,8.0,3.0,550.0,4,36,-714.5222484666426,-412.52961249419286,825.0592249883856,210.0,1,1.0,0.01295721127217245,0.9996410084901577,True
ring_growth,concentric_circular_rings,0.6353883327016112,2.0,8.0,3.0,550.0,4,37,-486.5524852976229,986.6308387228912,1100.0789666511805,116.25,1,1.0,0.012957630532054835,0.9996733541363654,True
ring_growth,concentric_circular_rings,0.6353883327016112,2.0,8.0,3.0,550.0,4,38,-986.6308387228912,-486.5524852976229,1100.0789666511805,206.25,1,1.0,0.012957630703541006,0.9996733673664198,True
ring_growth,concentric_circular_rings,0.6353883327016112,2.0,8.0,3.0,550.0,4,39,-71.94860681924905,-1097.7236131399827,1100.0789666511805,266.25,1,1.0,0.012959772704847506,0.9998386214709674,True
ring_growth,concentric_circular_rings,0.6353883327016112,2.0,8.0,3.0,550.0,4,40,486.5524852976228,-986.6308387228912,1100.0789666511805,296.25,1,1.0,0.01295763049065996,0.9996733509427759,True
ring_growth,concentric_circular_rings,0.6353883327016112,2.0,8.0,3.0,550.0,4,41,725.3324629410645,-827.0831584986958,1100.0789666511805,311.25,1,1.0,0.012957833179227959,0.9996889882431383,True
ring_growth,concentric_circular_rings,0.6353883327016112,2.0,8.0,3.0,550.0,4,42,1097.7236131399827,-71.94860681924912,1100.0789666511805,356.25,1,1.0,0.012959772420554053,0.9998385995378994,True
ring_growth,concentric_circular_rings,0.6353883327016112,2.0,8.0,3.0,550.0,4,43,1078.9412577726744,214.61475984714846,1100.0789666511807,11.249999999999998,1,1.0,0.012958508668007025,0.999741101793666,True
ring_growth,concentric_circular_rings,0.6353883327016112,2.0,8.0,3.0,550.0,4,44,986.6308387228912,486.5524852976231,1100.0789666511807,26.250000000000004,1,1.0,0.012957630531717574,0.9996733541103459,True
ring_growth,concentric_circular_rings,0.6353883327016112,2.0,8.0,3.0,550.0,4,45,827.0831584986961,725.3324629410641,1100.0789666511807,41.25,1,1.0,0.012957833429516303,0.9996890075527326,True
ring_growth,concentric_circular_rings,0.6353883327016112,2.0,8.0,3.0,550.0,4,46,611.1711278423597,914.6822319036418,1100.0789666511807,56.25,1,1.0,0.012957347055732713,0.9996514841096615,True
ring_growth,concentric_circular_rings,0.6353883327016112,2.0,8.0,3.0,550.0,4,47,353.60879483161017,1041.6979183458445,1100.0789666511807,71.25,1,1.0,0.012957464085925298,0.9996605129181978,True
ring_growth,concentric_circular_rings,0.6353883327016112,2.0,8.0,3.0,550.0,4,48,71.94860681924939,1097.7236131399827,1100.0789666511807,86.25,1,1.0,0.012959772578473078,0.9998386117212567,True
ring_growth,concentric_circular_rings,0.6353883327016112,2.0,8.0,3.0,550.0,4,49,-214.61475984714838,1078.9412577726744,1100.0789666511807,101.25,1,1.0,0.012958508258849527,0.9997410702274127,True
ring_growth,concentric_circular_rings,0.6353883327016112,2.0,8.0,3.0,550.0,4,50,-725.3324629410641,827.0831584986961,1100.0789666511807,131.25,1,1.0,0.012957833170320194,0.9996889875559097,True
ring_growth,concentric_circular_rings,0.6353883327016112,2.0,8.0,3.0,550.0,4,51,-914.682231903642,611.1711278423596,1100.0789666511807,146.25,1,1.0,0.012957347436373987,0.9996515134759055,True
ring_growth,concentric_circular_rings,0.6353883327016112,2.0,8.0,3.0,550.0,4,52,-1041.6979183458445,353.6087948316102,1100.0789666511807,161.25,1,1.0,0.012957464366282942,0.9996605345476204,True
ring_growth,concentric_circular_rings,0.6353883327016112,2.0,8.0,3.0,550.0,4,53,-1097.7236131399827,71.94860681924946,1100.0789666511807,176.25,1,1.0,0.012959772769147783,0.9998386264316947,True
ring_growth,concentric_circular_rings,0.6353883327016112,2.0,8.0,3.0,550.0,4,54,-1078.9412577726744,-214.61475984714858,1100.0789666511807,191.25,1,1.0,0.01295850887674918,0.999741117897997,True
ring_growth,concentric_circular_rings,0.6353883327016112,2.0,8.0,3.0,550.0,4,55,-827.0831584986961,-725.3324629410641,1100.0789666511807,221.24999999999997,1,1.0,0.012957832604790468,0.9996889439256336,True
ring_growth,concentric_circular_rings,0.6353883327016112,2.0,8.0,3.0,550.0,4,56,-611.1711278423596,-914.6822319036418,1100.0789666511807,236.25,1,1.0,0.01295734755088958,0.9996515223107142,True
ring_growth,concentric_circular_rings,0.6353883327016112,2.0,8.0,3.0,550.0,4,57,-353.6087948316103,-1041.6979183458445,1100.0789666511807,251.25,1,1.0,0.012957463972277093,0.9996605041503075,True
ring_growth,concentric_circular_rings,0.6353883327016112,2.0,8.0,3.0,550.0,4,58,214.6147598471485,-1078.9412577726744,1100.0789666511807,281.25,1,1.0,0.01295850846189419,0.9997410858921855,True
ring_growth,concentric_circular_rings,0.6353883327016112,2.0,8.0,3.0,550.0,4,59,914.6822319036418,-611.1711278423596,1100.0789666511807,326.25,1,1.0,0.012957347560276554,0.9996515230349136,True
ring_growth,concentric_circular_rings,0.6353883327016112,2.0,8.0,3.0,550.0,4,60,1041.6979183458445,-353.60879483161034,1100.0789666511807,341.25,1,1.0,0.01295746410487575,0.9996605143802137,True
design_point_A,square_packing,1.2,2.0,8.0,3.0,550.0,0,1,0.0,-275.0197416627952,275.0197416627952,270.0,1,1.0,0.006980803826281186,0.9997528532285077,True
design_point_A,square_packing,1.2,2.0,8.0,3.0,550.0,0,2,-275.0197416627952,0.0,275.0197416627952,180.0,1,1.0,0.006980803873301336,0.9997528599624785,True
design_point_A,square_packing,1.2,2.0,8.0,3.0,550.0,0,3,275.0197416627952,0.0,275.0197416627952,0.0,1,1.0,0.006980803481021912,0.9997528037823475,True
design_point_A,square_packing,1.2,2.0,8.0,3.0,550.0,0,4,0.0,275.0197416627952,275.0197416627952,90.0,1,1.0,0.006980803564758774,0.9997528157746867,True
design_point_A,square_packing,1.2,2.0,8.0,3.0,550.0,0,5,-275.0197416627952,-275.0197416627952,388.9366485798699,225.0,1,1.0,0.006979366905028937,0.9995470651620401,True
design_point_A,square_packing,1.2,2.0,8.0,3.0,550.0,0,6,275.0197416627952,-275.0197416627952,388.9366485798699,315.0,1,1.0,0.006979366759973807,0.9995470443880312,True
design_point_A,square_packing,1.2,2.0,8.0,3.0,550.0,0,7,-275.0197416627952,275.0197416627952,388.9366485798699,135.0,1,1.0,0.006979366808331396,0.9995470513135428,True
design_point_A,square_packing,1.2,2.0,8.0,3.0,550.0,0,8,275.0197416627952,275.0197416627952,388.9366485798699,45.0,1,1.0,0.0069793668709359526,0.9995470602794277,True
design_point_A,square_packing,1.2,2.0,8.0,3.0,550.0,0,9,0.0,-550.0394833255904,550.0394833255904,270.0,1,1.0,0.006980499599018921,0.9997092834504351,True
design_point_A,square_packing,1.2,2.0,8.0,3.0,550.0,0,10,-550.0394833255904,0.0,550.0394833255904,180.0,1,1.0,0.006980499599018921,0.9997092834504351,True
design_point_A,square_packing,1.2,2.0,8.0,3.0,550.0,0,11,550.0394833255904,0.0,550.0394833255904,0.0,1,1.0,0.006980499044116702,0.9997092039803497,True
design_point_A,square_packing,1.2,2.0,8.0,3.0,550.0,0,12,0.0,550.0394833255904,550.0394833255904,90.0,1,1.0,0.0069804993842897435,0.9997092526980873,True
design_point_A,square_packing,1.2,2.0,8.0,3.0,550.0,0,13,-275.0197416627952,-550.0394833255904,614.9628375124411,243.43494882292202,1,1.0,0.006979150171452268,0.9995160257549665,True
design_point_A,square_packing,1.2,2.0,8.0,3.0,550.0,0,14,275.0197416627952,-550.0394833255904,614.9628375124411,296.565051177078,1,1.0,0.006979150243304748,0.9995160360452888,True
design_point_A,square_packing,1.2,2.0,8.0,3.0,550.0,0,15,-550.0394833255904,-275.0197416627952,614.9628375124411,206.565051177078,1,1.0,0.006979150122635401,0.9995160187636796,True
design_point_A,square_packing,1.2,2.0,8.0,3.0,550.0,0,16,550.0394833255904,-275.0197416627952,614.9628375124411,333.434948822922,1,1.0,0.0069791499714144875,0.9995159971066407,True
design_point_A,square_packing,1.2,2.0,8.0,3.0,550.0,0,17,-550.0394833255904,275.0197416627952,614.9628375124411,153.434948822922,1,1.0,0.006979150333771381,0.9995160490014292,True
design_point_A,square_packing,1.2,2.0,8.0,3.0,550.0,0,18,550.0394833255904,275.0197416627952,614.9628375124411,26.56505117707799,1,1.0,0.00697915018252559,0.9995160273408276,True
design_point_A,square_packing,1.2,2.0,8.0,3.0,550.0,0,19,-275.0197416627952,550.0394833255904,614.9628375124411,116.56505117707799,1,1.0,0.006979150266055313,0.9995160393035013,True
design_point_A,square_packing,1.2,2.0,8.0,3.0,550.0,0,20,275.0197416627952,550.0394833255904,614.9628375124411,63.43494882292201,1,1.0,0.006979150126763872,0.9995160193549367,True
design_point_A,square_packing,1.2,2.0,8.0,3.0,550.0,0,21,-550.0394833255904,-550.0394833255904,777.8732971597398,225.0,1,1.0,0.006978958925581001,0.99948863655879,True
design_point_A,square_packing,1.2,2.0,8.0,3.0,550.0,0,22,550.0394833255904,-550.0394833255904,777.8732971597398,315.0,1,1.0,0.006978958907871027,0.9994886340224636,True
design_point_A,square_packing,1.2,2.0,8.0,3.0,550.0,0,23,-550.0394833255904,550.0394833255904,777.8732971597398,135.0,1,1.0,0.006978958851957312,0.9994886260148047,True
design_point_A,square_packing,1.2,2.0,8.0,3.0,550.0,0,24,550.0394833255904,550.0394833255904,777.8732971597398,45.0,1,1.0,0.006978958722472524,0.9994886074706958,True
design_point_A,triangular_packing,1.2,2.0,8.0,3.0,550.0,0,1,-137.5098708313976,-238.1740828222142,275.0197416627952,240.0,1,1.0,0.006197093962940649,0.9995534772796993,True
design_point_A,triangular_packing,1.2,2.0,8.0,3.0,550.0,0,2,137.5098708313976,-238.1740828222142,275.0197416627952,300.0,1,1.0,0.006197093753154889,0.9995534434425352,True
design_point_A,triangular_packing,1.2,2.0,8.0,3.0,550.0,0,3,-275.0197416627952,0.0,275.0197416627952,180.0,1,1.0,0.006198856216815824,0.9998377180866509,True
design_point_A,triangular_packing,1.2,2.0,8.0,3.0,550.0,0,4,275.0197416627952,0.0,275.0197416627952,0.0,1,1.0,0.006198856165049269,0.9998377097370212,True
design_point_A,triangular_packing,1.2,2.0,8.0,3.0,550.0,0,5,-137.5098708313976,238.1740828222142,275.0197416627952,120.00000000000001,1,1.0,0.006197093784340733,0.9995534484726216,True
design_point_A,triangular_packing,1.2,2.0,8.0,3.0,550.0,0,6,137.5098708313976,238.1740828222142,275.0197416627952,59.99999999999999,1,1.0,0.006197093839995692,0.9995534574494273,True
design_point_A,triangular_packing,1.2,2.0,8.0,3.0,550.0,0,7,0.0,-476.3481656444284,476.3481656444284,270.0,1,1.0,0.0061985003749538406,0.9997803229636086,True
design_point_A,triangular_packing,1.2,2.0,8.0,3.0,550.0,0,8,-412.52961249419275,-238.1740828222142,476.3481656444284,210.0,1,1.0,0.006197556468077322,0.9996280765387046,True
design_point_A,triangular_packing,1.2,2.0,8.0,3.0,550.0,0,9,412.52961249419275,-238.1740828222142,476.3481656444284,330.0,1,1.0,0.006197556557036151,0.9996280908872214,True
design_point_A,triangular_packing,1.2,2.0,8.0,3.0,550.0,0,10,-412.52961249419275,238.1740828222142,476.3481656444284,150.0,1,1.0,0.006197556624928203,0.9996281018377955,True
design_point_A,triangular_packing,1.2,2.0,8.0,3.0,550.0,0,11,412.52961249419275,238.1740828222142,476.3481656444284,30.000000000000004,1,1.0,0.006197556713887032,0.9996281161863123,True
design_point_A,triangular_packing,1.2,2.0,8.0,3.0,550.0,0,12,0.0,476.3481656444284,476.3481656444284,90.0,1,1.0,0.006198500575667119,0.9997803553374369,True
design_point_A,triangular_packing,1.2,2.0,8.0,3.0,550.0,0,13,-275.0197416627952,-476.3481656444284,550.0394833255904,240.0,1,1.0,0.006197614719818604,0.999637472189457,True
design_point_A,triangular_packing,1.2,2.0,8.0,3.0,550.0,0,14,275.0197416627952,-476.3481656444284,550.0394833255904,300.0,1,1.0,0.006197614719818604,0.999637472189457,True
design_point_A,triangular_packing,1.2,2.0,8.0,3.0,550.0,0,15,-550.0394833255904,0.0,550.0394833255904,180.0,1,1.0,0.006198289617714398,0.9997463291057123,True
design_point_A,triangular_packing,1.2,2.0,8.0,3.0,550.0,0,16,550.0394833255904,0.0,550.0394833255904,0.0,1,1.0,0.006198289433764091,0.9997462994356491,True
design_point_A,triangular_packing,1.2,2.0,8.0,3.0,550.0,0,17,-275.0197416627952,476.3481656444284,550.0394833255904,120.00000000000001,1,1.0,0.006197614635159565,0.9996374585344702,True
design_point_A,triangular_packing,1.2,2.0,8.0,3.0,550.0,0,18,275.0197416627952,476.3481656444284,550.0394833255904,59.99999999999999,1,1.0,0.006197614543621238,0.999637443769896,True
design_point_A,triangular_packing,1.2,2.0,8.0,3.0,550.0,0,19,-550.0394833255904,-476.3481656444284,727.6338420729853,220.8933946491309,1,1.0,0.006197155656685558,0.9995634281046536,True
design_point_A,triangular_packing,1.2,2.0,8.0,3.0,550.0,0,20,550.0394833255904,-476.3481656444284,727.6338420729853,319.1066053508691,1,1.0,0.00619715569377173,0.9995634340864271,True
design_point_A,triangular_packing,1.2,2.0,8.0,3.0,550.0,0,21,-550.0394833255904,476.3481656444284,727.6338420729853,139.1066053508691,1,1.0,0.0061971556822824694,0.9995634322332794,True
design_point_A,triangular_packing,1.2,2.0,8.0,3.0,550.0,0,22,550.0394833255904,476.3481656444284,727.6338420729853,40.893394649130904,1,1.0,0.0061971555018649985,0.9995634031330412,True
design_point_A,triangular_packing,1.2,2.0,8.0,3.0,550.0,0,23,687.549354156988,-238.1740828222142,727.6338420729854,340.8933946491309,1,1.0,0.006198371638266383,0.9997595585207308,True
design_point_A,triangular_packing,1.2,2.0,8.0,3.0,550.0,0,24,687.549354156988,238.1740828222142,727.6338420729854,19.106605350869096,1,1.0,0.00619837137822914,0.9997595165783089,True
design_point_A,hexagonal_packing,1.2,2.0,8.0,3.0,550.0,0,1,-238.1740828222142,-137.5098708313976,275.0197416627952,210.0,1,1.0,0.028119376256152347,0.9997021500205123,True
design_point_A,hexagonal_packing,1.2,2.0,8.0,3.0,550.0,0,2,238.1740828222142,-137.5098708313976,275.0197416627952,330.0,1,1.0,0.02811937644301966,0.9997021566640328,True
design_point_A,hexagonal_packing,1.2,2.0,8.0,3.0,550.0,0,3,0.0,275.0197416627952,275.0197416627952,90.0,1,1.0,0.028121526816150835,0.9997786068890663,True
design_point_A,hexagonal_packing,1.2,2.0,8.0,3.0,550.0,0,4,-238.1740828222142,-412.52961249419275,476.3481656444284,240.0,1,1.0,0.028124965875361934,0.9999008725771834,True
design_point_A,hexagonal_packing,1.2,2.0,8.0,3.0,550.0,0,5,238.1740828222142,-412.52961249419275,476.3481656444284,300.0,1,1.0,0.028124966072758353,0.9999008795950355,True
design_point_A,hexagonal_packing,1.2,2.0,8.0,3.0,550.0,0,6,-476.3481656444284,0.0,476.3481656444284,180.0,1,1.0,0.02812501572050896,0.9999026446755471,True
design_point_A,hexagonal_packing,1.2,2.0,8.0,3.0,550.0,0,7,476.3481656444284,0.0,476.3481656444284,0.0,1,1.0,0.028125016069680108,0.9999026570893056,True
design_point_A,hexagonal_packing,1.2,2.0,8.0,3.0,550.0,0,8,-238.1740828222142,412.52961249419275,476.3481656444284,120.00000000000001,1,1.0,0.028124965909414455,0.9999008737878211,True
design_point_A,hexagonal_packing,1.2,2.0,8.0,3.0,550.0,0,9,238.1740828222142,412.52961249419275,476.3481656444284,60.00000000000001,1,1.0,0.028124966041013038,0.9999008784664237,True
design_point_A,hexagonal_packing,1.2,2.0,8.0,3.0,550.0,0,10,0.0,-550.0394833255904,550.0394833255904,270.0,1,1.0,0.028133251701699273,1.0001954508896138,True
design_point_A,hexagonal_packing,1.2,2.0,8.0,3.0,550.0,0,11,-476.3481656444284,275.0197416627952,550.0394833255904,150.0,1,1.0,0.028119062442475643,0.9996909932934054,True
design_point_A,hexagonal_packing,1.2,2.0,8.0,3.0,550.0,0,12,476.3481656444284,275.0197416627952,550.0394833255904,30.000000000000004,1,1.0,0.02811906105462308,0.9996909439523681,True
design_point_A,hexagonal_packing,1.2,2.0,8.0,3.0,550.0,0,13,-476.3481656444284,-550.0394833255904,727.6338420729853,229.10660535086907,1,1.0,0.028131332706170492,1.00012722661826,True
design_point_A,hexagonal_packing,1.2,2.0,8.0,3.0,550.0,0,14,476.3481656444284,-550.0394833255904,727.6338420729853,310.8933946491309,1,1.0,0.02813133309334734,1.0001272403832,True
design_point_A,hexagonal_packing,1.2,2.0,8.0,3.0,550.0,0,15,-714.5222484666426,-137.5098708313976,727.6338420729854,190.8933946491309,1,1.0,0.02811714348949061,0.9996227705345698,True
design_point_A,hexagonal_packing,1.2,2.0,8.0,3.0,550.0,0,16,714.5222484666426,-137.5098708313976,727.6338420729854,349.1066053508691,1,1.0,0.028117144167028155,0.999622794622435,True
design_point_A,hexagonal_packing,1.2,2.0,8.0,3.0,550.0,0,17,-238.1740828222142,687.549354156988,727.6338420729854,109.10660535086909,1,1.0,0.028125466339146248,0.9999186651027582,True
design_point_A,hexagonal_packing,1.2,2.0,8.0,3.0,550.0,0,18,238.1740828222142,687.549354156988,727.6338420729854,70.89339464913091,1,1.0,0.028125466536924725,0.9999186721341933,True
design_point_A,hexagonal_packing,1.2,2.0,8.0,3.0,550.0,0,19,0.0,-825.0592249883855,825.0592249883855,270.0,1,1.0,0.02812178349868364,0.9997877324855083,True
design_point_A,hexagonal_packing,1.2,2.0,8.0,3.0,550.0,0,20,-714.5222484666426,-412.52961249419275,825.0592249883855,210.0,1,1.0,0.028123309917684247,0.9998419998470187,True
design_point_A,hexagonal_packing,1.2,2.0,8.0,3.0,550.0,0,21,714.5222484666426,-412.52961249419275,825.0592249883855,330.0,1,1.0,0.028123310693326565,0.999842027422712,True
design_point_A,hexagonal_packing,1.2,2.0,8.0,3.0,550.0,0,22,-714.5222484666426,412.52961249419275,825.0592249883855,150.0,1,1.0,0.028123309917684247,0.9998419998470187,True
design_point_A,hexagonal_packing,1.2,2.0,8.0,3.0,550.0,0,23,714.5222484666426,412.52961249419275,825.0592249883855,29.999999999999996,1,1.0,0.028123310611083068,0.999842024498785,True
design_point_A,hexagonal_packing,1.2,2.0,8.0,3.0,550.0,0,24,0.0,825.0592249883855,825.0592249883855,90.0,1,1.0,0.028121783498692977,0.9997877324858403,True
design_point_A,hexagonal_packing,1.2,2.0,8.0,3.0,550.0,0,25,-476.3481656444284,-825.0592249883855,952.6963312888568,240.0,1,1.0,0.028119338542521913,0.9997008092227262,True
design_point_A,hexagonal_packing,1.2,2.0,8.0,3.0,550.0,0,26,476.3481656444284,-825.0592249883855,952.6963312888568,300.0,1,1.0,0.028119338789713455,0.9997008180108983,True
design_point_A,hexagonal_packing,1.2,2.0,8.0,3.0,550.0,0,27,-952.6963312888568,0.0,952.6963312888568,180.0,1,1.0,0.028123044789449343,0.9998325739883492,True
design_point_A,hexagonal_packing,1.2,2.0,8.0,3.0,550.0,0,28,952.6963312888568,0.0,952.6963312888568,0.0,1,1.0,0.02812304544292905,0.9998325972209082,True
design_point_A,hexagonal_packing,1.2,2.0,8.0,3.0,550.0,0,29,-476.3481656444284,825.0592249883855,952.6963312888568,120.00000000000001,1,1.0,0.028119338476633452,0.9997008068802548,True
design_point_A,hexagonal_packing,1.2,2.0,8.0,3.0,550.0,0,30,476.3481656444284,825.0592249883855,952.6963312888568,60.00000000000001,1,1.0,0.028119338847418022,0.9997008200624152,True
design_point_A,hexagonal_packing,1.2,2.0,8.0,3.0,550.0,0,31,-952.6963312888568,275.0197416627952,991.597780330068,163.897886248014,1,1.0,0.028117539336011844,0.9996368436994492,True
design_point_A,hexagonal_packing,1.2,2.0,8.0,3.0,550.0,0,32,952.6963312888568,275.0197416627952,991.597780330068,16.102113751986018,1,1.0,0.028117540023398693,0.9996368681374774,True
design_point_A,hexagonal_packing,1.2,2.0,8.0,3.0,550.0,0,33,-714.5222484666426,687.549354156988,991.5977803300681,136.10211375198602,1,1.0,0.028123836884154412,0.9998607345980465,True
design_point_A,hexagonal_packing,1.2,2.0,8.0,3.0,550.0,0,34,714.5222484666426,687.549354156988,991.5977803300681,43.89788624801398,1,1.0,0.02812383743203063,0.9998607540761824,True
design_point_A,hexagonal_packing,1.2,2.0,8.0,3.0,550.0,0,35,-952.6963312888568,-550.0394833255904,1100.0789666511807,210.0,1,1.0,0.028130532988681154,1.000098795002771,True
design_point_A,hexagonal_packing,1.2,2.0,8.0,3.0,550.0,0,36,0.0,1100.0789666511807,1100.0789666511807,90.0,1,1.0,0.028126762455218578,0.999964744717483,True
design_point_A,hexagonal_packing,1.2,2.0,8.0,3.0,550.0,0,37,-1190.8704141110707,-137.5098708313976,1198.7832613867865,186.58677555362945,1,1.0,0.02811568567651986,0.9995709422597209,True
design_point_A,hexagonal_packing,1.2,2.0,8.0,3.0,550.0,0,38,-476.3481656444284,1100.0789666511807,1198.783261386787,113.41322444637053,1,1.0,0.028124016831553512,0.9998671321013243,True
design_point_A,hexagonal_packing,1.2,2.0,8.0,3.0,550.0,0,39,476.3481656444284,1100.0789666511807,1198.783261386787,66.58677555362947,1,1.0,0.028124017201380747,0.9998671452494495,True
design_point_A,hexagonal_packing,1.2,2.0,8.0,3.0,550.0,0,40,-1190.8704141110707,-412.52961249419275,1260.2987837769588,199.1066053508691,1,1.0,0.028122572993667425,0.9998158006697216,True
design_point_A,hexagonal_packing,1.2,2.0,8.0,3.0,550.0,0,41,1190.8704141110707,412.52961249419275,1260.2987837769588,19.1066053508691,1,1.0,0.028122572978399797,0.9998158001269258,True
design_point_A,hexagonal_packing,1.2,2.0,8.0,3.0,550.0,0,42,-952.6963312888568,-825.0592249883855,1260.2987837769592,220.8933946491309,1,1.0,0.02811784360073019,0.9996476609412804,True
design_point_A,hexagonal_packing,1.2,2.0,8.0,3.0,550.0,0,43,952.6963312888568,825.0592249883855,1260.2987837769592,40.893394649130904,1,1.0,0.028117844160426515,0.9996476808396457,True
design_point_A,hexagonal_packing,1.2,2.0,8.0,3.0,550.0,0,44,1190.8704141110707,687.549354156988,1375.0987083139755,30.00000000000001,1,1.0,0.028123132294055928,0.999835684958612,True
design_point_A,hexagonal_packing,1.2,2.0,8.0,3.0,550.0,0,45,952.6963312888568,1100.0789666511807,1455.2676841459706,49.106605350869096,1,1.0,0.028122047966895138,0.9997971348789768,True
design_point_A,hexagonal_packing,1.2,2.0,8.0,3.0,550.0,0,46,-1429.0444969332852,-550.0394833255904,1531.24511670483,201.0517244353729,1,1.0,0.02813061189812996,1.000101600397347,True
design_point_A,hexagonal_packing,1.2,2.0,8.0,3.0,550.0,0,47,-1429.0444969332852,-825.0592249883855,1650.118449976771,210.0,1,1.0,0.028117108200265587,0.9996215159294248,True
design_point_A,hexagonal_packing,1.2,2.0,8.0,3.0,550.0,0,48,1429.0444969332852,825.0592249883855,1650.118449976771,29.999999999999996,1,1.0,0.028117108976105025,0.9996215435121261,True
design_point_A,concentric_hexagonal_rings,1.2,2.0,8.0,3.0,550.0,2,1,275.01974166279524,0.0,275.01974166279524,0.0,1,1.0,0.0038029471125371446,0.9998951027027055,True
design_point_A,concentric_hexagonal_rings,1.2,2.0,8.0,3.0,550.0,2,2,137.50987083139762,238.17408282221425,275.01974166279524,59.99999999999999,1,1.0,0.003802316329919984,0.9997292533150847,True
design_point_A,concentric_hexagonal_rings,1.2,2.0,8.0,3.0,550.0,2,3,-137.50987083139756,238.17408282221427,275.01974166279524,119.99999999999999,1,1.0,0.003802316301069918,0.9997292457296414,True
design_point_A,concentric_hexagonal_rings,1.2,2.0,8.0,3.0,550.0,2,4,-275.01974166279524,3.3680204632967415e-14,275.01974166279524,180.0,1,1.0,0.0038029471297678736,0.9998951072331187,True
design_point_A,concentric_hexagonal_rings,1.2,2.0,8.0,3.0,550.0,2,5,-137.50987083139773,-238.1740828222142,275.01974166279524,239.99999999999994,1,1.0,0.00380231619889234,0.9997292188644611,True
design_point_A,concentric_hexagonal_rings,1.2,2.0,8.0,3.0,550.0,2,6,137.50987083139762,-238.17408282221425,275.01974166279524,300.0,1,1.0,0.0038023162714829607,0.9997292379504499,True
design_point_A,concentric_hexagonal_rings,1.2,2.0,8.0,3.0,550.0,2,7,-531.2973424228829,142.3606938430133,550.0394833255903,165.0,1,1.0,0.0038028145892532875,0.9998602588359355,True
design_point_A,concentric_hexagonal_rings,1.2,2.0,8.0,3.0,550.0,2,8,142.36069384301294,-531.297342422883,550.0394833255903,285.0,1,1.0,0.003802814562086201,0.999860251692992,True
design_point_A,concentric_hexagonal_rings,1.2,2.0,8.0,3.0,550.0,2,9,531.297342422883,142.36069384301317,550.0394833255904,14.999999999999998,1,1.0,0.0038028145790287475,0.9998602561476343,True
design_point_A,concentric_hexagonal_rings,1.2,2.0,8.0,3.0,550.0,2,10,388.9366485798699,388.9366485798699,550.0394833255904,45.0,1,1.0,0.0038023943172110406,0.9997497582309021,True
design_point_A,concentric_hexagonal_rings,1.2,2.0,8.0,3.0,550.0,2,11,142.36069384301317,531.297342422883,550.0394833255904,75.0,1,1.0,0.0038028145242637898,0.9998602417484824,True
design_point_A,concentric_hexagonal_rings,1.2,2.0,8.0,3.0,550.0,2,12,-142.36069384301325,531.297342422883,550.0394833255904,105.00000000000001,1,1.0,0.0038028145204033587,0.9998602407334732,True
design_point_A,concentric_hexagonal_rings,1.2,2.0,8.0,3.0,550.0,2,13,-388.9366485798698,388.9366485798699,550.0394833255904,135.0,1,1.0,0.0038023943380487042,0.9997497637096734,True
design_point_A,concentric_hexagonal_rings,1.2,2.0,8.0,3.0,550.0,2,14,-531.297342422883,-142.3606938430132,550.0394833255904,194.99999999999997,1,1.0,0.003802814523701253,0.9998602416005765,True
design_point_A,concentric_hexagonal_rings,1.2,2.0,8.0,3.0,550.0,2,15,-388.93664857986994,-388.9366485798698,550.0394833255904,224.99999999999997,1,1.0,0.003802394247520567,0.9997497399074384,True
design_point_A,concentric_hexagonal_rings,1.2,2.0,8.0,3.0,550.0,2,16,-142.3606938430131,-531.297342422883,550.0394833255904,255.0,1,1.0,0.003802814562086201,0.999860251692992,True
design_point_A,concentric_hexagonal_rings,1.2,2.0,8.0,3.0,550.0,2,17,388.93664857986977,-388.93664857986994,550.0394833255904,315.0,1,1.0,0.0038023941849981494,0.9997497234686457,True
design_point_A,concentric_hexagonal_rings,1.2,2.0,8.0,3.0,550.0,2,18,531.297342422883,-142.36069384301314,550.0394833255904,345.0,1,1.0,0.003802814523701253,0.9998602416005765,True
design_point_A,concentric_circular_rings,1.2,2.0,8.0,3.0,550.0,4,1,275.01974166279524,0.0,275.01974166279524,0.0,1,1.0,0.013100329654293481,0.9996592221503962,True
design_point_A,concentric_circular_rings,1.2,2.0,8.0,3.0,550.0,4,2,137.50987083139762,238.17408282221425,275.01974166279524,59.99999999999999,1,1.0,0.01309953042072873,0.9995982342802631,True
design_point_A,concentric_circular_rings,1.2,2.0,8.0,3.0,550.0,4,3,-137.50987083139756,238.17408282221427,275.01974166279524,119.99999999999999,1,1.0,0.013099531004246797,0.9995982788073271,True
design_point_A,concentric_circular_rings,1.2,2.0,8.0,3.0,550.0,4,4,-275.01974166279524,3.3680204632967415e-14,275.01974166279524,180.0,1,1.0,0.01310033002059003,0.9996592501017327,True
design_point_A,concentric_circular_rings,1.2,2.0,8.0,3.0,550.0,4,5,-137.50987083139773,-238.1740828222142,275.01974166279524,239.99999999999994,1,1.0,0.013099530661496774,0.9995982526527776,True
design_point_A,concentric_circular_rings,1.2,2.0,8.0,3.0,550.0,4,6,137.50987083139762,-238.17408282221425,275.01974166279524,300.0,1,1.0,0.013099531059688306,0.9995982830379547,True
design_point_A,concentric_circular_rings,1.2,2.0,8.0,3.0,550.0,4,7,545.3338192958621,71.79455932917385,550.0394833255903,7.499999999999999,1,1.0,0.013099639997874949,0.9996065958870047,True
design_point_A,concentric_circular_rings,1.2,2.0,8.0,3.0,550.0,4,8,-71.79455932917388,545.3338192958621,550.0394833255903,97.5,1,1.0,0.013099640172998368,0.9996066092503129,True
design_point_A,concentric_circular_rings,1.2,2.0,8.0,3.0,550.0,4,9,-210.49099741535733,-508.1702207175961,550.0394833255903,247.5,1,1.0,0.013099831037118108,0.9996211736988809,True
design_point_A,concentric_circular_rings,1.2,2.0,8.0,3.0,550.0,4,10,508.1702207175961,-210.49099741535736,550.0394833255903,337.5,1,1.0,0.013099831245869603,0.9996211896282784,True
design_point_A,concentric_circular_rings,1.2,2.0,8.0,3.0,550.0,4,11,436.37566138842226,334.84282188050474,550.0394833255904,37.5,1,1.0,0.01310005607391758,0.9996383457943817,True
design_point_A,concentric_circular_rings,1.2,2.0,8.0,3.0,550.0,4,12,210.49099741535753,508.1702207175961,550.0394833255904,67.5,1,1.0,0.01309983148642068,0.9996212079842365,True
design_point_A,concentric_circular_rings,1.2,2.0,8.0,3.0,550.0,4,13,-334.84282188050474,436.37566138842226,550.0394833255904,127.50000000000001,1,1.0,0.013100056626347922,0.9996383879492053,True
design_point_A,concentric_circular_rings,1.2,2.0,8.0,3.0,550.0,4,14,-508.1702207175961,210.49099741535753,550.0394833255904,157.5,1,1.0,0.01309983143200579,0.9996212038319481,True
design_point_A,concentric_circular_rings,1.2,2.0,8.0,3.0,550.0,4,15,-545.3338192958622,-71.79455932917372,550.0394833255904,187.49999999999997,1,1.0,0.013099639545041859,0.9996065613322426,True
design_point_A,concentric_circular_rings,1.2,2.0,8.0,3.0,550.0,4,16,-436.37566138842226,-334.84282188050474,550.0394833255904,217.49999999999997,1,1.0,0.013100055896523756,0.9996383322578237,True
design_point_A,concentric_circular_rings,1.2,2.0,8.0,3.0,550.0,4,17,71.79455932917368,-545.3338192958622,550.0394833255904,277.5,1,1.0,0.013099640297479467,0.9996066187492095,True
design_point_A,concentric_circular_rings,1.2,2.0,8.0,3.0,550.0,4,18,334.8428218805047,-436.37566138842226,550.0394833255904,307.5,1,1.0,0.013100056304563413,0.9996383633944911,True
design_point_A,concentric_circular_rings,1.2,2.0,8.0,3.0,550.0,4,19,282.18687438269285,775.3020654329263,825.0592249883854,70.0,1,1.0,0.013099682032729347,0.9996098034803218,True
design_point_A,concentric_circular_rings,1.2,2.0,8.0,3.0,550.0,4,20,-282.1868743826926,-775.3020654329264,825.0592249883854,250.0,1,1.0,0.013099681593830344,0.9996097699888413,True
design_point_A,concentric_circular_rings,1.2,2.0,8.0,3.0,550.0,4,21,812.5247214628057,143.27003088652302,825.0592249883855,10.0,1,1.0,0.01309982748212258,0.9996209024244811,True
design_point_A,concentric_circular_rings,1.2,2.0,8.0,3.0,550.0,4,22,714.5222484666426,412.5296124941927,825.0592249883855,29.999999999999996,1,1.0,0.013096646292587166,0.9993781523914358,True
design_point_A,concentric_circular_rings,1.2,2.0,8.0,3.0,550.0,4,23,5.05203069494511e-14,825.0592249883855,825.0592249883855,90.0,1,1.0,0.013101167515978783,0.9997231576529905,True
design_point_A,concentric_circular_rings,1.2,2.0,8.0,3.0,550.0,4,24,-282.1868743826928,775.3020654329264,825.0592249883855,110.0,1,1.0,0.01309968151615049,0.9996097640612513,True
design_point_A,concentric_circular_rings,1.2,2.0,8.0,3.0,550.0,4,25,-714.5222484666426,412.5296124941927,825.0592249883855,150.0,1,1.0,0.013096646541007487,0.9993781713478798,True
design_point_A,concentric_circular_rings,1.2,2.0,8.0,3.0,550.0,4,26,-812.5247214628057,143.27003088652296,825.0592249883855,170.0,1,1.0,0.013099827977309906,0.999620940211208,True
design_point_A,concentric_circular_rings,1.2,2.0,8.0,3.0,550.0,4,27,-812.5247214628057,-143.2700308865231,825.0592249883855,190.0,1,1.0,0.013099827276242112,0.9996208867141659,True
design_point_A,concentric_circular_rings,1.2,2.0,8.0,3.0,550.0,4,28,-530.3378470801131,-632.0320345464033,825.0592249883855,230.0,1,1.0,0.013101158229842182,0.9997224490469984,True
design_point_A,concentric_circular_rings,1.2,2.0,8.0,3.0,550.0,4,29,-1.5156092084835333e-13,-825.0592249883855,825.0592249883855,270.0,1,1.0,0.013101167804826517,0.9997231796943672,True
design_point_A,concentric_circular_rings,1.2,2.0,8.0,3.0,550.0,4,30,282.186874382693,-775.3020654329263,825.0592249883855,290.0,1,1.0,0.0130996821104092,0.9996098094079118,True
design_point_A,concentric_circular_rings,1.2,2.0,8.0,3.0,550.0,4,31,530.3378470801129,-632.0320345464035,825.0592249883855,310.0,1,1.0,0.013101158001970134,0.9997224316585509,True
design_point_A,concentric_circular_rings,1.2,2.0,8.0,3.0,550.0,4,32,714.5222484666424,-412.52961249419315,825.0592249883855,330.0,1,1.0,0.01309664609426695,0.9993781372580278,True
design_point_A,concentric_circular_rings,1.2,2.0,8.0,3.0,550.0,4,33,812.5247214628057,-143.27003088652305,825.0592249883855,350.0,1,1.0,0.01309982751197553,0.9996209047024983,True
design_point_A,concentric_circular_rings,1.2,2.0,8.0,3.0,550.0,4,34,530.3378470801131,632.0320345464035,825.0592249883856,50.0,1,1.0,0.013101157979472238,0.9997224299417827,True
design_point_A,concentric_circular_rings,1.2,2.0,8.0,3.0,550.0,4,35,-530.3378470801131,632.0320345464035,825.0592249883856,130.0,1,1.0,0.013101158207257454,0.9997224473236043,True
design_point_A,concentric_circular_rings,1.2,2.0,8.0,3.0,550.0,4,36,-714.5222484666426,-412.52961249419286,825.0592249883856,210.0,1,1.0,0.013096646288452994,0.9993781520759656,True
design_point_A,concentric_circular_rings,1.2,2.0,8.0,3.0,550.0,4,37,-486.5524852976229,986.6308387228912,1100.0789666511805,116.25,1,1.0,0.013097761057650302,0.9994632178214901,True
design_point_A,concentric_circular_rings,1.2,2.0,8.0,3.0,550.0,4,38,-986.6308387228912,-486.5524852976229,1100.0789666511805,206.25,1,1.0,0.013097761206640276,0.9994632291906086,True
design_point_A,concentric_circular_rings,1.2,2.0,8.0,3.0,550.0,4,39,-71.94860681924905,-1097.7236131399827,1100.0789666511805,266.25,1,1.0,0.013101734709036182,0.9997664389890737,True
design_point_A,concentric_circular_rings,1.2,2.0,8.0,3.0,550.0,4,40,486.5524852976228,-986.6308387228912,1100.0789666511805,296.25,1,1.0,0.013097760950902685,0.9994632096757988,True
design_point_A,concentric_circular_rings,1.2,2.0,8.0,3.0,550.0,4,41,725.3324629410645,-827.0831584986958,1100.0789666511805,311.25,1,1.0,0.013098018576083972,0.9994828685237155,True
design_point_A,concentric_circular_rings,1.2,2.0,8.0,3.0,550.0,4,42,1097.7236131399827,-71.94860681924912,1100.0789666511805,356.25,1,1.0,0.01310173446833511,0.9997664206216698,True
design_point_A,concentric_circular_rings,1.2,2.0,8.0,3.0,550.0,4,43,1078.9412577726744,214.61475984714846,1100.0789666511807,11.249999999999998,1,1.0,0.013099657081693078,0.9996078995180425,True
design_point_A,concentric_circular_rings,1.2,2.0,8.0,3.0,550.0,4,44,986.6308387228912,486.5524852976231,1100.0789666511807,26.250000000000004,1,1.0,0.01309776158782173,0.9994632582777817,True
design_point_A,concentric_circular_rings,1.2,2.0,8.0,3.0,550.0,4,45,827.0831584986961,725.3324629410641,1100.0789666511807,41.25,1,1.0,0.0130980179571782,0.9994828212962884,True
design_point_A,concentric_circular_rings,1.2,2.0,8.0,3.0,550.0,4,46,611.1711278423597,914.6822319036418,1100.0789666511807,56.25,1,1.0,0.013096916947900097,0.9993988055419087,True
design_point_A,concentric_circular_rings,1.2,2.0,8.0,3.0,550.0,4,47,353.60879483161017,1041.6979183458445,1100.0789666511807,71.25,1,1.0,0.013096893201870113,0.9993969935311815,True
design_point_A,concentric_circular_rings,1.2,2.0,8.0,3.0,550.0,4,48,71.94860681924939,1097.7236131399827,1100.0789666511807,86.25,1,1.0,0.013101734615220604,0.9997664318301998,True
design_point_A,concentric_circular_rings,1.2,2.0,8.0,3.0,550.0,4,49,-214.61475984714838,1078.9412577726744,1100.0789666511807,101.25,1,1.0,0.013099657358117004,0.9996079206113839,True
design_point_A,concentric_circular_rings,1.2,2.0,8.0,3.0,550.0,4,50,-725.3324629410641,827.0831584986961,1100.0789666511807,131.25,1,1.0,0.013098017730403266,0.9994828039915595,True
design_point_A,concentric_circular_rings,1.2,2.0,8.0,3.0,550.0,4,51,-914.682231903642,611.1711278423596,1100.0789666511807,146.25,1,1.0,0.013096916598910657,0.9993987789112421,True
design_point_A,concentric_circular_rings,1.2,2.0,8.0,3.0,550.0,4,52,-1041.6979183458445,353.6087948316102,1100.0789666511807,161.25,1,1.0,0.013096892935878535,0.9993969732339111,True
design_point_A,concentric_circular_rings,1.2,2.0,8.0,3.0,550.0,4,53,-1097.7236131399827,71.94860681924946,1100.0789666511807,176.25,1,1.0,0.013101734858277701,0.9997664503773872,True
design_point_A,concentric_circular_rings,1.2,2.0,8.0,3.0,550.0,4,54,-1078.9412577726744,-214.61475984714858,1100.0789666511807,191.25,1,1.0,0.013099657009385465,0.9996078940003973,True
design_point_A,concentric_circular_rings,1.2,2.0,8.0,3.0,550.0,4,55,-827.0831584986961,-725.3324629410641,1100.0789666511807,221.24999999999997,1,1.0,0.013098018038191484,0.9994828274782457,True
design_point_A,concentric_circular_rings,1.2,2.0,8.0,3.0,550.0,4,56,-611.1711278423596,-914.6822319036418,1100.0789666511807,236.25,1,1.0,0.013096916252548224,0.9993987524810369,True
design_point_A,concentric_circular_rings,1.2,2.0,8.0,3.0,550.0,4,57,-353.6087948316103,-1041.6979183458445,1100.0789666511807,251.25,1,1.0,0.013096892554118231,0.9993969441025672,True
design_point_A,concentric_circular_rings,1.2,2.0,8.0,3.0,550.0,4,58,214.6147598471485,-1078.9412577726744,1100.0789666511807,281.25,1,1.0,0.013099657599133317,0.9996079390028433,True
design_point_A,concentric_circular_rings,1.2,2.0,8.0,3.0,550.0,4,59,914.6822319036418,-611.1711278423596,1100.0789666511807,326.25,1,1.0,0.013096916751111347,0.9993987905253638,True
design_point_A,concentric_circular_rings,1.2,2.0,8.0,3.0,550.0,4,60,1041.6979183458445,-353.60879483161034,1100.0789666511807,341.25,1,1.0,0.013096893241037095,0.9993969965199334,True
design_point_B,square_packing,1.0,2.5,8.0,3.0,550.0,0,1,0.0,-343.774677078494,343.774677078494,270.0,1,1.0,0.010425820471450702,0.9999579718021895,True
design_point_B,square_packing,1.0,2.5,8.0,3.0,550.0,0,2,-343.774677078494,0.0,343.774677078494,180.0,1,1.0,0.010425819708357202,0.9999578986126089,True
design_point_B,square_packing,1.0,2.5,8.0,3.0,550.0,0,3,343.774677078494,0.0,343.774677078494,0.0,1,1.0,0.010425819708357202,0.9999578986126089,True
design_point_B,square_packing,1.0,2.5,8.0,3.0,550.0,0,4,0.0,343.774677078494,343.774677078494,90.0,1,1.0,0.010425819876602686,0.9999579147493161,True
design_point_B,square_packing,1.0,2.5,8.0,3.0,550.0,0,5,-343.774677078494,-343.774677078494,486.1708107248374,225.0,1,1.0,0.010424988616834954,0.99987818722728,True
design_point_B,square_packing,1.0,2.5,8.0,3.0,550.0,0,6,343.774677078494,-343.774677078494,486.1708107248374,315.0,1,1.0,0.010424988616834954,0.99987818722728,True
design_point_B,square_packing,1.0,2.5,8.0,3.0,550.0,0,7,-343.774677078494,343.774677078494,486.1708107248374,135.0,1,1.0,0.01042498804600899,0.999878132478402,True
design_point_B,square_packing,1.0,2.5,8.0,3.0,550.0,0,8,343.774677078494,343.774677078494,486.1708107248374,45.0,1,1.0,0.01042498804600899,0.999878132478402,True
design_point_B,square_packing,1.0,2.5,8.0,3.0,550.0,0,9,0.0,-687.549354156988,687.549354156988,270.0,1,1.0,0.010426119864884956,0.9999866871298807,True
design_point_B,square_packing,1.0,2.5,8.0,3.0,550.0,0,10,-687.549354156988,0.0,687.549354156988,180.0,1,1.0,0.010426119979162993,0.9999866980904794,True
design_point_B,square_packing,1.0,2.5,8.0,3.0,550.0,0,11,687.549354156988,0.0,687.549354156988,0.0,1,1.0,0.010426119979162993,0.9999866980904794,True
design_point_B,square_packing,1.0,2.5,8.0,3.0,550.0,0,12,0.0,687.549354156988,687.549354156988,90.0,1,1.0,0.010426120267463071,0.9999867257418247,True
design_point_B,square_packing,1.0,2.5,8.0,3.0,550.0,0,13,-343.774677078494,-687.549354156988,768.7035468905514,243.43494882292202,1,1.0,0.010424995892253706,0.9998788850249256,True
design_point_B,square_packing,1.0,2.5,8.0,3.0,550.0,0,14,343.774677078494,-687.549354156988,768.7035468905514,296.565051177078,1,1.0,0.010424995892253706,0.9998788850249256,True
design_point_B,square_packing,1.0,2.5,8.0,3.0,550.0,0,15,-687.549354156988,-343.774677078494,768.7035468905514,206.565051177078,1,1.0,0.010424995672680392,0.9998788639652799,True
design_point_B,square_packing,1.0,2.5,8.0,3.0,550.0,0,16,687.549354156988,-343.774677078494,768.7035468905514,333.434948822922,1,1.0,0.010424995756579408,0.9998788720121756,True
design_point_B,square_packing,1.0,2.5,8.0,3.0,550.0,0,17,-687.549354156988,343.774677078494,768.7035468905514,153.434948822922,1,1.0,0.01042499526022072,0.9998788244055792,True
design_point_B,square_packing,1.0,2.5,8.0,3.0,550.0,0,18,687.549354156988,343.774677078494,768.7035468905514,26.56505117707799,1,1.0,0.01042499526022072,0.9998788244055792,True
design_point_B,square_packing,1.0,2.5,8.0,3.0,550.0,0,19,-343.774677078494,687.549354156988,768.7035468905514,116.56505117707799,1,1.0,0.01042499551489011,0.9998788488313487,True
design_point_B,square_packing,1.0,2.5,8.0,3.0,550.0,0,20,343.774677078494,687.549354156988,768.7035468905514,63.43494882292201,1,1.0,0.01042499523789551,0.9998788222643308,True
design_point_B,square_packing,1.0,2.5,8.0,3.0,550.0,0,21,-687.549354156988,-687.549354156988,972.3416214496748,225.0,1,1.0,0.010424777152749093,0.999857905351241,True
design_point_B,square_packing,1.0,2.5,8.0,3.0,550.0,0,22,687.549354156988,-687.549354156988,972.3416214496748,315.0,1,1.0,0.010424777265181201,0.9998579161347936,True
design_point_B,square_packing,1.0,2.5,8.0,3.0,550.0,0,23,-687.549354156988,687.549354156988,972.3416214496748,135.0,1,1.0,0.01042477675561118,0.999857867261076,True
design_point_B,square_packing,1.0,2.5,8.0,3.0,550.0,0,24,687.549354156988,687.549354156988,972.3416214496748,45.0,1,1.0,0.01042477675561118,0.999857867261076,True
design_point_B,triangular_packing,1.0,2.5,8.0,3.0,550.0,0,1,-171.887338539247,-297.71760352776766,343.7746770784939,240.0,1,1.0,0.009233742133318554,0.9998939178539786,True
design_point_B,triangular_packing,1.0,2.5,8.0,3.0,550.0,0,2,171.887338539247,-297.71760352776766,343.7746770784939,300.0,1,1.0,0.00923374231110379,0.9998939371058024,True
design_point_B,triangular_packing,1.0,2.5,8.0,3.0,550.0,0,3,-171.887338539247,297.71760352776766,343.7746770784939,120.00000000000001,1,1.0,0.009233742014517262,0.9998939049893473,True
design_point_B,triangular_packing,1.0,2.5,8.0,3.0,550.0,0,4,171.887338539247,297.71760352776766,343.7746770784939,59.99999999999999,1,1.0,0.009233742014517262,0.9998939049893473,True
design_point_B,triangular_packing,1.0,2.5,8.0,3.0,550.0,0,5,-343.774677078494,0.0,343.774677078494,180.0,1,1.0,0.009234714255350636,0.999999185999142,True
design_point_B,triangular_packing,1.0,2.5,8.0,3.0,550.0,0,6,343.774677078494,0.0,343.774677078494,0.0,1,1.0,0.009234714255350636,0.999999185999142,True
design_point_B,triangular_packing,1.0,2.5,8.0,3.0,550.0,0,7,0.0,-595.4352070555353,595.4352070555353,270.0,1,1.0,0.00923483993440548,1.0000127954026454,True
design_point_B,triangular_packing,1.0,2.5,8.0,3.0,550.0,0,8,0.0,595.4352070555353,595.4352070555353,90.0,1,1.0,0.009234840093009086,1.0000128125773489,True
design_point_B,triangular_packing,1.0,2.5,8.0,3.0,550.0,0,9,-515.662015617741,-297.71760352776766,595.4352070555354,210.0,1,1.0,0.009233754271120288,0.9998952322196989,True
design_point_B,triangular_packing,1.0,2.5,8.0,3.0,550.0,0,10,515.662015617741,-297.71760352776766,595.4352070555354,330.0,1,1.0,0.009233754271120288,0.9998952322196989,True
design_point_B,triangular_packing,1.0,2.5,8.0,3.0,550.0,0,11,-515.662015617741,297.71760352776766,595.4352070555354,150.0,1,1.0,0.009233754587066904,0.9998952664325993,True
design_point_B,triangular_packing,1.0,2.5,8.0,3.0,550.0,0,12,515.662015617741,297.71760352776766,595.4352070555354,29.999999999999993,1,1.0,0.009233754701640501,0.9998952788394265,True
design_point_B,triangular_packing,1.0,2.5,8.0,3.0,550.0,0,13,-343.774677078494,-595.4352070555353,687.5493541569878,240.0,1,1.0,0.009233722891964983,0.9998918342661841,True
design_point_B,triangular_packing,1.0,2.5,8.0,3.0,550.0,0,14,343.774677078494,-595.4352070555353,687.5493541569878,300.0,1,1.0,0.009233723210168585,0.9998918687234867,True
design_point_B,triangular_packing,1.0,2.5,8.0,3.0,550.0,0,15,-343.774677078494,595.4352070555353,687.5493541569878,120.00000000000001,1,1.0,0.009233723618775003,0.9998919129702358,True
design_point_B,triangular_packing,1.0,2.5,8.0,3.0,550.0,0,16,343.774677078494,595.4352070555353,687.5493541569878,59.99999999999999,1,1.0,0.009233723505123016,0.999891900663207,True
design_point_B,triangular_packing,1.0,2.5,8.0,3.0,550.0,0,17,-687.549354156988,0.0,687.549354156988,180.0,1,1.0,0.00923442581521218,0.9999679516917568,True
design_point_B,triangular_packing,1.0,2.5,8.0,3.0,550.0,0,18,687.549354156988,0.0,687.549354156988,0.0,1,1.0,0.00923442581521218,0.9999679516917568,True
design_point_B,triangular_packing,1.0,2.5,8.0,3.0,550.0,0,19,-687.549354156988,-595.4352070555353,909.5423025912316,220.8933946491309,1,1.0,0.009233879203013827,0.9999087607153718,True
design_point_B,triangular_packing,1.0,2.5,8.0,3.0,550.0,0,20,687.549354156988,-595.4352070555353,909.5423025912316,319.10660535086913,1,1.0,0.009233879319045128,0.9999087732800493,True
design_point_B,triangular_packing,1.0,2.5,8.0,3.0,550.0,0,21,859.4366926962349,-297.71760352776766,909.5423025912316,340.8933946491309,1,1.0,0.009234420544775726,0.9999673809721853,True
design_point_B,triangular_packing,1.0,2.5,8.0,3.0,550.0,0,22,859.4366926962349,297.71760352776766,909.5423025912316,19.106605350869092,1,1.0,0.009234419946027327,0.9999673161355378,True
design_point_B,triangular_packing,1.0,2.5,8.0,3.0,550.0,0,23,-687.549354156988,595.4352070555353,909.5423025912316,139.1066053508691,1,1.0,0.009233879488651052,0.9999087916461603,True
design_point_B,triangular_packing,1.0,2.5,8.0,3.0,550.0,0,24,687.549354156988,595.4352070555353,909.5423025912316,40.8933946491309,1,1.0,0.009233879574522591,0.9999088009449287,True
design_point_B,hexagonal_packing,1.0,2.5,8.0,3.0,550.0,0,1,-297.71760352776766,-171.887338539247,343.7746770784939,210.0,1,1.0,0.025636500937162424,0.9997869191606876,True
design_point_B,hexagonal_packing,1.0,2.5,8.0,3.0,550.0,0,2,297.71760352776766,-171.887338539247,343.7746770784939,330.0,1,1.0,0.02563650062518871,0.9997869069941584,True
design_point_B,hexagonal_packing,1.0,2.5,8.0,3.0,550.0,0,3,0.0,343.774677078494,343.774677078494,90.0,1,1.0,0.025641691689835502,0.9999893511008289,True
design_point_B,hexagonal_packing,1.0,2.5,8.0,3.0,550.0,0,4,-595.4352070555353,0.0,595.4352070555353,180.0,1,1.0,0.025639647442339875,0.9999096283683598,True
design_point_B,hexagonal_packing,1.0,2.5,8.0,3.0,550.0,0,5,595.4352070555353,0.0,595.4352070555353,0.0,1,1.0,0.02563964741283916,0.9999096272178741,True
design_point_B,hexagonal_packing,1.0,2.5,8.0,3.0,550.0,0,6,-297.71760352776766,-515.662015617741,595.4352070555354,240.0,1,1.0,0.02563452447532352,0.9997098399720105,True
design_point_B,hexagonal_packing,1.0,2.5,8.0,3.0,550.0,0,7,297.71760352776766,-515.662015617741,595.4352070555354,300.0,1,1.0,0.02563452517841103,0.9997098673914192,True
design_point_B,hexagonal_packing,1.0,2.5,8.0,3.0,550.0,0,8,-297.71760352776766,515.662015617741,595.4352070555354,119.99999999999999,1,1.0,0.0256345239592861,0.9997098198472882,True
design_point_B,hexagonal_packing,1.0,2.5,8.0,3.0,550.0,0,9,297.71760352776766,515.662015617741,595.4352070555354,60.00000000000001,1,1.0,0.02563452560034677,0.9997098838463104,True
design_point_B,hexagonal_packing,1.0,2.5,8.0,3.0,550.0,0,10,-595.4352070555353,343.774677078494,687.5493541569878,150.0,1,1.0,0.025643036721780872,1.0000418054255484,True
design_point_B,hexagonal_packing,1.0,2.5,8.0,3.0,550.0,0,11,595.4352070555353,343.774677078494,687.5493541569878,30.00000000000001,1,1.0,0.025643036854954337,1.0000418106191236,True
design_point_B,hexagonal_packing,1.0,2.5,8.0,3.0,550.0,0,12,0.0,-687.549354156988,687.549354156988,270.0,1,1.0,0.025637367824741086,0.9998207265380538,True
design_point_B,hexagonal_packing,1.0,2.5,8.0,3.0,550.0,0,13,-893.1528105833031,-171.887338539247,909.5423025912315,190.8933946491309,1,1.0,0.025636330929609607,0.9997802891089547,True
design_point_B,hexagonal_packing,1.0,2.5,8.0,3.0,550.0,0,14,893.1528105833031,-171.887338539247,909.5423025912315,349.1066053508691,1,1.0,0.02563633063587801,0.9997802776538419,True
design_point_B,hexagonal_packing,1.0,2.5,8.0,3.0,550.0,0,15,-595.4352070555353,-687.549354156988,909.5423025912316,229.1066053508691,1,1.0,0.025635386116615973,0.9997434427517079,True
design_point_B,hexagonal_packing,1.0,2.5,8.0,3.0,550.0,0,16,595.4352070555353,-687.549354156988,909.5423025912316,310.89339464913087,1,1.0,0.025635386546660636,0.9997434595228355,True
design_point_B,hexagonal_packing,1.0,2.5,8.0,3.0,550.0,0,17,-297.71760352776766,859.4366926962349,909.5423025912316,109.10660535086909,1,1.0,0.025641814627661578,0.99999414550045,True
design_point_B,hexagonal_packing,1.0,2.5,8.0,3.0,550.0,0,18,297.71760352776766,859.4366926962349,909.5423025912316,70.89339464913091,1,1.0,0.025641813561050296,0.9999941039041335,True
design_point_B,hexagonal_packing,1.0,2.5,8.0,3.0,550.0,0,19,-893.1528105833031,-515.662015617741,1031.3240312354817,210.0,1,1.0,0.025635522648586845,0.9997487673035592,True
design_point_B,hexagonal_packing,1.0,2.5,8.0,3.0,550.0,0,20,893.1528105833031,-515.662015617741,1031.3240312354817,330.0,1,1.0,0.02563552235267651,0.9997487557634788,True
design_point_B,hexagonal_packing,1.0,2.5,8.0,3.0,550.0,0,21,-893.1528105833031,515.662015617741,1031.3240312354817,150.0,1,1.0,0.025635522812901164,0.9997487737115829,True
design_point_B,hexagonal_packing,1.0,2.5,8.0,3.0,550.0,0,22,893.1528105833031,515.662015617741,1031.3240312354817,30.000000000000004,1,1.0,0.02563552251699083,0.9997487621715025,True
design_point_B,hexagonal_packing,1.0,2.5,8.0,3.0,550.0,0,23,0.0,-1031.324031235482,1031.324031235482,270.0,1,1.0,0.025638145232272067,0.9998510443213674,True
design_point_B,hexagonal_packing,1.0,2.5,8.0,3.0,550.0,0,24,0.0,1031.324031235482,1031.324031235482,90.0,1,1.0,0.025638145448969023,0.9998510527722391,True
design_point_B,hexagonal_packing,1.0,2.5,8.0,3.0,550.0,0,25,-1190.8704141110707,0.0,1190.8704141110707,180.0,1,1.0,0.025638250720646266,0.9998551582172889,True
design_point_B,hexagonal_packing,1.0,2.5,8.0,3.0,550.0,0,26,1190.8704141110707,0.0,1190.8704141110707,0.0,1,1.0,0.02563825072571302,0.999855158414885,True
design_point_B,hexagonal_packing,1.0,2.5,8.0,3.0,550.0,0,27,-595.4352070555353,-1031.324031235482,1190.8704141110709,240.0,1,1.0,0.02563750113067341,0.9998259252790095,True
design_point_B,hexagonal_packing,1.0,2.5,8.0,3.0,550.0,0,28,595.4352070555353,-1031.324031235482,1190.8704141110709,300.0,1,1.0,0.025637501876868595,0.9998259543795559,True
design_point_B,hexagonal_packing,1.0,2.5,8.0,3.0,550.0,0,29,-595.4352070555353,1031.324031235482,1190.8704141110709,119.99999999999999,1,1.0,0.02563750203945508,0.9998259607201966,True
design_point_B,hexagonal_packing,1.0,2.5,8.0,3.0,550.0,0,30,595.4352070555353,1031.324031235482,1190.8704141110709,60.00000000000001,1,1.0,0.02563750210352156,0.9998259632186978,True
design_point_B,hexagonal_packing,1.0,2.5,8.0,3.0,550.0,0,31,-1190.8704141110707,343.774677078494,1239.4972254125846,163.89788624801398,1,1.0,0.025640517860013205,0.9999435734143759,True
design_point_B,hexagonal_packing,1.0,2.5,8.0,3.0,550.0,0,32,1190.8704141110707,343.774677078494,1239.4972254125846,16.10211375198602,1,1.0,0.0256405175602092,0.9999435617224479,True
design_point_B,hexagonal_packing,1.0,2.5,8.0,3.0,550.0,0,33,-893.1528105833031,859.4366926962349,1239.4972254125848,136.10211375198602,1,1.0,0.025639975292672274,0.9999224140630448,True
design_point_B,hexagonal_packing,1.0,2.5,8.0,3.0,550.0,0,34,893.1528105833031,859.4366926962349,1239.4972254125848,43.89788624801399,1,1.0,0.025639975056197185,0.9999224048408542,True
design_point_B,hexagonal_packing,1.0,2.5,8.0,3.0,550.0,0,35,-1190.8704141110707,-687.549354156988,1375.0987083139755,210.0,1,1.0,0.0256337765914244,0.99968067356817,True
design_point_B,hexagonal_packing,1.0,2.5,8.0,3.0,550.0,0,36,0.0,1375.098708313976,1375.098708313976,90.0,1,1.0,0.025638229478717516,0.9998543298124081,True
design_point_B,hexagonal_packing,1.0,2.5,8.0,3.0,550.0,0,37,-1488.5880176388384,-171.887338539247,1498.4790767334832,186.58677555362945,1,1.0,0.02563877429252436,0.999875576772701,True
design_point_B,hexagonal_packing,1.0,2.5,8.0,3.0,550.0,0,38,-595.4352070555353,1375.098708313976,1498.4790767334837,113.41322444637053,1,1.0,0.025637647151481827,0.9998316198819718,True
design_point_B,hexagonal_packing,1.0,2.5,8.0,3.0,550.0,0,39,595.4352070555353,1375.098708313976,1498.4790767334837,66.58677555362948,1,1.0,0.025637647426376215,0.9998316306024603,True
design_point_B,hexagonal_packing,1.0,2.5,8.0,3.0,550.0,0,40,-1190.8704141110707,-1031.324031235482,1575.3734797211987,220.89339464913093,1,1.0,0.025635499081122448,0.9997478482061098,True
design_point_B,hexagonal_packing,1.0,2.5,8.0,3.0,550.0,0,41,-1488.5880176388384,-515.662015617741,1575.3734797211987,199.1066053508691,1,1.0,0.025636370998383125,0.9997818517338904,True
design_point_B,hexagonal_packing,1.0,2.5,8.0,3.0,550.0,0,42,1488.5880176388384,515.662015617741,1575.3734797211987,19.1066053508691,1,1.0,0.025636370537548525,0.9997818337619993,True
design_point_B,hexagonal_packing,1.0,2.5,8.0,3.0,550.0,0,43,1190.8704141110707,1031.324031235482,1575.3734797211987,40.89339464913092,1,1.0,0.025635500898693618,0.9997479190887893,True
design_point_B,concentric_hexagonal_rings,1.0,2.5,8.0,3.0,550.0,2,1,171.88733853924703,297.7176035277678,343.774677078494,59.99999999999999,1,1.0,0.005587789978922196,0.9999378029293271,True
design_point_B,concentric_hexagonal_rings,1.0,2.5,8.0,3.0,550.0,2,2,-171.8873385392469,297.71760352776784,343.774677078494,119.99999999999999,1,1.0,0.0055877897817886895,0.9999377676521878,True
design_point_B,concentric_hexagonal_rings,1.0,2.5,8.0,3.0,550.0,2,3,-171.88733853924717,-297.71760352776766,343.774677078494,239.99999999999994,1,1.0,0.005587789871789745,0.9999377837579215,True
design_point_B,concentric_hexagonal_rings,1.0,2.5,8.0,3.0,550.0,2,4,171.88733853924703,-297.7176035277678,343.774677078494,300.0,1,1.0,0.00558779011758407,0.9999378277429386,True
design_point_B,concentric_hexagonal_rings,1.0,2.5,8.0,3.0,550.0,2,5,343.77467707849405,0.0,343.77467707849405,0.0,1,1.0,0.0055880082237254915,0.9999768579456988,True
design_point_B,concentric_hexagonal_rings,1.0,2.5,8.0,3.0,550.0,2,6,-343.77467707849405,4.2100255791209265e-14,343.77467707849405,180.0,1,1.0,0.005588008020298157,0.9999768215422757,True
design_point_B,concentric_hexagonal_rings,1.0,2.5,8.0,3.0,550.0,2,7,664.1216780286038,177.95086730376647,687.5493541569879,14.999999999999998,1,1.0,0.005587855069518375,0.9999494509239689,True
design_point_B,concentric_hexagonal_rings,1.0,2.5,8.0,3.0,550.0,2,8,177.95086730376647,664.1216780286038,687.5493541569879,75.0,1,1.0,0.005587855069518375,0.9999494509239689,True
design_point_B,concentric_hexagonal_rings,1.0,2.5,8.0,3.0,550.0,2,9,-664.1216780286037,177.95086730376664,687.5493541569879,165.0,1,1.0,0.0055878551160784985,0.9999494592559264,True
design_point_B,concentric_hexagonal_rings,1.0,2.5,8.0,3.0,550.0,2,10,-664.1216780286038,-177.95086730376647,687.5493541569879,194.99999999999997,1,1.0,0.005587855174130379,0.9999494696443393,True
design_point_B,concentric_hexagonal_rings,1.0,2.5,8.0,3.0,550.0,2,11,-177.9508673037664,-664.1216780286038,687.5493541569879,255.0,1,1.0,0.005587855174130379,0.9999494696443393,True
design_point_B,concentric_hexagonal_rings,1.0,2.5,8.0,3.0,550.0,2,12,664.1216780286038,-177.95086730376644,687.5493541569879,345.0,1,1.0,0.005587855045469122,0.9999494466203431,True
design_point_B,concentric_hexagonal_rings,1.0,2.5,8.0,3.0,550.0,2,13,486.17081072483734,486.17081072483734,687.549354156988,45.0,1,1.0,0.005587784469081911,0.9999368169406607,True
design_point_B,concentric_hexagonal_rings,1.0,2.5,8.0,3.0,550.0,2,14,-177.95086730376653,664.1216780286038,687.549354156988,105.00000000000001,1,1.0,0.005587855045469122,0.9999494466203431,True
design_point_B,concentric_hexagonal_rings,1.0,2.5,8.0,3.0,550.0,2,15,-486.17081072483734,486.17081072483734,687.549354156988,135.0,1,1.0,0.005587784321329157,0.9999367905002318,True
design_point_B,concentric_hexagonal_rings,1.0,2.5,8.0,3.0,550.0,2,16,177.95086730376616,-664.1216780286039,687.549354156988,285.0,1,1.0,0.0055878551160784985,0.9999494592559264,True
design_point_B,concentric_hexagonal_rings,1.0,2.5,8.0,3.0,550.0,2,17,486.1708107248372,-486.1708107248375,687.549354156988,315.0,1,1.0,0.005587784321329157,0.9999367905002318,True
design_point_B,concentric_hexagonal_rings,1.0,2.5,8.0,3.0,550.0,2,18,-486.1708107248375,-486.17081072483734,687.5493541569881,224.99999999999997,1,1.0,0.005587784173576403,0.9999367640598028,True
design_point_B,concentric_circular_rings,1.0,2.5,8.0,3.0,550.0,4,1,171.88733853924703,297.7176035277678,343.774677078494,59.99999999999999,1,1.0,0.019799297958098136,0.9995918896534263,True
design_point_B,concentric_circular_rings,1.0,2.5,8.0,3.0,550.0,4,2,-171.8873385392469,297.71760352776784,343.774677078494,119.99999999999999,1,1.0,0.019799297403721498,0.9995918616650403,True
design_point_B,concentric_circular_rings,1.0,2.5,8.0,3.0,550.0,4,3,-171.88733853924717,-297.71760352776766,343.774677078494,239.99999999999994,1,1.0,0.019799297975724033,0.9995918905432913,True
design_point_B,concentric_circular_rings,1.0,2.5,8.0,3.0,550.0,4,4,171.88733853924703,-297.7176035277678,343.774677078494,300.0,1,1.0,0.019799297814051105,0.9995918823810348,True
design_point_B,concentric_circular_rings,1.0,2.5,8.0,3.0,550.0,4,5,343.77467707849405,0.0,343.77467707849405,0.0,1,1.0,0.01980296929300982,0.9997772415083096,True
design_point_B,concentric_circular_rings,1.0,2.5,8.0,3.0,550.0,4,6,-343.77467707849405,4.2100255791209265e-14,343.77467707849405,180.0,1,1.0,0.01980296887659382,0.999777220485036,True
design_point_B,concentric_circular_rings,1.0,2.5,8.0,3.0,550.0,4,7,681.6672741198278,89.74319916146732,687.5493541569879,7.499999999999999,1,1.0,0.019802961563283046,0.999776851263554,True
design_point_B,concentric_circular_rings,1.0,2.5,8.0,3.0,550.0,4,8,545.4695767355278,418.5535273506309,687.5493541569879,37.5,1,1.0,0.019802327696041015,0.9997448496968523,True
design_point_B,concentric_circular_rings,1.0,2.5,8.0,3.0,550.0,4,9,-89.74319916146733,681.6672741198278,687.5493541569879,97.5,1,1.0,0.01980296231948879,0.9997768894415303,True
design_point_B,concentric_circular_rings,1.0,2.5,8.0,3.0,550.0,4,10,-418.5535273506309,545.4695767355278,687.5493541569879,127.50000000000001,1,1.0,0.019802326985239174,0.9997448138111479,True
design_point_B,concentric_circular_rings,1.0,2.5,8.0,3.0,550.0,4,11,-545.4695767355278,-418.5535273506309,687.5493541569879,217.49999999999997,1,1.0,0.019802326758474747,0.999744802362667,True
design_point_B,concentric_circular_rings,1.0,2.5,8.0,3.0,550.0,4,12,-263.11374676919667,-635.2127758969951,687.5493541569879,247.5,1,1.0,0.019799660975279968,0.999610217021979,True
design_point_B,concentric_circular_rings,1.0,2.5,8.0,3.0,550.0,4,13,418.5535273506308,-545.4695767355278,687.5493541569879,307.5,1,1.0,0.01980232777329696,0.9997448535972137,True
design_point_B,concentric_circular_rings,1.0,2.5,8.0,3.0,550.0,4,14,635.2127758969951,-263.11374676919667,687.5493541569879,337.5,1,1.0,0.019799660388769465,0.9996101874112755,True
design_point_B,concentric_circular_rings,1.0,2.5,8.0,3.0,550.0,4,15,263.1137467691969,635.2127758969951,687.549354156988,67.5,1,1.0,0.019799660616175073,0.9996101988921271,True
design_point_B,concentric_circular_rings,1.0,2.5,8.0,3.0,550.0,4,16,-635.2127758969951,263.11374676919695,687.549354156988,157.5,1,1.0,0.019799660388769465,0.9996101874112755,True
design_point_B,concentric_circular_rings,1.0,2.5,8.0,3.0,550.0,4,17,-681.6672741198279,-89.74319916146715,687.549354156988,187.49999999999997,1,1.0,0.019802962092371708,0.9997768779752453,True
design_point_B,concentric_circular_rings,1.0,2.5,8.0,3.0,550.0,4,18,89.7431991614671,-681.6672741198279,687.549354156988,277.5,1,1.0,0.01980296153407253,0.9997768497888252,True
design_point_B,concentric_circular_rings,1.0,2.5,8.0,3.0,550.0,4,19,-893.1528105833031,-515.662015617741,1031.3240312354817,210.0,1,1.0,0.0197989574178645,0.999574697061226,True
design_point_B,concentric_circular_rings,1.0,2.5,8.0,3.0,550.0,4,20,-352.7335929783658,-969.1275817911579,1031.3240312354817,250.0,1,1.0,0.019801671436918567,0.9997117176485495,True
design_point_B,concentric_circular_rings,1.0,2.5,8.0,3.0,550.0,4,21,1015.6559018285072,179.08753860815375,1031.324031235482,9.999999999999998,1,1.0,0.01979841754139341,0.999547440734105,True
design_point_B,concentric_circular_rings,1.0,2.5,8.0,3.0,550.0,4,22,893.1528105833033,515.662015617741,1031.324031235482,29.999999999999996,1,1.0,0.019798956524848355,0.9995746519762085,True
design_point_B,concentric_circular_rings,1.0,2.5,8.0,3.0,550.0,4,23,662.9223088501412,790.0400431830042,1031.324031235482,50.0,1,1.0,0.01980240399133199,0.9997487015583798,True
design_point_B,concentric_circular_rings,1.0,2.5,8.0,3.0,550.0,4,24,352.73359297836606,969.1275817911579,1031.324031235482,70.0,1,1.0,0.019801672033484204,0.9997117477668989,True
design_point_B,concentric_circular_rings,1.0,2.5,8.0,3.0,550.0,4,25,6.31503836868139e-14,1031.324031235482,1031.324031235482,90.0,1,1.0,0.01980335255048766,0.9997965907330804,True
design_point_B,concentric_circular_rings,1.0,2.5,8.0,3.0,550.0,4,26,-352.733592978366,969.1275817911579,1031.324031235482,110.0,1,1.0,0.019801671924234213,0.9997117422512788,True
design_point_B,concentric_circular_rings,1.0,2.5,8.0,3.0,550.0,4,27,-662.9223088501412,790.0400431830042,1031.324031235482,130.0,1,1.0,0.01980240446759274,0.9997487256029892,True
design_point_B,concentric_circular_rings,1.0,2.5,8.0,3.0,550.0,4,28,-893.1528105833033,515.662015617741,1031.324031235482,150.0,1,1.0,0.019798956754273768,0.9995746635590325,True
design_point_B,concentric_circular_rings,1.0,2.5,8.0,3.0,550.0,4,29,-1015.6559018285072,179.08753860815372,1031.324031235482,170.0,1,1.0,0.01979841731993306,0.999547429553407,True
design_point_B,concentric_circular_rings,1.0,2.5,8.0,3.0,550.0,4,30,-1015.6559018285072,-179.08753860815392,1031.324031235482,190.0,1,1.0,0.01979841796125958,0.9995474619315645,True
design_point_B,concentric_circular_rings,1.0,2.5,8.0,3.0,550.0,4,31,-662.9223088501413,-790.0400431830041,1031.324031235482,230.0,1,1.0,0.019802404491864586,0.9997487268283831,True
design_point_B,concentric_circular_rings,1.0,2.5,8.0,3.0,550.0,4,32,-1.8945115106044166e-13,-1031.324031235482,1031.324031235482,270.0,1,1.0,0.01980335284323774,0.999796605512928,True
design_point_B,concentric_circular_rings,1.0,2.5,8.0,3.0,550.0,4,33,352.73359297836623,-969.1275817911579,1031.324031235482,290.0,1,1.0,0.019801671546168558,0.9997117231641696,True
design_point_B,concentric_circular_rings,1.0,2.5,8.0,3.0,550.0,4,34,662.9223088501411,-790.0400431830043,1031.324031235482,310.0,1,1.0,0.019802404038681748,0.9997487039488906,True
design_point_B,concentric_circular_rings,1.0,2.5,8.0,3.0,550.0,4,35,893.1528105833029,-515.6620156177414,1031.324031235482,329.99999999999994,1,1.0,0.019798956754273768,0.9995746635590325,True
design_point_B,concentric_circular_rings,1.0,2.5,8.0,3.0,550.0,4,36,1015.6559018285072,-179.0875386081538,1031.324031235482,350.0,1,1.0,0.01979841818425693,0.9995474731898597,True
design_point_B,concentric_circular_rings,1.0,2.5,8.0,3.0,550.0,4,37,1233.2885484036137,608.1906066220289,1375.0987083139755,26.250000000000007,1,1.0,0.019799737807397137,0.9996140959858366,True
design_point_B,concentric_circular_rings,1.0,2.5,8.0,3.0,550.0,4,38,442.01099353951264,1302.1223979323054,1375.0987083139755,71.25,1,1.0,0.019798327548251195,0.9995428973197236,True
design_point_B,concentric_circular_rings,1.0,2.5,8.0,3.0,550.0,4,39,-1302.1223979323054,442.0109935395128,1375.0987083139757,161.25,1,1.0,0.019798327548251195,0.9995428973197236,True
design_point_B,concentric_circular_rings,1.0,2.5,8.0,3.0,550.0,4,40,-442.0109935395128,-1302.1223979323054,1375.0987083139757,251.25,1,1.0,0.019798328086241497,0.9995429244808252,True
design_point_B,concentric_circular_rings,1.0,2.5,8.0,3.0,550.0,4,41,608.1906066220284,-1233.2885484036142,1375.0987083139757,296.25,1,1.0,0.01979973802731833,0.9996141070888284,True
design_point_B,concentric_circular_rings,1.0,2.5,8.0,3.0,550.0,4,42,1302.1223979323054,-442.0109935395129,1375.0987083139757,341.25,1,1.0,0.019798327548251195,0.9995428973197236,True
design_point_B,concentric_circular_rings,1.0,2.5,8.0,3.0,550.0,4,43,1348.676572215843,268.26844980893554,1375.098708313976,11.249999999999996,1,1.0,0.019799967012067446,0.999625667665297,True
design_point_B,concentric_circular_rings,1.0,2.5,8.0,3.0,550.0,4,44,1033.8539481233702,906.6655786763303,1375.098708313976,41.25,1,1.0,0.01980036926813216,0.9996459760570746,True
design_point_B,concentric_circular_rings,1.0,2.5,8.0,3.0,550.0,4,45,763.9639098029496,1143.3527898795523,1375.098708313976,56.25000000000001,1,1.0,0.019800974041506537,0.9996765087841128,True
design_point_B,concentric_circular_rings,1.0,2.5,8.0,3.0,550.0,4,46,89.93575852406174,1372.1545164249785,1375.098708313976,86.25,1,1.0,0.019799515218303143,0.9996028583018768,True
design_point_B,concentric_circular_rings,1.0,2.5,8.0,3.0,550.0,4,47,-268.2684498089355,1348.676572215843,1375.098708313976,101.25,1,1.0,0.01979996673844527,0.9996256538511452,True
design_point_B,concentric_circular_rings,1.0,2.5,8.0,3.0,550.0,4,48,-608.1906066220287,1233.2885484036142,1375.098708313976,116.25,1,1.0,0.01979973866726395,0.9996141393972695,True
design_point_B,concentric_circular_rings,1.0,2.5,8.0,3.0,550.0,4,49,-906.6655786763303,1033.8539481233702,1375.098708313976,131.25,1,1.0,0.019800367385866928,0.9996458810286011,True
design_point_B,concentric_circular_rings,1.0,2.5,8.0,3.0,550.0,4,50,-1143.3527898795523,763.9639098029495,1375.098708313976,146.25,1,1.0,0.019800973808732445,0.9996764970322268,True
design_point_B,concentric_circular_rings,1.0,2.5,8.0,3.0,550.0,4,51,-1372.1545164249785,89.93575852406184,1375.098708313976,176.25,1,1.0,0.019799515494856992,0.9996028722640377,True
design_point_B,concentric_circular_rings,1.0,2.5,8.0,3.0,550.0,4,52,-1348.676572215843,-268.2684498089357,1375.098708313976,191.25,1,1.0,0.01979996722577733,0.9996256784547032,True
design_point_B,concentric_circular_rings,1.0,2.5,8.0,3.0,550.0,4,53,-1233.2885484036142,-608.1906066220287,1375.098708313976,206.25,1,1.0,0.01979973753522356,0.9996140822448192,True
design_point_B,concentric_circular_rings,1.0,2.5,8.0,3.0,550.0,4,54,-1033.8539481233702,-906.6655786763303,1375.098708313976,221.25,1,1.0,0.019800369251022742,0.9996459751932846,True
design_point_B,concentric_circular_rings,1.0,2.5,8.0,3.0,550.0,4,55,-763.9639098029495,-1143.3527898795523,1375.098708313976,236.25,1,1.0,0.019800973679745208,0.9996764905201476,True
design_point_B,concentric_circular_rings,1.0,2.5,8.0,3.0,550.0,4,56,-89.9357585240613,-1372.1545164249785,1375.098708313976,266.25,1,1.0,0.019799515833276052,0.9996028893495399,True
design_point_B,concentric_circular_rings,1.0,2.5,8.0,3.0,550.0,4,57,268.2684498089356,-1348.676572215843,1375.098708313976,281.25,1,1.0,0.019799967499399506,0.999625692268855,True
design_point_B,concentric_circular_rings,1.0,2.5,8.0,3.0,550.0,4,58,906.6655786763307,-1033.85394812337,1375.098708313976,311.25,1,1.0,0.019800369094824192,0.9996459673074087,True
design_point_B,concentric_circular_rings,1.0,2.5,8.0,3.0,550.0,4,59,1143.3527898795523,-763.9639098029495,1375.098708313976,326.25,1,1.0,0.019800973357485468,0.9996764742504686,True
design_point_B,concentric_circular_rings,1.0,2.5,8.0,3.0,550.0,4,60,1372.1545164249785,-89.9357585240614,1375.098708313976,356.25,1,1.0,0.019799515833276052,0.9996028893495399,True
design_point_C,square_packing,0.7,2.0,8.0,3.0,550.0,0,1,0.0,-275.0197416627952,275.0197416627952,270.0,1,1.0,0.006917229609099862,0.9996593117621156,True
design_point_C,square_packing,0.7,2.0,8.0,3.0,550.0,0,2,-275.0197416627952,0.0,275.0197416627952,180.0,1,1.0,0.00691722953154308,0.9996593005538192,True
design_point_C,square_packing,0.7,2.0,8.0,3.0,550.0,0,3,275.0197416627952,0.0,275.0197416627952,0.0,1,1.0,0.00691722953154308,0.9996593005538192,True
design_point_C,square_packing,0.7,2.0,8.0,3.0,550.0,0,4,0.0,275.0197416627952,275.0197416627952,90.0,1,1.0,0.006917229919644155,0.9996593566411368,True
design_point_C,square_packing,0.7,2.0,8.0,3.0,550.0,0,5,-275.0197416627952,-275.0197416627952,388.9366485798699,225.0,1,1.0,0.00691521074494002,0.9993675509748325,True
design_point_C,square_packing,0.7,2.0,8.0,3.0,550.0,0,6,275.0197416627952,-275.0197416627952,388.9366485798699,315.0,1,1.0,0.006915210663983625,0.9993675392752333,True
design_point_C,square_packing,0.7,2.0,8.0,3.0,550.0,0,7,-275.0197416627952,275.0197416627952,388.9366485798699,135.0,1,1.0,0.006915210932997005,0.9993675781523194,True
design_point_C,square_packing,0.7,2.0,8.0,3.0,550.0,0,8,275.0197416627952,275.0197416627952,388.9366485798699,45.0,1,1.0,0.006915210921503044,0.9993675764912431,True
design_point_C,square_packing,0.7,2.0,8.0,3.0,550.0,0,9,0.0,-550.0394833255904,550.0394833255904,270.0,1,1.0,0.00691676013222167,0.9995914642336305,True
design_point_C,square_packing,0.7,2.0,8.0,3.0,550.0,0,10,-550.0394833255904,0.0,550.0394833255904,180.0,1,1.0,0.0069167597869023035,0.9995914143290098,True
design_point_C,square_packing,0.7,2.0,8.0,3.0,550.0,0,11,550.0394833255904,0.0,550.0394833255904,0.0,1,1.0,0.006916759786894028,0.9995914143278138,True
design_point_C,square_packing,0.7,2.0,8.0,3.0,550.0,0,12,0.0,550.0394833255904,550.0394833255904,90.0,1,1.0,0.0069167599072317,0.9995914317186887,True
design_point_C,square_packing,0.7,2.0,8.0,3.0,550.0,0,13,-275.0197416627952,-550.0394833255904,614.9628375124411,243.43494882292202,1,1.0,0.006914831841869725,0.9993127929280594,True
design_point_C,square_packing,0.7,2.0,8.0,3.0,550.0,0,14,275.0197416627952,-550.0394833255904,614.9628375124411,296.565051177078,1,1.0,0.006914831740263512,0.9993127782442043,True
design_point_C,square_packing,0.7,2.0,8.0,3.0,550.0,0,15,-550.0394833255904,-275.0197416627952,614.9628375124411,206.565051177078,1,1.0,0.006914831617360614,0.99931276048261,True
design_point_C,square_packing,0.7,2.0,8.0,3.0,550.0,0,16,550.0394833255904,-275.0197416627952,614.9628375124411,333.434948822922,1,1.0,0.006914831535081076,0.9993127485917938,True
design_point_C,square_packing,0.7,2.0,8.0,3.0,550.0,0,17,-550.0394833255904,275.0197416627952,614.9628375124411,153.434948822922,1,1.0,0.006914831666405364,0.9993127675704245,True
design_point_C,square_packing,0.7,2.0,8.0,3.0,550.0,0,18,550.0394833255904,275.0197416627952,614.9628375124411,26.56505117707799,1,1.0,0.006914831529424807,0.999312747774365,True
design_point_C,square_packing,0.7,2.0,8.0,3.0,550.0,0,19,-275.0197416627952,550.0394833255904,614.9628375124411,116.56505117707799,1,1.0,0.0069148315760270244,0.9993127545091914,True
design_point_C,square_packing,0.7,2.0,8.0,3.0,550.0,0,20,275.0197416627952,550.0394833255904,614.9628375124411,63.43494882292201,1,1.0,0.0069148315760270244,0.9993127545091914,True
design_point_C,square_packing,0.7,2.0,8.0,3.0,550.0,0,21,-550.0394833255904,-550.0394833255904,777.8732971597398,225.0,1,1.0,0.006914474087834212,0.999261091282584,True
design_point_C,square_packing,0.7,2.0,8.0,3.0,550.0,0,22,550.0394833255904,-550.0394833255904,777.8732971597398,315.0,1,1.0,0.0069144743775596965,0.9992611331529274,True
design_point_C,square_packing,0.7,2.0,8.0,3.0,550.0,0,23,-550.0394833255904,550.0394833255904,777.8732971597398,135.0,1,1.0,0.006914474050186529,0.9992610858418428,True
design_point_C,square_packing,0.7,2.0,8.0,3.0,550.0,0,24,550.0394833255904,550.0394833255904,777.8732971597398,45.0,1,1.0,0.006914474036177804,0.9992610838173398,True
design_point_C,triangular_packing,0.7,2.0,8.0,3.0,550.0,0,1,-137.5098708313976,-238.1740828222142,275.0197416627952,240.0,1,1.0,0.006138389161954085,0.9993119903383355,True
design_point_C,triangular_packing,0.7,2.0,8.0,3.0,550.0,0,2,137.5098708313976,-238.1740828222142,275.0197416627952,300.0,1,1.0,0.006138389221966215,0.9993120001081366,True
design_point_C,triangular_packing,0.7,2.0,8.0,3.0,550.0,0,3,-275.0197416627952,0.0,275.0197416627952,180.0,1,1.0,0.006141060066747598,0.9997468059088036,True
design_point_C,triangular_packing,0.7,2.0,8.0,3.0,550.0,0,4,275.0197416627952,0.0,275.0197416627952,0.0,1,1.0,0.0061410600351596055,0.9997468007663698,True
design_point_C,triangular_packing,0.7,2.0,8.0,3.0,550.0,0,5,-137.5098708313976,238.1740828222142,275.0197416627952,120.00000000000001,1,1.0,0.006138389297761449,0.9993120124473814,True
design_point_C,triangular_packing,0.7,2.0,8.0,3.0,550.0,0,6,137.5098708313976,238.1740828222142,275.0197416627952,59.99999999999999,1,1.0,0.006138389179190879,0.9993119931444358,True
design_point_C,triangular_packing,0.7,2.0,8.0,3.0,550.0,0,7,0.0,-476.3481656444284,476.3481656444284,270.0,1,1.0,0.006140440689961325,0.9996459731605483,True
design_point_C,triangular_packing,0.7,2.0,8.0,3.0,550.0,0,8,-412.52961249419275,-238.1740828222142,476.3481656444284,210.0,1,1.0,0.006139113489883754,0.9994299088289945,True
design_point_C,triangular_packing,0.7,2.0,8.0,3.0,550.0,0,9,412.52961249419275,-238.1740828222142,476.3481656444284,330.0,1,1.0,0.006139113490910161,0.9994299089960907,True
design_point_C,triangular_packing,0.7,2.0,8.0,3.0,550.0,0,10,-412.52961249419275,238.1740828222142,476.3481656444284,150.0,1,1.0,0.006139113234352661,0.9994298672292722,True
design_point_C,triangular_packing,0.7,2.0,8.0,3.0,550.0,0,11,412.52961249419275,238.1740828222142,476.3481656444284,30.000000000000004,1,1.0,0.006139113365328015,0.9994298885516807,True
design_point_C,triangular_packing,0.7,2.0,8.0,3.0,550.0,0,12,0.0,476.3481656444284,476.3481656444284,90.0,1,1.0,0.00614044095359251,0.9996460160789423,True
design_point_C,triangular_packing,0.7,2.0,8.0,3.0,550.0,0,13,-275.0197416627952,-476.3481656444284,550.0394833255904,240.0,1,1.0,0.0061392204888466055,0.9994473279504791,True
design_point_C,triangular_packing,0.7,2.0,8.0,3.0,550.0,0,14,275.0197416627952,-476.3481656444284,550.0394833255904,300.0,1,1.0,0.006139220454851708,0.9994473224162082,True
design_point_C,triangular_packing,0.7,2.0,8.0,3.0,550.0,0,15,-550.0394833255904,0.0,550.0394833255904,180.0,1,1.0,0.006140030506218359,0.999579196434314,True
design_point_C,triangular_packing,0.7,2.0,8.0,3.0,550.0,0,16,550.0394833255904,0.0,550.0394833255904,0.0,1,1.0,0.006140030451633854,0.9995791875481145,True
design_point_C,triangular_packing,0.7,2.0,8.0,3.0,550.0,0,17,-275.0197416627952,476.3481656444284,550.0394833255904,120.00000000000001,1,1.0,0.006139220661351147,0.9994473560337193,True
design_point_C,triangular_packing,0.7,2.0,8.0,3.0,550.0,0,18,275.0197416627952,476.3481656444284,550.0394833255904,59.99999999999999,1,1.0,0.006139220743531453,0.9994473694124352,True
design_point_C,triangular_packing,0.7,2.0,8.0,3.0,550.0,0,19,-550.0394833255904,-476.3481656444284,727.6338420729853,220.8933946491309,1,1.0,0.006138485117430437,0.9993276116121791,True
design_point_C,triangular_packing,0.7,2.0,8.0,3.0,550.0,0,20,550.0394833255904,-476.3481656444284,727.6338420729853,319.1066053508691,1,1.0,0.006138484936807468,0.9993275822072825,True
design_point_C,triangular_packing,0.7,2.0,8.0,3.0,550.0,0,21,-550.0394833255904,476.3481656444284,727.6338420729853,139.1066053508691,1,1.0,0.0061384851490942135,0.9993276167669503,True
design_point_C,triangular_packing,0.7,2.0,8.0,3.0,550.0,0,22,550.0394833255904,476.3481656444284,727.6338420729853,40.893394649130904,1,1.0,0.00613848518072211,0.9993276219158803,True
design_point_C,triangular_packing,0.7,2.0,8.0,3.0,550.0,0,23,687.549354156988,-238.1740828222142,727.6338420729854,340.8933946491309,1,1.0,0.006140219591443958,0.9996099789618064,True
design_point_C,triangular_packing,0.7,2.0,8.0,3.0,550.0,0,24,687.549354156988,238.1740828222142,727.6338420729854,19.106605350869096,1,1.0,0.006140219452894629,0.9996099564063765,True
design_point_C,hexagonal_packing,0.7,2.0,8.0,3.0,550.0,0,1,-238.1740828222142,-137.5098708313976,275.0197416627952,210.0,1,1.0,0.027482415477636937,0.9995348984387875,True
design_point_C,hexagonal_packing,0.7,2.0,8.0,3.0,550.0,0,2,238.1740828222142,-137.5098708313976,275.0197416627952,330.0,1,1.0,0.027482415498367684,0.9995348991927644,True
design_point_C,hexagonal_packing,0.7,2.0,8.0,3.0,550.0,0,3,0.0,275.0197416627952,275.0197416627952,90.0,1,1.0,0.027478555821370883,0.9993945228179824,True
design_point_C,hexagonal_packing,0.7,2.0,8.0,3.0,550.0,0,4,-238.1740828222142,-412.52961249419275,476.3481656444284,240.0,1,1.0,0.02747541855800061,0.9992804206122744,True
design_point_C,hexagonal_packing,0.7,2.0,8.0,3.0,550.0,0,5,238.1740828222142,-412.52961249419275,476.3481656444284,300.0,1,1.0,0.02747541882366538,0.9992804302744968,True
design_point_C,hexagonal_packing,0.7,2.0,8.0,3.0,550.0,0,6,-476.3481656444284,0.0,476.3481656444284,180.0,1,1.0,0.02749190055506801,0.9998798705142758,True
design_point_C,hexagonal_packing,0.7,2.0,8.0,3.0,550.0,0,7,476.3481656444284,0.0,476.3481656444284,0.0,1,1.0,0.027491900555066156,0.9998798705142085,True
design_point_C,hexagonal_packing,0.7,2.0,8.0,3.0,550.0,0,8,-238.1740828222142,412.52961249419275,476.3481656444284,120.00000000000001,1,1.0,0.02747542013805376,0.9992804780787757,True
design_point_C,hexagonal_packing,0.7,2.0,8.0,3.0,550.0,0,9,238.1740828222142,412.52961249419275,476.3481656444284,60.00000000000001,1,1.0,0.027475418579237017,0.9992804213846421,True
design_point_C,hexagonal_packing,0.7,2.0,8.0,3.0,550.0,0,10,0.0,-550.0394833255904,550.0394833255904,270.0,1,1.0,0.027478850793820522,0.999405250960046,True
design_point_C,hexagonal_packing,0.7,2.0,8.0,3.0,550.0,0,11,-476.3481656444284,275.0197416627952,550.0394833255904,150.0,1,1.0,0.02747525237606215,0.9992743765785134,True
design_point_C,hexagonal_packing,0.7,2.0,8.0,3.0,550.0,0,12,476.3481656444284,275.0197416627952,550.0394833255904,30.000000000000004,1,1.0,0.02747525241479425,0.9992743779871991,True
design_point_C,hexagonal_packing,0.7,2.0,8.0,3.0,550.0,0,13,-476.3481656444284,-550.0394833255904,727.6338420729853,229.10660535086907,1,1.0,0.027475650351560226,0.9992888509393779,True
design_point_C,hexagonal_packing,0.7,2.0,8.0,3.0,550.0,0,14,476.3481656444284,-550.0394833255904,727.6338420729853,310.8933946491309,1,1.0,0.02747565043430806,0.9992888539489149,True
design_point_C,hexagonal_packing,0.7,2.0,8.0,3.0,550.0,0,15,-714.5222484666426,-137.5098708313976,727.6338420729854,190.8933946491309,1,1.0,0.027479302420204577,0.9994216766025549,True
design_point_C,hexagonal_packing,0.7,2.0,8.0,3.0,550.0,0,16,714.5222484666426,-137.5098708313976,727.6338420729854,349.1066053508691,1,1.0,0.027479302420204577,0.9994216766025549,True
design_point_C,hexagonal_packing,0.7,2.0,8.0,3.0,550.0,0,17,-238.1740828222142,687.549354156988,727.6338420729854,109.10660535086909,1,1.0,0.027475453815083994,0.9992817029116883,True
design_point_C,hexagonal_packing,0.7,2.0,8.0,3.0,550.0,0,18,238.1740828222142,687.549354156988,727.6338420729854,70.89339464913091,1,1.0,0.02747545385666863,0.9992817044241207,True
design_point_C,hexagonal_packing,0.7,2.0,8.0,3.0,550.0,0,19,0.0,-825.0592249883855,825.0592249883855,270.0,1,1.0,0.02747830233012662,0.9993853033465245,True
design_point_C,hexagonal_packing,0.7,2.0,8.0,3.0,550.0,0,20,-714.5222484666426,-412.52961249419275,825.0592249883855,210.0,1,1.0,0.027472395349761872,0.9991704665894076,True
design_point_C,hexagonal_packing,0.7,2.0,8.0,3.0,550.0,0,21,714.5222484666426,-412.52961249419275,825.0592249883855,330.0,1,1.0,0.027472395406388964,0.9991704686489337,True
design_point_C,hexagonal_packing,0.7,2.0,8.0,3.0,550.0,0,22,-714.5222484666426,412.52961249419275,825.0592249883855,150.0,1,1.0,0.02747239529313733,0.999170464529974,True
design_point_C,hexagonal_packing,0.7,2.0,8.0,3.0,550.0,0,23,714.5222484666426,412.52961249419275,825.0592249883855,29.999999999999996,1,1.0,0.0274723954142669,0.999170468935454,True
design_point_C,hexagonal_packing,0.7,2.0,8.0,3.0,550.0,0,24,0.0,825.0592249883855,825.0592249883855,90.0,1,1.0,0.02747830233012841,0.9993853033465896,True
design_point_C,hexagonal_packing,0.7,2.0,8.0,3.0,550.0,0,25,-476.3481656444284,-825.0592249883855,952.6963312888568,240.0,1,1.0,0.027475001648488047,0.9992652576216837,True
design_point_C,hexagonal_packing,0.7,2.0,8.0,3.0,550.0,0,26,476.3481656444284,-825.0592249883855,952.6963312888568,300.0,1,1.0,0.027475001648488047,0.9992652576216837,True
design_point_C,hexagonal_packing,0.7,2.0,8.0,3.0,550.0,0,27,-952.6963312888568,0.0,952.6963312888568,180.0,1,1.0,0.027489005002097507,0.9997745593109484,True
design_point_C,hexagonal_packing,0.7,2.0,8.0,3.0,550.0,0,28,952.6963312888568,0.0,952.6963312888568,0.0,1,1.0,0.027489005002097507,0.9997745593109484,True
design_point_C,hexagonal_packing,0.7,2.0,8.0,3.0,550.0,0,29,-476.3481656444284,825.0592249883855,952.6963312888568,120.00000000000001,1,1.0,0.027475001606196328,0.9992652560835348,True
design_point_C,hexagonal_packing,0.7,2.0,8.0,3.0,550.0,0,30,476.3481656444284,825.0592249883855,952.6963312888568,60.00000000000001,1,1.0,0.02747500168725565,0.9992652590316606,True
design_point_C,hexagonal_packing,0.7,2.0,8.0,3.0,550.0,0,31,-952.6963312888568,275.0197416627952,991.597780330068,163.897886248014,1,1.0,0.02747239329580955,0.9991703918872029,True
design_point_C,hexagonal_packing,0.7,2.0,8.0,3.0,550.0,0,32,952.6963312888568,275.0197416627952,991.597780330068,16.102113751986018,1,1.0,0.02747239356110981,0.999170401536168,True
design_point_C,hexagonal_packing,0.7,2.0,8.0,3.0,550.0,0,33,-714.5222484666426,687.549354156988,991.5977803300681,136.10211375198602,1,1.0,0.02747243427289012,0.9991718822227994,True
design_point_C,hexagonal_packing,0.7,2.0,8.0,3.0,550.0,0,34,714.5222484666426,687.549354156988,991.5977803300681,43.89788624801398,1,1.0,0.027472434394120886,0.9991718866319599,True
design_point_C,hexagonal_packing,0.7,2.0,8.0,3.0,550.0,0,35,-952.6963312888568,-550.0394833255904,1100.0789666511807,210.0,1,1.0,0.027472929387586456,0.9991898895343518,True
design_point_C,hexagonal_packing,0.7,2.0,8.0,3.0,550.0,0,36,0.0,1100.0789666511807,1100.0789666511807,90.0,1,1.0,0.02749407591665272,0.9999589883713801,True
design_point_C,hexagonal_packing,0.7,2.0,8.0,3.0,550.0,0,37,-1190.8704141110707,-137.5098708313976,1198.7832613867865,186.58677555362945,1,1.0,0.027476607120503888,0.9993236486066248,True
design_point_C,hexagonal_packing,0.7,2.0,8.0,3.0,550.0,0,38,-476.3481656444284,1100.0789666511807,1198.783261386787,113.41322444637053,1,1.0,0.02749076655587605,0.9998386269864612,True
design_point_C,hexagonal_packing,0.7,2.0,8.0,3.0,550.0,0,39,476.3481656444284,1100.0789666511807,1198.783261386787,66.58677555362947,1,1.0,0.02749076655587605,0.9998386269864612,True
design_point_C,hexagonal_packing,0.7,2.0,8.0,3.0,550.0,0,40,-1190.8704141110707,-412.52961249419275,1260.2987837769588,199.1066053508691,1,1.0,0.027469819552256112,0.9990767848859047,True
design_point_C,hexagonal_packing,0.7,2.0,8.0,3.0,550.0,0,41,1190.8704141110707,412.52961249419275,1260.2987837769588,19.1066053508691,1,1.0,0.027469819884836804,0.9990767969818577,True
design_point_C,hexagonal_packing,0.7,2.0,8.0,3.0,550.0,0,42,-952.6963312888568,-825.0592249883855,1260.2987837769592,220.8933946491309,1,1.0,0.027472148593000508,0.9991614920509573,True
design_point_C,hexagonal_packing,0.7,2.0,8.0,3.0,550.0,0,43,952.6963312888568,825.0592249883855,1260.2987837769592,40.893394649130904,1,1.0,0.027472148665153934,0.9991614946751759,True
design_point_C,hexagonal_packing,0.7,2.0,8.0,3.0,550.0,0,44,1190.8704141110707,687.549354156988,1375.0987083139755,30.00000000000001,1,1.0,0.027469866415043138,0.9990784892845267,True
design_point_C,hexagonal_packing,0.7,2.0,8.0,3.0,550.0,0,45,952.6963312888568,1100.0789666511807,1455.2676841459706,49.106605350869096,1,1.0,0.02748786970478547,0.9997332685705327,True
design_point_C,hexagonal_packing,0.7,2.0,8.0,3.0,550.0,0,46,-1429.0444969332852,-550.0394833255904,1531.24511670483,201.0517244353729,1,1.0,0.027470645143271258,0.9991068116145285,True
design_point_C,hexagonal_packing,0.7,2.0,8.0,3.0,550.0,0,47,-1429.0444969332852,-825.0592249883855,1650.118449976771,210.0,1,1.0,0.027469701843747887,0.9990725038298268,True
design_point_C,hexagonal_packing,0.7,2.0,8.0,3.0,550.0,0,48,1429.0444969332852,825.0592249883855,1650.118449976771,29.999999999999996,1,1.0,0.027469701944627188,0.9990725074988049,True
design_point_C,concentric_hexagonal_rings,0.7,2.0,8.0,3.0,550.0,2,1,275.01974166279524,0.0,275.01974166279524,0.0,1,1.0,0.0037666085920644255,0.9997244900156349,True
design_point_C,concentric_hexagonal_rings,0.7,2.0,8.0,3.0,550.0,2,2,137.50987083139762,238.17408282221425,275.01974166279524,59.99999999999999,1,1.0,0.003765213173668023,0.9993541213111082,True
design_point_C,concentric_hexagonal_rings,0.7,2.0,8.0,3.0,550.0,2,3,-137.50987083139756,238.17408282221427,275.01974166279524,119.99999999999999,1,1.0,0.003765213157901681,0.9993541171264425,True
design_point_C,concentric_hexagonal_rings,0.7,2.0,8.0,3.0,550.0,2,4,-275.01974166279524,3.3680204632967415e-14,275.01974166279524,180.0,1,1.0,0.003766608592063626,0.9997244900154226,True
design_point_C,concentric_hexagonal_rings,0.7,2.0,8.0,3.0,550.0,2,5,-137.50987083139773,-238.1740828222142,275.01974166279524,239.99999999999994,1,1.0,0.0037652131955119485,0.9993541271088722,True
design_point_C,concentric_hexagonal_rings,0.7,2.0,8.0,3.0,550.0,2,6,137.50987083139762,-238.17408282221425,275.01974166279524,300.0,1,1.0,0.003765213215374047,0.9993541323806241,True
design_point_C,concentric_hexagonal_rings,0.7,2.0,8.0,3.0,550.0,2,7,-531.2973424228829,142.3606938430133,550.0394833255903,165.0,1,1.0,0.00376639571765958,0.9996679893863234,True
design_point_C,concentric_hexagonal_rings,0.7,2.0,8.0,3.0,550.0,2,8,142.36069384301294,-531.297342422883,550.0394833255903,285.0,1,1.0,0.00376639571765958,0.9996679893863234,True
design_point_C,concentric_hexagonal_rings,0.7,2.0,8.0,3.0,550.0,2,9,531.297342422883,142.36069384301317,550.0394833255904,14.999999999999998,1,1.0,0.00376639571765958,0.9996679893863234,True
design_point_C,concentric_hexagonal_rings,0.7,2.0,8.0,3.0,550.0,2,10,388.9366485798699,388.9366485798699,550.0394833255904,45.0,1,1.0,0.0037654518152937092,0.9994174610162314,True
design_point_C,concentric_hexagonal_rings,0.7,2.0,8.0,3.0,550.0,2,11,142.36069384301317,531.297342422883,550.0394833255904,75.0,1,1.0,0.00376639571765958,0.9996679893863234,True
design_point_C,concentric_hexagonal_rings,0.7,2.0,8.0,3.0,550.0,2,12,-142.36069384301325,531.297342422883,550.0394833255904,105.00000000000001,1,1.0,0.00376639571765958,0.9996679893863234,True
design_point_C,concentric_hexagonal_rings,0.7,2.0,8.0,3.0,550.0,2,13,-388.9366485798698,388.9366485798699,550.0394833255904,135.0,1,1.0,0.003765451850559371,0.9994174703763613,True
design_point_C,concentric_hexagonal_rings,0.7,2.0,8.0,3.0,550.0,2,14,-531.297342422883,-142.3606938430132,550.0394833255904,194.99999999999997,1,1.0,0.00376639571765958,0.9996679893863234,True
design_point_C,concentric_hexagonal_rings,0.7,2.0,8.0,3.0,550.0,2,15,-388.93664857986994,-388.9366485798698,550.0394833255904,224.99999999999997,1,1.0,0.0037654518681926423,0.9994174750565431,True
design_point_C,concentric_hexagonal_rings,0.7,2.0,8.0,3.0,550.0,2,16,-142.3606938430131,-531.297342422883,550.0394833255904,255.0,1,1.0,0.00376639571765958,0.9996679893863234,True
design_point_C,concentric_hexagonal_rings,0.7,2.0,8.0,3.0,550.0,2,17,388.93664857986977,-388.93664857986994,550.0394833255904,315.0,1,1.0,0.003765451850559371,0.9994174703763613,True
design_point_C,concentric_hexagonal_rings,0.7,2.0,8.0,3.0,550.0,2,18,531.297342422883,-142.36069384301314,550.0394833255904,345.0,1,1.0,0.0037663957078247615,0.9996679867759888,True
design_point_C,concentric_circular_rings,0.7,2.0,8.0,3.0,550.0,4,1,275.01974166279524,0.0,275.01974166279524,0.0,1,1.0,0.01302601270693102,0.9994981735838167,True
design_point_C,concentric_circular_rings,0.7,2.0,8.0,3.0,550.0,4,2,137.50987083139762,238.17408282221425,275.01974166279524,59.99999999999999,1,1.0,0.01302563991737343,0.9994695690913808,True
design_point_C,concentric_circular_rings,0.7,2.0,8.0,3.0,550.0,4,3,-137.50987083139756,238.17408282221427,275.01974166279524,119.99999999999999,1,1.0,0.01302563991737343,0.9994695690913808,True
design_point_C,concentric_circular_rings,0.7,2.0,8.0,3.0,550.0,4,4,-275.01974166279524,3.3680204632967415e-14,275.01974166279524,180.0,1,1.0,0.013026012594012969,0.9994981649195086,True
design_point_C,concentric_circular_rings,0.7,2.0,8.0,3.0,550.0,4,5,-137.50987083139773,-238.1740828222142,275.01974166279524,239.99999999999994,1,1.0,0.013025639720875835,0.9994695540139362,True
design_point_C,concentric_circular_rings,0.7,2.0,8.0,3.0,550.0,4,6,137.50987083139762,-238.17408282221425,275.01974166279524,300.0,1,1.0,0.013025639720875835,0.9994695540139362,True
design_point_C,concentric_circular_rings,0.7,2.0,8.0,3.0,550.0,4,7,545.3338192958621,71.79455932917385,550.0394833255903,7.499999999999999,1,1.0,0.013025261766991564,0.9994405532578701,True
design_point_C,concentric_circular_rings,0.7,2.0,8.0,3.0,550.0,4,8,-71.79455932917388,545.3338192958621,550.0394833255903,97.5,1,1.0,0.013025261066305284,0.9994404994935545,True
design_point_C,concentric_circular_rings,0.7,2.0,8.0,3.0,550.0,4,9,-210.49099741535733,-508.1702207175961,550.0394833255903,247.5,1,1.0,0.013025464505862885,0.9994561096016384,True
design_point_C,concentric_circular_rings,0.7,2.0,8.0,3.0,550.0,4,10,508.1702207175961,-210.49099741535736,550.0394833255903,337.5,1,1.0,0.013025463918242105,0.9994560645129448,True
design_point_C,concentric_circular_rings,0.7,2.0,8.0,3.0,550.0,4,11,436.37566138842226,334.84282188050474,550.0394833255904,37.5,1,1.0,0.013026292920737119,0.999519674652003,True
design_point_C,concentric_circular_rings,0.7,2.0,8.0,3.0,550.0,4,12,210.49099741535753,508.1702207175961,550.0394833255904,67.5,1,1.0,0.013025464334300702,0.9994560964375112,True
design_point_C,concentric_circular_rings,0.7,2.0,8.0,3.0,550.0,4,13,-334.84282188050474,436.37566138842226,550.0394833255904,127.50000000000001,1,1.0,0.013026293144901167,0.9995196918523207,True
design_point_C,concentric_circular_rings,0.7,2.0,8.0,3.0,550.0,4,14,-508.1702207175961,210.49099741535753,550.0394833255904,157.5,1,1.0,0.013025463872399147,0.9994560609953715,True
design_point_C,concentric_circular_rings,0.7,2.0,8.0,3.0,550.0,4,15,-545.3338192958622,-71.79455932917372,550.0394833255904,187.49999999999997,1,1.0,0.013025261605511353,0.999440540867342,True
design_point_C,concentric_circular_rings,0.7,2.0,8.0,3.0,550.0,4,16,-436.37566138842226,-334.84282188050474,550.0394833255904,217.49999999999997,1,1.0,0.013026292571859627,0.9995196478823059,True
design_point_C,concentric_circular_rings,0.7,2.0,8.0,3.0,550.0,4,17,71.79455932917368,-545.3338192958622,550.0394833255904,277.5,1,1.0,0.013025261166207404,0.9994405071591379,True
design_point_C,concentric_circular_rings,0.7,2.0,8.0,3.0,550.0,4,18,334.8428218805047,-436.37566138842226,550.0394833255904,307.5,1,1.0,0.013026293261591779,0.9995197008061009,True
design_point_C,concentric_circular_rings,0.7,2.0,8.0,3.0,550.0,4,19,282.18687438269285,775.3020654329263,825.0592249883854,70.0,1,1.0,0.013025295830075157,0.9994431669502258,True
design_point_C,concentric_circular_rings,0.7,2.0,8.0,3.0,550.0,4,20,-282.1868743826926,-775.3020654329264,825.0592249883854,250.0,1,1.0,0.013025296004845465,0.9994431803605155,True
design_point_C,concentric_circular_rings,0.7,2.0,8.0,3.0,550.0,4,21,812.5247214628057,143.27003088652302,825.0592249883855,10.0,1,1.0,0.013025464530379987,0.9994561114828586,True
design_point_C,concentric_circular_rings,0.7,2.0,8.0,3.0,550.0,4,22,714.5222484666426,412.5296124941927,825.0592249883855,29.999999999999996,1,1.0,0.013020647208893801,0.9990864738865091,True
design_point_C,concentric_circular_rings,0.7,2.0,8.0,3.0,550.0,4,23,5.05203069494511e-14,825.0592249883855,825.0592249883855,90.0,1,1.0,0.013027637968709416,0.9996228814445911,True
design_point_C,concentric_circular_rings,0.7,2.0,8.0,3.0,550.0,4,24,-282.1868743826928,775.3020654329264,825.0592249883855,110.0,1,1.0,0.013025295940644204,0.9994431754342925,True
design_point_C,concentric_circular_rings,0.7,2.0,8.0,3.0,550.0,4,25,-714.5222484666426,412.5296124941927,825.0592249883855,150.0,1,1.0,0.013020647098832758,0.999086465441422,True
design_point_C,concentric_circular_rings,0.7,2.0,8.0,3.0,550.0,4,26,-812.5247214628057,143.27003088652296,825.0592249883855,170.0,1,1.0,0.013025464530379987,0.9994561114828586,True
design_point_C,concentric_circular_rings,0.7,2.0,8.0,3.0,550.0,4,27,-812.5247214628057,-143.2700308865231,825.0592249883855,190.0,1,1.0,0.01302546457954346,0.999456115255218,True
design_point_C,concentric_circular_rings,0.7,2.0,8.0,3.0,550.0,4,28,-530.3378470801131,-632.0320345464033,825.0592249883855,230.0,1,1.0,0.013027686042671911,0.9996265702048274,True
design_point_C,concentric_circular_rings,0.7,2.0,8.0,3.0,550.0,4,29,-1.5156092084835333e-13,-825.0592249883855,825.0592249883855,270.0,1,1.0,0.01302763817741968,0.9996228974591255,True
design_point_C,concentric_circular_rings,0.7,2.0,8.0,3.0,550.0,4,30,282.186874382693,-775.3020654329263,825.0592249883855,290.0,1,1.0,0.013025295894276418,0.9994431718764487,True
design_point_C,concentric_circular_rings,0.7,2.0,8.0,3.0,550.0,4,31,530.3378470801129,-632.0320345464035,825.0592249883855,310.0,1,1.0,0.013027686042671911,0.9996265702048274,True
design_point_C,concentric_circular_rings,0.7,2.0,8.0,3.0,550.0,4,32,714.5222484666424,-412.52961249419315,825.0592249883855,330.0,1,1.0,0.013020646863744635,0.9990864474028898,True
design_point_C,concentric_circular_rings,0.7,2.0,8.0,3.0,550.0,4,33,812.5247214628057,-143.27003088652305,825.0592249883855,350.0,1,1.0,0.01302546457954346,0.999456115255218,True
design_point_C,concentric_circular_rings,0.7,2.0,8.0,3.0,550.0,4,34,530.3378470801131,632.0320345464035,825.0592249883856,50.0,1,1.0,0.013027686020364446,0.9996265684931547,True
design_point_C,concentric_circular_rings,0.7,2.0,8.0,3.0,550.0,4,35,-530.3378470801131,632.0320345464035,825.0592249883856,130.0,1,1.0,0.013027686146713912,0.9996265781880677,True
design_point_C,concentric_circular_rings,0.7,2.0,8.0,3.0,550.0,4,36,-714.5222484666426,-412.52961249419286,825.0592249883856,210.0,1,1.0,0.013020646863744635,0.9990864474028898,True
design_point_C,concentric_circular_rings,0.7,2.0,8.0,3.0,550.0,4,37,-486.5524852976229,986.6308387228912,1100.0789666511805,116.25,1,1.0,0.013022801695730982,0.9992517896824645,True
design_point_C,concentric_circular_rings,0.7,2.0,8.0,3.0,550.0,4,38,-986.6308387228912,-486.5524852976229,1100.0789666511805,206.25,1,1.0,0.013022801524349963,0.9992517765322383,True
design_point_C,concentric_circular_rings,0.7,2.0,8.0,3.0,550.0,4,39,-71.94860681924905,-1097.7236131399827,1100.0789666511805,266.25,1,1.0,0.013028697142515755,0.9997041528442713,True
design_point_C,concentric_circular_rings,0.7,2.0,8.0,3.0,550.0,4,40,486.5524852976228,-986.6308387228912,1100.0789666511805,296.25,1,1.0,0.013022801908968786,0.9992518060444013,True
design_point_C,concentric_circular_rings,0.7,2.0,8.0,3.0,550.0,4,41,725.3324629410645,-827.0831584986958,1100.0789666511805,311.25,1,1.0,0.013023093749311177,0.9992741992276233,True
design_point_C,concentric_circular_rings,0.7,2.0,8.0,3.0,550.0,4,42,1097.7236131399827,-71.94860681924912,1100.0789666511805,356.25,1,1.0,0.013028696995262979,0.9997041415454276,True
design_point_C,concentric_circular_rings,0.7,2.0,8.0,3.0,550.0,4,43,1078.9412577726744,214.61475984714846,1100.0789666511807,11.249999999999998,1,1.0,0.013025871071358669,0.999487305753494,True
design_point_C,concentric_circular_rings,0.7,2.0,8.0,3.0,550.0,4,44,986.6308387228912,486.5524852976231,1100.0789666511807,26.250000000000004,1,1.0,0.013022802160471648,0.9992518253424518,True
design_point_C,concentric_circular_rings,0.7,2.0,8.0,3.0,550.0,4,45,827.0831584986961,725.3324629410641,1100.0789666511807,41.25,1,1.0,0.01302309386597089,0.9992742081790325,True
design_point_C,concentric_circular_rings,0.7,2.0,8.0,3.0,550.0,4,46,611.1711278423597,914.6822319036418,1100.0789666511807,56.25,1,1.0,0.013021128312341184,0.9991233894053085,True
design_point_C,concentric_circular_rings,0.7,2.0,8.0,3.0,550.0,4,47,353.60879483161017,1041.6979183458445,1100.0789666511807,71.25,1,1.0,0.01302080296472105,0.9990984251772349,True
design_point_C,concentric_circular_rings,0.7,2.0,8.0,3.0,550.0,4,48,71.94860681924939,1097.7236131399827,1100.0789666511807,86.25,1,1.0,0.013028697008545344,0.9997041425645959,True
design_point_C,concentric_circular_rings,0.7,2.0,8.0,3.0,550.0,4,49,-214.61475984714838,1078.9412577726744,1100.0789666511807,101.25,1,1.0,0.013025870445468877,0.9994872577283832,True
design_point_C,concentric_circular_rings,0.7,2.0,8.0,3.0,550.0,4,50,-725.3324629410641,827.0831584986961,1100.0789666511807,131.25,1,1.0,0.013023094322561738,0.9992742432136765,True
design_point_C,concentric_circular_rings,0.7,2.0,8.0,3.0,550.0,4,51,-914.682231903642,611.1711278423596,1100.0789666511807,146.25,1,1.0,0.01302112828067412,0.9991233869754649,True
design_point_C,concentric_circular_rings,0.7,2.0,8.0,3.0,550.0,4,52,-1041.6979183458445,353.6087948316102,1100.0789666511807,161.25,1,1.0,0.013020802859093902,0.9990984170723648,True
design_point_C,concentric_circular_rings,0.7,2.0,8.0,3.0,550.0,4,53,-1097.7236131399827,71.94860681924946,1100.0789666511807,176.25,1,1.0,0.013028697188148055,0.9997041563456804,True
design_point_C,concentric_circular_rings,0.7,2.0,8.0,3.0,550.0,4,54,-1078.9412577726744,-214.61475984714858,1100.0789666511807,191.25,1,1.0,0.013025870425117022,0.9994872561667663,True
design_point_C,concentric_circular_rings,0.7,2.0,8.0,3.0,550.0,4,55,-827.0831584986961,-725.3324629410641,1100.0789666511807,221.24999999999997,1,1.0,0.013023093833414184,0.9992742056809258,True
design_point_C,concentric_circular_rings,0.7,2.0,8.0,3.0,550.0,4,56,-611.1711278423596,-914.6822319036418,1100.0789666511807,236.25,1,1.0,0.013021128753842983,0.9991234232821556,True
design_point_C,concentric_circular_rings,0.7,2.0,8.0,3.0,550.0,4,57,-353.6087948316103,-1041.6979183458445,1100.0789666511807,251.25,1,1.0,0.013020803108274059,0.9990984361921921,True
design_point_C,concentric_circular_rings,0.7,2.0,8.0,3.0,550.0,4,58,214.6147598471485,-1078.9412577726744,1100.0789666511807,281.25,1,1.0,0.013025870963137618,0.9994872974495913,True
design_point_C,concentric_circular_rings,0.7,2.0,8.0,3.0,550.0,4,59,914.6822319036418,-611.1711278423596,1100.0789666511807,326.25,1,1.0,0.013021128066538804,0.9991233705446613,True
design_point_C,concentric_circular_rings,0.7,2.0,8.0,3.0,550.0,4,60,1041.6979183458445,-353.60879483161034,1100.0789666511807,341.25,1,1.0,0.013020802790383097,0.9990984118001204,True
pupil_study_A,square_packing,1.2,2.0,2.0,3.0,550.0,0,1,0.0,-275.0197416627952,275.0197416627952,270.0,1,0.0,0.0,0.0,False
pupil_study_A,square_packing,1.2,2.0,2.0,3.0,550.0,0,2,-275.0197416627952,0.0,275.0197416627952,180.0,1,0.0,0.0,0.0,False
pupil_study_A,square_packing,1.2,2.0,2.0,3.0,550.0,0,3,275.0197416627952,0.0,275.0197416627952,0.0,1,0.0,0.0,0.0,False
pupil_study_A,square_packing,1.2,2.0,2.0,3.0,550.0,0,4,0.0,275.0197416627952,275.0197416627952,90.0,1,0.0,0.0,0.0,False
pupil_study_A,square_packing,1.2,2.0,2.0,3.0,550.0,0,5,-275.0197416627952,-275.0197416627952,388.9366485798699,225.0,1,0.0,0.0,0.0,False
pupil_study_A,square_packing,1.2,2.0,2.0,3.0,550.0,0,6,275.0197416627952,-275.0197416627952,388.9366485798699,315.0,1,0.0,0.0,0.0,False
pupil_study_A,square_packing,1.2,2.0,2.0,3.0,550.0,0,7,-275.0197416627952,275.0197416627952,388.9366485798699,135.0,1,0.0,0.0,0.0,False
pupil_study_A,square_packing,1.2,2.0,2.0,3.0,550.0,0,8,275.0197416627952,275.0197416627952,388.9366485798699,45.0,1,0.0,0.0,0.0,False
pupil_study_A,square_packing,1.2,2.0,2.0,3.0,550.0,0,9,0.0,-550.0394833255904,550.0394833255904,270.0,1,0.0,0.0,0.0,False
pupil_study_A,square_packing,1.2,2.0,2.0,3.0,550.0,0,10,-550.0394833255904,0.0,550.0394833255904,180.0,1,0.0,0.0,0.0,False
pupil_study_A,square_packing,1.2,2.0,2.0,3.0,550.0,0,11,550.0394833255904,0.0,550.0394833255904,0.0,1,0.0,0.0,0.0,False
pupil_study_A,square_packing,1.2,2.0,2.0,3.0,550.0,0,12,0.0,550.0394833255904,550.0394833255904,90.0,1,0.0,0.0,0.0,False
pupil_study_A,square_packing,1.2,2.0,2.0,3.0,550.0,0,13,-275.0197416627952,-550.0394833255904,614.9628375124411,243.43494882292202,1,0.0,0.0,0.0,False
pupil_study_A,square_packing,1.2,2.0,2.0,3.0,550.0,0,14,275.0197416627952,-550.0394833255904,614.9628375124411,296.565051177078,1,0.0,0.0,0.0,False
pupil_study_A,square_packing,1.2,2.0,2.0,3.0,550.0,0,15,-550.0394833255904,-275.0197416627952,614.9628375124411,206.565051177078,1,0.0,0.0,0.0,False
pupil_study_A,square_packing,1.2,2.0,2.0,3.0,550.0,0,16,550.0394833255904,-275.0197416627952,614.9628375124411,333.434948822922,1,0.0,0.0,0.0,False
pupil_study_A,square_packing,1.2,2.0,2.0,3.0,550.0,0,17,-550.0394833255904,275.0197416627952,614.9628375124411,153.434948822922,1,0.0,0.0,0.0,False
pupil_study_A,square_packing,1.2,2.0,2.0,3.0,550.0,0,18,550.0394833255904,275.0197416627952,614.9628375124411,26.56505117707799,1,0.0,0.0,0.0,False
pupil_study_A,square_packing,1.2,2.0,2.0,3.0,550.0,0,19,-275.0197416627952,550.0394833255904,614.9628375124411,116.56505117707799,1,0.0,0.0,0.0,False
pupil_study_A,square_packing,1.2,2.0,2.0,3.0,550.0,0,20,275.0197416627952,550.0394833255904,614.9628375124411,63.43494882292201,1,0.0,0.0,0.0,False
pupil_study_A,square_packing,1.2,2.0,2.0,3.0,550.0,0,21,-550.0394833255904,-550.0394833255904,777.8732971597398,225.0,1,0.0,0.0,0.0,False
pupil_study_A,square_packing,1.2,2.0,2.0,3.0,550.0,0,22,550.0394833255904,-550.0394833255904,777.8732971597398,315.0,1,0.0,0.0,0.0,False
pupil_study_A,square_packing,1.2,2.0,2.0,3.0,550.0,0,23,-550.0394833255904,550.0394833255904,777.8732971597398,135.0,1,0.0,0.0,0.0,False
pupil_study_A,square_packing,1.2,2.0,2.0,3.0,550.0,0,24,550.0394833255904,550.0394833255904,777.8732971597398,45.0,1,0.0,0.0,0.0,False
pupil_study_A,square_packing,1.2,2.0,4.0,3.0,550.0,0,1,0.0,-275.0197416627952,275.0197416627952,270.0,1,0.4680968682291338,0.003267692402869523,0.4679811787494763,True
pupil_study_A,square_packing,1.2,2.0,4.0,3.0,550.0,0,2,-275.0197416627952,0.0,275.0197416627952,180.0,1,0.4680968682291338,0.0032676924263793363,0.46798118211642425,True
pupil_study_A,square_packing,1.2,2.0,4.0,3.0,550.0,0,3,275.0197416627952,0.0,275.0197416627952,0.0,1,0.4680968682291338,0.0032676922956112117,0.46798116338852286,True
pupil_study_A,square_packing,1.2,2.0,4.0,3.0,550.0,0,4,0.0,275.0197416627952,275.0197416627952,90.0,1,0.4680968682291338,0.0032676922956144023,0.4679811633889798,True
pupil_study_A,square_packing,1.2,2.0,4.0,3.0,550.0,0,5,-275.0197416627952,-275.0197416627952,388.9366485798699,225.0,1,0.0,0.0,0.0,False
pupil_study_A,square_packing,1.2,2.0,4.0,3.0,550.0,0,6,275.0197416627952,-275.0197416627952,388.9366485798699,315.0,1,0.0,0.0,0.0,False
pupil_study_A,square_packing,1.2,2.0,4.0,3.0,550.0,0,7,-275.0197416627952,275.0197416627952,388.9366485798699,135.0,1,0.0,0.0,0.0,False
pupil_study_A,square_packing,1.2,2.0,4.0,3.0,550.0,0,8,275.0197416627952,275.0197416627952,388.9366485798699,45.0,1,0.0,0.0,0.0,False
pupil_study_A,square_packing,1.2,2.0,4.0,3.0,550.0,0,9,0.0,-550.0394833255904,550.0394833255904,270.0,1,0.0,0.0,0.0,False
pupil_study_A,square_packing,1.2,2.0,4.0,3.0,550.0,0,10,-550.0394833255904,0.0,550.0394833255904,180.0,1,0.0,0.0,0.0,False
pupil_study_A,square_packing,1.2,2.0,4.0,3.0,550.0,0,11,550.0394833255904,0.0,550.0394833255904,0.0,1,0.0,0.0,0.0,False
pupil_study_A,square_packing,1.2,2.0,4.0,3.0,550.0,0,12,0.0,550.0394833255904,550.0394833255904,90.0,1,0.0,0.0,0.0,False
pupil_study_A,square_packing,1.2,2.0,4.0,3.0,550.0,0,13,-275.0197416627952,-550.0394833255904,614.9628375124411,243.43494882292202,1,0.0,0.0,0.0,False
pupil_study_A,square_packing,1.2,2.0,4.0,3.0,550.0,0,14,275.0197416627952,-550.0394833255904,614.9628375124411,296.565051177078,1,0.0,0.0,0.0,False
pupil_study_A,square_packing,1.2,2.0,4.0,3.0,550.0,0,15,-550.0394833255904,-275.0197416627952,614.9628375124411,206.565051177078,1,0.0,0.0,0.0,False
pupil_study_A,square_packing,1.2,2.0,4.0,3.0,550.0,0,16,550.0394833255904,-275.0197416627952,614.9628375124411,333.434948822922,1,0.0,0.0,0.0,False
pupil_study_A,square_packing,1.2,2.0,4.0,3.0,550.0,0,17,-550.0394833255904,275.0197416627952,614.9628375124411,153.434948822922,1,0.0,0.0,0.0,False
pupil_study_A,square_packing,1.2,2.0,4.0,3.0,550.0,0,18,550.0394833255904,275.0197416627952,614.9628375124411,26.56505117707799,1,0.0,0.0,0.0,False
pupil_study_A,square_packing,1.2,2.0,4.0,3.0,550.0,0,19,-275.0197416627952,550.0394833255904,614.9628375124411,116.56505117707799,1,0.0,0.0,0.0,False
pupil_study_A,square_packing,1.2,2.0,4.0,3.0,550.0,0,20,275.0197416627952,550.0394833255904,614.9628375124411,63.43494882292201,1,0.0,0.0,0.0,False
pupil_study_A,square_packing,1.2,2.0,4.0,3.0,550.0,0,21,-550.0394833255904,-550.0394833255904,777.8732971597398,225.0,1,0.0,0.0,0.0,False
pupil_study_A,square_packing,1.2,2.0,4.0,3.0,550.0,0,22,550.0394833255904,-550.0394833255904,777.8732971597398,315.0,1,0.0,0.0,0.0,False
pupil_study_A,square_packing,1.2,2.0,4.0,3.0,550.0,0,23,-550.0394833255904,550.0394833255904,777.8732971597398,135.0,1,0.0,0.0,0.0,False
pupil_study_A,square_packing,1.2,2.0,4.0,3.0,550.0,0,24,550.0394833255904,550.0394833255904,777.8732971597398,45.0,1,0.0,0.0,0.0,False
pupil_study_A,square_packing,1.2,2.0,8.0,3.0,550.0,0,1,0.0,-275.0197416627952,275.0197416627952,270.0,1,1.0,0.006980803826281186,0.9997528532285077,True
pupil_study_A,square_packing,1.2,2.0,8.0,3.0,550.0,0,2,-275.0197416627952,0.0,275.0197416627952,180.0,1,1.0,0.006980803873301336,0.9997528599624785,True
pupil_study_A,square_packing,1.2,2.0,8.0,3.0,550.0,0,3,275.0197416627952,0.0,275.0197416627952,0.0,1,1.0,0.006980803481021912,0.9997528037823475,True
pupil_study_A,square_packing,1.2,2.0,8.0,3.0,550.0,0,4,0.0,275.0197416627952,275.0197416627952,90.0,1,1.0,0.006980803564758774,0.9997528157746867,True
pupil_study_A,square_packing,1.2,2.0,8.0,3.0,550.0,0,5,-275.0197416627952,-275.0197416627952,388.9366485798699,225.0,1,1.0,0.006979366905028937,0.9995470651620401,True
pupil_study_A,square_packing,1.2,2.0,8.0,3.0,550.0,0,6,275.0197416627952,-275.0197416627952,388.9366485798699,315.0,1,1.0,0.006979366759973807,0.9995470443880312,True
pupil_study_A,square_packing,1.2,2.0,8.0,3.0,550.0,0,7,-275.0197416627952,275.0197416627952,388.9366485798699,135.0,1,1.0,0.006979366808331396,0.9995470513135428,True
pupil_study_A,square_packing,1.2,2.0,8.0,3.0,550.0,0,8,275.0197416627952,275.0197416627952,388.9366485798699,45.0,1,1.0,0.0069793668709359526,0.9995470602794277,True
pupil_study_A,square_packing,1.2,2.0,8.0,3.0,550.0,0,9,0.0,-550.0394833255904,550.0394833255904,270.0,1,0.4840755369965986,0.0033790889728566196,0.4839347911780607,True
pupil_study_A,square_packing,1.2,2.0,8.0,3.0,550.0,0,10,-550.0394833255904,0.0,550.0394833255904,180.0,1,0.4840755369965986,0.003379088910125135,0.4839347821939978,True
pupil_study_A,square_packing,1.2,2.0,8.0,3.0,550.0,0,11,550.0394833255904,0.0,550.0394833255904,0.0,1,0.4840755369965986,0.0033790888931557045,0.48393477976372806,True
pupil_study_A,square_packing,1.2,2.0,8.0,3.0,550.0,0,12,0.0,550.0394833255904,550.0394833255904,90.0,1,0.4840755369965986,0.0033790890632408974,0.48393480412240664,True
pupil_study_A,square_packing,1.2,2.0,8.0,3.0,550.0,0,13,-275.0197416627952,-550.0394833255904,614.9628375124411,243.43494882292202,1,0.05368322382323607,0.00037466327912373575,0.05365724229260356,True
pupil_study_A,square_packing,1.2,2.0,8.0,3.0,550.0,0,14,275.0197416627952,-550.0394833255904,614.9628375124411,296.565051177078,1,0.05368322382323607,0.0003746632938666269,0.05365724440400045,True
pupil_study_A,square_packing,1.2,2.0,8.0,3.0,550.0,0,15,-550.0394833255904,-275.0197416627952,614.9628375124411,206.565051177078,1,0.05368322382323607,0.0003746632760727025,0.05365724185565113,True
pupil_study_A,square_packing,1.2,2.0,8.0,3.0,550.0,0,16,550.0394833255904,-275.0197416627952,614.9628375124411,333.434948822922,1,0.05368322382323607,0.00037466328198545513,0.053657242702443486,True
pupil_study_A,square_packing,1.2,2.0,8.0,3.0,550.0,0,17,-550.0394833255904,275.0197416627952,614.9628375124411,153.434948822922,1,0.05368322382323607,0.00037466328578457993,0.05365724324653353,True
pupil_study_A,square_packing,1.2,2.0,8.0,3.0,550.0,0,18,550.0394833255904,275.0197416627952,614.9628375124411,26.56505117707799,1,0.05368322382323607,0.0003746632900695456,0.05365724386020307,True
pupil_study_A,square_packing,1.2,2.0,8.0,3.0,550.0,0,19,-275.0197416627952,550.0394833255904,614.9628375124411,116.56505117707799,1,0.05368322382323607,0.0003746632815512162,0.05365724264025414,True
pupil_study_A,square_packing,1.2,2.0,8.0,3.0,550.0,0,20,275.0197416627952,550.0394833255904,614.9628375124411,63.43494882292201,1,0.05368322382323607,0.00037466328092978997,0.05365724255125685,True
pupil_study_A,square_packing,1.2,2.0,8.0,3.0,550.0,0,21,-550.0394833255904,-550.0394833255904,777.8732971597398,225.0,1,0.0,0.0,0.0,False
pupil_study_A,square_packing,1.2,2.0,8.0,3.0,550.0,0,22,550.0394833255904,-550.0394833255904,777.8732971597398,315.0,1,0.0,0.0,0.0,False
pupil_study_A,square_packing,1.2,2.0,8.0,3.0,550.0,0,23,-550.0394833255904,550.0394833255904,777.8732971597398,135.0,1,0.0,0.0,0.0,False
pupil_study_A,square_packing,1.2,2.0,8.0,3.0,550.0,0,24,550.0394833255904,550.0394833255904,777.8732971597398,45.0,1,0.0,0.0,0.0,False
pupil_study_B,square_packing,1.0,2.5,2.0,3.0,550.0,0,1,0.0,-343.774677078494,343.774677078494,270.0,1,0.0,0.0,0.0,False
pupil_study_B,square_packing,1.0,2.5,2.0,3.0,550.0,0,2,-343.774677078494,0.0,343.774677078494,180.0,1,0.0,0.0,0.0,False
pupil_study_B,square_packing,1.0,2.5,2.0,3.0,550.0,0,3,343.774677078494,0.0,343.774677078494,0.0,1,0.0,0.0,0.0,False
pupil_study_B,square_packing,1.0,2.5,2.0,3.0,550.0,0,4,0.0,343.774677078494,343.774677078494,90.0,1,0.0,0.0,0.0,False
pupil_study_B,square_packing,1.0,2.5,2.0,3.0,550.0,0,5,-343.774677078494,-343.774677078494,486.1708107248374,225.0,1,0.0,0.0,0.0,False
pupil_study_B,square_packing,1.0,2.5,2.0,3.0,550.0,0,6,343.774677078494,-343.774677078494,486.1708107248374,315.0,1,0.0,0.0,0.0,False
pupil_study_B,square_packing,1.0,2.5,2.0,3.0,550.0,0,7,-343.774677078494,343.774677078494,486.1708107248374,135.0,1,0.0,0.0,0.0,False
pupil_study_B,square_packing,1.0,2.5,2.0,3.0,550.0,0,8,343.774677078494,343.774677078494,486.1708107248374,45.0,1,0.0,0.0,0.0,False
pupil_study_B,square_packing,1.0,2.5,2.0,3.0,550.0,0,9,0.0,-687.549354156988,687.549354156988,270.0,1,0.0,0.0,0.0,False
pupil_study_B,square_packing,1.0,2.5,2.0,3.0,550.0,0,10,-687.549354156988,0.0,687.549354156988,180.0,1,0.0,0.0,0.0,False
pupil_study_B,square_packing,1.0,2.5,2.0,3.0,550.0,0,11,687.549354156988,0.0,687.549354156988,0.0,1,0.0,0.0,0.0,False
pupil_study_B,square_packing,1.0,2.5,2.0,3.0,550.0,0,12,0.0,687.549354156988,687.549354156988,90.0,1,0.0,0.0,0.0,False
pupil_study_B,square_packing,1.0,2.5,2.0,3.0,550.0,0,13,-343.774677078494,-687.549354156988,768.7035468905514,243.43494882292202,1,0.0,0.0,0.0,False
pupil_study_B,square_packing,1.0,2.5,2.0,3.0,550.0,0,14,343.774677078494,-687.549354156988,768.7035468905514,296.565051177078,1,0.0,0.0,0.0,False
pupil_study_B,square_packing,1.0,2.5,2.0,3.0,550.0,0,15,-687.549354156988,-343.774677078494,768.7035468905514,206.565051177078,1,0.0,0.0,0.0,False
pupil_study_B,square_packing,1.0,2.5,2.0,3.0,550.0,0,16,687.549354156988,-343.774677078494,768.7035468905514,333.434948822922,1,0.0,0.0,0.0,False
pupil_study_B,square_packing,1.0,2.5,2.0,3.0,550.0,0,17,-687.549354156988,343.774677078494,768.7035468905514,153.434948822922,1,0.0,0.0,0.0,False
pupil_study_B,square_packing,1.0,2.5,2.0,3.0,550.0,0,18,687.549354156988,343.774677078494,768.7035468905514,26.56505117707799,1,0.0,0.0,0.0,False
pupil_study_B,square_packing,1.0,2.5,2.0,3.0,550.0,0,19,-343.774677078494,687.549354156988,768.7035468905514,116.56505117707799,1,0.0,0.0,0.0,False
pupil_study_B,square_packing,1.0,2.5,2.0,3.0,550.0,0,20,343.774677078494,687.549354156988,768.7035468905514,63.43494882292201,1,0.0,0.0,0.0,False
pupil_study_B,square_packing,1.0,2.5,2.0,3.0,550.0,0,21,-687.549354156988,-687.549354156988,972.3416214496748,225.0,1,0.0,0.0,0.0,False
pupil_study_B,square_packing,1.0,2.5,2.0,3.0,550.0,0,22,687.549354156988,-687.549354156988,972.3416214496748,315.0,1,0.0,0.0,0.0,False
pupil_study_B,square_packing,1.0,2.5,2.0,3.0,550.0,0,23,-687.549354156988,687.549354156988,972.3416214496748,135.0,1,0.0,0.0,0.0,False
pupil_study_B,square_packing,1.0,2.5,2.0,3.0,550.0,0,24,687.549354156988,687.549354156988,972.3416214496748,45.0,1,0.0,0.0,0.0,False
pupil_study_B,square_packing,1.0,2.5,4.0,3.0,550.0,0,1,0.0,-343.774677078494,343.774677078494,270.0,1,0.0,0.0,0.0,False
pupil_study_B,square_packing,1.0,2.5,4.0,3.0,550.0,0,2,-343.774677078494,0.0,343.774677078494,180.0,1,0.0,0.0,0.0,False
pupil_study_B,square_packing,1.0,2.5,4.0,3.0,550.0,0,3,343.774677078494,0.0,343.774677078494,0.0,1,0.0,0.0,0.0,False
pupil_study_B,square_packing,1.0,2.5,4.0,3.0,550.0,0,4,0.0,343.774677078494,343.774677078494,90.0,1,0.0,0.0,0.0,False
pupil_study_B,square_packing,1.0,2.5,4.0,3.0,550.0,0,5,-343.774677078494,-343.774677078494,486.1708107248374,225.0,1,0.0,0.0,0.0,False
pupil_study_B,square_packing,1.0,2.5,4.0,3.0,550.0,0,6,343.774677078494,-343.774677078494,486.1708107248374,315.0,1,0.0,0.0,0.0,False
pupil_study_B,square_packing,1.0,2.5,4.0,3.0,550.0,0,7,-343.774677078494,343.774677078494,486.1708107248374,135.0,1,0.0,0.0,0.0,False
pupil_study_B,square_packing,1.0,2.5,4.0,3.0,550.0,0,8,343.774677078494,343.774677078494,486.1708107248374,45.0,1,0.0,0.0,0.0,False
pupil_study_B,square_packing,1.0,2.5,4.0,3.0,550.0,0,9,0.0,-687.549354156988,687.549354156988,270.0,1,0.0,0.0,0.0,False
pupil_study_B,square_packing,1.0,2.5,4.0,3.0,550.0,0,10,-687.549354156988,0.0,687.549354156988,180.0,1,0.0,0.0,0.0,False
pupil_study_B,square_packing,1.0,2.5,4.0,3.0,550.0,0,11,687.549354156988,0.0,687.549354156988,0.0,1,0.0,0.0,0.0,False
pupil_study_B,square_packing,1.0,2.5,4.0,3.0,550.0,0,12,0.0,687.549354156988,687.549354156988,90.0,1,0.0,0.0,0.0,False
pupil_study_B,square_packing,1.0,2.5,4.0,3.0,550.0,0,13,-343.774677078494,-687.549354156988,768.7035468905514,243.43494882292202,1,0.0,0.0,0.0,False
pupil_study_B,square_packing,1.0,2.5,4.0,3.0,550.0,0,14,343.774677078494,-687.549354156988,768.7035468905514,296.565051177078,1,0.0,0.0,0.0,False
pupil_study_B,square_packing,1.0,2.5,4.0,3.0,550.0,0,15,-687.549354156988,-343.774677078494,768.7035468905514,206.565051177078,1,0.0,0.0,0.0,False
pupil_study_B,square_packing,1.0,2.5,4.0,3.0,550.0,0,16,687.549354156988,-343.774677078494,768.7035468905514,333.434948822922,1,0.0,0.0,0.0,False
pupil_study_B,square_packing,1.0,2.5,4.0,3.0,550.0,0,17,-687.549354156988,343.774677078494,768.7035468905514,153.434948822922,1,0.0,0.0,0.0,False
pupil_study_B,square_packing,1.0,2.5,4.0,3.0,550.0,0,18,687.549354156988,343.774677078494,768.7035468905514,26.56505117707799,1,0.0,0.0,0.0,False
pupil_study_B,square_packing,1.0,2.5,4.0,3.0,550.0,0,19,-343.774677078494,687.549354156988,768.7035468905514,116.56505117707799,1,0.0,0.0,0.0,False
pupil_study_B,square_packing,1.0,2.5,4.0,3.0,550.0,0,20,343.774677078494,687.549354156988,768.7035468905514,63.43494882292201,1,0.0,0.0,0.0,False
pupil_study_B,square_packing,1.0,2.5,4.0,3.0,550.0,0,21,-687.549354156988,-687.549354156988,972.3416214496748,225.0,1,0.0,0.0,0.0,False
pupil_study_B,square_packing,1.0,2.5,4.0,3.0,550.0,0,22,687.549354156988,-687.549354156988,972.3416214496748,315.0,1,0.0,0.0,0.0,False
pupil_study_B,square_packing,1.0,2.5,4.0,3.0,550.0,0,23,-687.549354156988,687.549354156988,972.3416214496748,135.0,1,0.0,0.0,0.0,False
pupil_study_B,square_packing,1.0,2.5,4.0,3.0,550.0,0,24,687.549354156988,687.549354156988,972.3416214496748,45.0,1,0.0,0.0,0.0,False
pupil_study_B,square_packing,1.0,2.5,8.0,3.0,550.0,0,1,0.0,-343.774677078494,343.774677078494,270.0,1,1.0,0.010425820471450702,0.9999579718021895,True
pupil_study_B,square_packing,1.0,2.5,8.0,3.0,550.0,0,2,-343.774677078494,0.0,343.774677078494,180.0,1,1.0,0.010425819708357202,0.9999578986126089,True
pupil_study_B,square_packing,1.0,2.5,8.0,3.0,550.0,0,3,343.774677078494,0.0,343.774677078494,0.0,1,1.0,0.010425819708357202,0.9999578986126089,True
pupil_study_B,square_packing,1.0,2.5,8.0,3.0,550.0,0,4,0.0,343.774677078494,343.774677078494,90.0,1,1.0,0.010425819876602686,0.9999579147493161,True
pupil_study_B,square_packing,1.0,2.5,8.0,3.0,550.0,0,5,-343.774677078494,-343.774677078494,486.1708107248374,225.0,1,0.9880124633416801,0.010300018390491822,0.9878920826888474,True
pupil_study_B,square_packing,1.0,2.5,8.0,3.0,550.0,0,6,343.774677078494,-343.774677078494,486.1708107248374,315.0,1,0.9880124633416801,0.010300018479184117,0.9878920911954745,True
pupil_study_B,square_packing,1.0,2.5,8.0,3.0,550.0,0,7,-343.774677078494,343.774677078494,486.1708107248374,135.0,1,0.9880124633416801,0.010300018567868252,0.987892099701319,True
pupil_study_B,square_packing,1.0,2.5,8.0,3.0,550.0,0,8,343.774677078494,343.774677078494,486.1708107248374,45.0,1,0.9880124633416801,0.010300018567868252,0.987892099701319,True
pupil_study_B,square_packing,1.0,2.5,8.0,3.0,550.0,0,9,0.0,-687.549354156988,687.549354156988,270.0,1,0.0,0.0,0.0,False
pupil_study_B,square_packing,1.0,2.5,8.0,3.0,550.0,0,10,-687.549354156988,0.0,687.549354156988,180.0,1,0.0,0.0,0.0,False
pupil_study_B,square_packing,1.0,2.5,8.0,3.0,550.0,0,11,687.549354156988,0.0,687.549354156988,0.0,1,0.0,0.0,0.0,False
pupil_study_B,square_packing,1.0,2.5,8.0,3.0,550.0,0,12,0.0,687.549354156988,687.549354156988,90.0,1,0.0,0.0,0.0,False
pupil_study_B,square_packing,1.0,2.5,8.0,3.0,550.0,0,13,-343.774677078494,-687.549354156988,768.7035468905514,243.43494882292202,1,0.0,0.0,0.0,False
pupil_study_B,square_packing,1.0,2.5,8.0,3.0,550.0,0,14,343.774677078494,-687.549354156988,768.7035468905514,296.565051177078,1,0.0,0.0,0.0,False
pupil_study_B,square_packing,1.0,2.5,8.0,3.0,550.0,0,15,-687.549354156988,-343.774677078494,768.7035468905514,206.565051177078,1,0.0,0.0,0.0,False
pupil_study_B,square_packing,1.0,2.5,8.0,3.0,550.0,0,16,687.549354156988,-343.774677078494,768.7035468905514,333.434948822922,1,0.0,0.0,0.0,False
pupil_study_B,square_packing,1.0,2.5,8.0,3.0,550.0,0,17,-687.549354156988,343.774677078494,768.7035468905514,153.434948822922,1,0.0,0.0,0.0,False
pupil_study_B,square_packing,1.0,2.5,8.0,3.0,550.0,0,18,687.549354156988,343.774677078494,768.7035468905514,26.56505117707799,1,0.0,0.0,0.0,False
pupil_study_B,square_packing,1.0,2.5,8.0,3.0,550.0,0,19,-343.774677078494,687.549354156988,768.7035468905514,116.56505117707799,1,0.0,0.0,0.0,False
pupil_study_B,square_packing,1.0,2.5,8.0,3.0,550.0,0,20,343.774677078494,687.549354156988,768.7035468905514,63.43494882292201,1,0.0,0.0,0.0,False
pupil_study_B,square_packing,1.0,2.5,8.0,3.0,550.0,0,21,-687.549354156988,-687.549354156988,972.3416214496748,225.0,1,0.0,0.0,0.0,False
pupil_study_B,square_packing,1.0,2.5,8.0,3.0,550.0,0,22,687.549354156988,-687.549354156988,972.3416214496748,315.0,1,0.0,0.0,0.0,False
pupil_study_B,square_packing,1.0,2.5,8.0,3.0,550.0,0,23,-687.549354156988,687.549354156988,972.3416214496748,135.0,1,0.0,0.0,0.0,False
pupil_study_B,square_packing,1.0,2.5,8.0,3.0,550.0,0,24,687.549354156988,687.549354156988,972.3416214496748,45.0,1,0.0,0.0,0.0,False
pupil_study_C,square_packing,0.7,2.0,2.0,3.0,550.0,0,1,0.0,-275.0197416627952,275.0197416627952,270.0,1,0.0,0.0,0.0,False
pupil_study_C,square_packing,0.7,2.0,2.0,3.0,550.0,0,2,-275.0197416627952,0.0,275.0197416627952,180.0,1,0.0,0.0,0.0,False
pupil_study_C,square_packing,0.7,2.0,2.0,3.0,550.0,0,3,275.0197416627952,0.0,275.0197416627952,0.0,1,0.0,0.0,0.0,False
pupil_study_C,square_packing,0.7,2.0,2.0,3.0,550.0,0,4,0.0,275.0197416627952,275.0197416627952,90.0,1,0.0,0.0,0.0,False
pupil_study_C,square_packing,0.7,2.0,2.0,3.0,550.0,0,5,-275.0197416627952,-275.0197416627952,388.9366485798699,225.0,1,0.0,0.0,0.0,False
pupil_study_C,square_packing,0.7,2.0,2.0,3.0,550.0,0,6,275.0197416627952,-275.0197416627952,388.9366485798699,315.0,1,0.0,0.0,0.0,False
pupil_study_C,square_packing,0.7,2.0,2.0,3.0,550.0,0,7,-275.0197416627952,275.0197416627952,388.9366485798699,135.0,1,0.0,0.0,0.0,False
pupil_study_C,square_packing,0.7,2.0,2.0,3.0,550.0,0,8,275.0197416627952,275.0197416627952,388.9366485798699,45.0,1,0.0,0.0,0.0,False
pupil_study_C,square_packing,0.7,2.0,2.0,3.0,550.0,0,9,0.0,-550.0394833255904,550.0394833255904,270.0,1,0.0,0.0,0.0,False
pupil_study_C,square_packing,0.7,2.0,2.0,3.0,550.0,0,10,-550.0394833255904,0.0,550.0394833255904,180.0,1,0.0,0.0,0.0,False
pupil_study_C,square_packing,0.7,2.0,2.0,3.0,550.0,0,11,550.0394833255904,0.0,550.0394833255904,0.0,1,0.0,0.0,0.0,False
pupil_study_C,square_packing,0.7,2.0,2.0,3.0,550.0,0,12,0.0,550.0394833255904,550.0394833255904,90.0,1,0.0,0.0,0.0,False
pupil_study_C,square_packing,0.7,2.0,2.0,3.0,550.0,0,13,-275.0197416627952,-550.0394833255904,614.9628375124411,243.43494882292202,1,0.0,0.0,0.0,False
pupil_study_C,square_packing,0.7,2.0,2.0,3.0,550.0,0,14,275.0197416627952,-550.0394833255904,614.9628375124411,296.565051177078,1,0.0,0.0,0.0,False
pupil_study_C,square_packing,0.7,2.0,2.0,3.0,550.0,0,15,-550.0394833255904,-275.0197416627952,614.9628375124411,206.565051177078,1,0.0,0.0,0.0,False
pupil_study_C,square_packing,0.7,2.0,2.0,3.0,550.0,0,16,550.0394833255904,-275.0197416627952,614.9628375124411,333.434948822922,1,0.0,0.0,0.0,False
pupil_study_C,square_packing,0.7,2.0,2.0,3.0,550.0,0,17,-550.0394833255904,275.0197416627952,614.9628375124411,153.434948822922,1,0.0,0.0,0.0,False
pupil_study_C,square_packing,0.7,2.0,2.0,3.0,550.0,0,18,550.0394833255904,275.0197416627952,614.9628375124411,26.56505117707799,1,0.0,0.0,0.0,False
pupil_study_C,square_packing,0.7,2.0,2.0,3.0,550.0,0,19,-275.0197416627952,550.0394833255904,614.9628375124411,116.56505117707799,1,0.0,0.0,0.0,False
pupil_study_C,square_packing,0.7,2.0,2.0,3.0,550.0,0,20,275.0197416627952,550.0394833255904,614.9628375124411,63.43494882292201,1,0.0,0.0,0.0,False
pupil_study_C,square_packing,0.7,2.0,2.0,3.0,550.0,0,21,-550.0394833255904,-550.0394833255904,777.8732971597398,225.0,1,0.0,0.0,0.0,False
pupil_study_C,square_packing,0.7,2.0,2.0,3.0,550.0,0,22,550.0394833255904,-550.0394833255904,777.8732971597398,315.0,1,0.0,0.0,0.0,False
pupil_study_C,square_packing,0.7,2.0,2.0,3.0,550.0,0,23,-550.0394833255904,550.0394833255904,777.8732971597398,135.0,1,0.0,0.0,0.0,False
pupil_study_C,square_packing,0.7,2.0,2.0,3.0,550.0,0,24,550.0394833255904,550.0394833255904,777.8732971597398,45.0,1,0.0,0.0,0.0,False
pupil_study_C,square_packing,0.7,2.0,4.0,3.0,550.0,0,1,0.0,-275.0197416627952,275.0197416627952,270.0,1,0.4814176720125457,0.003330076667614978,0.4812536720313182,True
pupil_study_C,square_packing,0.7,2.0,4.0,3.0,550.0,0,2,-275.0197416627952,0.0,275.0197416627952,180.0,1,0.4814176720125457,0.0033300766288385103,0.481253666427448,True
pupil_study_C,square_packing,0.7,2.0,4.0,3.0,550.0,0,3,275.0197416627952,0.0,275.0197416627952,0.0,1,0.4814176720125457,0.0033300766288385103,0.481253666427448,True
pupil_study_C,square_packing,0.7,2.0,4.0,3.0,550.0,0,4,0.0,275.0197416627952,275.0197416627952,90.0,1,0.4814176720125457,0.0033300768002938654,0.4812536912057121,True
pupil_study_C,square_packing,0.7,2.0,4.0,3.0,550.0,0,5,-275.0197416627952,-275.0197416627952,388.9366485798699,225.0,1,0.0,0.0,0.0,False
pupil_study_C,square_packing,0.7,2.0,4.0,3.0,550.0,0,6,275.0197416627952,-275.0197416627952,388.9366485798699,315.0,1,0.0,0.0,0.0,False
pupil_study_C,square_packing,0.7,2.0,4.0,3.0,550.0,0,7,-275.0197416627952,275.0197416627952,388.9366485798699,135.0,1,0.0,0.0,0.0,False
pupil_study_C,square_packing,0.7,2.0,4.0,3.0,550.0,0,8,275.0197416627952,275.0197416627952,388.9366485798699,45.0,1,0.0,0.0,0.0,False
pupil_study_C,square_packing,0.7,2.0,4.0,3.0,550.0,0,9,0.0,-550.0394833255904,550.0394833255904,270.0,1,0.0,0.0,0.0,False
pupil_study_C,square_packing,0.7,2.0,4.0,3.0,550.0,0,10,-550.0394833255904,0.0,550.0394833255904,180.0,1,0.0,0.0,0.0,False
pupil_study_C,square_packing,0.7,2.0,4.0,3.0,550.0,0,11,550.0394833255904,0.0,550.0394833255904,0.0,1,0.0,0.0,0.0,False
pupil_study_C,square_packing,0.7,2.0,4.0,3.0,550.0,0,12,0.0,550.0394833255904,550.0394833255904,90.0,1,0.0,0.0,0.0,False
pupil_study_C,square_packing,0.7,2.0,4.0,3.0,550.0,0,13,-275.0197416627952,-550.0394833255904,614.9628375124411,243.43494882292202,1,0.0,0.0,0.0,False
pupil_study_C,square_packing,0.7,2.0,4.0,3.0,550.0,0,14,275.0197416627952,-550.0394833255904,614.9628375124411,296.565051177078,1,0.0,0.0,0.0,False
pupil_study_C,square_packing,0.7,2.0,4.0,3.0,550.0,0,15,-550.0394833255904,-275.0197416627952,614.9628375124411,206.565051177078,1,0.0,0.0,0.0,False
pupil_study_C,square_packing,0.7,2.0,4.0,3.0,550.0,0,16,550.0394833255904,-275.0197416627952,614.9628375124411,333.434948822922,1,0.0,0.0,0.0,False
pupil_study_C,square_packing,0.7,2.0,4.0,3.0,550.0,0,17,-550.0394833255904,275.0197416627952,614.9628375124411,153.434948822922,1,0.0,0.0,0.0,False
pupil_study_C,square_packing,0.7,2.0,4.0,3.0,550.0,0,18,550.0394833255904,275.0197416627952,614.9628375124411,26.56505117707799,1,0.0,0.0,0.0,False
pupil_study_C,square_packing,0.7,2.0,4.0,3.0,550.0,0,19,-275.0197416627952,550.0394833255904,614.9628375124411,116.56505117707799,1,0.0,0.0,0.0,False
pupil_study_C,square_packing,0.7,2.0,4.0,3.0,550.0,0,20,275.0197416627952,550.0394833255904,614.9628375124411,63.43494882292201,1,0.0,0.0,0.0,False
pupil_study_C,square_packing,0.7,2.0,4.0,3.0,550.0,0,21,-550.0394833255904,-550.0394833255904,777.8732971597398,225.0,1,0.0,0.0,0.0,False
pupil_study_C,square_packing,0.7,2.0,4.0,3.0,550.0,0,22,550.0394833255904,-550.0394833255904,777.8732971597398,315.0,1,0.0,0.0,0.0,False
pupil_study_C,square_packing,0.7,2.0,4.0,3.0,550.0,0,23,-550.0394833255904,550.0394833255904,777.8732971597398,135.0,1,0.0,0.0,0.0,False
pupil_study_C,square_packing,0.7,2.0,4.0,3.0,550.0,0,24,550.0394833255904,550.0394833255904,777.8732971597398,45.0,1,0.0,0.0,0.0,False
pupil_study_C,square_packing,0.7,2.0,8.0,3.0,550.0,0,1,0.0,-275.0197416627952,275.0197416627952,270.0,1,0.9999999999999999,0.006917229609099862,0.9996593117621156,True
pupil_study_C,square_packing,0.7,2.0,8.0,3.0,550.0,0,2,-275.0197416627952,0.0,275.0197416627952,180.0,1,0.9999999999999999,0.00691722953154308,0.9996593005538192,True
pupil_study_C,square_packing,0.7,2.0,8.0,3.0,550.0,0,3,275.0197416627952,0.0,275.0197416627952,0.0,1,0.9999999999999999,0.00691722953154308,0.9996593005538192,True
pupil_study_C,square_packing,0.7,2.0,8.0,3.0,550.0,0,4,0.0,275.0197416627952,275.0197416627952,90.0,1,0.9999999999999999,0.006917229919644155,0.9996593566411368,True
pupil_study_C,square_packing,0.7,2.0,8.0,3.0,550.0,0,5,-275.0197416627952,-275.0197416627952,388.9366485798699,225.0,1,0.9999999999999999,0.00691521074494002,0.9993675509748325,True
pupil_study_C,square_packing,0.7,2.0,8.0,3.0,550.0,0,6,275.0197416627952,-275.0197416627952,388.9366485798699,315.0,1,0.9999999999999999,0.006915210663983625,0.9993675392752333,True
pupil_study_C,square_packing,0.7,2.0,8.0,3.0,550.0,0,7,-275.0197416627952,275.0197416627952,388.9366485798699,135.0,1,0.9999999999999999,0.006915210932997005,0.9993675781523194,True
pupil_study_C,square_packing,0.7,2.0,8.0,3.0,550.0,0,8,275.0197416627952,275.0197416627952,388.9366485798699,45.0,1,0.9999999999999999,0.006915210921503044,0.9993675764912431,True
pupil_study_C,square_packing,0.7,2.0,8.0,3.0,550.0,0,9,0.0,-550.0394833255904,550.0394833255904,270.0,1,0.49071418353573515,0.0033941523323501375,0.49051371377195735,True
pupil_study_C,square_packing,0.7,2.0,8.0,3.0,550.0,0,10,-550.0394833255904,0.0,550.0394833255904,180.0,1,0.49071418353573515,0.0033941521596868494,0.490513688819126,True
pupil_study_C,square_packing,0.7,2.0,8.0,3.0,550.0,0,11,550.0394833255904,0.0,550.0394833255904,0.0,1,0.49071418353573515,0.0033941521596868494,0.490513688819126,True
pupil_study_C,square_packing,0.7,2.0,8.0,3.0,550.0,0,12,0.0,550.0394833255904,550.0394833255904,90.0,1,0.49071418353573515,0.0033941522198545704,0.49051369751440227,True
pupil_study_C,square_packing,0.7,2.0,8.0,3.0,550.0,0,13,-275.0197416627952,-550.0394833255904,614.9628375124411,243.43494882292202,1,0.0,0.0,0.0,False
pupil_study_C,square_packing,0.7,2.0,8.0,3.0,550.0,0,14,275.0197416627952,-550.0394833255904,614.9628375124411,296.565051177078,1,0.0,0.0,0.0,False
pupil_study_C,square_packing,0.7,2.0,8.0,3.0,550.0,0,15,-550.0394833255904,-275.0197416627952,614.9628375124411,206.565051177078,1,0.0,0.0,0.0,False
pupil_study_C,square_packing,0.7,2.0,8.0,3.0,550.0,0,16,550.0394833255904,-275.0197416627952,614.9628375124411,333.434948822922,1,0.0,0.0,0.0,False
pupil_study_C,square_packing,0.7,2.0,8.0,3.0,550.0,0,17,-550.0394833255904,275.0197416627952,614.9628375124411,153.434948822922,1,0.0,0.0,0.0,False
pupil_study_C,square_packing,0.7,2.0,8.0,3.0,550.0,0,18,550.0394833255904,275.0197416627952,614.9628375124411,26.56505117707799,1,0.0,0.0,0.0,False
pupil_study_C,square_packing,0.7,2.0,8.0,3.0,550.0,0,19,-275.0197416627952,550.0394833255904,614.9628375124411,116.56505117707799,1,0.0,0.0,0.0,False
pupil_study_C,square_packing,0.7,2.0,8.0,3.0,550.0,0,20,275.0197416627952,550.0394833255904,614.9628375124411,63.43494882292201,1,0.0,0.0,0.0,False
pupil_study_C,square_packing,0.7,2.0,8.0,3.0,550.0,0,21,-550.0394833255904,-550.0394833255904,777.8732971597398,225.0,1,0.0,0.0,0.0,False
pupil_study_C,square_packing,0.7,2.0,8.0,3.0,550.0,0,22,550.0394833255904,-550.0394833255904,777.8732971597398,315.0,1,0.0,0.0,0.0,False
pupil_study_C,square_packing,0.7,2.0,8.0,3.0,550.0,0,23,-550.0394833255904,550.0394833255904,777.8732971597398,135.0,1,0.0,0.0,0.0,False
pupil_study_C,square_packing,0.7,2.0,8.0,3.0,550.0,0,24,550.0394833255904,550.0394833255904,777.8732971597398,45.0,1,0.0,0.0,0.0,False
diameter_pitch_grid,square_packing,0.6353883327016112,1.5,8.0,3.0,550.0,0,1,0.0,-206.26480624709637,206.26480624709637,270.0,1,1.0,0.004155103052847593,0.9999011470991908,True
diameter_pitch_grid,square_packing,0.6353883327016112,1.5,8.0,3.0,550.0,0,2,-206.26480624709637,0.0,206.26480624709637,180.0,1,1.0,0.004155103107035731,0.999901160139248,True
diameter_pitch_grid,square_packing,0.6353883327016112,1.5,8.0,3.0,550.0,0,3,206.26480624709637,0.0,206.26480624709637,0.0,1,1.0,0.004155102758842083,0.9999010763484915,True
diameter_pitch_grid,square_packing,0.6353883327016112,1.5,8.0,3.0,550.0,0,4,0.0,206.26480624709637,206.26480624709637,90.0,1,1.0,0.00415510322450337,0.9999011884071455,True
diameter_pitch_grid,square_packing,0.6353883327016112,1.5,8.0,3.0,550.0,0,5,-206.26480624709637,-206.26480624709637,291.70248643490237,225.0,1,1.0,0.004154788357076979,0.999825417410174,True
diameter_pitch_grid,square_packing,0.6353883327016112,1.5,8.0,3.0,550.0,0,6,206.26480624709637,-206.26480624709637,291.70248643490237,315.0,1,1.0,0.004154788425440376,0.9998254338614242,True
diameter_pitch_grid,square_packing,0.6353883327016112,1.5,8.0,3.0,550.0,0,7,-206.26480624709637,206.26480624709637,291.70248643490237,135.0,1,1.0,0.004154788519474089,0.999825456490085,True
diameter_pitch_grid,square_packing,0.6353883327016112,1.5,8.0,3.0,550.0,0,8,206.26480624709637,206.26480624709637,291.70248643490237,45.0,1,1.0,0.004154788519474089,0.999825456490085,True
diameter_pitch_grid,square_packing,0.6353883327016112,1.5,8.0,3.0,550.0,0,9,0.0,-412.52961249419275,412.52961249419275,270.0,1,1.0,0.00415471122194168,0.9998068552928725,True
diameter_pitch_grid,square_packing,0.6353883327016112,1.5,8.0,3.0,550.0,0,10,-412.52961249419275,0.0,412.52961249419275,180.0,1,1.0,0.0041547108505768085,0.9998067659260973,True
diameter_pitch_grid,square_packing,0.6353883327016112,1.5,8.0,3.0,550.0,0,11,412.52961249419275,0.0,412.52961249419275,0.0,1,1.0,0.0041547109082037065,0.9998067797936718,True
diameter_pitch_grid,square_packing,0.6353883327016112,1.5,8.0,3.0,550.0,0,12,0.0,412.52961249419275,412.52961249419275,90.0,1,1.0,0.004154710908194474,0.9998067797914502,True
diameter_pitch_grid,square_packing,0.6353883327016112,1.5,8.0,3.0,550.0,0,13,-206.26480624709637,-412.52961249419275,461.2221281343308,243.43494882292202,1,1.0,0.00415457611280205,0.9997743420719052,True
diameter_pitch_grid,square_packing,0.6353883327016112,1.5,8.0,3.0,550.0,0,14,206.26480624709637,-412.52961249419275,461.2221281343308,296.565051177078,1,1.0,0.004154575994200525,0.9997743135311447,True
diameter_pitch_grid,square_packing,0.6353883327016112,1.5,8.0,3.0,550.0,0,15,-412.52961249419275,-206.26480624709637,461.2221281343308,206.565051177078,1,1.0,0.004154576170975759,0.9997743560710666,True
diameter_pitch_grid,square_packing,0.6353883327016112,1.5,8.0,3.0,550.0,0,16,412.52961249419275,-206.26480624709637,461.2221281343308,333.434948822922,1,1.0,0.0041545759046070965,0.9997742919710123,True
diameter_pitch_grid,square_packing,0.6353883327016112,1.5,8.0,3.0,550.0,0,17,-412.52961249419275,206.26480624709637,461.2221281343308,153.434948822922,1,1.0,0.004154576126772643,0.9997743454338462,True
diameter_pitch_grid,square_packing,0.6353883327016112,1.5,8.0,3.0,550.0,0,18,412.52961249419275,206.26480624709637,461.2221281343308,26.56505117707799,1,1.0,0.0041545758603959435,0.999774281331858,True
diameter_pitch_grid,square_packing,0.6353883327016112,1.5,8.0,3.0,550.0,0,19,-206.26480624709637,412.52961249419275,461.2221281343308,116.56505117707799,1,1.0,0.00415457584643274,0.999774277971695,True
diameter_pitch_grid,square_packing,0.6353883327016112,1.5,8.0,3.0,550.0,0,20,206.26480624709637,412.52961249419275,461.2221281343308,63.43494882292201,1,1.0,0.004154576096565446,0.9997743381646618,True
diameter_pitch_grid,square_packing,0.6353883327016112,1.5,8.0,3.0,550.0,0,21,-412.52961249419275,-412.52961249419275,583.4049728698047,225.0,1,1.0,0.004154545575420221,0.9997669934303115,True
diameter_pitch_grid,square_packing,0.6353883327016112,1.5,8.0,3.0,550.0,0,22,412.52961249419275,-412.52961249419275,583.4049728698047,315.0,1,1.0,0.004154545736862916,0.999767032280548,True
diameter_pitch_grid,square_packing,0.6353883327016112,1.5,8.0,3.0,550.0,0,23,-412.52961249419275,412.52961249419275,583.4049728698047,135.0,1,1.0,0.004154545517405461,0.9997669794694003,True
diameter_pitch_grid,square_packing,0.6353883327016112,1.5,8.0,3.0,550.0,0,24,412.52961249419275,412.52961249419275,583.4049728698047,45.0,1,1.0,0.004154545459390702,0.9997669655084891,True
diameter_pitch_grid,triangular_packing,0.6353883327016112,1.5,8.0,3.0,550.0,0,1,-103.13240312354819,-178.63056211666066,206.26480624709637,240.0,1,1.0,0.0037037404001061106,0.999761140649381,True
diameter_pitch_grid,triangular_packing,0.6353883327016112,1.5,8.0,3.0,550.0,0,2,103.13240312354819,-178.63056211666066,206.26480624709637,300.0,1,1.0,0.0037037404001061106,0.999761140649381,True
diameter_pitch_grid,triangular_packing,0.6353883327016112,1.5,8.0,3.0,550.0,0,3,-206.26480624709637,0.0,206.26480624709637,180.0,1,1.0,0.0037038882050900576,0.9998010380674993,True
diameter_pitch_grid,triangular_packing,0.6353883327016112,1.5,8.0,3.0,550.0,0,4,206.26480624709637,0.0,206.26480624709637,0.0,1,1.0,0.003703888233138349,0.9998010456386541,True
diameter_pitch_grid,triangular_packing,0.6353883327016112,1.5,8.0,3.0,550.0,0,5,-103.13240312354819,178.63056211666066,206.26480624709637,119.99999999999999,1,1.0,0.0037037404001061106,0.999761140649381,True
diameter_pitch_grid,triangular_packing,0.6353883327016112,1.5,8.0,3.0,550.0,0,6,103.13240312354819,178.63056211666066,206.26480624709637,60.00000000000001,1,1.0,0.0037037404001061106,0.999761140649381,True
diameter_pitch_grid,triangular_packing,0.6353883327016112,1.5,8.0,3.0,550.0,0,7,-309.39720937064453,-178.63056211666066,357.26112423332125,210.0,1,1.0,0.003703798058745761,0.9997767046093562,True
diameter_pitch_grid,triangular_packing,0.6353883327016112,1.5,8.0,3.0,550.0,0,8,309.39720937064453,-178.63056211666066,357.26112423332125,330.0,1,1.0,0.0037037980296446404,0.9997766967540082,True
diameter_pitch_grid,triangular_packing,0.6353883327016112,1.5,8.0,3.0,550.0,0,9,-309.39720937064453,178.63056211666066,357.26112423332125,150.0,1,1.0,0.0037037980297584656,0.9997766967847332,True
diameter_pitch_grid,triangular_packing,0.6353883327016112,1.5,8.0,3.0,550.0,0,10,309.39720937064453,178.63056211666066,357.26112423332125,30.000000000000004,1,1.0,0.0037037980296446404,0.9997766967540082,True
diameter_pitch_grid,triangular_packing,0.6353883327016112,1.5,8.0,3.0,550.0,0,11,0.0,-357.2611242333213,357.2611242333213,270.0,1,1.0,0.0037045074759583657,0.999968199607669,True
diameter_pitch_grid,triangular_packing,0.6353883327016112,1.5,8.0,3.0,550.0,0,12,0.0,357.2611242333213,357.2611242333213,90.0,1,1.0,0.0037045074759583657,0.999968199607669,True
diameter_pitch_grid,triangular_packing,0.6353883327016112,1.5,8.0,3.0,550.0,0,13,-206.26480624709637,-357.2611242333213,412.52961249419275,240.0,1,1.0,0.0037038488403288434,0.9997904122259658,True
diameter_pitch_grid,triangular_packing,0.6353883327016112,1.5,8.0,3.0,550.0,0,14,206.26480624709637,-357.2611242333213,412.52961249419275,300.0,1,1.0,0.003703848868692862,0.9997904198823457,True
diameter_pitch_grid,triangular_packing,0.6353883327016112,1.5,8.0,3.0,550.0,0,15,-412.52961249419275,0.0,412.52961249419275,180.0,1,1.0,0.0037042120973058514,0.9998884672110484,True
diameter_pitch_grid,triangular_packing,0.6353883327016112,1.5,8.0,3.0,550.0,0,16,412.52961249419275,0.0,412.52961249419275,0.0,1,1.0,0.003704212071263424,0.9998884601813423,True
diameter_pitch_grid,triangular_packing,0.6353883327016112,1.5,8.0,3.0,550.0,0,17,-206.26480624709637,357.2611242333213,412.52961249419275,119.99999999999999,1,1.0,0.0037038488403288434,0.9997904122259658,True
diameter_pitch_grid,triangular_packing,0.6353883327016112,1.5,8.0,3.0,550.0,0,18,206.26480624709637,357.2611242333213,412.52961249419275,60.00000000000001,1,1.0,0.003703848868692862,0.9997904198823457,True
diameter_pitch_grid,triangular_packing,0.6353883327016112,1.5,8.0,3.0,550.0,0,19,-412.52961249419275,-357.2611242333213,545.725381554739,220.8933946491309,1,1.0,0.0037041314421232484,0.999866695729074,True
diameter_pitch_grid,triangular_packing,0.6353883327016112,1.5,8.0,3.0,550.0,0,20,412.52961249419275,-357.2611242333213,545.725381554739,319.1066053508691,1,1.0,0.003704131388450018,0.9998666812409069,True
diameter_pitch_grid,triangular_packing,0.6353883327016112,1.5,8.0,3.0,550.0,0,21,515.662015617741,-178.63056211666066,545.725381554739,340.8933946491309,1,1.0,0.003703747519710819,0.9997630624644532,True
diameter_pitch_grid,triangular_packing,0.6353883327016112,1.5,8.0,3.0,550.0,0,22,515.662015617741,178.63056211666066,545.725381554739,19.106605350869096,1,1.0,0.003703747519710819,0.9997630624644532,True
diameter_pitch_grid,triangular_packing,0.6353883327016112,1.5,8.0,3.0,550.0,0,23,-412.52961249419275,357.2611242333213,545.725381554739,139.1066053508691,1,1.0,0.0037041314421232484,0.999866695729074,True
diameter_pitch_grid,triangular_packing,0.6353883327016112,1.5,8.0,3.0,550.0,0,24,412.52961249419275,357.2611242333213,545.725381554739,40.89339464913091,1,1.0,0.003704131388450018,0.9998666812409069,True
diameter_pitch_grid,hexagonal_packing,0.6353883327016112,1.5,8.0,3.0,550.0,0,1,-178.63056211666066,-103.13240312354819,206.26480624709637,210.0,1,1.0,0.01907107782004279,0.9996451926438833,True
diameter_pitch_grid,hexagonal_packing,0.6353883327016112,1.5,8.0,3.0,550.0,0,2,178.63056211666066,-103.13240312354819,206.26480624709637,330.0,1,1.0,0.019071078017359994,0.9996452029866231,True
diameter_pitch_grid,hexagonal_packing,0.6353883327016112,1.5,8.0,3.0,550.0,0,3,0.0,206.26480624709637,206.26480624709637,90.0,1,1.0,0.01907445628706275,0.9998222811307993,True
diameter_pitch_grid,hexagonal_packing,0.6353883327016112,1.5,8.0,3.0,550.0,0,4,-178.63056211666066,-309.39720937064453,357.26112423332125,240.0,1,1.0,0.01906960097091921,0.9995677809139025,True
diameter_pitch_grid,hexagonal_packing,0.6353883327016112,1.5,8.0,3.0,550.0,0,5,178.63056211666066,-309.39720937064453,357.26112423332125,300.0,1,1.0,0.01906960011163544,0.9995677358729825,True
diameter_pitch_grid,hexagonal_packing,0.6353883327016112,1.5,8.0,3.0,550.0,0,6,-178.63056211666066,309.39720937064453,357.26112423332125,120.00000000000001,1,1.0,0.01906960050727777,0.9995677566112942,True
diameter_pitch_grid,hexagonal_packing,0.6353883327016112,1.5,8.0,3.0,550.0,0,7,178.63056211666066,309.39720937064453,357.26112423332125,59.99999999999999,1,1.0,0.01906959998363005,0.9995677291633475,True
diameter_pitch_grid,hexagonal_packing,0.6353883327016112,1.5,8.0,3.0,550.0,0,8,-357.2611242333213,0.0,357.2611242333213,180.0,1,1.0,0.019075943345867093,0.9999002280197464,True
diameter_pitch_grid,hexagonal_packing,0.6353883327016112,1.5,8.0,3.0,550.0,0,9,357.2611242333213,0.0,357.2611242333213,0.0,1,1.0,0.01907594357860279,0.9999002402190108,True
diameter_pitch_grid,hexagonal_packing,0.6353883327016112,1.5,8.0,3.0,550.0,0,10,0.0,-412.52961249419275,412.52961249419275,270.0,1,1.0,0.0190759143123032,0.9998987061727462,True
diameter_pitch_grid,hexagonal_packing,0.6353883327016112,1.5,8.0,3.0,550.0,0,11,-357.2611242333213,206.26480624709637,412.52961249419275,150.0,1,1.0,0.019070586966060062,0.9996194636405855,True
diameter_pitch_grid,hexagonal_packing,0.6353883327016112,1.5,8.0,3.0,550.0,0,12,357.2611242333213,206.26480624709637,412.52961249419275,29.999999999999996,1,1.0,0.019070586856532876,0.9996194578995191,True
diameter_pitch_grid,hexagonal_packing,0.6353883327016112,1.5,8.0,3.0,550.0,0,13,-357.2611242333213,-412.52961249419275,545.725381554739,229.10660535086907,1,1.0,0.019071719340217768,0.9996788190893812,True
diameter_pitch_grid,hexagonal_packing,0.6353883327016112,1.5,8.0,3.0,550.0,0,14,357.2611242333213,-412.52961249419275,545.725381554739,310.8933946491309,1,1.0,0.01907171957289843,0.9996788312857608,True
diameter_pitch_grid,hexagonal_packing,0.6353883327016112,1.5,8.0,3.0,550.0,0,15,-535.8916863499819,-103.13240312354819,545.725381554739,190.8933946491309,1,1.0,0.019071001323406604,0.9996411829337171,True
diameter_pitch_grid,hexagonal_packing,0.6353883327016112,1.5,8.0,3.0,550.0,0,16,535.8916863499819,-103.13240312354819,545.725381554739,349.1066053508691,1,1.0,0.019071001114968584,0.9996411720080596,True
diameter_pitch_grid,hexagonal_packing,0.6353883327016112,1.5,8.0,3.0,550.0,0,17,-178.63056211666066,515.662015617741,545.725381554739,109.1066053508691,1,1.0,0.019069829851499458,0.9995797781053509,True
diameter_pitch_grid,hexagonal_packing,0.6353883327016112,1.5,8.0,3.0,550.0,0,18,178.63056211666066,515.662015617741,545.725381554739,70.89339464913091,1,1.0,0.019069828494970634,0.9995797070004281,True
diameter_pitch_grid,hexagonal_packing,0.6353883327016112,1.5,8.0,3.0,550.0,0,19,0.0,-618.7944187412891,618.7944187412891,270.0,1,1.0,0.01907446776877698,0.999822882965711,True
diameter_pitch_grid,hexagonal_packing,0.6353883327016112,1.5,8.0,3.0,550.0,0,20,-535.8916863499819,-309.39720937064453,618.7944187412891,210.0,1,1.0,0.019069436662614504,0.9995591683955929,True
diameter_pitch_grid,hexagonal_packing,0.6353883327016112,1.5,8.0,3.0,550.0,0,21,535.8916863499819,-309.39720937064453,618.7944187412891,330.0,1,1.0,0.01906943645778094,0.9995591576588695,True
diameter_pitch_grid,hexagonal_packing,0.6353883327016112,1.5,8.0,3.0,550.0,0,22,-535.8916863499819,309.39720937064453,618.7944187412891,150.0,1,1.0,0.019069436886137568,0.9995591801119604,True
diameter_pitch_grid,hexagonal_packing,0.6353883327016112,1.5,8.0,3.0,550.0,0,23,535.8916863499819,309.39720937064453,618.7944187412891,29.999999999999996,1,1.0,0.019069436662614504,0.9995591683955929,True
diameter_pitch_grid,hexagonal_packing,0.6353883327016112,1.5,8.0,3.0,550.0,0,24,0.0,618.7944187412891,618.7944187412891,90.0,1,1.0,0.01907446776877698,0.999822882965711,True
diameter_pitch_grid,hexagonal_packing,0.6353883327016112,1.5,8.0,3.0,550.0,0,25,-357.2611242333213,-618.7944187412891,714.5222484666425,240.0,1,1.0,0.019070413036105145,0.9996103467859992,True
diameter_pitch_grid,hexagonal_packing,0.6353883327016112,1.5,8.0,3.0,550.0,0,26,357.2611242333213,-618.7944187412891,714.5222484666425,300.0,1,1.0,0.019070413268806017,0.9996103589834382,True
diameter_pitch_grid,hexagonal_packing,0.6353883327016112,1.5,8.0,3.0,550.0,0,27,-357.2611242333213,618.7944187412891,714.5222484666425,120.00000000000001,1,1.0,0.019070412599087802,0.9996103238789412,True
diameter_pitch_grid,hexagonal_packing,0.6353883327016112,1.5,8.0,3.0,550.0,0,28,357.2611242333213,618.7944187412891,714.5222484666425,59.99999999999999,1,1.0,0.019070412635026558,0.9996103257627363,True
diameter_pitch_grid,hexagonal_packing,0.6353883327016112,1.5,8.0,3.0,550.0,0,29,-714.5222484666426,0.0,714.5222484666426,180.0,1,1.0,0.01907681420357478,0.9999458756086861,True
diameter_pitch_grid,hexagonal_packing,0.6353883327016112,1.5,8.0,3.0,550.0,0,30,714.5222484666426,0.0,714.5222484666426,0.0,1,1.0,0.01907681420357478,0.9999458756086861,True
diameter_pitch_grid,hexagonal_packing,0.6353883327016112,1.5,8.0,3.0,550.0,0,31,-714.5222484666426,206.26480624709637,743.698335247551,163.897886248014,1,1.0,0.019073178169744166,0.9997552862894373,True
diameter_pitch_grid,hexagonal_packing,0.6353883327016112,1.5,8.0,3.0,550.0,0,32,714.5222484666426,206.26480624709637,743.698335247551,16.102113751986014,1,1.0,0.019073178169744166,0.9997552862894373,True
diameter_pitch_grid,hexagonal_packing,0.6353883327016112,1.5,8.0,3.0,550.0,0,33,-535.8916863499819,515.662015617741,743.698335247551,136.10211375198602,1,1.0,0.019069663311222788,0.9995710485941757,True
diameter_pitch_grid,hexagonal_packing,0.6353883327016112,1.5,8.0,3.0,550.0,0,34,535.8916863499819,515.662015617741,743.698335247551,43.89788624801399,1,1.0,0.019069662878471776,0.9995710259107451,True
diameter_pitch_grid,hexagonal_packing,0.6353883327016112,1.5,8.0,3.0,550.0,0,35,-714.5222484666426,-412.52961249419275,825.0592249883855,210.0,1,1.0,0.0190745231452558,0.9998257856244573,True
diameter_pitch_grid,hexagonal_packing,0.6353883327016112,1.5,8.0,3.0,550.0,0,36,0.0,825.0592249883855,825.0592249883855,90.0,1,1.0,0.019076694620272387,0.9999396074326299,True
diameter_pitch_grid,hexagonal_packing,0.6353883327016112,1.5,8.0,3.0,550.0,0,37,-357.2611242333213,825.0592249883855,899.0874460400901,113.41322444637053,1,1.0,0.01907438560243295,0.9998185760675071,True
diameter_pitch_grid,hexagonal_packing,0.6353883327016112,1.5,8.0,3.0,550.0,0,38,357.2611242333213,825.0592249883855,899.0874460400901,66.58677555362947,1,1.0,0.019074385885682055,0.9998185909145236,True
diameter_pitch_grid,hexagonal_packing,0.6353883327016112,1.5,8.0,3.0,550.0,0,39,-893.1528105833033,-103.13240312354819,899.0874460400902,186.58677555362945,1,1.0,0.019071268281123863,0.9996551760074811,True
diameter_pitch_grid,hexagonal_packing,0.6353883327016112,1.5,8.0,3.0,550.0,0,40,-714.5222484666426,-618.7944187412891,945.2240878327194,220.8933946491309,1,1.0,0.01907315966744858,0.9997543164579987,True
diameter_pitch_grid,hexagonal_packing,0.6353883327016112,1.5,8.0,3.0,550.0,0,41,-893.1528105833033,-309.39720937064453,945.2240878327194,199.1066053508691,1,1.0,0.019069899421926214,0.9995834247656663,True
diameter_pitch_grid,hexagonal_packing,0.6353883327016112,1.5,8.0,3.0,550.0,0,42,893.1528105833033,309.39720937064453,945.2240878327194,19.106605350869092,1,1.0,0.019069900000470572,0.9995834550911199,True
diameter_pitch_grid,hexagonal_packing,0.6353883327016112,1.5,8.0,3.0,550.0,0,43,714.5222484666426,618.7944187412891,945.2240878327194,40.893394649130904,1,1.0,0.01907315945669864,0.9997543054111578,True
diameter_pitch_grid,hexagonal_packing,0.6353883327016112,1.5,8.0,3.0,550.0,0,44,893.1528105833033,515.662015617741,1031.324031235482,29.999999999999996,1,1.0,0.019070133392426053,0.9995956887544976,True
diameter_pitch_grid,hexagonal_packing,0.6353883327016112,1.5,8.0,3.0,550.0,0,45,714.5222484666426,825.0592249883855,1091.450763109478,49.106605350869096,1,1.0,0.019075614284102406,0.9998829796495046,True
diameter_pitch_grid,hexagonal_packing,0.6353883327016112,1.5,8.0,3.0,550.0,0,46,-1071.7833726999638,-412.52961249419275,1148.4338375286225,201.0517244353729,1,1.0,0.019071244540859296,0.9996539316183821,True
diameter_pitch_grid,hexagonal_packing,0.6353883327016112,1.5,8.0,3.0,550.0,0,47,-1071.7833726999638,-618.7944187412891,1237.5888374825781,210.0,1,1.0,0.019070023392256236,0.9995899228957461,True
diameter_pitch_grid,hexagonal_packing,0.6353883327016112,1.5,8.0,3.0,550.0,0,48,1071.7833726999638,618.7944187412891,1237.5888374825781,29.999999999999996,1,1.0,0.019070023416201735,0.999589924150893,True
diameter_pitch_grid,hexagonal_packing,0.6353883327016112,1.5,8.0,3.0,550.0,0,49,1071.7833726999638,825.0592249883855,1352.5687866923977,37.58908946897495,1,1.0,0.01907398544968997,0.9997976013344786,True
diameter_pitch_grid,square_packing,0.6353883327016112,1.8491242752806438,8.0,3.0,550.0,0,1,0.0,-254.27284024504297,254.27284024504297,270.0,1,1.0,0.005994338728559812,1.0000694071249772,True
diameter_pitch_grid,square_packing,0.6353883327016112,1.8491242752806438,8.0,3.0,550.0,0,2,-254.27284024504297,0.0,254.27284024504297,180.0,1,1.0,0.005994338488858914,1.0000693671343215,True
diameter_pitch_grid,square_packing,0.6353883327016112,1.8491242752806438,8.0,3.0,550.0,0,3,254.27284024504297,0.0,254.27284024504297,0.0,1,1.0,0.005994338393043631,1.0000693511489163,True
diameter_pitch_grid,square_packing,0.6353883327016112,1.8491242752806438,8.0,3.0,550.0,0,4,0.0,254.27284024504297,254.27284024504297,90.0,1,1.0,0.005994338728593899,1.000069407130664,True
diameter_pitch_grid,square_packing,0.6353883327016112,1.8491242752806438,8.0,3.0,550.0,0,5,-254.27284024504297,-254.27284024504297,359.59609921766713,225.0,1,1.0,0.005994073345343479,1.0000251317431814,True
diameter_pitch_grid,square_packing,0.6353883327016112,1.8491242752806438,8.0,3.0,550.0,0,6,254.27284024504297,-254.27284024504297,359.59609921766713,315.0,1,1.0,0.005994073420963934,1.0000251443593693,True
diameter_pitch_grid,square_packing,0.6353883327016112,1.8491242752806438,8.0,3.0,550.0,0,7,-254.27284024504297,254.27284024504297,359.59609921766713,135.0,1,1.0,0.005994073404271097,1.0000251415744088,True
diameter_pitch_grid,square_packing,0.6353883327016112,1.8491242752806438,8.0,3.0,550.0,0,8,254.27284024504297,254.27284024504297,359.59609921766713,45.0,1,1.0,0.00599407320201241,1.0000251078304492,True
diameter_pitch_grid,square_packing,0.6353883327016112,1.8491242752806438,8.0,3.0,550.0,0,9,0.0,-508.54568049008594,508.54568049008594,270.0,1,1.0,0.005994572273385656,1.0001083707281524,True
diameter_pitch_grid,square_packing,0.6353883327016112,1.8491242752806438,8.0,3.0,550.0,0,10,-508.54568049008594,0.0,508.54568049008594,180.0,1,1.0,0.005994571927054186,1.000108312947716,True
diameter_pitch_grid,square_packing,0.6353883327016112,1.8491242752806438,8.0,3.0,550.0,0,11,508.54568049008594,0.0,508.54568049008594,0.0,1,1.0,0.005994572039092558,1.0001083316397108,True
diameter_pitch_grid,square_packing,0.6353883327016112,1.8491242752806438,8.0,3.0,550.0,0,12,0.0,508.54568049008594,508.54568049008594,90.0,1,1.0,0.005994572273362737,1.0001083707243288,True
diameter_pitch_grid,square_packing,0.6353883327016112,1.8491242752806438,8.0,3.0,550.0,0,13,-254.27284024504297,-508.54568049008594,568.5713556198604,243.43494882292202,1,1.0,0.0059941268880275315,1.0000340645717587,True
diameter_pitch_grid,square_packing,0.6353883327016112,1.8491242752806438,8.0,3.0,550.0,0,14,254.27284024504297,-508.54568049008594,568.5713556198604,296.565051177078,1,1.0,0.005994127009665949,1.0000340848653833,True
diameter_pitch_grid,square_packing,0.6353883327016112,1.8491242752806438,8.0,3.0,550.0,0,15,-508.54568049008594,-254.27284024504297,568.5713556198604,206.565051177078,1,1.0,0.00599412668053243,1.0000340299541781,True
diameter_pitch_grid,square_packing,0.6353883327016112,1.8491242752806438,8.0,3.0,550.0,0,16,508.54568049008594,-254.27284024504297,568.5713556198604,333.434948822922,1,1.0,0.0059941267436375515,1.0000340404823622,True
diameter_pitch_grid,square_packing,0.6353883327016112,1.8491242752806438,8.0,3.0,550.0,0,17,-508.54568049008594,254.27284024504297,568.5713556198604,153.434948822922,1,1.0,0.005994126891439711,1.0000340651410318,True
diameter_pitch_grid,square_packing,0.6353883327016112,1.8491242752806438,8.0,3.0,550.0,0,18,508.54568049008594,254.27284024504297,568.5713556198604,26.56505117707799,1,1.0,0.005994126635221664,1.000034022394727,True
diameter_pitch_grid,square_packing,0.6353883327016112,1.8491242752806438,8.0,3.0,550.0,0,19,-254.27284024504297,508.54568049008594,568.5713556198604,116.56505117707799,1,1.0,0.005994126996443135,1.0000340826593466,True
diameter_pitch_grid,square_packing,0.6353883327016112,1.8491242752806438,8.0,3.0,550.0,0,20,254.27284024504297,508.54568049008594,568.5713556198604,63.43494882292201,1,1.0,0.00599412679877483,1.0000340496812261,True
diameter_pitch_grid,square_packing,0.6353883327016112,1.8491242752806438,8.0,3.0,550.0,0,21,-508.54568049008594,-508.54568049008594,719.1921984353343,225.0,1,1.0,0.00599411704402265,1.0000324222407908,True
diameter_pitch_grid,square_packing,0.6353883327016112,1.8491242752806438,8.0,3.0,550.0,0,22,508.54568049008594,-508.54568049008594,719.1921984353343,315.0,1,1.0,0.0059941172390386875,1.0000324547764186,True
diameter_pitch_grid,square_packing,0.6353883327016112,1.8491242752806438,8.0,3.0,550.0,0,23,-508.54568049008594,508.54568049008594,719.1921984353343,135.0,1,1.0,0.005994117252364979,1.000032456999719,True
diameter_pitch_grid,square_packing,0.6353883327016112,1.8491242752806438,8.0,3.0,550.0,0,24,508.54568049008594,508.54568049008594,719.1921984353343,45.0,1,1.0,0.005994117088233927,1.0000324296168082,True
diameter_pitch_grid,triangular_packing,0.6353883327016112,1.8491242752806438,8.0,3.0,550.0,0,1,-127.13642012252149,-220.2067391446294,254.27284024504297,240.0,1,1.0,0.005326821204344969,0.9997732774614606,True
diameter_pitch_grid,triangular_packing,0.6353883327016112,1.8491242752806438,8.0,3.0,550.0,0,2,127.13642012252149,-220.2067391446294,254.27284024504297,300.0,1,1.0,0.005326821105753822,0.9997732589572177,True
diameter_pitch_grid,triangular_packing,0.6353883327016112,1.8491242752806438,8.0,3.0,550.0,0,3,-254.27284024504297,0.0,254.27284024504297,180.0,1,1.0,0.0053275159107806945,0.9999036645916974,True
diameter_pitch_grid,triangular_packing,0.6353883327016112,1.8491242752806438,8.0,3.0,550.0,0,4,254.27284024504297,0.0,254.27284024504297,0.0,1,1.0,0.005327515968697744,0.999903675461955,True
diameter_pitch_grid,triangular_packing,0.6353883327016112,1.8491242752806438,8.0,3.0,550.0,0,5,-127.13642012252149,220.2067391446294,254.27284024504297,119.99999999999999,1,1.0,0.005326820907156108,0.9997732216830761,True
diameter_pitch_grid,triangular_packing,0.6353883327016112,1.8491242752806438,8.0,3.0,550.0,0,6,127.13642012252149,220.2067391446294,254.27284024504297,60.00000000000001,1,1.0,0.005326821046051807,0.9997732477519459,True
diameter_pitch_grid,triangular_packing,0.6353883327016112,1.8491242752806438,8.0,3.0,550.0,0,7,0.0,-440.4134782892588,440.4134782892588,270.0,1,1.0,0.005327651843179275,0.9999291772895013,True
diameter_pitch_grid,triangular_packing,0.6353883327016112,1.8491242752806438,8.0,3.0,550.0,0,8,0.0,440.4134782892588,440.4134782892588,90.0,1,1.0,0.005327651474157336,0.9999291080290064,True
diameter_pitch_grid,triangular_packing,0.6353883327016112,1.8491242752806438,8.0,3.0,550.0,0,9,-381.4092603675645,-220.2067391446294,440.4134782892589,210.0,1,1.0,0.005326797056155781,0.9997687451684996,True
diameter_pitch_grid,triangular_packing,0.6353883327016112,1.8491242752806438,8.0,3.0,550.0,0,10,381.4092603675645,-220.2067391446294,440.4134782892589,330.0,1,1.0,0.00532679719203387,0.9997687706710042,True
diameter_pitch_grid,triangular_packing,0.6353883327016112,1.8491242752806438,8.0,3.0,550.0,0,11,-381.4092603675645,220.2067391446294,440.4134782892589,150.0,1,1.0,0.005326796857428191,0.9997687078699821,True
diameter_pitch_grid,triangular_packing,0.6353883327016112,1.8491242752806438,8.0,3.0,550.0,0,12,381.4092603675645,220.2067391446294,440.4134782892589,29.999999999999996,1,1.0,0.005326797100075969,0.9997687534117329,True
diameter_pitch_grid,triangular_packing,0.6353883327016112,1.8491242752806438,8.0,3.0,550.0,0,13,-254.27284024504297,-440.4134782892588,508.54568049008594,240.0,1,1.0,0.0053267284218691206,0.9997558634285109,True
diameter_pitch_grid,triangular_packing,0.6353883327016112,1.8491242752806438,8.0,3.0,550.0,0,14,254.27284024504297,-440.4134782892588,508.54568049008594,300.0,1,1.0,0.0053267284484255625,0.9997558684128007,True
diameter_pitch_grid,triangular_packing,0.6353883327016112,1.8491242752806438,8.0,3.0,550.0,0,15,-508.54568049008594,0.0,508.54568049008594,180.0,1,1.0,0.005327406702982588,0.9998831677448822,True
diameter_pitch_grid,triangular_packing,0.6353883327016112,1.8491242752806438,8.0,3.0,550.0,0,16,508.54568049008594,0.0,508.54568049008594,0.0,1,1.0,0.00532740700586075,0.9998832245910728,True
diameter_pitch_grid,triangular_packing,0.6353883327016112,1.8491242752806438,8.0,3.0,550.0,0,17,-254.27284024504297,440.4134782892588,508.54568049008594,119.99999999999999,1,1.0,0.00532672835623327,0.9997558511095372,True
diameter_pitch_grid,triangular_packing,0.6353883327016112,1.8491242752806438,8.0,3.0,550.0,0,18,254.27284024504297,440.4134782892588,508.54568049008594,60.00000000000001,1,1.0,0.005326728439676813,0.9997558667707773,True
diameter_pitch_grid,triangular_packing,0.6353883327016112,1.8491242752806438,8.0,3.0,550.0,0,19,-508.54568049008594,-440.4134782892588,672.7427004464397,220.8933946491309,1,1.0,0.005326772609741098,0.9997641569025917,True
diameter_pitch_grid,triangular_packing,0.6353883327016112,1.8491242752806438,8.0,3.0,550.0,0,20,508.54568049008594,-440.4134782892588,672.7427004464397,319.1066053508691,1,1.0,0.005326772928848494,0.9997642167947929,True
diameter_pitch_grid,triangular_packing,0.6353883327016112,1.8491242752806438,8.0,3.0,550.0,0,21,635.6821006126075,-220.2067391446294,672.7427004464397,340.8933946491309,1,1.0,0.005326781029986123,0.9997657372702523,True
diameter_pitch_grid,triangular_packing,0.6353883327016112,1.8491242752806438,8.0,3.0,550.0,0,22,635.6821006126075,220.2067391446294,672.7427004464397,19.106605350869096,1,1.0,0.005326781160927899,0.9997657618462767,True
diameter_pitch_grid,triangular_packing,0.6353883327016112,1.8491242752806438,8.0,3.0,550.0,0,23,-508.54568049008594,440.4134782892588,672.7427004464397,139.1066053508691,1,1.0,0.0053267728021260475,0.9997641930106801,True
diameter_pitch_grid,triangular_packing,0.6353883327016112,1.8491242752806438,8.0,3.0,550.0,0,24,508.54568049008594,440.4134782892588,672.7427004464397,40.89339464913091,1,1.0,0.0053267727350187356,0.9997641804155329,True
diameter_pitch_grid,hexagonal_packing,0.6353883327016112,1.8491242752806438,8.0,3.0,550.0,0,1,-220.2067391446294,-127.13642012252147,254.27284024504297,210.0,1,1.0,0.023802051074990966,0.999563279152168,True
diameter_pitch_grid,hexagonal_packing,0.6353883327016112,1.8491242752806438,8.0,3.0,550.0,0,2,220.2067391446294,-127.13642012252147,254.27284024504297,330.0,1,1.0,0.023802050369386096,0.9995632495204059,True
diameter_pitch_grid,hexagonal_packing,0.6353883327016112,1.8491242752806438,8.0,3.0,550.0,0,3,0.0,254.27284024504297,254.27284024504297,90.0,1,1.0,0.023813671207186395,1.0000512647213466,True
diameter_pitch_grid,hexagonal_packing,0.6353883327016112,1.8491242752806438,8.0,3.0,550.0,0,4,-440.4134782892588,0.0,440.4134782892588,180.0,1,1.0,0.023811164822882945,0.9999460095185374,True
diameter_pitch_grid,hexagonal_packing,0.6353883327016112,1.8491242752806438,8.0,3.0,550.0,0,5,440.4134782892588,0.0,440.4134782892588,0.0,1,1.0,0.02381116585693048,0.9999460529431962,True
diameter_pitch_grid,hexagonal_packing,0.6353883327016112,1.8491242752806438,8.0,3.0,550.0,0,6,-220.2067391446294,-381.4092603675645,440.4134782892589,240.0,1,1.0,0.02380206521357924,0.9995638728998922,True
diameter_pitch_grid,hexagonal_packing,0.6353883327016112,1.8491242752806438,8.0,3.0,550.0,0,7,220.2067391446294,-381.4092603675645,440.4134782892589,300.0,1,1.0,0.023802065030464403,0.9995638652100144,True
diameter_pitch_grid,hexagonal_packing,0.6353883327016112,1.8491242752806438,8.0,3.0,550.0,0,8,-220.2067391446294,381.4092603675645,440.4134782892589,119.99999999999999,1,1.0,0.023802066015341135,0.9995639065697532,True
diameter_pitch_grid,hexagonal_packing,0.6353883327016112,1.8491242752806438,8.0,3.0,550.0,0,9,220.2067391446294,381.4092603675645,440.4134782892589,60.00000000000001,1,1.0,0.023802065832225227,0.9995638988798303,True
diameter_pitch_grid,hexagonal_packing,0.6353883327016112,1.8491242752806438,8.0,3.0,550.0,0,10,0.0,-508.54568049008594,508.54568049008594,270.0,1,1.0,0.02381184550269168,0.9999745945568406,True
diameter_pitch_grid,hexagonal_packing,0.6353883327016112,1.8491242752806438,8.0,3.0,550.0,0,11,-440.4134782892588,254.27284024504297,508.54568049008594,150.0,1,1.0,0.023806226532133018,0.9997386267984578,True
diameter_pitch_grid,hexagonal_packing,0.6353883327016112,1.8491242752806438,8.0,3.0,550.0,0,12,440.4134782892588,254.27284024504297,508.54568049008594,29.999999999999996,1,1.0,0.0238062263040329,0.9997386172194304,True
diameter_pitch_grid,hexagonal_packing,0.6353883327016112,1.8491242752806438,8.0,3.0,550.0,0,13,-220.2067391446294,635.6821006126074,672.7427004464396,109.1066053508691,1,1.0,0.02380205831680375,0.9995635832709229,True
diameter_pitch_grid,hexagonal_packing,0.6353883327016112,1.8491242752806438,8.0,3.0,550.0,0,14,220.2067391446294,635.6821006126074,672.7427004464396,70.89339464913091,1,1.0,0.023802059360205075,0.9995636270883924,True
diameter_pitch_grid,hexagonal_packing,0.6353883327016112,1.8491242752806438,8.0,3.0,550.0,0,15,-440.4134782892588,-508.54568049008594,672.7427004464397,229.10660535086907,1,1.0,0.02381033404178464,0.999911121000894,True
diameter_pitch_grid,hexagonal_packing,0.6353883327016112,1.8491242752806438,8.0,3.0,550.0,0,16,440.4134782892588,-508.54568049008594,672.7427004464397,310.8933946491309,1,1.0,0.023810334708133582,0.9999111489841098,True
diameter_pitch_grid,hexagonal_packing,0.6353883327016112,1.8491242752806438,8.0,3.0,550.0,0,17,-660.6202174338882,-127.13642012252147,672.7427004464397,190.8933946491309,1,1.0,0.023803245852001248,0.9996134536191705,True
diameter_pitch_grid,hexagonal_packing,0.6353883327016112,1.8491242752806438,8.0,3.0,550.0,0,18,660.6202174338882,-127.13642012252147,672.7427004464397,349.1066053508691,1,1.0,0.02380324608171548,0.9996134632659825,True
diameter_pitch_grid,hexagonal_packing,0.6353883327016112,1.8491242752806438,8.0,3.0,550.0,0,19,-660.6202174338882,-381.4092603675645,762.8185207351289,210.0,1,1.0,0.023803202622428857,0.9996116382002809,True
diameter_pitch_grid,hexagonal_packing,0.6353883327016112,1.8491242752806438,8.0,3.0,550.0,0,20,660.6202174338882,-381.4092603675645,762.8185207351289,330.0,1,1.0,0.02380320285210304,0.9996116478454109,True
diameter_pitch_grid,hexagonal_packing,0.6353883327016112,1.8491242752806438,8.0,3.0,550.0,0,21,-660.6202174338882,381.4092603675645,762.8185207351289,150.0,1,1.0,0.023803203216908313,0.9996116631653492,True
diameter_pitch_grid,hexagonal_packing,0.6353883327016112,1.8491242752806438,8.0,3.0,550.0,0,22,660.6202174338882,381.4092603675645,762.8185207351289,30.000000000000004,1,1.0,0.02380320174510621,0.9996116013572584,True
diameter_pitch_grid,hexagonal_packing,0.6353883327016112,1.8491242752806438,8.0,3.0,550.0,0,23,0.0,-762.818520735129,762.818520735129,270.0,1,1.0,0.023813325126866316,1.000036731134367,True
diameter_pitch_grid,hexagonal_packing,0.6353883327016112,1.8491242752806438,8.0,3.0,550.0,0,24,0.0,762.818520735129,762.818520735129,90.0,1,1.0,0.023813324212157275,1.0000366927213091,True
diameter_pitch_grid,hexagonal_packing,0.6353883327016112,1.8491242752806438,8.0,3.0,550.0,0,25,-880.8269565785176,0.0,880.8269565785176,180.0,1,1.0,0.02380848066742794,0.9998332888450162,True
diameter_pitch_grid,hexagonal_packing,0.6353883327016112,1.8491242752806438,8.0,3.0,550.0,0,26,880.8269565785176,0.0,880.8269565785176,0.0,1,1.0,0.023808479528942734,0.9998332410345144,True
diameter_pitch_grid,hexagonal_packing,0.6353883327016112,1.8491242752806438,8.0,3.0,550.0,0,27,-440.4134782892588,-762.818520735129,880.8269565785178,240.0,1,1.0,0.023805906496833278,0.9997251869678885,True
diameter_pitch_grid,hexagonal_packing,0.6353883327016112,1.8491242752806438,8.0,3.0,550.0,0,28,440.4134782892588,-762.818520735129,880.8269565785178,300.0,1,1.0,0.02380590569762126,0.9997251534051093,True
diameter_pitch_grid,hexagonal_packing,0.6353883327016112,1.8491242752806438,8.0,3.0,550.0,0,29,-440.4134782892588,762.818520735129,880.8269565785178,119.99999999999999,1,1.0,0.023805905586667835,0.9997251487456381,True
diameter_pitch_grid,hexagonal_packing,0.6353883327016112,1.8491242752806438,8.0,3.0,550.0,0,30,440.4134782892588,762.818520735129,880.8269565785178,60.00000000000001,1,1.0,0.023805905358521746,0.9997251391646801,True
diameter_pitch_grid,hexagonal_packing,0.6353883327016112,1.8491242752806438,8.0,3.0,550.0,0,31,-880.8269565785176,254.27284024504297,916.7937634613659,163.897886248014,1,1.0,0.023805552462806284,0.9997103193662755,True
diameter_pitch_grid,hexagonal_packing,0.6353883327016112,1.8491242752806438,8.0,3.0,550.0,0,32,880.8269565785176,254.27284024504297,916.7937634613659,16.102113751986014,1,1.0,0.023805552643415252,0.9997103269509199,True
diameter_pitch_grid,hexagonal_packing,0.6353883327016112,1.8491242752806438,8.0,3.0,550.0,0,33,-660.6202174338882,635.6821006126074,916.7937634613659,136.10211375198602,1,1.0,0.02380331583547482,0.9996163925638064,True
diameter_pitch_grid,hexagonal_packing,0.6353883327016112,1.8491242752806438,8.0,3.0,550.0,0,34,660.6202174338882,635.6821006126074,916.7937634613659,43.89788624801398,1,1.0,0.023803316065228376,0.9996164022122698,True
diameter_pitch_grid,hexagonal_packing,0.6353883327016112,1.8491242752806438,8.0,3.0,550.0,0,35,-880.8269565785176,-508.54568049008594,1017.0913609801719,210.0,1,1.0,0.0238077306403628,0.999801791579914,True
diameter_pitch_grid,hexagonal_packing,0.6353883327016112,1.8491242752806438,8.0,3.0,550.0,0,36,0.0,1017.0913609801719,1017.0913609801719,90.0,1,1.0,0.02381130686800546,0.9999519746804473,True
diameter_pitch_grid,hexagonal_packing,0.6353883327016112,1.8491242752806438,8.0,3.0,550.0,0,37,-1101.033695723147,-127.13642012252147,1108.3496147152043,186.58677555362945,1,1.0,0.023808155545217414,0.9998196353904524,True
diameter_pitch_grid,hexagonal_packing,0.6353883327016112,1.8491242752806438,8.0,3.0,550.0,0,38,-440.4134782892588,1017.0913609801719,1108.3496147152043,113.41322444637053,1,1.0,0.023809562179496587,0.9998787067691427,True
diameter_pitch_grid,hexagonal_packing,0.6353883327016112,1.8491242752806438,8.0,3.0,550.0,0,39,440.4134782892588,1017.0913609801719,1108.3496147152043,66.58677555362947,1,1.0,0.023809562845357148,0.9998787347318492,True
diameter_pitch_grid,hexagonal_packing,0.6353883327016112,1.8491242752806438,8.0,3.0,550.0,0,40,-880.8269565785176,-762.818520735129,1165.2245375943232,220.8933946491309,1,1.0,0.023805241074540007,0.9996972426664756,True
diameter_pitch_grid,hexagonal_packing,0.6353883327016112,1.8491242752806438,8.0,3.0,550.0,0,41,-1101.033695723147,-381.4092603675645,1165.2245375943232,199.1066053508691,1,1.0,0.023808267974085782,0.9998243568225669,True
diameter_pitch_grid,hexagonal_packing,0.6353883327016112,1.8491242752806438,8.0,3.0,550.0,0,42,1101.033695723147,381.4092603675645,1165.2245375943232,19.106605350869096,1,1.0,0.023808268648143366,0.999824385129506,True
diameter_pitch_grid,hexagonal_packing,0.6353883327016112,1.8491242752806438,8.0,3.0,550.0,0,43,880.8269565785176,762.818520735129,1165.2245375943232,40.89339464913091,1,1.0,0.02380524084180734,0.999697232892905,True
diameter_pitch_grid,hexagonal_packing,0.6353883327016112,1.8491242752806438,8.0,3.0,550.0,0,44,1101.033695723147,635.6821006126074,1271.3642012252149,29.999999999999996,1,1.0,0.023808062551497124,0.999815730134233,True
diameter_pitch_grid,hexagonal_packing,0.6353883327016112,1.8491242752806438,8.0,3.0,550.0,0,45,880.8269565785176,1017.0913609801719,1345.4854008928794,49.106605350869096,1,1.0,0.023807043479271765,0.9997729343612106,True
diameter_pitch_grid,hexagonal_packing,0.6353883327016112,1.8491242752806438,8.0,3.0,550.0,0,46,-1321.2404348677765,-508.54568049008594,1415.7312583519217,201.0517244353729,1,1.0,0.023807708167750925,0.9998008478462187,True
diameter_pitch_grid,hexagonal_packing,0.6353883327016112,1.8491242752806438,8.0,3.0,550.0,0,47,-1321.2404348677765,-762.818520735129,1525.6370414702578,210.0,1,1.0,0.023805502938454067,0.9997082395991267,True
diameter_pitch_grid,hexagonal_packing,0.6353883327016112,1.8491242752806438,8.0,3.0,550.0,0,48,1321.2404348677765,762.818520735129,1525.6370414702578,30.000000000000004,1,1.0,0.02380550298484,0.9997082415470965,True
diameter_pitch_grid,square_packing,0.6353883327016112,2.2795070569547775,8.0,3.0,550.0,0,1,0.0,-313.4547209611107,313.4547209611107,270.0,1,1.0,0.008724454744667872,0.9999311467122559,True
diameter_pitch_grid,square_packing,0.6353883327016112,2.2795070569547775,8.0,3.0,550.0,0,2,-313.4547209611107,0.0,313.4547209611107,180.0,1,1.0,0.008724454650891495,0.9999311359643155,True
diameter_pitch_grid,square_packing,0.6353883327016112,2.2795070569547775,8.0,3.0,550.0,0,3,313.4547209611107,0.0,313.4547209611107,0.0,1,1.0,0.008724454911186558,0.9999311657973707,True
diameter_pitch_grid,square_packing,0.6353883327016112,2.2795070569547775,8.0,3.0,550.0,0,4,0.0,313.4547209611107,313.4547209611107,90.0,1,1.0,0.008724454744667872,0.9999311467122559,True
diameter_pitch_grid,square_packing,0.6353883327016112,2.2795070569547775,8.0,3.0,550.0,0,5,-313.4547209611107,-313.4547209611107,443.29191757307683,225.0,1,1.0,0.008723762967687678,0.9998518604566309,True
diameter_pitch_grid,square_packing,0.6353883327016112,2.2795070569547775,8.0,3.0,550.0,0,6,313.4547209611107,-313.4547209611107,443.29191757307683,315.0,1,1.0,0.008723763222168108,0.9998518896232568,True
diameter_pitch_grid,square_packing,0.6353883327016112,2.2795070569547775,8.0,3.0,550.0,0,7,-313.4547209611107,313.4547209611107,443.29191757307683,135.0,1,1.0,0.008723763222168108,0.9998518896232568,True
diameter_pitch_grid,square_packing,0.6353883327016112,2.2795070569547775,8.0,3.0,550.0,0,8,313.4547209611107,313.4547209611107,443.29191757307683,45.0,1,1.0,0.008723763222168108,0.9998518896232568,True
diameter_pitch_grid,square_packing,0.6353883327016112,2.2795070569547775,8.0,3.0,550.0,0,9,0.0,-626.9094419222214,626.9094419222214,270.0,1,1.0,0.008724544920846983,0.9999414820252152,True
diameter_pitch_grid,square_packing,0.6353883327016112,2.2795070569547775,8.0,3.0,550.0,0,10,-626.9094419222214,0.0,626.9094419222214,180.0,1,1.0,0.00872454480545552,0.9999414687999167,True
diameter_pitch_grid,square_packing,0.6353883327016112,2.2795070569547775,8.0,3.0,550.0,0,11,626.9094419222214,0.0,626.9094419222214,0.0,1,1.0,0.008724544920846981,0.9999414820252149,True
diameter_pitch_grid,square_packing,0.6353883327016112,2.2795070569547775,8.0,3.0,550.0,0,12,0.0,626.9094419222214,626.9094419222214,90.0,1,1.0,0.008724544920846981,0.9999414820252149,True
diameter_pitch_grid,square_packing,0.6353883327016112,2.2795070569547775,8.0,3.0,550.0,0,13,-313.4547209611107,-626.9094419222214,700.9060639372717,243.43494882292202,1,1.0,0.008723815702803353,0.9998579045575211,True
diameter_pitch_grid,square_packing,0.6353883327016112,2.2795070569547775,8.0,3.0,550.0,0,14,313.4547209611107,-626.9094419222214,700.9060639372717,296.565051177078,1,1.0,0.008723815794127437,0.9998579150243982,True
diameter_pitch_grid,square_packing,0.6353883327016112,2.2795070569547775,8.0,3.0,550.0,0,15,-626.9094419222214,-313.4547209611107,700.9060639372717,206.565051177078,1,1.0,0.00872381567884344,0.9998579018114166,True
diameter_pitch_grid,square_packing,0.6353883327016112,2.2795070569547775,8.0,3.0,550.0,0,16,626.9094419222214,-313.4547209611107,700.9060639372717,333.434948822922,1,1.0,0.008723815940480982,0.9998579317983369,True
diameter_pitch_grid,square_packing,0.6353883327016112,2.2795070569547775,8.0,3.0,550.0,0,17,-626.9094419222214,313.4547209611107,700.9060639372717,153.434948822922,1,1.0,0.00872381567884344,0.9998579018114166,True
diameter_pitch_grid,square_packing,0.6353883327016112,2.2795070569547775,8.0,3.0,550.0,0,18,626.9094419222214,313.4547209611107,700.9060639372717,26.56505117707799,1,1.0,0.008723816098622056,0.999857949923273,True
diameter_pitch_grid,square_packing,0.6353883327016112,2.2795070569547775,8.0,3.0,550.0,0,19,-313.4547209611107,626.9094419222214,700.9060639372717,116.56505117707799,1,1.0,0.008723815635986364,0.9998578968994621,True
diameter_pitch_grid,square_packing,0.6353883327016112,2.2795070569547775,8.0,3.0,550.0,0,20,313.4547209611107,626.9094419222214,700.9060639372717,63.43494882292201,1,1.0,0.008723815794127437,0.9998579150243982,True
diameter_pitch_grid,square_packing,0.6353883327016112,2.2795070569547775,8.0,3.0,550.0,0,21,-626.9094419222214,-626.9094419222214,886.5838351461537,225.0,1,1.0,0.008723883652272658,0.9998656924127796,True
diameter_pitch_grid,square_packing,0.6353883327016112,2.2795070569547775,8.0,3.0,550.0,0,22,626.9094419222214,-626.9094419222214,886.5838351461537,315.0,1,1.0,0.008723883514021856,0.9998656765675163,True
diameter_pitch_grid,square_packing,0.6353883327016112,2.2795070569547775,8.0,3.0,550.0,0,23,-626.9094419222214,626.9094419222214,886.5838351461537,135.0,1,1.0,0.00872388339882848,0.9998656633649211,True
diameter_pitch_grid,square_packing,0.6353883327016112,2.2795070569547775,8.0,3.0,550.0,0,24,626.9094419222214,626.9094419222214,886.5838351461537,45.0,1,1.0,0.008723883514021856,0.9998656765675163,True
diameter_pitch_grid,triangular_packing,0.6353883327016112,2.2795070569547775,8.0,3.0,550.0,0,1,-156.72736048055535,-271.4597512884844,313.4547209611107,240.0,1,1.0,0.007731004281461961,0.9999059416383242,True
diameter_pitch_grid,triangular_packing,0.6353883327016112,2.2795070569547775,8.0,3.0,550.0,0,2,156.72736048055535,-271.4597512884844,313.4547209611107,300.0,1,1.0,0.007731004455255705,0.9999059641163092,True
diameter_pitch_grid,triangular_packing,0.6353883327016112,2.2795070569547775,8.0,3.0,550.0,0,3,-313.4547209611107,0.0,313.4547209611107,180.0,1,1.0,0.007731768363493338,1.0000047658188909,True
diameter_pitch_grid,triangular_packing,0.6353883327016112,2.2795070569547775,8.0,3.0,550.0,0,4,313.4547209611107,0.0,313.4547209611107,0.0,1,1.0,0.007731768481194623,1.0000047810420378,True
diameter_pitch_grid,triangular_packing,0.6353883327016112,2.2795070569547775,8.0,3.0,550.0,0,5,-156.72736048055535,271.4597512884844,313.4547209611107,120.00000000000001,1,1.0,0.00773100415651683,0.9999059254782791,True
diameter_pitch_grid,triangular_packing,0.6353883327016112,2.2795070569547775,8.0,3.0,550.0,0,6,156.72736048055535,271.4597512884844,313.4547209611107,59.99999999999999,1,1.0,0.007731004182243198,0.9999059288056538,True
diameter_pitch_grid,triangular_packing,0.6353883327016112,2.2795070569547775,8.0,3.0,550.0,0,7,0.0,-542.9195025769689,542.9195025769689,270.0,1,1.0,0.007731565255561912,0.9999784964210181,True
diameter_pitch_grid,triangular_packing,0.6353883327016112,2.2795070569547775,8.0,3.0,550.0,0,8,-470.18208144166607,-271.4597512884844,542.9195025769689,210.0,1,1.0,0.007731005026501385,0.9999060379995887,True
diameter_pitch_grid,triangular_packing,0.6353883327016112,2.2795070569547775,8.0,3.0,550.0,0,9,470.18208144166607,-271.4597512884844,542.9195025769689,330.0,1,1.0,0.007731004885788126,0.9999060198001388,True
diameter_pitch_grid,triangular_packing,0.6353883327016112,2.2795070569547775,8.0,3.0,550.0,0,10,-470.18208144166607,271.4597512884844,542.9195025769689,150.0,1,1.0,0.0077310047534662595,0.9999060026860078,True
diameter_pitch_grid,triangular_packing,0.6353883327016112,2.2795070569547775,8.0,3.0,550.0,0,11,470.18208144166607,271.4597512884844,542.9195025769689,29.999999999999996,1,1.0,0.007731004774419088,0.9999060053959866,True
diameter_pitch_grid,triangular_packing,0.6353883327016112,2.2795070569547775,8.0,3.0,550.0,0,12,0.0,542.9195025769689,542.9195025769689,90.0,1,1.0,0.007731565388171153,0.9999785135723174,True
diameter_pitch_grid,triangular_packing,0.6353883327016112,2.2795070569547775,8.0,3.0,550.0,0,13,-313.4547209611107,-542.9195025769689,626.9094419222214,240.0,1,1.0,0.007731088982004079,0.9999168965637442,True
diameter_pitch_grid,triangular_packing,0.6353883327016112,2.2795070569547775,8.0,3.0,550.0,0,14,313.4547209611107,-542.9195025769689,626.9094419222214,300.0,1,1.0,0.007731088973934321,0.9999168955200247,True
diameter_pitch_grid,triangular_packing,0.6353883327016112,2.2795070569547775,8.0,3.0,550.0,0,15,-626.9094419222214,0.0,626.9094419222214,180.0,1,1.0,0.007731722764956104,0.9999988682347414,True
diameter_pitch_grid,triangular_packing,0.6353883327016112,2.2795070569547775,8.0,3.0,550.0,0,16,626.9094419222214,0.0,626.9094419222214,0.0,1,1.0,0.007731722775378631,0.9999988695827612,True
diameter_pitch_grid,triangular_packing,0.6353883327016112,2.2795070569547775,8.0,3.0,550.0,0,17,-313.4547209611107,542.9195025769689,626.9094419222214,120.00000000000001,1,1.0,0.007731089013832279,0.9999169006803124,True
diameter_pitch_grid,triangular_packing,0.6353883327016112,2.2795070569547775,8.0,3.0,550.0,0,18,313.4547209611107,542.9195025769689,626.9094419222214,59.99999999999999,1,1.0,0.007731089245512869,0.9999169306452159,True
diameter_pitch_grid,triangular_packing,0.6353883327016112,2.2795070569547775,8.0,3.0,550.0,0,19,-626.9094419222214,-542.9195025769689,829.323238942244,220.8933946491309,1,1.0,0.00773155231411946,0.9999768226119332,True
diameter_pitch_grid,triangular_packing,0.6353883327016112,2.2795070569547775,8.0,3.0,550.0,0,20,626.9094419222214,-542.9195025769689,829.323238942244,319.1066053508691,1,1.0,0.007731552323894371,0.9999768238761921,True
diameter_pitch_grid,triangular_packing,0.6353883327016112,2.2795070569547775,8.0,3.0,550.0,0,21,-626.9094419222214,542.9195025769689,829.323238942244,139.1066053508691,1,1.0,0.007731552309808251,0.9999768220543338,True
diameter_pitch_grid,triangular_packing,0.6353883327016112,2.2795070569547775,8.0,3.0,550.0,0,22,626.9094419222214,542.9195025769689,829.323238942244,40.893394649130904,1,1.0,0.007731552317627809,0.999976823065693,True
diameter_pitch_grid,triangular_packing,0.6353883327016112,2.2795070569547775,8.0,3.0,550.0,0,23,783.6368024027768,-271.4597512884844,829.3232389422441,340.8933946491309,1,1.0,0.0077310040075757825,0.9999059062146708,True
diameter_pitch_grid,triangular_packing,0.6353883327016112,2.2795070569547775,8.0,3.0,550.0,0,24,783.6368024027768,271.4597512884844,829.3232389422441,19.106605350869096,1,1.0,0.0077310037853074755,0.9999058774671248,True
diameter_pitch_grid,hexagonal_packing,0.6353883327016112,2.2795070569547775,8.0,3.0,550.0,0,1,-271.4597512884844,-156.72736048055535,313.4547209611107,210.0,1,1.0,0.024926879559038318,0.9997043704084587,True
diameter_pitch_grid,hexagonal_packing,0.6353883327016112,2.2795070569547775,8.0,3.0,550.0,0,2,271.4597512884844,-156.72736048055535,313.4547209611107,330.0,1,1.0,0.024926879176820484,0.9997043550794306,True
diameter_pitch_grid,hexagonal_packing,0.6353883327016112,2.2795070569547775,8.0,3.0,550.0,0,3,0.0,313.4547209611107,313.4547209611107,90.0,1,1.0,0.024930322146806422,0.9998424370296392,True
diameter_pitch_grid,hexagonal_packing,0.6353883327016112,2.2795070569547775,8.0,3.0,550.0,0,4,-271.4597512884844,-470.18208144166607,542.9195025769689,240.0,1,1.0,0.02492449493762593,0.9996087340315875,True
diameter_pitch_grid,hexagonal_packing,0.6353883327016112,2.2795070569547775,8.0,3.0,550.0,0,5,271.4597512884844,-470.18208144166607,542.9195025769689,300.0,1,1.0,0.024924494150093422,0.9996087024472213,True
diameter_pitch_grid,hexagonal_packing,0.6353883327016112,2.2795070569547775,8.0,3.0,550.0,0,6,-542.9195025769689,0.0,542.9195025769689,180.0,1,1.0,0.024930717854843184,0.9998583070888184,True
diameter_pitch_grid,hexagonal_packing,0.6353883327016112,2.2795070569547775,8.0,3.0,550.0,0,7,542.9195025769689,0.0,542.9195025769689,0.0,1,1.0,0.02493071853184335,0.9998583342402324,True
diameter_pitch_grid,hexagonal_packing,0.6353883327016112,2.2795070569547775,8.0,3.0,550.0,0,8,-271.4597512884844,470.18208144166607,542.9195025769689,119.99999999999999,1,1.0,0.024924493960096165,0.9996086948272909,True
diameter_pitch_grid,hexagonal_packing,0.6353883327016112,2.2795070569547775,8.0,3.0,550.0,0,9,271.4597512884844,470.18208144166607,542.9195025769689,60.00000000000001,1,1.0,0.02492449505254488,0.9996087386404666,True
diameter_pitch_grid,hexagonal_packing,0.6353883327016112,2.2795070569547775,8.0,3.0,550.0,0,10,0.0,-626.9094419222214,626.9094419222214,270.0,1,1.0,0.02492986720891965,0.9998241915291306,True
diameter_pitch_grid,hexagonal_packing,0.6353883327016112,2.2795070569547775,8.0,3.0,550.0,0,11,-542.9195025769689,313.4547209611107,626.9094419222214,150.0,1,1.0,0.024924993048717,0.9996287110140055,True
diameter_pitch_grid,hexagonal_packing,0.6353883327016112,2.2795070569547775,8.0,3.0,550.0,0,12,542.9195025769689,313.4547209611107,626.9094419222214,30.000000000000004,1,1.0,0.02492499322436459,0.9996287180584358,True
diameter_pitch_grid,hexagonal_packing,0.6353883327016112,2.2795070569547775,8.0,3.0,550.0,0,13,-542.9195025769689,-626.9094419222214,829.323238942244,229.10660535086907,1,1.0,0.02492300014942862,0.9995487848393851,True
diameter_pitch_grid,hexagonal_packing,0.6353883327016112,2.2795070569547775,8.0,3.0,550.0,0,14,542.9195025769689,-626.9094419222214,829.323238942244,310.8933946491309,1,1.0,0.02492299947152986,0.9995487576519329,True
diameter_pitch_grid,hexagonal_packing,0.6353883327016112,2.2795070569547775,8.0,3.0,550.0,0,15,-814.3792538654534,-156.72736048055535,829.3232389422441,190.8933946491309,1,1.0,0.02492820663323172,0.9997575933506989,True
diameter_pitch_grid,hexagonal_packing,0.6353883327016112,2.2795070569547775,8.0,3.0,550.0,0,16,814.3792538654534,-156.72736048055535,829.3232389422441,349.1066053508691,1,1.0,0.024928205938855915,0.9997575655024268,True
diameter_pitch_grid,hexagonal_packing,0.6353883327016112,2.2795070569547775,8.0,3.0,550.0,0,17,-271.4597512884844,783.6368024027768,829.3232389422441,109.1066053508691,1,1.0,0.024923595097073047,0.999572645497872,True
diameter_pitch_grid,hexagonal_packing,0.6353883327016112,2.2795070569547775,8.0,3.0,550.0,0,18,271.4597512884844,783.6368024027768,829.3232389422441,70.89339464913091,1,1.0,0.024923594898888683,0.9995726375495937,True
diameter_pitch_grid,hexagonal_packing,0.6353883327016112,2.2795070569547775,8.0,3.0,550.0,0,19,0.0,-940.3641628833321,940.3641628833321,270.0,1,1.0,0.024931407541017376,0.9998859672811389,True
diameter_pitch_grid,hexagonal_packing,0.6353883327016112,2.2795070569547775,8.0,3.0,550.0,0,20,-814.3792538654534,-470.18208144166607,940.3641628833321,210.0,1,1.0,0.02492596521152656,0.999667700066252,True
diameter_pitch_grid,hexagonal_packing,0.6353883327016112,2.2795070569547775,8.0,3.0,550.0,0,21,814.3792538654534,-470.18208144166607,940.3641628833321,330.0,1,1.0,0.024925965789573724,0.9996677232491086,True
diameter_pitch_grid,hexagonal_packing,0.6353883327016112,2.2795070569547775,8.0,3.0,550.0,0,22,-814.3792538654534,470.18208144166607,940.3641628833321,150.0,1,1.0,0.02492596497976065,0.9996676907711698,True
diameter_pitch_grid,hexagonal_packing,0.6353883327016112,2.2795070569547775,8.0,3.0,550.0,0,23,814.3792538654534,470.18208144166607,940.3641628833321,29.999999999999996,1,1.0,0.024925965294639037,0.9996677033995174,True
diameter_pitch_grid,hexagonal_packing,0.6353883327016112,2.2795070569547775,8.0,3.0,550.0,0,24,0.0,940.3641628833321,940.3641628833321,90.0,1,1.0,0.024931406960878092,0.9998859440143767,True
diameter_pitch_grid,hexagonal_packing,0.6353883327016112,2.2795070569547775,8.0,3.0,550.0,0,25,-542.9195025769689,-940.3641628833321,1085.8390051539377,240.0,1,1.0,0.024923464897808324,0.9995674237943828,True
diameter_pitch_grid,hexagonal_packing,0.6353883327016112,2.2795070569547775,8.0,3.0,550.0,0,26,542.9195025769689,-940.3641628833321,1085.8390051539377,300.0,1,1.0,0.024923464230528245,0.9995673970327976,True
diameter_pitch_grid,hexagonal_packing,0.6353883327016112,2.2795070569547775,8.0,3.0,550.0,0,27,-1085.8390051539377,0.0,1085.8390051539377,180.0,1,1.0,0.024933170959173266,0.9999566900057031,True
diameter_pitch_grid,hexagonal_packing,0.6353883327016112,2.2795070569547775,8.0,3.0,550.0,0,28,1085.8390051539377,0.0,1085.8390051539377,0.0,1,1.0,0.024933170549235707,0.9999566735649621,True
diameter_pitch_grid,hexagonal_packing,0.6353883327016112,2.2795070569547775,8.0,3.0,550.0,0,29,-542.9195025769689,940.3641628833321,1085.8390051539377,119.99999999999999,1,1.0,0.02492346534105302,0.9995674415709224,True
diameter_pitch_grid,hexagonal_packing,0.6353883327016112,2.2795070569547775,8.0,3.0,550.0,0,30,542.9195025769689,940.3641628833321,1085.8390051539377,60.00000000000001,1,1.0,0.02492346423803602,0.9995673973339004,True
diameter_pitch_grid,hexagonal_packing,0.6353883327016112,2.2795070569547775,8.0,3.0,550.0,0,31,-1085.8390051539377,313.4547209611107,1130.1770689615414,163.897886248014,1,1.0,0.02492707712520212,0.9997122938935034,True
diameter_pitch_grid,hexagonal_packing,0.6353883327016112,2.2795070569547775,8.0,3.0,550.0,0,32,1085.8390051539377,313.4547209611107,1130.1770689615414,16.102113751986018,1,1.0,0.024927078191241493,0.99971233664752,True
diameter_pitch_grid,hexagonal_packing,0.6353883327016112,2.2795070569547775,8.0,3.0,550.0,0,33,-814.3792538654534,783.6368024027768,1130.1770689615416,136.10211375198602,1,1.0,0.024925653026823362,0.9996551797501241,True
diameter_pitch_grid,hexagonal_packing,0.6353883327016112,2.2795070569547775,8.0,3.0,550.0,0,34,814.3792538654534,783.6368024027768,1130.1770689615416,43.89788624801398,1,1.0,0.024925653458942505,0.9996551970804679,True
diameter_pitch_grid,hexagonal_packing,0.6353883327016112,2.2795070569547775,8.0,3.0,550.0,0,35,-1085.8390051539377,-626.9094419222214,1253.8188838444428,210.0,1,1.0,0.02492479072986238,0.9996205969200334,True
diameter_pitch_grid,hexagonal_packing,0.6353883327016112,2.2795070569547775,8.0,3.0,550.0,0,36,0.0,1253.8188838444428,1253.8188838444428,90.0,1,1.0,0.024934197027263166,0.9999978409548774,True
diameter_pitch_grid,hexagonal_packing,0.6353883327016112,2.2795070569547775,8.0,3.0,550.0,0,37,-1357.2987564424222,-156.72736048055535,1366.3174520452221,186.58677555362945,1,1.0,0.024925518104082292,0.9996497686093675,True
diameter_pitch_grid,hexagonal_packing,0.6353883327016112,2.2795070569547775,8.0,3.0,550.0,0,38,-542.9195025769689,1253.8188838444428,1366.3174520452221,113.41322444637053,1,1.0,0.024925638216807426,0.9996545857873851,True
diameter_pitch_grid,hexagonal_packing,0.6353883327016112,2.2795070569547775,8.0,3.0,550.0,0,39,542.9195025769689,1253.8188838444428,1366.3174520452221,66.58677555362947,1,1.0,0.02492563755928239,0.9996545594170305,True
diameter_pitch_grid,hexagonal_packing,0.6353883327016112,2.2795070569547775,8.0,3.0,550.0,0,40,-1085.8390051539377,-940.3641628833321,1436.4299857455508,220.8933946491309,1,1.0,0.02492511829344524,0.9996337340134507,True
diameter_pitch_grid,hexagonal_packing,0.6353883327016112,2.2795070569547775,8.0,3.0,550.0,0,41,-1357.2987564424222,-470.18208144166607,1436.4299857455508,199.1066053508691,1,1.0,0.024923322094226118,0.999561696588741,True
diameter_pitch_grid,hexagonal_packing,0.6353883327016112,2.2795070569547775,8.0,3.0,550.0,0,42,1357.2987564424222,470.18208144166607,1436.4299857455508,19.106605350869096,1,1.0,0.024923322178991004,0.9995616999882772,True
diameter_pitch_grid,hexagonal_packing,0.6353883327016112,2.2795070569547775,8.0,3.0,550.0,0,43,1085.8390051539377,940.3641628833321,1436.4299857455508,40.89339464913091,1,1.0,0.024925118118515586,0.9996337269978136,True
diameter_pitch_grid,hexagonal_packing,0.6353883327016112,2.2795070569547775,8.0,3.0,550.0,0,44,1357.2987564424222,783.6368024027768,1567.2736048055535,29.999999999999996,1,1.0,0.024922783349618907,0.9995400899798156,True
diameter_pitch_grid,square_packing,0.6353883327016112,2.8100612231257442,8.0,3.0,550.0,0,1,0.0,-386.4111558203402,386.4111558203402,270.0,1,1.0,0.012803272834838822,0.9998144377886484,True
diameter_pitch_grid,square_packing,0.6353883327016112,2.8100612231257442,8.0,3.0,550.0,0,2,-386.4111558203402,0.0,386.4111558203402,180.0,1,1.0,0.012803272834856244,0.9998144377900089,True
diameter_pitch_grid,square_packing,0.6353883327016112,2.8100612231257442,8.0,3.0,550.0,0,3,386.4111558203402,0.0,386.4111558203402,0.0,1,1.0,0.012803273168984124,0.9998144638822342,True
diameter_pitch_grid,square_packing,0.6353883327016112,2.8100612231257442,8.0,3.0,550.0,0,4,0.0,386.4111558203402,386.4111558203402,90.0,1,1.0,0.012803273396006834,0.9998144816105592,True
diameter_pitch_grid,square_packing,0.6353883327016112,2.8100612231257442,8.0,3.0,550.0,0,5,-386.4111558203402,-386.4111558203402,546.4678972133884,225.0,1,1.0,0.012801106541909645,0.9996452708127501,True
diameter_pitch_grid,square_packing,0.6353883327016112,2.8100612231257442,8.0,3.0,550.0,0,6,386.4111558203402,-386.4111558203402,546.4678972133884,315.0,1,1.0,0.012801106406709036,0.9996452602548621,True
diameter_pitch_grid,square_packing,0.6353883327016112,2.8100612231257442,8.0,3.0,550.0,0,7,-386.4111558203402,386.4111558203402,546.4678972133884,135.0,1,1.0,0.012801106406709036,0.9996452602548621,True
diameter_pitch_grid,square_packing,0.6353883327016112,2.8100612231257442,8.0,3.0,550.0,0,8,386.4111558203402,386.4111558203402,546.4678972133884,45.0,1,1.0,0.01280110651424664,0.9996452686525312,True
diameter_pitch_grid,square_packing,0.6353883327016112,2.8100612231257442,8.0,3.0,550.0,0,9,0.0,-772.8223116406804,772.8223116406804,270.0,1,1.0,0.012803251413703842,0.9998127650007368,True
diameter_pitch_grid,square_packing,0.6353883327016112,2.8100612231257442,8.0,3.0,550.0,0,10,-772.8223116406804,0.0,772.8223116406804,180.0,1,1.0,0.012803251154933205,0.9998127447931991,True
diameter_pitch_grid,square_packing,0.6353883327016112,2.8100612231257442,8.0,3.0,550.0,0,11,772.8223116406804,0.0,772.8223116406804,0.0,1,1.0,0.012803251715999291,0.9998127886071505,True
diameter_pitch_grid,square_packing,0.6353883327016112,2.8100612231257442,8.0,3.0,550.0,0,12,0.0,772.8223116406804,772.8223116406804,90.0,1,1.0,0.012803251827512439,0.999812797315272,True
diameter_pitch_grid,square_packing,0.6353883327016112,2.8100612231257442,8.0,3.0,550.0,0,13,-386.4111558203402,-772.8223116406804,864.0416116785442,243.43494882292202,1,1.0,0.01280111886650625,0.9996462332471047,True
diameter_pitch_grid,square_packing,0.6353883327016112,2.8100612231257442,8.0,3.0,550.0,0,14,386.4111558203402,-772.8223116406804,864.0416116785442,296.565051177078,1,1.0,0.01280111897409907,0.9996462416490856,True
diameter_pitch_grid,square_packing,0.6353883327016112,2.8100612231257442,8.0,3.0,550.0,0,15,-772.8223116406804,-386.4111558203402,864.0416116785442,206.565051177078,1,1.0,0.01280111886650625,0.9996462332471047,True
diameter_pitch_grid,square_packing,0.6353883327016112,2.8100612231257442,8.0,3.0,550.0,0,16,772.8223116406804,-386.4111558203402,864.0416116785442,333.434948822922,1,1.0,0.012801119046251506,0.9996462472835079,True
diameter_pitch_grid,square_packing,0.6353883327016112,2.8100612231257442,8.0,3.0,550.0,0,17,-772.8223116406804,386.4111558203402,864.0416116785442,153.434948822922,1,1.0,0.012801118943121357,0.9996462392300194,True
diameter_pitch_grid,square_packing,0.6353883327016112,2.8100612231257442,8.0,3.0,550.0,0,18,772.8223116406804,386.4111558203402,864.0416116785442,26.56505117707799,1,1.0,0.012801119061254591,0.999646248455107,True
diameter_pitch_grid,square_packing,0.6353883327016112,2.8100612231257442,8.0,3.0,550.0,0,19,-386.4111558203402,772.8223116406804,864.0416116785442,116.56505117707799,1,1.0,0.012801119046251506,0.9996462472835079,True
diameter_pitch_grid,square_packing,0.6353883327016112,2.8100612231257442,8.0,3.0,550.0,0,20,386.4111558203402,772.8223116406804,864.0416116785442,63.43494882292201,1,1.0,0.01280111883135335,0.9996462305019957,True
diameter_pitch_grid,square_packing,0.6353883327016112,2.8100612231257442,8.0,3.0,550.0,0,21,-772.8223116406804,-772.8223116406804,1092.9357944267767,225.0,1,1.0,0.012801136830717472,0.999647636081987,True
diameter_pitch_grid,square_packing,0.6353883327016112,2.8100612231257442,8.0,3.0,550.0,0,22,772.8223116406804,-772.8223116406804,1092.9357944267767,315.0,1,1.0,0.012801136718916561,0.999647627351394,True
diameter_pitch_grid,square_packing,0.6353883327016112,2.8100612231257442,8.0,3.0,550.0,0,23,-772.8223116406804,772.8223116406804,1092.9357944267767,135.0,1,1.0,0.012801136718916561,0.999647627351394,True
diameter_pitch_grid,square_packing,0.6353883327016112,2.8100612231257442,8.0,3.0,550.0,0,24,772.8223116406804,772.8223116406804,1092.9357944267767,45.0,1,1.0,0.012801136754994103,0.9996476301687086,True
diameter_pitch_grid,triangular_packing,0.6353883327016112,2.8100612231257442,8.0,3.0,550.0,0,1,-193.2055779101701,-334.6418772461217,386.4111558203401,240.0,1,1.0,0.011311126860382928,0.99976967344478,True
diameter_pitch_grid,triangular_packing,0.6353883327016112,2.8100612231257442,8.0,3.0,550.0,0,2,193.2055779101701,-334.6418772461217,386.4111558203401,300.0,1,1.0,0.011311126834819045,0.9997696711852355,True
diameter_pitch_grid,triangular_packing,0.6353883327016112,2.8100612231257442,8.0,3.0,550.0,0,3,-193.2055779101701,334.6418772461217,386.4111558203401,120.00000000000001,1,1.0,0.011311126706094868,0.9997696598075425,True
diameter_pitch_grid,triangular_packing,0.6353883327016112,2.8100612231257442,8.0,3.0,550.0,0,4,193.2055779101701,334.6418772461217,386.4111558203401,59.99999999999999,1,1.0,0.011311126680541954,0.9997696575489675,True
diameter_pitch_grid,triangular_packing,0.6353883327016112,2.8100612231257442,8.0,3.0,550.0,0,5,-386.4111558203402,0.0,386.4111558203402,180.0,1,1.0,0.01131265336029976,0.9999045979613381,True
diameter_pitch_grid,triangular_packing,0.6353883327016112,2.8100612231257442,8.0,3.0,550.0,0,6,386.4111558203402,0.0,386.4111558203402,0.0,1,1.0,0.01131265336029976,0.9999045979613381,True
diameter_pitch_grid,triangular_packing,0.6353883327016112,2.8100612231257442,8.0,3.0,550.0,0,7,0.0,-669.2837544922434,669.2837544922434,270.0,1,1.0,0.011312129882459622,0.9998583287190468,True
diameter_pitch_grid,triangular_packing,0.6353883327016112,2.8100612231257442,8.0,3.0,550.0,0,8,0.0,669.2837544922434,669.2837544922434,90.0,1,1.0,0.011312129614996327,0.9998583050784587,True
diameter_pitch_grid,triangular_packing,0.6353883327016112,2.8100612231257442,8.0,3.0,550.0,0,9,-579.6167337305103,-334.6418772461217,669.2837544922435,210.0,1,1.0,0.01131100868971015,0.9997592285566276,True
diameter_pitch_grid,triangular_packing,0.6353883327016112,2.8100612231257442,8.0,3.0,550.0,0,10,579.6167337305103,-334.6418772461217,669.2837544922435,330.0,1,1.0,0.011311008753480945,0.9997592341932108,True
diameter_pitch_grid,triangular_packing,0.6353883327016112,2.8100612231257442,8.0,3.0,550.0,0,11,-579.6167337305103,334.6418772461217,669.2837544922435,150.0,1,1.0,0.011311008769356961,0.9997592355964626,True
diameter_pitch_grid,triangular_packing,0.6353883327016112,2.8100612231257442,8.0,3.0,550.0,0,12,579.6167337305103,334.6418772461217,669.2837544922435,29.999999999999996,1,1.0,0.011311008680641593,0.9997592277550745,True
diameter_pitch_grid,triangular_packing,0.6353883327016112,2.8100612231257442,8.0,3.0,550.0,0,13,-386.4111558203402,-669.2837544922434,772.8223116406803,240.0,1,1.0,0.011311107251294649,0.9997679402335777,True
diameter_pitch_grid,triangular_packing,0.6353883327016112,2.8100612231257442,8.0,3.0,550.0,0,14,386.4111558203402,-669.2837544922434,772.8223116406803,300.0,1,1.0,0.011311107272278865,0.999767942088334,True
diameter_pitch_grid,triangular_packing,0.6353883327016112,2.8100612231257442,8.0,3.0,550.0,0,15,-386.4111558203402,669.2837544922434,772.8223116406803,120.00000000000001,1,1.0,0.011311107920056334,0.9997679993441915,True
diameter_pitch_grid,triangular_packing,0.6353883327016112,2.8100612231257442,8.0,3.0,550.0,0,16,386.4111558203402,669.2837544922434,772.8223116406803,59.99999999999999,1,1.0,0.011311107920056334,0.9997679993441915,True
diameter_pitch_grid,triangular_packing,0.6353883327016112,2.8100612231257442,8.0,3.0,550.0,0,17,-772.8223116406804,0.0,772.8223116406804,180.0,1,1.0,0.011312123406262375,0.9998577562998983,True
diameter_pitch_grid,triangular_packing,0.6353883327016112,2.8100612231257442,8.0,3.0,550.0,0,18,772.8223116406804,0.0,772.8223116406804,0.0,1,1.0,0.011312123406262375,0.9998577562998983,True
diameter_pitch_grid,triangular_packing,0.6353883327016112,2.8100612231257442,8.0,3.0,550.0,0,19,-772.8223116406804,-669.2837544922434,1022.3478221216487,220.8933946491309,1,1.0,0.011310647097770186,0.9997272681109355,True
diameter_pitch_grid,triangular_packing,0.6353883327016112,2.8100612231257442,8.0,3.0,550.0,0,20,772.8223116406804,-669.2837544922434,1022.3478221216487,319.10660535086913,1,1.0,0.011310646904987858,0.9997272510712605,True
diameter_pitch_grid,triangular_packing,0.6353883327016112,2.8100612231257442,8.0,3.0,550.0,0,21,-772.8223116406804,669.2837544922434,1022.3478221216487,139.1066053508691,1,1.0,0.011310647678621718,0.9997273194513328,True
diameter_pitch_grid,triangular_packing,0.6353883327016112,2.8100612231257442,8.0,3.0,550.0,0,22,772.8223116406804,669.2837544922434,1022.3478221216487,40.8933946491309,1,1.0,0.011310647757695894,0.9997273264405535,True
diameter_pitch_grid,triangular_packing,0.6353883327016112,2.8100612231257442,8.0,3.0,550.0,0,23,966.0278895508505,-334.6418772461217,1022.347822121649,340.8933946491309,1,1.0,0.011311222633451917,0.9997781386499792,True
diameter_pitch_grid,triangular_packing,0.6353883327016112,2.8100612231257442,8.0,3.0,550.0,0,24,966.0278895508505,334.6418772461217,1022.347822121649,19.106605350869092,1,1.0,0.011311222482736276,0.9997781253285013,True
diameter_pitch_grid,hexagonal_packing,0.6353883327016112,2.8100612231257442,8.0,3.0,550.0,0,1,-334.6418772461217,-193.20557791017006,386.4111558203401,210.0,1,1.0,0.024335976604766395,0.9995769163013764,True
diameter_pitch_grid,hexagonal_packing,0.6353883327016112,2.8100612231257442,8.0,3.0,550.0,0,2,334.6418772461217,-193.20557791017006,386.4111558203401,330.0,1,1.0,0.02433597823842873,0.9995769834024911,True
diameter_pitch_grid,hexagonal_packing,0.6353883327016112,2.8100612231257442,8.0,3.0,550.0,0,3,0.0,386.4111558203402,386.4111558203402,90.0,1,1.0,0.024343467319735433,0.9998845902398933,True
diameter_pitch_grid,hexagonal_packing,0.6353883327016112,2.8100612231257442,8.0,3.0,550.0,0,4,-669.2837544922434,0.0,669.2837544922434,180.0,1,1.0,0.024347472146766358,1.000049084672104,True
diameter_pitch_grid,hexagonal_packing,0.6353883327016112,2.8100612231257442,8.0,3.0,550.0,0,5,669.2837544922434,0.0,669.2837544922434,0.0,1,1.0,0.024347473091269167,1.0000491234666515,True
diameter_pitch_grid,hexagonal_packing,0.6353883327016112,2.8100612231257442,8.0,3.0,550.0,0,6,-334.6418772461217,-579.6167337305103,669.2837544922435,240.0,1,1.0,0.024338783048100925,0.9996921882717461,True
diameter_pitch_grid,hexagonal_packing,0.6353883327016112,2.8100612231257442,8.0,3.0,550.0,0,7,334.6418772461217,-579.6167337305103,669.2837544922435,300.0,1,1.0,0.024338782852254943,0.9996921802275601,True
diameter_pitch_grid,hexagonal_packing,0.6353883327016112,2.8100612231257442,8.0,3.0,550.0,0,8,-334.6418772461217,579.6167337305103,669.2837544922435,119.99999999999999,1,1.0,0.024338783280852472,0.9996921978317929,True
diameter_pitch_grid,hexagonal_packing,0.6353883327016112,2.8100612231257442,8.0,3.0,550.0,0,9,334.6418772461217,579.6167337305103,669.2837544922435,60.00000000000001,1,1.0,0.02433878308500649,0.9996921897876069,True
diameter_pitch_grid,hexagonal_packing,0.6353883327016112,2.8100612231257442,8.0,3.0,550.0,0,10,0.0,-772.8223116406803,772.8223116406803,270.0,1,1.0,0.024344111718149247,0.999911058287172,True
diameter_pitch_grid,hexagonal_packing,0.6353883327016112,2.8100612231257442,8.0,3.0,550.0,0,11,-669.2837544922434,386.4111558203402,772.8223116406803,150.0,1,1.0,0.02433899116468411,0.9997007364609489,True
diameter_pitch_grid,hexagonal_packing,0.6353883327016112,2.8100612231257442,8.0,3.0,550.0,0,12,669.2837544922434,386.4111558203402,772.8223116406803,30.000000000000004,1,1.0,0.024338990481609587,0.9997007084043175,True
diameter_pitch_grid,hexagonal_packing,0.6353883327016112,2.8100612231257442,8.0,3.0,550.0,0,13,-669.2837544922434,-772.8223116406803,1022.3478221216486,229.10660535086907,1,1.0,0.024339360469403208,0.9997159052983573,True
diameter_pitch_grid,hexagonal_packing,0.6353883327016112,2.8100612231257442,8.0,3.0,550.0,0,14,669.2837544922434,-772.8223116406803,1022.3478221216486,310.8933946491309,1,1.0,0.02433936112132332,0.999715932075351,True
diameter_pitch_grid,hexagonal_packing,0.6353883327016112,2.8100612231257442,8.0,3.0,550.0,0,15,-1003.9256317383652,-193.20557791017006,1022.3478221216487,190.8933946491309,1,1.0,0.024336097721527113,0.9995818910562488,True
diameter_pitch_grid,hexagonal_packing,0.6353883327016112,2.8100612231257442,8.0,3.0,550.0,0,16,1003.9256317383652,-193.20557791017006,1022.3478221216487,349.1066053508691,1,1.0,0.024336097932552442,0.999581899723912,True
diameter_pitch_grid,hexagonal_packing,0.6353883327016112,2.8100612231257442,8.0,3.0,550.0,0,17,-334.6418772461217,966.0278895508505,1022.347822121649,109.10660535086909,1,1.0,0.024335539756478255,0.9995589731766009,True
diameter_pitch_grid,hexagonal_packing,0.6353883327016112,2.8100612231257442,8.0,3.0,550.0,0,18,334.6418772461217,966.0278895508505,1022.347822121649,70.89339464913091,1,1.0,0.024335541095209023,0.9995590281636842,True
diameter_pitch_grid,hexagonal_packing,0.6353883327016112,2.8100612231257442,8.0,3.0,550.0,0,19,-1003.9256317383652,-579.6167337305103,1159.2334674610204,210.0,1,1.0,0.02433871262908745,0.9996892958782547,True
diameter_pitch_grid,hexagonal_packing,0.6353883327016112,2.8100612231257442,8.0,3.0,550.0,0,20,1003.9256317383652,-579.6167337305103,1159.2334674610204,330.0,1,1.0,0.024338713067213972,0.9996893138738817,True
diameter_pitch_grid,hexagonal_packing,0.6353883327016112,2.8100612231257442,8.0,3.0,550.0,0,21,-1003.9256317383652,579.6167337305103,1159.2334674610204,150.0,1,1.0,0.02433871286183636,0.9996893054381932,True
diameter_pitch_grid,hexagonal_packing,0.6353883327016112,2.8100612231257442,8.0,3.0,550.0,0,22,1003.9256317383652,579.6167337305103,1159.2334674610204,30.000000000000004,1,1.0,0.024338712086474108,0.9996892735909317,True
diameter_pitch_grid,hexagonal_packing,0.6353883327016112,2.8100612231257442,8.0,3.0,550.0,0,23,0.0,-1159.2334674610206,1159.2334674610206,270.0,1,1.0,0.02434472337380381,0.999936181456994,True
diameter_pitch_grid,hexagonal_packing,0.6353883327016112,2.8100612231257442,8.0,3.0,550.0,0,24,0.0,1159.2334674610206,1159.2334674610206,90.0,1,1.0,0.024344723253133766,0.9999361765005876,True
diameter_pitch_grid,hexagonal_packing,0.6353883327016112,2.8100612231257442,8.0,3.0,550.0,0,25,-1338.5675089844867,0.0,1338.5675089844867,180.0,1,1.0,0.024344856667627857,0.9999416563730726,True
diameter_pitch_grid,hexagonal_packing,0.6353883327016112,2.8100612231257442,8.0,3.0,550.0,0,26,1338.5675089844867,0.0,1338.5675089844867,0.0,1,1.0,0.02434485677703659,0.9999416608669315,True
diameter_pitch_grid,hexagonal_packing,0.6353883327016112,2.8100612231257442,8.0,3.0,550.0,0,27,-669.2837544922434,-1159.2334674610206,1338.567508984487,240.0,1,1.0,0.024345229550318703,0.9999569721722416,True
diameter_pitch_grid,hexagonal_packing,0.6353883327016112,2.8100612231257442,8.0,3.0,550.0,0,28,669.2837544922434,-1159.2334674610206,1338.567508984487,300.0,1,1.0,0.024345230490393194,0.9999570107849004,True
diameter_pitch_grid,hexagonal_packing,0.6353883327016112,2.8100612231257442,8.0,3.0,550.0,0,29,-669.2837544922434,1159.2334674610206,1338.567508984487,119.99999999999999,1,1.0,0.024345229505665644,0.99995697033816,True
diameter_pitch_grid,hexagonal_packing,0.6353883327016112,2.8100612231257442,8.0,3.0,550.0,0,30,669.2837544922434,1159.2334674610206,1338.567508984487,60.00000000000001,1,1.0,0.024345230445741065,0.9999570089508569,True
diameter_pitch_grid,hexagonal_packing,0.6353883327016112,2.8100612231257442,8.0,3.0,550.0,0,31,-1338.5675089844867,386.4111558203402,1393.2252357215416,163.89788624801398,1,1.0,0.02434154433004943,0.9998056052814659,True
diameter_pitch_grid,hexagonal_packing,0.6353883327016112,2.8100612231257442,8.0,3.0,550.0,0,32,1338.5675089844867,386.4111558203402,1393.2252357215416,16.102113751986018,1,1.0,0.02434154437794999,0.9998056072489356,True
diameter_pitch_grid,hexagonal_packing,0.6353883327016112,2.8100612231257442,8.0,3.0,550.0,0,33,-1003.9256317383652,966.0278895508505,1393.2252357215418,136.10211375198602,1,1.0,0.024335624389310917,0.9995624493890934,True
diameter_pitch_grid,hexagonal_packing,0.6353883327016112,2.8100612231257442,8.0,3.0,550.0,0,34,1003.9256317383652,966.0278895508505,1393.2252357215418,43.89788624801399,1,1.0,0.024335624810132267,0.9995624666739271,True
diameter_pitch_grid,hexagonal_packing,0.6353883327016112,2.8100612231257442,8.0,3.0,550.0,0,35,-1338.5675089844867,-772.8223116406803,1545.6446232813605,210.0,1,1.0,0.024342157971289365,0.9998308100073042,True
diameter_pitch_grid,hexagonal_packing,0.6353883327016112,2.8100612231257442,8.0,3.0,550.0,0,36,0.0,1545.6446232813607,1545.6446232813607,90.0,1,1.0,0.0243429277075147,0.9998624261850719,True
diameter_pitch_grid,square_packing,0.6353883327016112,3.464101615137754,8.0,3.0,550.0,0,1,0.0,-476.34816564442826,476.34816564442826,270.0,1,1.0,0.01892879632783855,0.9998940460148547,True
diameter_pitch_grid,square_packing,0.6353883327016112,3.464101615137754,8.0,3.0,550.0,0,2,-476.34816564442826,0.0,476.34816564442826,180.0,1,1.0,0.018928796190626266,0.9998940387667581,True
diameter_pitch_grid,square_packing,0.6353883327016112,3.464101615137754,8.0,3.0,550.0,0,3,476.34816564442826,0.0,476.34816564442826,0.0,1,1.0,0.01892879643340911,0.99989405159151,True
diameter_pitch_grid,square_packing,0.6353883327016112,3.464101615137754,8.0,3.0,550.0,0,4,0.0,476.34816564442826,476.34816564442826,90.0,1,1.0,0.018928796327832165,0.9998940460145175,True
diameter_pitch_grid,square_packing,0.6353883327016112,3.464101615137754,8.0,3.0,550.0,0,5,-476.34816564442826,-476.34816564442826,673.658036265896,225.0,1,1.0,0.018926582678674062,0.9997771122922238,True
diameter_pitch_grid,square_packing,0.6353883327016112,3.464101615137754,8.0,3.0,550.0,0,6,476.34816564442826,-476.34816564442826,673.658036265896,315.0,1,1.0,0.01892658281099975,0.9997771192821912,True
diameter_pitch_grid,square_packing,0.6353883327016112,3.464101615137754,8.0,3.0,550.0,0,7,-476.34816564442826,476.34816564442826,673.658036265896,135.0,1,1.0,0.018926582678674062,0.9997771122922238,True
diameter_pitch_grid,square_packing,0.6353883327016112,3.464101615137754,8.0,3.0,550.0,0,8,476.34816564442826,476.34816564442826,673.658036265896,45.0,1,1.0,0.01892658281099975,0.9997771192821912,True
diameter_pitch_grid,square_packing,0.6353883327016112,3.464101615137754,8.0,3.0,550.0,0,9,0.0,-952.6963312888565,952.6963312888565,270.0,1,1.0,0.01892775077172743,0.9998388155970205,True
diameter_pitch_grid,square_packing,0.6353883327016112,3.464101615137754,8.0,3.0,550.0,0,10,-952.6963312888565,0.0,952.6963312888565,180.0,1,1.0,0.018927750502754578,0.9998388013888084,True
diameter_pitch_grid,square_packing,0.6353883327016112,3.464101615137754,8.0,3.0,550.0,0,11,952.6963312888565,0.0,952.6963312888565,0.0,1,1.0,0.018927750938676484,0.9998388244159313,True
diameter_pitch_grid,square_packing,0.6353883327016112,3.464101615137754,8.0,3.0,550.0,0,12,0.0,952.6963312888565,952.6963312888565,90.0,1,1.0,0.01892775077172743,0.9998388155970205,True
diameter_pitch_grid,square_packing,0.6353883327016112,3.464101615137754,8.0,3.0,550.0,0,13,-476.34816564442826,-952.6963312888565,1065.1468793382714,243.43494882292202,1,1.0,0.018925352538317508,0.9997121314029491,True
diameter_pitch_grid,square_packing,0.6353883327016112,3.464101615137754,8.0,3.0,550.0,0,14,476.34816564442826,-952.6963312888565,1065.1468793382714,296.565051177078,1,1.0,0.01892535276641893,0.9997121434521704,True
diameter_pitch_grid,square_packing,0.6353883327016112,3.464101615137754,8.0,3.0,550.0,0,15,-952.6963312888565,-476.34816564442826,1065.1468793382714,206.565051177078,1,1.0,0.018925352276794045,0.9997121175882433,True
diameter_pitch_grid,square_packing,0.6353883327016112,3.464101615137754,8.0,3.0,550.0,0,16,952.6963312888565,-476.34816564442826,1065.1468793382714,333.434948822922,1,1.0,0.018925351065230252,0.9997120535886417,True
diameter_pitch_grid,square_packing,0.6353883327016112,3.464101615137754,8.0,3.0,550.0,0,17,-952.6963312888565,476.34816564442826,1065.1468793382714,153.434948822922,1,1.0,0.01892535250489547,0.9997121296374646,True
diameter_pitch_grid,square_packing,0.6353883327016112,3.464101615137754,8.0,3.0,550.0,0,18,952.6963312888565,476.34816564442826,1065.1468793382714,26.56505117707799,1,1.0,0.018925351065230252,0.9997120535886417,True
diameter_pitch_grid,square_packing,0.6353883327016112,3.464101615137754,8.0,3.0,550.0,0,19,-476.34816564442826,952.6963312888565,1065.1468793382714,116.56505117707799,1,1.0,0.01892535263839639,0.9997121366895124,True
diameter_pitch_grid,square_packing,0.6353883327016112,3.464101615137754,8.0,3.0,550.0,0,20,476.34816564442826,952.6963312888565,1065.1468793382714,63.43494882292201,1,1.0,0.01892535263839639,0.9997121366895124,True
diameter_pitch_grid,square_packing,0.6353883327016112,3.464101615137754,8.0,3.0,550.0,0,21,-952.6963312888565,-952.6963312888565,1347.316072531792,225.0,1,1.0,0.018923953770123684,0.9996382429229562,True
diameter_pitch_grid,square_packing,0.6353883327016112,3.464101615137754,8.0,3.0,550.0,0,22,952.6963312888565,-952.6963312888565,1347.316072531792,315.0,1,1.0,0.018923952510439834,0.9996381763814625,True
diameter_pitch_grid,square_packing,0.6353883327016112,3.464101615137754,8.0,3.0,550.0,0,23,-952.6963312888565,952.6963312888565,1347.316072531792,135.0,1,1.0,0.018923953770123684,0.9996382429229562,True
diameter_pitch_grid,square_packing,0.6353883327016112,3.464101615137754,8.0,3.0,550.0,0,24,952.6963312888565,952.6963312888565,1347.316072531792,45.0,1,1.0,0.018923952510439834,0.9996381763814625,True
diameter_pitch_grid,triangular_packing,0.6353883327016112,3.464101615137754,8.0,3.0,550.0,0,1,-238.17408282221413,-412.52961249419263,476.34816564442826,240.0,1,1.0,0.016600047965568642,0.9995734456992227,True
diameter_pitch_grid,triangular_packing,0.6353883327016112,3.464101615137754,8.0,3.0,550.0,0,2,238.17408282221413,-412.52961249419263,476.34816564442826,300.0,1,1.0,0.01660004788826274,0.9995734410442406,True
diameter_pitch_grid,triangular_packing,0.6353883327016112,3.464101615137754,8.0,3.0,550.0,0,3,-476.34816564442826,0.0,476.34816564442826,180.0,1,1.0,0.016604878336689968,0.9998643069494892,True
diameter_pitch_grid,triangular_packing,0.6353883327016112,3.464101615137754,8.0,3.0,550.0,0,4,476.34816564442826,0.0,476.34816564442826,0.0,1,1.0,0.01660487789132277,0.9998642801316616,True
diameter_pitch_grid,triangular_packing,0.6353883327016112,3.464101615137754,8.0,3.0,550.0,0,5,-238.17408282221413,412.52961249419263,476.34816564442826,120.00000000000001,1,1.0,0.016600046958942828,0.9995733850851549,True
diameter_pitch_grid,triangular_packing,0.6353883327016112,3.464101615137754,8.0,3.0,550.0,0,6,238.17408282221413,412.52961249419263,476.34816564442826,59.99999999999999,1,1.0,0.016600047112609977,0.9995733943382367,True
diameter_pitch_grid,triangular_packing,0.6353883327016112,3.464101615137754,8.0,3.0,550.0,0,7,0.0,-825.0592249883853,825.0592249883853,270.0,1,1.0,0.01660400073405802,0.9998114620246679,True
diameter_pitch_grid,triangular_packing,0.6353883327016112,3.464101615137754,8.0,3.0,550.0,0,8,0.0,825.0592249883853,825.0592249883853,90.0,1,1.0,0.01660400144081642,0.9998115045821911,True
diameter_pitch_grid,triangular_packing,0.6353883327016112,3.464101615137754,8.0,3.0,550.0,0,9,-714.5222484666425,-412.52961249419263,825.0592249883854,210.0,1,1.0,0.016599702936366475,0.9995526697334428,True
diameter_pitch_grid,triangular_packing,0.6353883327016112,3.464101615137754,8.0,3.0,550.0,0,10,714.5222484666425,-412.52961249419263,825.0592249883854,330.0,1,1.0,0.01659970405002445,0.9995527367924623,True
diameter_pitch_grid,triangular_packing,0.6353883327016112,3.464101615137754,8.0,3.0,550.0,0,11,-714.5222484666425,412.52961249419263,825.0592249883854,150.0,1,1.0,0.01659970369472784,0.9995527153982436,True
diameter_pitch_grid,triangular_packing,0.6353883327016112,3.464101615137754,8.0,3.0,550.0,0,12,714.5222484666425,412.52961249419263,825.0592249883854,29.999999999999996,1,1.0,0.016599704358335247,0.9995527553574258,True
diameter_pitch_grid,triangular_packing,0.6353883327016112,3.464101615137754,8.0,3.0,550.0,0,13,-476.34816564442826,-825.0592249883853,952.6963312888565,240.0,1,1.0,0.01660142310467006,0.9996562498292332,True
diameter_pitch_grid,triangular_packing,0.6353883327016112,3.464101615137754,8.0,3.0,550.0,0,14,476.34816564442826,-825.0592249883853,952.6963312888565,300.0,1,1.0,0.016601422624960532,0.999656220943479,True
diameter_pitch_grid,triangular_packing,0.6353883327016112,3.464101615137754,8.0,3.0,550.0,0,15,-952.6963312888565,0.0,952.6963312888565,180.0,1,1.0,0.016603897395003266,0.9998052394537904,True
diameter_pitch_grid,triangular_packing,0.6353883327016112,3.464101615137754,8.0,3.0,550.0,0,16,952.6963312888565,0.0,952.6963312888565,0.0,1,1.0,0.01660389816439558,0.9998052857828207,True
diameter_pitch_grid,triangular_packing,0.6353883327016112,3.464101615137754,8.0,3.0,550.0,0,17,-476.34816564442826,825.0592249883853,952.6963312888565,120.00000000000001,1,1.0,0.016601423616879232,0.9996562806719564,True
diameter_pitch_grid,triangular_packing,0.6353883327016112,3.464101615137754,8.0,3.0,550.0,0,18,476.34816564442826,825.0592249883853,952.6963312888565,59.99999999999999,1,1.0,0.016601423137169703,0.9996562517862022,True
diameter_pitch_grid,triangular_packing,0.6353883327016112,3.464101615137754,8.0,3.0,550.0,0,19,-952.6963312888565,-825.0592249883853,1260.2987837769588,220.8933946491309,1,1.0,0.016600213694538648,0.9995834250847007,True
diameter_pitch_grid,triangular_packing,0.6353883327016112,3.464101615137754,8.0,3.0,550.0,0,20,952.6963312888565,-825.0592249883853,1260.2987837769588,319.1066053508691,1,1.0,0.016600214710652917,0.9995834862701167,True
diameter_pitch_grid,triangular_packing,0.6353883327016112,3.464101615137754,8.0,3.0,550.0,0,21,1190.8704141110707,-412.52961249419263,1260.2987837769588,340.8933946491309,1,1.0,0.01660029396123686,0.9995882583514643,True
diameter_pitch_grid,triangular_packing,0.6353883327016112,3.464101615137754,8.0,3.0,550.0,0,22,1190.8704141110707,412.52961249419263,1260.2987837769588,19.106605350869096,1,1.0,0.016600293454188685,0.9995882278195108,True
diameter_pitch_grid,triangular_packing,0.6353883327016112,3.464101615137754,8.0,3.0,550.0,0,23,-952.6963312888565,825.0592249883853,1260.2987837769588,139.1066053508691,1,1.0,0.01660021439364757,0.9995834671816101,True
diameter_pitch_grid,triangular_packing,0.6353883327016112,3.464101615137754,8.0,3.0,550.0,0,24,952.6963312888565,825.0592249883853,1260.2987837769588,40.893394649130904,1,1.0,0.01660021361915154,0.999583420545259,True
diameter_pitch_grid,hexagonal_packing,0.6353883327016112,3.464101615137754,8.0,3.0,550.0,0,1,-412.52961249419263,-238.1740828222142,476.34816564442826,210.0,1,1.0,0.027353371614086533,0.9998230892088348,True
diameter_pitch_grid,hexagonal_packing,0.6353883327016112,3.464101615137754,8.0,3.0,550.0,0,2,412.52961249419263,-238.1740828222142,476.34816564442826,330.0,1,1.0,0.02735337138619588,0.9998230808789536,True
diameter_pitch_grid,hexagonal_packing,0.6353883327016112,3.464101615137754,8.0,3.0,550.0,0,3,0.0,476.34816564442826,476.34816564442826,90.0,1,1.0,0.027356181141556003,0.9999257833290834,True
diameter_pitch_grid,hexagonal_packing,0.6353883327016112,3.464101615137754,8.0,3.0,550.0,0,4,-825.0592249883853,0.0,825.0592249883853,180.0,1,1.0,0.02735232256435321,0.9997847442413513,True
diameter_pitch_grid,hexagonal_packing,0.6353883327016112,3.464101615137754,8.0,3.0,550.0,0,5,825.0592249883853,0.0,825.0592249883853,0.0,1,1.0,0.027352322774014014,0.9997847519048935,True
diameter_pitch_grid,hexagonal_packing,0.6353883327016112,3.464101615137754,8.0,3.0,550.0,0,6,-412.52961249419263,-714.5222484666425,825.0592249883854,240.0,1,1.0,0.027351210990234,0.9997441138764577,True
diameter_pitch_grid,hexagonal_packing,0.6353883327016112,3.464101615137754,8.0,3.0,550.0,0,7,412.52961249419263,-714.5222484666425,825.0592249883854,300.0,1,1.0,0.02735121076243689,0.9997441055499956,True
diameter_pitch_grid,hexagonal_packing,0.6353883327016112,3.464101615137754,8.0,3.0,550.0,0,8,-412.52961249419263,714.5222484666425,825.0592249883854,119.99999999999999,1,1.0,0.027351211056314478,0.9997441162918377,True
diameter_pitch_grid,hexagonal_packing,0.6353883327016112,3.464101615137754,8.0,3.0,550.0,0,9,412.52961249419263,714.5222484666425,825.0592249883854,60.00000000000001,1,1.0,0.02735121076243689,0.9997441055499956,True
diameter_pitch_grid,hexagonal_packing,0.6353883327016112,3.464101615137754,8.0,3.0,550.0,0,10,-825.0592249883853,476.34816564442826,952.6963312888565,150.0,1,1.0,0.027349961975899385,0.9996984597834954,True
diameter_pitch_grid,hexagonal_packing,0.6353883327016112,3.464101615137754,8.0,3.0,550.0,0,11,825.0592249883853,476.34816564442826,952.6963312888565,30.000000000000004,1,1.0,0.027349962658678794,0.9996984847405145,True
diameter_pitch_grid,hexagonal_packing,0.6353883327016112,3.464101615137754,8.0,3.0,550.0,0,12,0.0,-952.6963312888568,952.6963312888568,270.0,1,1.0,0.02735463870789119,0.9998694041443376,True
diameter_pitch_grid,hexagonal_packing,0.6353883327016112,3.464101615137754,8.0,3.0,550.0,0,13,-1237.588837482578,-238.1740828222142,1260.2987837769588,190.8933946491309,1,1.0,0.02735170076201646,0.9997620160620988,True
diameter_pitch_grid,hexagonal_packing,0.6353883327016112,3.464101615137754,8.0,3.0,550.0,0,14,1237.588837482578,-238.1740828222142,1260.2987837769588,349.1066053508691,1,1.0,0.02735170041291512,0.9997620033017127,True
diameter_pitch_grid,hexagonal_packing,0.6353883327016112,3.464101615137754,8.0,3.0,550.0,0,15,-412.52961249419263,1190.8704141110707,1260.2987837769588,109.1066053508691,1,1.0,0.02734952837969606,0.9996826109330651,True
diameter_pitch_grid,hexagonal_packing,0.6353883327016112,3.464101615137754,8.0,3.0,550.0,0,16,412.52961249419263,1190.8704141110707,1260.2987837769588,70.89339464913091,1,1.0,0.02734952771423686,0.9996825866091359,True
diameter_pitch_grid,hexagonal_packing,0.6353883327016112,3.464101615137754,8.0,3.0,550.0,0,17,-825.0592249883853,-952.6963312888568,1260.298783776959,229.1066053508691,1,1.0,0.027348104577867762,0.9996305679907005,True
diameter_pitch_grid,hexagonal_packing,0.6353883327016112,3.464101615137754,8.0,3.0,550.0,0,18,825.0592249883853,-952.6963312888568,1260.298783776959,310.89339464913087,1,1.0,0.02734810358312255,0.999630531630677,True
diameter_pitch_grid,hexagonal_packing,0.6353883327016112,3.464101615137754,8.0,3.0,550.0,0,19,-1237.588837482578,-714.5222484666425,1429.0444969332848,210.0,1,1.0,0.027349747504703984,0.9996906204115833,True
diameter_pitch_grid,hexagonal_packing,0.6353883327016112,3.464101615137754,8.0,3.0,550.0,0,20,1237.588837482578,-714.5222484666425,1429.0444969332848,330.0,1,1.0,0.027349747157992557,0.9996906077385537,True
diameter_pitch_grid,hexagonal_packing,0.6353883327016112,3.464101615137754,8.0,3.0,550.0,0,21,-1237.588837482578,714.5222484666425,1429.0444969332848,150.0,1,1.0,0.027349747504703984,0.9996906204115833,True
diameter_pitch_grid,hexagonal_packing,0.6353883327016112,3.464101615137754,8.0,3.0,550.0,0,22,1237.588837482578,714.5222484666425,1429.0444969332848,30.000000000000004,1,1.0,0.027349747157992557,0.9996906077385537,True
diameter_pitch_grid,hexagonal_packing,0.6353883327016112,3.464101615137754,8.0,3.0,550.0,0,23,0.0,-1429.044496933285,1429.044496933285,270.0,1,1.0,0.02735350232345766,0.9998278669104314,True
diameter_pitch_grid,hexagonal_packing,0.6353883327016112,3.464101615137754,8.0,3.0,550.0,0,24,0.0,1429.044496933285,1429.044496933285,90.0,1,1.0,0.02735350232345766,0.9998278669104314,True
diameter_pitch_grid,hexagonal_packing,0.6353883327016112,3.464101615137754,8.0,3.0,550.0,0,25,-1650.1184499767705,0.0,1650.1184499767705,180.0,1,1.0,0.027358484618559612,1.0000099802436782,True
diameter_pitch_grid,hexagonal_packing,0.6353883327016112,3.464101615137754,8.0,3.0,550.0,0,26,1650.1184499767705,0.0,1650.1184499767705,0.0,1,1.0,0.02735848534433386,1.0000100067722488,True
diameter_pitch_grid,hexagonal_packing,0.6353883327016112,3.464101615137754,8.0,3.0,550.0,0,27,-825.0592249883853,-1429.044496933285,1650.1184499767708,240.0,1,1.0,0.027346676267780545,0.9995783602620191,True
diameter_pitch_grid,hexagonal_packing,0.6353883327016112,3.464101615137754,8.0,3.0,550.0,0,28,825.0592249883853,-1429.044496933285,1650.1184499767708,300.0,1,1.0,0.027346676898756344,0.9995783833255075,True
diameter_pitch_grid,hexagonal_packing,0.6353883327016112,3.464101615137754,8.0,3.0,550.0,0,29,-825.0592249883853,1429.044496933285,1650.1184499767708,119.99999999999999,1,1.0,0.027346676267780545,0.9995783602620191,True
diameter_pitch_grid,hexagonal_packing,0.6353883327016112,3.464101615137754,8.0,3.0,550.0,0,30,825.0592249883853,1429.044496933285,1650.1184499767708,60.00000000000001,1,1.0,0.027346677015497298,0.9995783875926342,True
diameter_pitch_grid,square_packing,0.6353883327016112,4.270369592393405,8.0,3.0,550.0,0,1,0.0,-587.2179710523451,587.2179710523451,270.0,1,1.0,0.01798026374911552,0.9998846715705084,True
diameter_pitch_grid,square_packing,0.6353883327016112,4.270369592393405,8.0,3.0,550.0,0,2,-587.2179710523451,0.0,587.2179710523451,180.0,1,1.0,0.01798026386183694,0.9998846778389604,True
diameter_pitch_grid,square_packing,0.6353883327016112,4.270369592393405,8.0,3.0,550.0,0,3,587.2179710523451,0.0,587.2179710523451,0.0,1,1.0,0.017980263336984357,0.999884648651844,True
diameter_pitch_grid,square_packing,0.6353883327016112,4.270369592393405,8.0,3.0,550.0,0,4,0.0,587.2179710523451,587.2179710523451,90.0,1,1.0,0.017980263486681712,0.9998846569765323,True
diameter_pitch_grid,square_packing,0.6353883327016112,4.270369592393405,8.0,3.0,550.0,0,5,-587.2179710523451,-587.2179710523451,830.451618731438,225.0,1,1.0,0.017977985626363897,0.9997579848849799,True
diameter_pitch_grid,square_packing,0.6353883327016112,4.270369592393405,8.0,3.0,550.0,0,6,587.2179710523451,-587.2179710523451,830.451618731438,315.0,1,1.0,0.017977987053988162,0.9997580642753404,True
diameter_pitch_grid,square_packing,0.6353883327016112,4.270369592393405,8.0,3.0,550.0,0,7,-587.2179710523451,587.2179710523451,830.451618731438,135.0,1,1.0,0.017977985371286854,0.9997579707001143,True
diameter_pitch_grid,square_packing,0.6353883327016112,4.270369592393405,8.0,3.0,550.0,0,8,587.2179710523451,587.2179710523451,830.451618731438,45.0,1,1.0,0.017977986798924817,0.9997580500912365,True
diameter_pitch_grid,square_packing,0.6353883327016112,4.270369592393405,8.0,3.0,550.0,0,9,0.0,-1174.4359421046902,1174.4359421046902,270.0,1,1.0,0.017979215483878663,0.9998263774121636,True
diameter_pitch_grid,square_packing,0.6353883327016112,4.270369592393405,8.0,3.0,550.0,0,10,-1174.4359421046902,0.0,1174.4359421046902,180.0,1,1.0,0.017979215659801415,0.9998263871952494,True
diameter_pitch_grid,square_packing,0.6353883327016112,4.270369592393405,8.0,3.0,550.0,0,11,1174.4359421046902,0.0,1174.4359421046902,0.0,1,1.0,0.017979214717947847,0.999826334818657,True
diameter_pitch_grid,square_packing,0.6353883327016112,4.270369592393405,8.0,3.0,550.0,0,12,0.0,1174.4359421046902,1174.4359421046902,90.0,1,1.0,0.017979215012939778,0.9998263512231944,True
diameter_pitch_grid,square_packing,0.6353883327016112,4.270369592393405,8.0,3.0,550.0,0,13,-587.2179710523451,-1174.4359421046902,1313.0593008825474,243.43494882292202,1,1.0,0.017976764260489157,0.9996900645789393,True
diameter_pitch_grid,square_packing,0.6353883327016112,4.270369592393405,8.0,3.0,550.0,0,14,587.2179710523451,-1174.4359421046902,1313.0593008825474,296.565051177078,1,1.0,0.017976765478329406,0.9996901323031848,True
diameter_pitch_grid,square_packing,0.6353883327016112,4.270369592393405,8.0,3.0,550.0,0,15,-1174.4359421046902,-587.2179710523451,1313.0593008825474,206.565051177078,1,1.0,0.01797676432642818,0.9996900682458164,True
diameter_pitch_grid,square_packing,0.6353883327016112,4.270369592393405,8.0,3.0,550.0,0,16,1174.4359421046902,-587.2179710523451,1313.0593008825474,333.434948822922,1,1.0,0.01797676511790933,0.9996901122601802,True
diameter_pitch_grid,square_packing,0.6353883327016112,4.270369592393405,8.0,3.0,550.0,0,17,-1174.4359421046902,587.2179710523451,1313.0593008825474,153.434948822922,1,1.0,0.017976764077843228,0.9996900544219768,True
diameter_pitch_grid,square_packing,0.6353883327016112,4.270369592393405,8.0,3.0,550.0,0,18,1174.4359421046902,587.2179710523451,1313.0593008825474,26.56505117707799,1,1.0,0.017976765157421047,0.9996901144574317,True
diameter_pitch_grid,square_packing,0.6353883327016112,4.270369592393405,8.0,3.0,550.0,0,19,-587.2179710523451,1174.4359421046902,1313.0593008825474,116.56505117707799,1,1.0,0.017976765513705265,0.9996901342704407,True
diameter_pitch_grid,square_packing,0.6353883327016112,4.270369592393405,8.0,3.0,550.0,0,20,587.2179710523451,1174.4359421046902,1313.0593008825474,63.43494882292201,1,1.0,0.017976765157421047,0.9996901144574317,True
diameter_pitch_grid,triangular_packing,0.6353883327016112,4.270369592393405,8.0,3.0,550.0,0,1,-293.60898552617255,-508.54568049008594,587.2179710523451,240.0,1,1.0,0.02455447290178558,0.9997192734848062,True
diameter_pitch_grid,triangular_packing,0.6353883327016112,4.270369592393405,8.0,3.0,550.0,0,2,293.60898552617255,-508.54568049008594,587.2179710523451,300.0,1,1.0,0.02455447368398632,0.9997193053315966,True
diameter_pitch_grid,triangular_packing,0.6353883327016112,4.270369592393405,8.0,3.0,550.0,0,3,-587.2179710523451,0.0,587.2179710523451,180.0,1,1.0,0.024561760396062116,1.0000159790387313,True
diameter_pitch_grid,triangular_packing,0.6353883327016112,4.270369592393405,8.0,3.0,550.0,0,4,587.2179710523451,0.0,587.2179710523451,0.0,1,1.0,0.024561760710680506,1.0000159918482128,True
diameter_pitch_grid,triangular_packing,0.6353883327016112,4.270369592393405,8.0,3.0,550.0,0,5,-293.60898552617255,508.54568049008594,587.2179710523451,120.00000000000001,1,1.0,0.02455447314682955,0.9997192834616108,True
diameter_pitch_grid,triangular_packing,0.6353883327016112,4.270369592393405,8.0,3.0,550.0,0,6,293.60898552617255,508.54568049008594,587.2179710523451,59.99999999999999,1,1.0,0.02455447402085315,0.9997193190469088,True
diameter_pitch_grid,triangular_packing,0.6353883327016112,4.270369592393405,8.0,3.0,550.0,0,7,0.0,-1017.0913609801719,1017.0913609801719,270.0,1,1.0,0.024557651003892456,0.9998486678294558,True
diameter_pitch_grid,triangular_packing,0.6353883327016112,4.270369592393405,8.0,3.0,550.0,0,8,-880.8269565785176,-508.54568049008594,1017.0913609801719,210.0,1,1.0,0.024554078997705956,0.9997032359383322,True
diameter_pitch_grid,triangular_packing,0.6353883327016112,4.270369592393405,8.0,3.0,550.0,0,9,880.8269565785176,-508.54568049008594,1017.0913609801719,330.0,1,1.0,0.0245540800198276,0.9997032775533452,True
diameter_pitch_grid,triangular_packing,0.6353883327016112,4.270369592393405,8.0,3.0,550.0,0,10,-880.8269565785176,508.54568049008594,1017.0913609801719,150.0,1,1.0,0.02455407934891956,0.999703250237764,True
diameter_pitch_grid,triangular_packing,0.6353883327016112,4.270369592393405,8.0,3.0,550.0,0,11,880.8269565785176,508.54568049008594,1017.0913609801719,29.999999999999996,1,1.0,0.024554080371032218,0.999703291852411,True
diameter_pitch_grid,triangular_packing,0.6353883327016112,4.270369592393405,8.0,3.0,550.0,0,12,0.0,1017.0913609801719,1017.0913609801719,90.0,1,1.0,0.02455765170189197,0.9998486962480487,True
diameter_pitch_grid,triangular_packing,0.6353883327016112,4.270369592393405,8.0,3.0,550.0,0,13,-587.2179710523451,-1017.0913609801719,1174.4359421046902,240.0,1,1.0,0.024555720288360422,0.9997700600117799,True
diameter_pitch_grid,triangular_packing,0.6353883327016112,4.270369592393405,8.0,3.0,550.0,0,14,587.2179710523451,-1017.0913609801719,1174.4359421046902,300.0,1,1.0,0.024555720732718545,0.9997700781035298,True
diameter_pitch_grid,triangular_packing,0.6353883327016112,4.270369592393405,8.0,3.0,550.0,0,15,-1174.4359421046902,0.0,1174.4359421046902,180.0,1,1.0,0.024558036741369242,0.9998643728780469,True
diameter_pitch_grid,triangular_packing,0.6353883327016112,4.270369592393405,8.0,3.0,550.0,0,16,1174.4359421046902,0.0,1174.4359421046902,0.0,1,1.0,0.02455803715963295,0.9998643899073796,True
diameter_pitch_grid,triangular_packing,0.6353883327016112,4.270369592393405,8.0,3.0,550.0,0,17,-587.2179710523451,1017.0913609801719,1174.4359421046902,120.00000000000001,1,1.0,0.024555720875201272,0.9997700839046206,True
diameter_pitch_grid,triangular_packing,0.6353883327016112,4.270369592393405,8.0,3.0,550.0,0,18,587.2179710523451,1017.0913609801719,1174.4359421046902,59.99999999999999,1,1.0,0.02455572102613603,0.9997700900498304,True
diameter_pitch_grid,triangular_packing,0.6353883327016112,4.270369592393405,8.0,3.0,550.0,0,19,-1174.4359421046902,-1017.0913609801719,1553.6327167924308,220.8933946491309,1,1.0,0.02455368619600924,0.999687243274656,True
diameter_pitch_grid,triangular_packing,0.6353883327016112,4.270369592393405,8.0,3.0,550.0,0,20,1174.4359421046902,-1017.0913609801719,1553.6327167924308,319.1066053508691,1,1.0,0.024553686475181618,0.9996872546409764,True
diameter_pitch_grid,triangular_packing,0.6353883327016112,4.270369592393405,8.0,3.0,550.0,0,21,1468.0449276308627,-508.54568049008594,1553.6327167924308,340.8933946491309,1,1.0,0.024555908748248558,0.9997777330326264,True
diameter_pitch_grid,triangular_packing,0.6353883327016112,4.270369592393405,8.0,3.0,550.0,0,22,1468.0449276308627,508.54568049008594,1553.6327167924308,19.106605350869096,1,1.0,0.024555908515012836,0.9997777235365868,True
diameter_pitch_grid,triangular_packing,0.6353883327016112,4.270369592393405,8.0,3.0,550.0,0,23,-1174.4359421046902,1017.0913609801719,1553.6327167924308,139.1066053508691,1,1.0,0.02455368672931106,0.9996872649876902,True
diameter_pitch_grid,triangular_packing,0.6353883327016112,4.270369592393405,8.0,3.0,550.0,0,24,1174.4359421046902,1017.0913609801719,1553.6327167924308,40.893394649130904,1,1.0,0.024553685385602868,0.9996872102794916,True
diameter_pitch_grid,hexagonal_packing,0.6353883327016112,4.270369592393405,8.0,3.0,550.0,0,1,-508.54568049008594,-293.6089855261726,587.2179710523451,210.0,1,1.0,0.02455447290178558,0.9997192734848062,True
diameter_pitch_grid,hexagonal_packing,0.6353883327016112,4.270369592393405,8.0,3.0,550.0,0,2,508.54568049008594,-293.6089855261726,587.2179710523451,330.0,1,1.0,0.02455447314682955,0.9997192834616108,True
diameter_pitch_grid,hexagonal_packing,0.6353883327016112,4.270369592393405,8.0,3.0,550.0,0,3,0.0,587.2179710523451,587.2179710523451,90.0,1,1.0,0.024561760710680506,1.0000159918482128,True
diameter_pitch_grid,hexagonal_packing,0.6353883327016112,4.270369592393405,8.0,3.0,550.0,0,4,-508.54568049008594,-880.8269565785176,1017.0913609801719,240.0,1,1.0,0.024554078997705956,0.9997032359383322,True
diameter_pitch_grid,hexagonal_packing,0.6353883327016112,4.270369592393405,8.0,3.0,550.0,0,5,508.54568049008594,-880.8269565785176,1017.0913609801719,300.0,1,1.0,0.02455407934891956,0.999703250237764,True
diameter_pitch_grid,hexagonal_packing,0.6353883327016112,4.270369592393405,8.0,3.0,550.0,0,6,-1017.0913609801719,0.0,1017.0913609801719,180.0,1,1.0,0.024557651003892456,0.9998486678294558,True
diameter_pitch_grid,hexagonal_packing,0.6353883327016112,4.270369592393405,8.0,3.0,550.0,0,7,1017.0913609801719,0.0,1017.0913609801719,0.0,1,1.0,0.02455765170189197,0.9998486962480487,True
diameter_pitch_grid,hexagonal_packing,0.6353883327016112,4.270369592393405,8.0,3.0,550.0,0,8,-508.54568049008594,880.8269565785176,1017.0913609801719,119.99999999999999,1,1.0,0.0245540800198276,0.9997032775533452,True
diameter_pitch_grid,hexagonal_packing,0.6353883327016112,4.270369592393405,8.0,3.0,550.0,0,9,508.54568049008594,880.8269565785176,1017.0913609801719,60.00000000000001,1,1.0,0.024554080371032218,0.999703291852411,True
diameter_pitch_grid,hexagonal_packing,0.6353883327016112,4.270369592393405,8.0,3.0,550.0,0,10,-1017.0913609801719,587.2179710523451,1174.4359421046902,150.0,1,1.0,0.024555720732718545,0.9997700781035298,True
diameter_pitch_grid,hexagonal_packing,0.6353883327016112,4.270369592393405,8.0,3.0,550.0,0,11,1017.0913609801719,587.2179710523451,1174.4359421046902,30.000000000000004,1,1.0,0.02455572102613603,0.9997700900498304,True
diameter_pitch_grid,hexagonal_packing,0.6353883327016112,4.270369592393405,8.0,3.0,550.0,0,12,0.0,-1174.4359421046904,1174.4359421046904,270.0,1,1.0,0.024558036741369242,0.9998643728780469,True
diameter_pitch_grid,hexagonal_packing,0.6353883327016112,4.270369592393405,8.0,3.0,550.0,0,13,-508.54568049008594,1468.0449276308627,1553.6327167924308,109.1066053508691,1,1.0,0.024555908748248558,0.9997777330326264,True
diameter_pitch_grid,hexagonal_packing,0.6353883327016112,4.270369592393405,8.0,3.0,550.0,0,14,508.54568049008594,1468.0449276308627,1553.6327167924308,70.89339464913091,1,1.0,0.024555908515012836,0.9997777235365868,True
diameter_pitch_grid,hexagonal_packing,0.6353883327016112,4.270369592393405,8.0,3.0,550.0,0,15,-1017.0913609801719,-1174.4359421046904,1553.632716792431,229.1066053508691,1,1.0,0.02455368619600924,0.999687243274656,True
diameter_pitch_grid,hexagonal_packing,0.6353883327016112,4.270369592393405,8.0,3.0,550.0,0,16,1017.0913609801719,-1174.4359421046904,1553.632716792431,310.89339464913087,1,1.0,0.02455368672931106,0.9996872649876902,True
diameter_pitch_grid,hexagonal_packing,0.6353883327016112,4.270369592393405,8.0,3.0,550.0,0,17,-1525.637041470258,-293.6089855261726,1553.632716792431,190.8933946491309,1,1.0,0.024550981820622403,0.9995771364029763,True
diameter_pitch_grid,hexagonal_packing,0.6353883327016112,4.270369592393405,8.0,3.0,550.0,0,18,1525.637041470258,-293.6089855261726,1553.632716792431,349.1066053508691,1,1.0,0.024550982256578285,0.9995771541526344,True
diameter_pitch_grid,square_packing,0.6353883327016112,5.264296051809969,8.0,3.0,550.0,0,1,0.0,-723.8926701026251,723.8926701026251,270.0,1,1.0,0.026400642652151474,0.9997907199049884,True
diameter_pitch_grid,square_packing,0.6353883327016112,5.264296051809969,8.0,3.0,550.0,0,2,-723.8926701026251,0.0,723.8926701026251,180.0,1,1.0,0.02640064302891446,0.9997907341729796,True
diameter_pitch_grid,square_packing,0.6353883327016112,5.264296051809969,8.0,3.0,550.0,0,3,723.8926701026251,0.0,723.8926701026251,0.0,1,1.0,0.026400641980129858,0.999790694455571,True
diameter_pitch_grid,square_packing,0.6353883327016112,5.264296051809969,8.0,3.0,550.0,0,4,0.0,723.8926701026251,723.8926701026251,90.0,1,1.0,0.026400642652151474,0.9997907199049884,True
diameter_pitch_grid,square_packing,0.6353883327016112,5.264296051809969,8.0,3.0,550.0,0,5,-723.8926701026251,-723.8926701026251,1023.7388317616051,225.0,1,1.0,0.026393344370801076,0.9995143344373495,True
diameter_pitch_grid,square_packing,0.6353883327016112,5.264296051809969,8.0,3.0,550.0,0,6,723.8926701026251,-723.8926701026251,1023.7388317616051,315.0,1,1.0,0.026393343362129992,0.9995142962390373,True
diameter_pitch_grid,square_packing,0.6353883327016112,5.264296051809969,8.0,3.0,550.0,0,7,-723.8926701026251,723.8926701026251,1023.7388317616051,135.0,1,1.0,0.026393344370801076,0.9995143344373495,True
diameter_pitch_grid,square_packing,0.6353883327016112,5.264296051809969,8.0,3.0,550.0,0,8,723.8926701026251,723.8926701026251,1023.7388317616051,45.0,1,1.0,0.026393343362129992,0.9995142962390373,True
diameter_pitch_grid,square_packing,0.6353883327016112,5.264296051809969,8.0,3.0,550.0,0,9,0.0,-1447.7853402052501,1447.7853402052501,270.0,1,1.0,0.026403607164193287,0.9999029857944026,True
diameter_pitch_grid,square_packing,0.6353883327016112,5.264296051809969,8.0,3.0,550.0,0,10,-1447.7853402052501,0.0,1447.7853402052501,180.0,1,1.0,0.026403605884732003,0.9999029373412822,True
diameter_pitch_grid,square_packing,0.6353883327016112,5.264296051809969,8.0,3.0,550.0,0,11,1447.7853402052501,0.0,1447.7853402052501,0.0,1,1.0,0.026403606351995935,0.9999029550365387,True
diameter_pitch_grid,square_packing,0.6353883327016112,5.264296051809969,8.0,3.0,550.0,0,12,0.0,1447.7853402052501,1447.7853402052501,90.0,1,1.0,0.026403607164193287,0.9999029857944026,True
diameter_pitch_grid,square_packing,0.6353883327016112,5.264296051809969,8.0,3.0,550.0,0,13,-723.8926701026251,-1447.7853402052501,1618.6732187632992,243.43494882292202,1,1.0,0.026395389112224915,0.9995917686698071,True
diameter_pitch_grid,square_packing,0.6353883327016112,5.264296051809969,8.0,3.0,550.0,0,14,723.8926701026251,-1447.7853402052501,1618.6732187632992,296.565051177078,1,1.0,0.026395390013469227,0.999591802799874,True
diameter_pitch_grid,square_packing,0.6353883327016112,5.264296051809969,8.0,3.0,550.0,0,15,-1447.7853402052501,-723.8926701026251,1618.6732187632992,206.565051177078,1,1.0,0.026395389160630577,0.9995917705029266,True
diameter_pitch_grid,square_packing,0.6353883327016112,5.264296051809969,8.0,3.0,550.0,0,16,1447.7853402052501,-723.8926701026251,1618.6732187632992,333.434948822922,1,1.0,0.02639538951828289,0.9995917840471978,True
diameter_pitch_grid,square_packing,0.6353883327016112,5.264296051809969,8.0,3.0,550.0,0,17,-1447.7853402052501,723.8926701026251,1618.6732187632992,153.434948822922,1,1.0,0.026395389160630577,0.9995917705029266,True
diameter_pitch_grid,square_packing,0.6353883327016112,5.264296051809969,8.0,3.0,550.0,0,18,1447.7853402052501,723.8926701026251,1618.6732187632992,26.56505117707799,1,1.0,0.02639538951828289,0.9995917840471978,True
diameter_pitch_grid,square_packing,0.6353883327016112,5.264296051809969,8.0,3.0,550.0,0,19,-723.8926701026251,1447.7853402052501,1618.6732187632992,116.56505117707799,1,1.0,0.026395389112224915,0.9995917686698071,True
diameter_pitch_grid,square_packing,0.6353883327016112,5.264296051809969,8.0,3.0,550.0,0,20,723.8926701026251,1447.7853402052501,1618.6732187632992,63.43494882292201,1,1.0,0.026395390013469227,0.999591802799874,True
diameter_pitch_grid,triangular_packing,0.6353883327016112,5.264296051809969,8.0,3.0,550.0,0,1,-361.94633505131253,-626.9094419222213,723.8926701026251,240.0,1,1.0,0.021741234506047983,0.9999209637481198,True
diameter_pitch_grid,triangular_packing,0.6353883327016112,5.264296051809969,8.0,3.0,550.0,0,2,361.94633505131253,-626.9094419222213,723.8926701026251,300.0,1,1.0,0.021741234497887,0.9999209633727806,True
diameter_pitch_grid,triangular_packing,0.6353883327016112,5.264296051809969,8.0,3.0,550.0,0,3,-723.8926701026251,0.0,723.8926701026251,180.0,1,1.0,0.02174277010289821,0.9999915887847054,True
diameter_pitch_grid,triangular_packing,0.6353883327016112,5.264296051809969,8.0,3.0,550.0,0,4,723.8926701026251,0.0,723.8926701026251,0.0,1,1.0,0.021742770086166246,0.9999915880151704,True
diameter_pitch_grid,triangular_packing,0.6353883327016112,5.264296051809969,8.0,3.0,550.0,0,5,-361.94633505131253,626.9094419222213,723.8926701026251,120.00000000000001,1,1.0,0.021741234506047983,0.9999209637481198,True
diameter_pitch_grid,triangular_packing,0.6353883327016112,5.264296051809969,8.0,3.0,550.0,0,6,361.94633505131253,626.9094419222213,723.8926701026251,59.99999999999999,1,1.0,0.021741234493839072,0.9999209631866086,True
diameter_pitch_grid,triangular_packing,0.6353883327016112,5.264296051809969,8.0,3.0,550.0,0,7,0.0,-1253.8188838444426,1253.8188838444426,270.0,1,1.0,0.021740297130727542,0.9998778520640271,True
diameter_pitch_grid,triangular_packing,0.6353883327016112,5.264296051809969,8.0,3.0,550.0,0,8,0.0,1253.8188838444426,1253.8188838444426,90.0,1,1.0,0.021740297130727542,0.9998778520640271,True
diameter_pitch_grid,triangular_packing,0.6353883327016112,5.264296051809969,8.0,3.0,550.0,0,9,-1085.8390051539377,-626.9094419222213,1253.8188838444428,210.0,1,1.0,0.0217410449952877,0.9999122477857392,True
diameter_pitch_grid,triangular_packing,0.6353883327016112,5.264296051809969,8.0,3.0,550.0,0,10,1085.8390051539377,-626.9094419222213,1253.8188838444428,330.0,1,1.0,0.021741044971127096,0.9999122466745468,True
diameter_pitch_grid,triangular_packing,0.6353883327016112,5.264296051809969,8.0,3.0,550.0,0,11,-1085.8390051539377,626.9094419222213,1253.8188838444428,150.0,1,1.0,0.0217410449952877,0.9999122477857392,True
diameter_pitch_grid,triangular_packing,0.6353883327016112,5.264296051809969,8.0,3.0,550.0,0,12,1085.8390051539377,626.9094419222213,1253.8188838444428,29.999999999999996,1,1.0,0.021741044971127096,0.9999122466745468,True
diameter_pitch_grid,triangular_packing,0.6353883327016112,5.264296051809969,8.0,3.0,550.0,0,13,-723.8926701026251,-1253.8188838444426,1447.7853402052501,240.0,1,1.0,0.021740094169292103,0.9998685174793662,True
diameter_pitch_grid,triangular_packing,0.6353883327016112,5.264296051809969,8.0,3.0,550.0,0,14,723.8926701026251,-1253.8188838444426,1447.7853402052501,300.0,1,1.0,0.02174009415369584,0.9998685167620642,True
diameter_pitch_grid,triangular_packing,0.6353883327016112,5.264296051809969,8.0,3.0,550.0,0,15,-1447.7853402052501,0.0,1447.7853402052501,180.0,1,1.0,0.02174259570158249,0.9999835677345831,True
diameter_pitch_grid,triangular_packing,0.6353883327016112,5.264296051809969,8.0,3.0,550.0,0,16,1447.7853402052501,0.0,1447.7853402052501,0.0,1,1.0,0.021742595668421624,0.9999835662094515,True
diameter_pitch_grid,triangular_packing,0.6353883327016112,5.264296051809969,8.0,3.0,550.0,0,17,-723.8926701026251,1253.8188838444426,1447.7853402052501,120.00000000000001,1,1.0,0.021740094169292103,0.9998685174793662,True
diameter_pitch_grid,triangular_packing,0.6353883327016112,5.264296051809969,8.0,3.0,550.0,0,18,723.8926701026251,1253.8188838444426,1447.7853402052501,59.99999999999999,1,1.0,0.02174009415369584,0.9998685167620642,True
diameter_pitch_grid,hexagonal_packing,0.6353883327016112,5.264296051809969,8.0,3.0,550.0,0,1,-626.9094419222213,-361.9463350513126,723.8926701026251,210.0,1,1.0,0.021741234576312506,0.9999209669797195,True
diameter_pitch_grid,hexagonal_packing,0.6353883327016112,5.264296051809969,8.0,3.0,550.0,0,2,626.9094419222213,-361.9463350513126,723.8926701026251,330.0,1,1.0,0.021741234413410603,0.9999209594875494,True
diameter_pitch_grid,hexagonal_packing,0.6353883327016112,5.264296051809969,8.0,3.0,550.0,0,3,0.0,723.8926701026251,723.8926701026251,90.0,1,1.0,0.0217427700946074,0.9999915884033952,True
diameter_pitch_grid,hexagonal_packing,0.6353883327016112,5.264296051809969,8.0,3.0,550.0,0,4,-1253.8188838444426,0.0,1253.8188838444426,180.0,1,1.0,0.02174029725646143,0.9998778578467692,True
diameter_pitch_grid,hexagonal_packing,0.6353883327016112,5.264296051809969,8.0,3.0,550.0,0,5,1253.8188838444426,0.0,1253.8188838444426,0.0,1,1.0,0.02174029695677443,0.9998778440635907,True
diameter_pitch_grid,hexagonal_packing,0.6353883327016112,5.264296051809969,8.0,3.0,550.0,0,6,-626.9094419222213,-1085.8390051539377,1253.8188838444428,240.0,1,1.0,0.0217410450574949,0.9999122506467674,True
diameter_pitch_grid,hexagonal_packing,0.6353883327016112,5.264296051809969,8.0,3.0,550.0,0,7,626.9094419222213,-1085.8390051539377,1253.8188838444428,300.0,1,1.0,0.021741044895068815,0.9999122431764809,True
diameter_pitch_grid,hexagonal_packing,0.6353883327016112,5.264296051809969,8.0,3.0,550.0,0,8,-626.9094419222213,1085.8390051539377,1253.8188838444428,119.99999999999999,1,1.0,0.0217410450574949,0.9999122506467674,True
diameter_pitch_grid,hexagonal_packing,0.6353883327016112,5.264296051809969,8.0,3.0,550.0,0,9,626.9094419222213,1085.8390051539377,1253.8188838444428,60.00000000000001,1,1.0,0.021741044895068815,0.9999122431764809,True
diameter_pitch_grid,hexagonal_packing,0.6353883327016112,5.264296051809969,8.0,3.0,550.0,0,10,-1253.8188838444426,723.8926701026251,1447.7853402052501,150.0,1,1.0,0.021740094287046253,0.9998685228951049,True
diameter_pitch_grid,hexagonal_packing,0.6353883327016112,5.264296051809969,8.0,3.0,550.0,0,11,1253.8188838444426,723.8926701026251,1447.7853402052501,30.000000000000004,1,1.0,0.02174009398808702,0.9998685091453979,True
diameter_pitch_grid,hexagonal_packing,0.6353883327016112,5.264296051809969,8.0,3.0,550.0,0,12,0.0,-1447.7853402052503,1447.7853402052503,270.0,1,1.0,0.02174259568529729,0.9999835669855957,True
diameter_pitch_grid,square_packing,0.6353883327016112,6.48955841444391,8.0,3.0,550.0,0,1,0.0,-892.3783393229915,892.3783393229915,270.0,1,1.0,0.01664765510843211,0.9998585711370531,True
diameter_pitch_grid,square_packing,0.6353883327016112,6.48955841444391,8.0,3.0,550.0,0,2,-892.3783393229915,0.0,892.3783393229915,180.0,1,1.0,0.01664765510843211,0.9998585711370531,True
diameter_pitch_grid,square_packing,0.6353883327016112,6.48955841444391,8.0,3.0,550.0,0,3,892.3783393229915,0.0,892.3783393229915,0.0,1,1.0,0.016647655772443093,0.9998586110175688,True
diameter_pitch_grid,square_packing,0.6353883327016112,6.48955841444391,8.0,3.0,550.0,0,4,0.0,892.3783393229915,892.3783393229915,90.0,1,1.0,0.016647655772443093,0.9998586110175688,True
diameter_pitch_grid,square_packing,0.6353883327016112,6.48955841444391,8.0,3.0,550.0,0,5,-892.3783393229915,-892.3783393229915,1262.0135502385544,225.0,1,1.0,0.01664507611695957,0.9997036768464208,True
diameter_pitch_grid,square_packing,0.6353883327016112,6.48955841444391,8.0,3.0,550.0,0,6,892.3783393229915,-892.3783393229915,1262.0135502385544,315.0,1,1.0,0.016645076575800968,0.9997037044044464,True
diameter_pitch_grid,square_packing,0.6353883327016112,6.48955841444391,8.0,3.0,550.0,0,7,-892.3783393229915,892.3783393229915,1262.0135502385544,135.0,1,1.0,0.016645076575800968,0.9997037044044464,True
diameter_pitch_grid,square_packing,0.6353883327016112,6.48955841444391,8.0,3.0,550.0,0,8,892.3783393229915,892.3783393229915,1262.0135502385544,45.0,1,1.0,0.0166450751512209,0.9997036188441328,True
diameter_pitch_grid,triangular_packing,0.6353883327016112,6.48955841444391,8.0,3.0,550.0,0,1,-446.1891696614957,-772.8223116406804,892.3783393229913,240.0,1,1.0,0.02433631092418276,0.9995906481510037,True
diameter_pitch_grid,triangular_packing,0.6353883327016112,6.48955841444391,8.0,3.0,550.0,0,2,446.1891696614957,-772.8223116406804,892.3783393229913,300.0,1,1.0,0.024336311234495395,0.9995906608967977,True
diameter_pitch_grid,triangular_packing,0.6353883327016112,6.48955841444391,8.0,3.0,550.0,0,3,-446.1891696614957,772.8223116406804,892.3783393229913,120.00000000000001,1,1.0,0.02433631118596862,0.9995906589036069,True
diameter_pitch_grid,triangular_packing,0.6353883327016112,6.48955841444391,8.0,3.0,550.0,0,4,446.1891696614957,772.8223116406804,892.3783393229913,59.99999999999999,1,1.0,0.024336311771272025,0.9995906829443834,True
diameter_pitch_grid,triangular_packing,0.6353883327016112,6.48955841444391,8.0,3.0,550.0,0,5,-892.3783393229915,0.0,892.3783393229915,180.0,1,1.0,0.024344065684504056,0.9999091674993128,True
diameter_pitch_grid,triangular_packing,0.6353883327016112,6.48955841444391,8.0,3.0,550.0,0,6,892.3783393229915,0.0,892.3783393229915,0.0,1,1.0,0.024344064600300423,0.9999091229666877,True
diameter_pitch_grid,triangular_packing,0.6353883327016112,6.48955841444391,8.0,3.0,550.0,0,7,0.0,-1545.6446232813607,1545.6446232813607,270.0,1,1.0,0.024342927013945827,0.9998623976973952,True
diameter_pitch_grid,triangular_packing,0.6353883327016112,6.48955841444391,8.0,3.0,550.0,0,8,0.0,1545.6446232813607,1545.6446232813607,90.0,1,1.0,0.0243429277075147,0.9998624261850719,True
diameter_pitch_grid,triangular_packing,0.6353883327016112,6.48955841444391,8.0,3.0,550.0,0,9,-1338.5675089844872,-772.8223116406804,1545.644623281361,210.0,1,1.0,0.024342157971289365,0.9998308100073042,True
diameter_pitch_grid,triangular_packing,0.6353883327016112,6.48955841444391,8.0,3.0,550.0,0,10,1338.5675089844872,-772.8223116406804,1545.644623281361,330.0,1,1.0,0.02434215806123397,0.9998308137016927,True
diameter_pitch_grid,triangular_packing,0.6353883327016112,6.48955841444391,8.0,3.0,550.0,0,11,-1338.5675089844872,772.8223116406804,1545.644623281361,150.0,1,1.0,0.024342159277780183,0.9998308636701625,True
diameter_pitch_grid,triangular_packing,0.6353883327016112,6.48955841444391,8.0,3.0,550.0,0,12,1338.5675089844872,772.8223116406804,1545.644623281361,29.999999999999996,1,1.0,0.024342157834683267,0.9998308043963396,True
diameter_pitch_grid,hexagonal_packing,0.6353883327016112,6.48955841444391,8.0,3.0,550.0,0,1,-772.8223116406804,-446.1891696614957,892.3783393229913,210.0,1,1.0,0.024336311148552867,0.9995906573667908,True
diameter_pitch_grid,hexagonal_packing,0.6353883327016112,6.48955841444391,8.0,3.0,550.0,0,2,772.8223116406804,-446.1891696614957,892.3783393229913,330.0,1,1.0,0.02433631118596862,0.9995906589036069,True
diameter_pitch_grid,hexagonal_packing,0.6353883327016112,6.48955841444391,8.0,3.0,550.0,0,3,0.0,892.3783393229915,892.3783393229915,90.0,1,1.0,0.024344064373743153,0.9999091136610649,True
diameter_pitch_grid,hexagonal_packing,0.6353883327016112,6.48955841444391,8.0,3.0,550.0,0,4,-1545.6446232813607,0.0,1545.6446232813607,180.0,1,1.0,0.024342927013945827,0.9998623976973952,True
diameter_pitch_grid,hexagonal_packing,0.6353883327016112,6.48955841444391,8.0,3.0,550.0,0,5,1545.6446232813607,0.0,1545.6446232813607,0.0,1,1.0,0.0243429277075147,0.9998624261850719,True
diameter_pitch_grid,hexagonal_packing,0.6353883327016112,6.48955841444391,8.0,3.0,550.0,0,6,-772.8223116406804,-1338.5675089844872,1545.644623281361,240.0,1,1.0,0.02434215819784018,0.9998308193126619,True
diameter_pitch_grid,hexagonal_packing,0.6353883327016112,6.48955841444391,8.0,3.0,550.0,0,7,772.8223116406804,-1338.5675089844872,1545.644623281361,300.0,1,1.0,0.024342159277780183,0.9998308636701625,True
diameter_pitch_grid,hexagonal_packing,0.6353883327016112,6.48955841444391,8.0,3.0,550.0,0,8,-772.8223116406804,1338.5675089844872,1545.644623281361,119.99999999999999,1,1.0,0.024342158287784785,0.9998308230070503,True
diameter_pitch_grid,hexagonal_packing,0.6353883327016112,6.48955841444391,8.0,3.0,550.0,0,9,772.8223116406804,1338.5675089844872,1545.644623281361,60.00000000000001,1,1.0,0.024342157834683267,0.9998308043963396,True
diameter_pitch_grid,square_packing,0.6353883327016112,7.999999999999998,8.0,3.0,550.0,0,1,0.0,-1100.0789666511805,1100.0789666511805,270.0,1,1.0,0.02461468166053432,0.9998384352295814,True
diameter_pitch_grid,square_packing,0.6353883327016112,7.999999999999998,8.0,3.0,550.0,0,2,-1100.0789666511805,0.0,1100.0789666511805,180.0,1,1.0,0.02461468166053432,0.9998384352295814,True
diameter_pitch_grid,square_packing,0.6353883327016112,7.999999999999998,8.0,3.0,550.0,0,3,1100.0789666511805,0.0,1100.0789666511805,0.0,1,1.0,0.024614681466024815,0.9998384273286837,True
diameter_pitch_grid,square_packing,0.6353883327016112,7.999999999999998,8.0,3.0,550.0,0,4,0.0,1100.0789666511805,1100.0789666511805,90.0,1,1.0,0.024614681466024815,0.9998384273286837,True
diameter_pitch_grid,square_packing,0.6353883327016112,7.999999999999998,8.0,3.0,550.0,0,5,-1100.0789666511805,-1100.0789666511805,1555.7465943194793,225.0,1,1.0,0.024607462000205138,0.99954517554067,True
diameter_pitch_grid,square_packing,0.6353883327016112,7.999999999999998,8.0,3.0,550.0,0,6,1100.0789666511805,-1100.0789666511805,1555.7465943194793,315.0,1,1.0,0.02460746338662987,0.9995452318566831,True
diameter_pitch_grid,square_packing,0.6353883327016112,7.999999999999998,8.0,3.0,550.0,0,7,-1100.0789666511805,1100.0789666511805,1555.7465943194793,135.0,1,1.0,0.02460746338662987,0.9995452318566831,True
diameter_pitch_grid,square_packing,0.6353883327016112,7.999999999999998,8.0,3.0,550.0,0,8,1100.0789666511805,1100.0789666511805,1555.7465943194793,45.0,1,1.0,0.024607463287041276,0.9995452278114346,True
diameter_pitch_grid,triangular_packing,0.6353883327016112,7.999999999999998,8.0,3.0,550.0,0,1,-550.0394833255903,-952.6963312888564,1100.0789666511803,240.0,1,1.0,0.012957669381024854,0.9996763513108926,True
diameter_pitch_grid,triangular_packing,0.6353883327016112,7.999999999999998,8.0,3.0,550.0,0,2,550.0394833255903,-952.6963312888564,1100.0789666511803,300.0,1,1.0,0.012957669764361858,0.9996763808851105,True
diameter_pitch_grid,triangular_packing,0.6353883327016112,7.999999999999998,8.0,3.0,550.0,0,3,-550.0394833255903,952.6963312888564,1100.0789666511803,120.00000000000001,1,1.0,0.012957669072032276,0.9996763274723022,True
diameter_pitch_grid,triangular_packing,0.6353883327016112,7.999999999999998,8.0,3.0,550.0,0,4,550.0394833255903,952.6963312888564,1100.0789666511803,59.99999999999999,1,1.0,0.0129576689573494,0.9996763186245877,True
diameter_pitch_grid,triangular_packing,0.6353883327016112,7.999999999999998,8.0,3.0,550.0,0,5,-1100.0789666511805,0.0,1100.0789666511805,180.0,1,1.0,0.012959401112308118,0.9998099533314256,True
diameter_pitch_grid,triangular_packing,0.6353883327016112,7.999999999999998,8.0,3.0,550.0,0,6,1100.0789666511805,0.0,1100.0789666511805,0.0,1,1.0,0.012959400754178538,0.9998099257019453,True
diameter_pitch_grid,hexagonal_packing,0.6353883327016112,7.999999999999998,8.0,3.0,550.0,0,1,-952.6963312888564,-550.03948332559,1100.0789666511803,210.0,1,1.0,0.012957669622651866,0.9996763699522703,True
diameter_pitch_grid,hexagonal_packing,0.6353883327016112,7.999999999999998,8.0,3.0,550.0,0,2,952.6963312888564,-550.03948332559,1100.0789666511803,330.0,1,1.0,0.012957668904809733,0.9996763145711842,True
diameter_pitch_grid,hexagonal_packing,0.6353883327016112,7.999999999999998,8.0,3.0,550.0,0,3,0.0,1100.0789666511805,1100.0789666511805,90.0,1,1.0,0.012959401327382014,0.9998099699242466,True
