wavelength_nm,diameter_mm,myopia_d,d50_arcmin,log_mar,mtf50_cpd,first_dark_ring_arcmin,theory_airy_radius_arcmin,theory_geometric_diameter_arcmin,angular_pixel_arcmin,retinal_pixel_m,retinal_window_mm,psf_total
500.0,0.3,0.0,5.07971338626259,0.10377921735828723,0.19819910376502353,7.097368489972484,6.990085100596045,0.0,0.7161972439135292,5.208333333333335e-06,10.66666666666667,1.00000000028744
500.0,0.3,0.5,5.081797015248612,0.10395732249185302,0.19822846368667874,7.097425809551869,6.990085100596045,0.5156620156177409,0.7161972439135292,5.208333333333335e-06,10.66666666666667,0.999999999335036
500.0,0.3,1.0,5.088053777183455,0.10449170152674306,0.19831668874924133,7.097598356532227,6.990085100596045,1.0313240312354819,0.7161972439135292,5.208333333333335e-06,10.66666666666667,0.9999999999864756
500.0,0.3,1.5,5.098500955923745,0.1053825137371527,0.19846418691675263,7.09788753684704,6.990085100596045,1.5469860468532226,0.7161972439135292,5.208333333333335e-06,10.66666666666667,1.0000000017940909
500.0,0.3,2.0,5.113167480701946,0.10663002685397105,0.19867164021216052,7.0982957292828965,6.990085100596045,2.0626480624709638,0.7161972439135292,5.208333333333335e-06,10.66666666666667,1.0000000008034062
500.0,0.3,2.5,5.1320942630037765,0.10823463328966446,0.19894005258488173,7.098826511435235,6.990085100596045,2.578310078088705,0.7161972439135292,5.208333333333335e-06,10.66666666666667,0.9999999969463019
500.0,0.3,3.0,5.155334043482519,0.1101968196186362,0.19927068152033334,7.099484396442328,6.990085100596045,3.093972093706445,0.7161972439135292,5.208333333333335e-06,10.66666666666667,1.0000000048211473
500.0,0.3,3.5,5.1829520952297425,0.11251720345146343,0.19966513889304383,7.100275357351124,6.990085100596045,3.609634109324187,0.7161972439135292,5.208333333333335e-06,10.66666666666667,0.9999999966155091
500.0,0.3,4.0,5.215026370166545,0.11519651748230779,0.20012528788074688,7.1012065057206035,6.990085100596045,4.1252961249419275,0.7161972439135292,5.208333333333335e-06,10.66666666666667,0.9999999983151947
500.0,0.3,4.5,5.251647871581886,0.11823560717177851,0.20065342329833313,7.102286581381113,6.990085100596045,4.640958140559668,0.7161972439135292,5.208333333333335e-06,10.66666666666667,0.9999999944374711
500.0,0.3,5.0,5.292920904369651,0.12163541276108264,0.20125212245519436,7.103526015847853,6.990085100596045,5.15662015617741,0.7161972439135292,5.208333333333335e-06,10.66666666666667,1.0000000008630403
500.0,0.3,5.5,5.338964693182123,0.1253970575301566,0.2019244414902714,7.104937354706508,6.990085100596045,5.672282171795151,0.7161972439135292,5.208333333333335e-06,10.66666666666667,0.9999999993331006
500.0,0.3,6.0,5.389912894502379,0.12952175535364896,0.20267377439588596,7.106535368097608,6.990085100596045,6.18794418741289,0.7161972439135292,5.208333333333335e-06,10.66666666666667,1.000000000269594
500.0,0.3315885423378064,0.0,4.5957981694261525,0.0603009564887221,0.21906850636701267,6.421242820937427,6.324179705951555,0.0,0.6479692321671676,4.712165230390261e-06,9.650514391839254,1.00000000028744
500.0,0.3315885423378064,0.5,4.598612078075495,0.060566784313290975,0.21911694524520547,6.421320270376863,6.324179705951555,0.5699587203255395,0.6479692321671676,4.712165230390261e-06,9.650514391839254,1.0000000018950364
500.0,0.3315885423378064,1.0,4.607065463073293,0.06136439197952776,0.2192626258826208,6.421553679441539,6.324179705951555,1.139917440651079,0.6479692321671676,4.712165230390261e-06,9.650514391839254,1.0000000024029227
500.0,0.3315885423378064,1.5,4.621193166499167,0.06269413113822622,0.21950654474124198,6.421945882505184,6.324179705951555,1.7098761609766187,0.6479692321671676,4.712165230390261e-06,9.650514391839254,1.0000000045850137
500.0,0.3315885423378064,2.0,4.641054006462562,0.06455663086659216,0.21985043145681132,6.422501863213184,6.324179705951555,2.279834881302158,0.6479692321671676,4.712165230390261e-06,9.650514391839254,0.999999997486077
500.0,0.3315885423378064,2.5,4.666730564192523,0.06695273609195,0.2202967417291705,6.423228868173433,6.324179705951555,2.8497936016276983,0.6479692321671676,4.712165230390261e-06,9.650514391839254,0.9999999959582652
500.0,0.3315885423378064,3.0,4.698330520038735,0.06988357411061302,0.22084864424971903,6.424136452657925,6.324179705951555,3.4197523219532373,0.6479692321671676,4.712165230390261e-06,9.650514391839254,1.0000000000590707
500.0,0.3315885423378064,3.5,4.735986790314107,0.07335049104786134,0.2215101190212066,6.425237098532917,6.324179705951555,3.9897110422787776,0.6479692321671676,4.712165230390261e-06,9.650514391839254,1.000000002204119
500.0,0.3315885423378064,4.0,4.779859684582694,0.07735515651723375,0.22228605795823272,6.426546524826577,6.324179705951555,4.559669762604316,0.6479692321671676,4.712165230390261e-06,9.650514391839254,0.9999999954995229
500.0,0.3315885423378064,4.5,4.830137068354514,0.08189946389256954,0.22318224250877977,6.428083967305237,6.324179705951555,5.1296284829298555,0.6479692321671676,4.712165230390261e-06,9.650514391839254,1.0000000019917676
500.0,0.3315885423378064,5.0,4.887036790339735,0.08698561714596191,0.22420550542975795,6.429873954994133,6.324179705951555,5.699587203255397,0.6479692321671676,4.712165230390261e-06,9.650514391839254,0.9999999980085386
500.0,0.3315885423378064,5.5,4.950808349266642,0.09261612335598728,0.22536379316280478,6.431945840771394,6.324179705951555,6.269545923580935,0.6479692321671676,4.712165230390261e-06,9.650514391839254,0.9999999984145497
500.0,0.3315885423378064,6.0,5.0217346387272555,0.09879376842661379,0.22666632588598706,6.434336721764351,6.324179705951555,6.839504643906475,0.6479692321671676,4.712165230390261e-06,9.650514391839254,1.000000003712929
500.0,0.3665032046990376,0.0,4.157982785253334,0.016822695619156842,0.24213535566119404,5.809527774089164,5.721711306455925,0.0,0.5862409125467136,4.263264222431786e-06,8.731165127540299,1.00000000028744
500.0,0.3665032046990376,0.5,4.161783164687872,0.017219457725755484,0.2422152869062491,5.809632407535836,5.721711306455925,0.6299726042182241,0.5862409125467136,4.263264222431786e-06,8.731165127540299,0.9999999980022581
500.0,0.3665032046990376,1.0,4.173207462826185,0.01840998401902172,0.24245594413761823,5.809948355459087,5.721711306455925,1.2599452084364482,0.5862409125467136,4.263264222431786e-06,8.731165127540299,1.0000000067447734
500.0,0.3665032046990376,1.5,4.192326538013201,0.020395110924002535,0.2428598432190279,5.810481452483325,5.721711306455925,1.8899178126546725,0.5862409125467136,4.263264222431786e-06,8.731165127540299,0.9999999973132221
500.0,0.3665032046990376,2.0,4.2192589528712166,0.023176189268864195,0.2434312421849795,5.8112421478600185,5.721711306455925,2.5198904168728964,0.5862409125467136,4.263264222431786e-06,8.731165127540299,1.0000000002899625
500.0,0.3665032046990376,2.5,4.254172900484779,0.026755145437741143,0.24417622347182882,5.812244880606014,5.721711306455925,3.1498630210911203,0.5862409125467136,4.263264222431786e-06,8.731165127540299,0.9999999971861735
500.0,0.3665032046990376,3.0,4.29728813999154,0.031134483466694843,0.2451028502874017,5.813510823089624,5.721711306455925,3.779835625309345,0.5862409125467136,4.263264222431786e-06,8.731165127540299,1.0000000042741763
500.0,0.3665032046990376,3.5,4.348878814602661,0.036317314501862444,0.24622133586376319,5.815066810912462,5.721711306455925,4.409808229527569,0.5862409125467136,4.263264222431786e-06,8.731165127540299,1.0000000008104115
500.0,0.3665032046990376,4.0,4.409276358771545,0.0423073284845629,0.2475442632161299,5.816948285373899,5.721711306455925,5.039780833745793,0.5862409125467136,4.263264222431786e-06,8.731165127540299,0.999999999692238
500.0,0.3665032046990376,4.5,4.478874621248416,0.04910891392492118,0.2490868688469817,5.819201163033654,5.721711306455925,5.669753437964016,0.5862409125467136,4.263264222431786e-06,8.731165127540299,0.9999999994556278
500.0,0.3665032046990376,5.0,4.55813421244572,0.05672711733263855,0.2508674206020817,5.821885007974763,5.721711306455925,6.2997260421822405,0.5862409125467136,4.263264222431786e-06,8.731165127540299,1.0000000025015792
500.0,0.3665032046990376,5.5,4.647588635310521,0.06516768973226132,0.2529076661227667,5.825077086403797,5.721711306455925,6.929698646400464,0.5862409125467136,4.263264222431786e-06,8.731165127540299,1.0000000027165457
500.0,0.3665032046990376,6.0,4.744904695426222,0.07416750242878126,0.25523338805058426,5.828880084470276,5.721711306455925,7.55967125061869,0.5862409125467136,4.263264222431786e-06,8.731165127540299,0.9999999975198962
500.0,0.4050942113609619,0.0,3.7618755665725456,-0.026655565250408346,0.26763103210713884,5.2560873181535,5.176636622709587,0.0,0.5303930965890971,3.857127443886687e-06,7.899397005079935,1.00000000028744
500.0,0.4050942113609619,0.5,3.7670084934561596,-0.026063391921885094,0.26776296347256484,5.256228717454441,5.176636622709587,0.6963056584849092,0.5303930965890971,3.857127443886687e-06,7.899397005079935,1.0000000011159387
500.0,0.4050942113609619,1.0,3.7824544504827307,-0.02428628451327024,0.26816081345872295,5.256656981732579,5.176636622709587,1.3926113169698184,0.5303930965890971,3.857127443886687e-06,7.899397005079935,0.9999999970360721
500.0,0.4050942113609619,1.5,3.8083563000278886,-0.021322418239136394,0.26883081848876333,5.257384140124253,5.176636622709587,2.088916975454728,0.5303930965890971,3.857127443886687e-06,7.899397005079935,0.9999999931445638
500.0,0.4050942113609619,2.0,3.844954997862353,-0.017168730231976254,0.2697836032752471,5.25843134413446,5.176636622709587,2.785222633939637,0.5303930965890971,3.857127443886687e-06,7.899397005079935,0.99999999488035
500.0,0.4050942113609619,2.5,3.8925937756289763,-0.011820907467988428,0.2710345140505457,5.259830413989974,5.176636622709587,3.4815282924245463,0.5303930965890971,3.857127443886687e-06,7.899397005079935,1.0000000096153747
500.0,0.4050942113609619,3.0,3.9517247251562213,-0.005273307059504198,0.27260412994952216,5.2616262493499955,5.176636622709587,4.177833950909456,0.5303930965890971,3.857127443886687e-06,7.899397005079935,0.9999999978780845
500.0,0.4050942113609619,3.5,4.0229173867188,0.0024811228091580163,0.27451896898333294,5.263880856400671,5.176636622709587,4.874139609394366,0.5303930965890971,3.857127443886687e-06,7.899397005079935,1.0000000033494036
500.0,0.4050942113609619,4.0,4.106869151750922,0.011450874764598199,0.27681237369776907,5.266679736147414,5.176636622709587,5.570445267879274,0.5303930965890971,3.857127443886687e-06,7.899397005079935,1.0000000044327886
500.0,0.4050942113609619,4.5,4.204419236962845,0.021646023169476038,0.2795258019840078,5.270139843204127,5.176636622709587,6.266750926364184,0.5303930965890971,3.857127443886687e-06,7.899397005079935,0.9999999993510739
500.0,0.4050942113609619,5.0,4.312787688419688,0.032698087727493885,0.28271024189498667,5.2744260395135765,5.176636622709587,6.963056584849093,0.5303930965890971,3.857127443886687e-06,7.899397005079935,0.9999999982070837
500.0,0.4050942113609619,5.5,4.4334333355271065,0.04468019114001299,0.2864282800813825,5.2797719170980235,5.176636622709587,7.6593622433340025,0.5303930965890971,3.857127443886687e-06,7.899397005079935,1.0000000010870993
500.0,0.4050942113609619,6.0,4.569218279065733,0.05778191418438813,0.2907565398715554,5.286522895703491,5.176636622709587,8.355667901818912,0.5303930965890971,3.857127443886687e-06,7.899397005079935,0.9999999999243318
500.0,0.42837872651817493,0.0,3.557398912558095,-0.05092742335645035,0.28301426555968134,4.97039282108564,4.895260666240957,0.0,0.501563592852557,3.6474733764205906e-06,7.470025474909369,1.00000000028744
500.0,0.42837872651817493,0.5,3.563469985707707,-0.050186886142630296,0.283188779739914,4.970560157637958,4.895260666240957,0.7363287918804103,0.501563592852557,3.6474733764205906e-06,7.470025474909369,1.0000000022971773
500.0,0.42837872651817493,1.0,3.5817530400140254,-0.04796435315850244,0.2837157563341122,4.971068039728487,4.895260666240957,1.4726575837608207,0.501563592852557,3.6474733764205906e-06,7.470025474909369,0.9999999960507798
500.0,0.42837872651817493,1.5,3.612459716589966,-0.04425697845892474,0.28460553283543083,4.971934576293166,4.895260666240957,2.208986375641231,0.501563592852557,3.6474733764205906e-06,7.470025474909369,1.0000000059716971
500.0,0.42837872651817493,2.0,3.6559482568882706,-0.039059950849024874,0.2858758353388661,4.973191567442989,4.895260666240957,2.9453151675216414,0.501563592852557,3.6474733764205906e-06,7.470025474909369,0.9999999998317264
500.0,0.42837872651817493,2.5,3.7127312512619337,-0.032366477684391215,0.2875524874088932,4.974887884023881,4.895260666240957,3.6816439594020522,0.501563592852557,3.6474733764205906e-06,7.470025474909369,1.0000000004746252
500.0,0.42837872651817493,3.0,3.7834879175599685,-0.024167639926824462,0.28967049050171984,4.977094585087582,4.895260666240957,4.417972751282462,0.501563592852557,3.6474733764205906e-06,7.470025474909369,0.9999999970863368
500.0,0.42837872651817493,3.5,3.8690801682038822,-0.014452262834977017,0.29227550440547906,4.979912736681763,4.895260666240957,5.154301543162873,0.501563592852557,3.6474733764205906e-06,7.470025474909369,0.9999999963408319
500.0,0.42837872651817493,4.0,3.970573078002227,-0.0032067977506704376,0.29542589864234087,4.9834870099248585,4.895260666240957,5.890630335043283,0.501563592852557,3.6474733764205906e-06,7.470025474909369,0.9999999970125691
500.0,0.42837872651817493,4.5,4.0852967792244534,0.009163620311040748,0.2991954925540915,4.988026946226454,4.895260666240957,6.626959126923692,0.501563592852557,3.6474733764205906e-06,7.470025474909369,0.9999999995092315
500.0,0.42837872651817493,5.0,4.214805563326262,0.02271755329775636,0.30367700997831,4.993844934505809,4.895260666240957,7.3632879188041045,0.501563592852557,3.6474733764205906e-06,7.470025474909369,1.0000000029490355
500.0,0.42837872651817493,5.5,4.362453054400502,0.03767077509783832,0.30898683204690375,5.001423183576034,4.895260666240957,8.099616710684515,0.501563592852557,3.6474733764205906e-06,7.470025474909369,0.9999999942741447
500.0,0.42837872651817493,6.0,4.529794975675864,0.054018554405034835,0.31527107446280517,5.011540446285277,4.895260666240957,8.835945502564924,0.501563592852557,3.6474733764205906e-06,7.470025474909369,0.9999999988725109
500.0,0.4477486635155488,0.0,3.4035032152046982,-0.07013382611997361,0.29581127940256285,4.755369966431636,4.683488083948219,0.0,0.4798655823717437,3.489680991411245e-06,7.14686667041023,1.00000000028744
500.0,0.4477486635155488,0.5,3.410436843566442,-0.06924997990165685,0.2960290572309202,4.755561139894781,4.683488083948219,0.7696232610619252,0.4798655823717437,3.489680991411245e-06,7.14686667041023,0.9999999979208629
500.0,0.4477486635155488,1.0,3.4313332661989056,-0.06659709063049521,0.2966874753555619,4.756142755093399,4.683488083948219,1.5392465221238505,0.4798655823717437,3.489680991411245e-06,7.14686667041023,0.9999999977110035
500.0,0.4477486635155488,1.5,3.4664815017474293,-0.062171104321067816,0.29780200015966973,4.757139464287865,4.683488083948219,2.308869783185776,0.4798655823717437,3.489680991411245e-06,7.14686667041023,1.0000000041093764
500.0,0.4477486635155488,2.0,3.516371999323965,-0.05596517819478788,0.29939927490233637,4.758595894084001,4.683488083948219,3.078493044247701,0.4798655823717437,3.489680991411245e-06,7.14686667041023,1.000000001037899
500.0,0.4477486635155488,2.5,3.5817102224158046,-0.047969544906112396,0.30151837944369386,4.760581040107819,4.683488083948219,3.848116305309626,0.4798655823717437,3.489680991411245e-06,7.14686667041023,0.9999999974647511
500.0,0.4477486635155488,3.0,3.663436074524191,-0.03817137364963996,0.3042128426579209,4.763197947335296,4.683488083948219,4.617739566371552,0.4798655823717437,3.489680991411245e-06,7.14686667041023,0.9999999995402703
500.0,0.4477486635155488,3.5,3.7627507671656937,-0.02655453836268837,0.30755338281964956,4.766598350233577,4.683488083948219,5.387362827433476,0.4798655823717437,3.489680991411245e-06,7.14686667041023,0.9999999999658481
500.0,0.4477486635155488,4.0,3.879009777074135,-0.013339117083926832,0.31163176311054136,4.771007829026006,4.683488083948219,6.156986088495402,0.4798655823717437,3.489680991411245e-06,7.14686667041023,1.000000001340093
500.0,0.4477486635155488,4.5,4.0105175401761235,0.00114042875844382,0.3165660664547163,4.776772026808094,4.683488083948219,6.926609349557327,0.4798655823717437,3.489680991411245e-06,7.14686667041023,0.9999999999530164
500.0,0.4477486635155488,5.0,4.162469449472476,0.017291067685101476,0.3225074855795481,4.784439627263403,4.683488083948219,7.696232610619252,0.4798655823717437,3.489680991411245e-06,7.14686667041023,0.9999999996004805
500.0,0.4477486635155488,5.5,4.3367714844026315,0.035106547335070765,0.32965002260800325,4.79493243485456,4.683488083948219,8.465855871681176,0.4798655823717437,3.489680991411245e-06,7.14686667041023,1.0000000006489174
500.0,0.4477486635155488,6.0,4.535675384695563,0.05458197349863995,0.33824304179179093,4.80992101532407,4.683488083948219,9.235479132743103,0.4798655823717437,3.489680991411245e-06,7.14686667041023,0.9999999971143312
500.0,0.4509249752822894,0.0,3.37952896693019,-0.07320381806760264,0.2979097532207172,4.721873180031357,4.650497632928908,0.0,0.47648541320992915,3.465099707599561e-06,7.0965242011639,1.00000000028744
500.0,0.4509249752822894,0.5,3.386611506480464,-0.07229461170983656,0.2981353749750859,4.722068488146774,4.650497632928908,0.7750829388214846,0.47648541320992915,3.465099707599561e-06,7.0965242011639,0.9999999998273064
500.0,0.4509249752822894,1.0,3.4079592695967915,-0.0695655956954666,0.2988176631700617,4.722662826327553,4.650497632928908,1.5501658776429692,0.47648541320992915,3.465099707599561e-06,7.0965242011639,0.9999999954468122
500.0,0.4509249752822894,1.5,3.4438762185875764,-0.06501245788155323,0.2999731325163013,4.723682401484946,4.650497632928908,2.3252488164644536,0.47648541320992915,3.465099707599561e-06,7.0965242011639,0.9999999982627981
500.0,0.4509249752822894,2.0,3.4948781574654473,-0.058627951865091475,0.3016302105356068,4.725173640073727,4.650497632928908,3.1003317552859384,0.47648541320992915,3.465099707599561e-06,7.0965242011639,0.9999999961257368
500.0,0.4509249752822894,2.5,3.5617073896082907,-0.050401753993658725,0.3038306284045446,4.7272103429910945,4.650497632928908,3.8754146941074232,0.47648541320992915,3.465099707599561e-06,7.0965242011639,1.000000005683723
500.0,0.4509249752822894,3.0,3.645354257965789,-0.04032025159475456,0.30663175937631215,4.729901398698333,4.650497632928908,4.650497632928907,0.47648541320992915,3.465099707599561e-06,7.0965242011639,1.0000000056851732
500.0,0.4509249752822894,3.5,3.7470860624581674,-0.028366323315175978,0.3101094718786567,4.733409312915412,4.650497632928908,5.425580571750393,0.47648541320992915,3.465099707599561e-06,7.0965242011639,1.000000001354798
500.0,0.4509249752822894,4.0,3.865588682217866,-0.014844350261003118,0.3143624995943192,4.73797694920626,4.650497632928908,6.200663510571877,0.47648541320992915,3.465099707599561e-06,7.0965242011639,0.9999999969588121
500.0,0.4509249752822894,4.5,4.000431434585675,4.683988896709643e-05,0.3195182299271491,4.743979554493077,4.650497632928908,6.9757464493933625,0.47648541320992915,3.465099707599561e-06,7.0965242011639,1.0000000019519713
500.0,0.4509249752822894,5.0,4.156388788730815,0.016656173376020485,0.32574049520667625,4.752022343109122,4.650497632928908,7.7508293882148465,0.47648541320992915,3.465099707599561e-06,7.0965242011639,1.0000000015237747
500.0,0.4509249752822894,5.5,4.33548087112182,0.03497728305463073,0.3332401611335541,4.763135115349559,4.650497632928908,8.52591232703633,0.47648541320992915,3.465099707599561e-06,7.0965242011639,0.9999999986995854
500.0,0.4509249752822894,6.0,4.540098772148943,0.05500530992840016,0.34228940450312945,4.7792283081375295,4.650497632928908,9.300995265857814,0.47648541320992915,3.465099707599561e-06,7.0965242011639,1.00000000225397
500.0,0.4734712240464039,0.0,3.2185990161239904,-0.0943931171375407,0.31280524088175304,4.497022076220341,4.429045364694198,0.0,0.45379563162850395,3.3000949596186292e-06,6.758594477298953,1.00000000028744
500.0,0.4734712240464039,0.5,3.226800006837637,-0.09328794213675952,0.3130933256296669,4.497248367946941,4.429045364694198,0.8138370857625588,0.45379563162850395,3.3000949596186292e-06,6.758594477298953,0.9999999965582097
500.0,0.4734712240464039,1.0,3.2515440721764666,-0.08997034641682117,0.3139659953599823,4.497939016007336,4.429045364694198,1.6276741715251175,0.45379563162850395,3.3000949596186292e-06,6.758594477298953,0.9999999989817706
500.0,0.4734712240464039,1.5,3.2932603090559884,-0.08443393133620254,0.3154489914703812,4.499131312639847,4.429045364694198,2.4415112572876767,0.45379563162850395,3.3000949596186292e-06,6.758594477298953,1.0000000020726878
500.0,0.4734712240464039,2.0,3.352679416926497,-0.07666796313506953,0.317586975873518,4.500892945027502,4.429045364694198,3.255348343050235,0.45379563162850395,3.3000949596186292e-06,6.758594477298953,1.0000000077829772
500.0,0.4734712240464039,2.5,3.4308596316967983,-0.06665704139378369,0.32044622358076436,4.503332418844422,4.429045364694198,4.069185428812794,0.45379563162850395,3.3000949596186292e-06,6.758594477298953,0.9999999985252753
500.0,0.4734712240464039,3.0,3.529223722951057,-0.05438080149634667,0.3241189481321373,4.506617869511565,4.429045364694198,4.883022514575353,0.45379563162850395,3.3000949596186292e-06,6.758594477298953,1.0000000051665603
500.0,0.4734712240464039,3.5,3.6486468982331974,-0.03992815524995344,0.3287294158632542,4.511010004678806,4.429045364694198,5.696859600337912,0.45379563162850395,3.3000949596186292e-06,6.758594477298953,0.9999999986718434
500.0,0.4734712240464039,4.0,3.7853855730326478,-0.023949868730455313,0.3344426269081816,4.516924081501746,4.429045364694198,6.51069668610047,0.45379563162850395,3.3000949596186292e-06,6.758594477298953,1.0000000024344822
500.0,0.4734712240464039,4.5,3.9461935718573042,-0.005881606527456601,0.34147645467927484,4.525053396354091,4.429045364694198,7.32453377186303,0.45379563162850395,3.3000949596186292e-06,6.758594477298953,0.9999999969146532
500.0,0.4734712240464039,5.0,4.13359468987983,0.014267899304337781,0.35011854912422635,4.5366341719762655,4.429045364694198,8.138370857625588,0.45379563162850395,3.3000949596186292e-06,6.758594477298953,0.9999999960327765
500.0,0.4734712240464039,5.5,4.350629573070847,0.036492116276459485,0.36075009204567615,4.5540980523056644,4.429045364694198,8.952207943388146,0.45379563162850395,3.3000949596186292e-06,6.758594477298953,1.0000000001932812
500.0,0.4734712240464039,6.0,4.651550966755213,0.06553779252879575,0.3745199582587386,4.582947176296143,4.429045364694198,9.766045029150707,0.45379563162850395,3.3000949596186292e-06,6.758594477298953,1.0000000019995974
500.0,0.4948944222294061,0.0,3.079270946344135,-0.1136120869895388,0.32695876981392474,4.3023530905845595,4.237318983576555,0.0,0.4341515352025159,3.1572390591133202e-06,6.46602559306408,1.00000000028744
500.0,0.4948944222294061,0.5,3.0886388536336686,-0.11229286096220915,0.327318357484186,4.302611735329548,4.237318983576555,0.8506608509493097,0.4341515352025159,3.1572390591133202e-06,6.46602559306408,0.9999999984656843
500.0,0.4948944222294061,1.0,3.1169353207021095,-0.10833220097079227,0.32840973192125333,4.3034037777610115,4.237318983576555,1.7013217018986193,0.4341515352025159,3.1572390591133202e-06,6.46602559306408,0.9999999984825294
500.0,0.4948944222294061,1.5,3.164746840000915,-0.1017210164336787,0.33027139756699125,4.304780639050509,4.237318983576555,2.551982552847929,0.4341515352025159,3.1572390591133202e-06,6.46602559306408,1.0000000054432332
500.0,0.4948944222294061,2.0,3.2330773098614127,-0.09244390167317194,0.3329707768816386,4.306837617411969,4.237318983576555,3.4026434037972386,0.4341515352025159,3.1572390591133202e-06,6.46602559306408,1.000000005027289
500.0,0.4948944222294061,2.5,3.3233896936765177,-0.08047872260703436,0.3366090815485797,4.309731507140883,4.237318983576555,4.253304254746548,0.4341515352025159,3.1572390591133202e-06,6.46602559306408,1.0000000003017464
500.0,0.4948944222294061,3.0,3.437667984523662,-0.06579606180771023,0.34132921828421803,4.313714873775816,4.237318983576555,5.103965105695858,0.4341515352025159,3.1572390591133202e-06,6.46602559306408,1.000000004358311
500.0,0.4948944222294061,3.5,3.572930045983121,-0.04903547804769579,0.3473274601048098,4.3192008985058035,4.237318983576555,5.954625956645168,0.4341515352025159,3.1572390591133202e-06,6.46602559306408,0.9999999986279153
500.0,0.4948944222294061,4.0,3.733079939910799,-0.029992701350647254,0.3548701880681546,4.326894811215421,4.237318983576555,6.805286807594477,0.4341515352025159,3.1572390591133202e-06,6.46602559306408,1.0000000026736984
500.0,0.4948944222294061,4.5,3.92280614155861,-0.008463144766521347,0.36431820554491057,4.3380921511505885,4.237318983576555,7.655947658543787,0.4341515352025159,3.1572390591133202e-06,6.46602559306408,1.00000000225369
500.0,0.4948944222294061,5.0,4.145758878007887,0.015544048109609966,0.37616156762875835,4.355430993732501,4.237318983576555,8.506608509493097,0.4341515352025159,3.1572390591133202e-06,6.46602559306408,0.9999999963211109
500.0,0.4948944222294061,5.5,4.45847258764475,0.047126109453392,0.3917842260246807,4.385215815347323,4.237318983576555,9.357269360442405,0.4341515352025159,3.1572390591133202e-06,6.46602559306408,1.0000000009344916
500.0,0.4948944222294061,6.0,4.990313069009849,0.09606780076405767,0.4136402283676672,4.447121377344226,4.237318983576555,10.207930211391716,0.4341515352025159,3.1572390591133202e-06,6.46602559306408,0.9999999997498029
500.0,0.524654648316395,0.0,2.9046040490996945,-0.13897305288429107,0.34662027027487696,4.058308744284139,3.996963596735722,0.0,0.4095249586819388,2.9781495408723203e-06,6.099250259706512,1.00000000028744
500.0,0.524654648316395,0.5,2.9157706399957886,-0.13730663275947466,0.3471021604575621,4.058617307706979,3.996963596735722,0.9018149115134975,0.4095249586819388,2.9781495408723203e-06,6.099250259706512,0.9999999997069787
500.0,0.524654648316395,1.0,2.949561007334849,-0.13230260798676544,0.34856916670986454,4.059567582139711,3.996963596735722,1.803629823026995,0.4095249586819388,2.9781495408723203e-06,6.099250259706512,1.0000000059716971
500.0,0.524654648316395,1.5,3.006862612963975,-0.12394640619210202,0.3510870773739362,4.061238450640505,3.996963596735722,2.7054447345404924,0.4095249586819388,2.9781495408723203e-06,6.099250259706512,1.000000001056297
500.0,0.524654648316395,2.0,3.089204948669076,-0.11221326945466517,0.3547724476354674,4.063780711677909,3.996963596735722,3.60725964605399,0.4095249586819388,2.9781495408723203e-06,6.099250259706512,0.9999999970863368
500.0,0.524654648316395,2.5,3.19884081664366,-0.09706736242652302,0.35980351367892704,4.067454535163812,3.996963596735722,4.509074557567487,0.4095249586819388,2.9781495408723203e-06,6.099250259706512,0.9999999985203438
500.0,0.524654648316395,3.0,3.3356308523118168,-0.07888200921679996,0.366438145049104,4.072706947169265,3.996963596735722,5.410889469080985,0.4095249586819388,2.9781495408723203e-06,6.099250259706512,0.9999999995092315
500.0,0.524654648316395,3.5,3.4997250783614997,-0.0580260617319896,0.37504141172749644,4.080338942843368,3.996963596735722,6.312704380594482,0.4095249586819388,2.9781495408723203e-06,6.099250259706512,0.9999999986151384
500.0,0.524654648316395,4.0,3.698562109942934,-0.03402707512280591,0.38612663154643656,4.091905639572938,3.996963596735722,7.21451929210798,0.4095249586819388,2.9781495408723203e-06,6.099250259706512,0.9999999988725109
500.0,0.524654648316395,4.5,3.9369654098953357,-0.0068983922241887125,0.40041782769245937,4.1108327357005505,3.996963596735722,8.116334203621479,0.4095249586819388,2.9781495408723203e-06,6.099250259706512,0.9999999991876095
500.0,0.524654648316395,5.0,4.320645910653556,0.03348868476100282,0.4203953851083649,4.146380585774038,3.996963596735722,9.018149115134975,0.4095249586819388,2.9781495408723203e-06,6.099250259706512,1.0000000014960317
500.0,0.524654648316395,5.5,4.902397457793099,0.08834852707909759,0.448373038240027,4.235115305723668,3.996963596735722,9.919964026648472,0.4095249586819388,2.9781495408723203e-06,6.099250259706512,0.9999999993708591
500.0,0.524654648316395,6.0,5.616977015690419,0.14744265544665877,0.4860249976449965,7.37663389031003,3.996963596735722,10.82177893816197,0.4095249586819388,2.9781495408723203e-06,6.099250259706512,1.000000001072438
500.0,0.5470044002605323,0.0,2.7859264297562385,-0.15709034785910397,0.36138593962387233,3.8924925393244103,3.833653859420551,0.0,0.39279240362915485,2.856466966729698e-06,5.850044347862421,1.00000000028744
500.0,0.5470044002605323,0.5,2.7985866537490827,-0.15512123264464547,0.3619800052551881,3.892842615953594,3.833653859420551,0.9402313053003988,0.39279240362915485,2.856466966729698e-06,5.850044347862421,0.9999999953050496
500.0,0.5470044002605323,1.0,2.8369572366694356,-0.14920720189039854,0.3637932507740452,3.8939261205420954,3.833653859420551,1.8804626106007976,0.39279240362915485,2.856466966729698e-06,5.850044347862421,1.0000000020231932
500.0,0.5470044002605323,1.5,2.9022320084715414,-0.13932786373231337,0.366922361191926,3.8958505934579453,3.833653859420551,2.8206939159011966,0.39279240362915485,2.856466966729698e-06,5.850044347862421,0.9999999995490667
500.0,0.5470044002605323,2.0,2.9964814421386423,-0.1254483989673228,0.3715401309284989,3.8988271026399315,3.833653859420551,3.760925221201595,0.39279240362915485,2.856466966729698e-06,5.850044347862421,0.9999999974057465
500.0,0.5470044002605323,2.5,3.1227829893241053,-0.10751818635287215,0.3779153363494156,3.9032357513764966,3.833653859420551,4.701156526501994,0.39279240362915485,2.856466966729698e-06,5.850044347862421,1.000000002656537
500.0,0.5470044002605323,3.0,3.277600004545198,-0.08650403978062043,0.38644525284851383,3.9097693152458834,3.833653859420551,5.641387831802393,0.39279240362915485,2.856466966729698e-06,5.850044347862421,1.0000000023509454
500.0,0.5470044002605323,3.5,3.4686535409716766,-0.061899067893629735,0.397706868699383,3.919782568394526,3.833653859420551,6.581619137102791,0.39279240362915485,2.856466966729698e-06,5.850044347862421,1.0000000010327794
500.0,0.5470044002605323,4.0,3.7022816111490804,-0.03359054138526378,0.4125369585989011,3.936265253631176,3.833653859420551,7.52185044240319,0.39279240362915485,2.856466966729698e-06,5.850044347862421,1.000000002146345
500.0,0.5470044002605323,4.5,4.031503210431732,0.0034070186519413884,0.432932096152454,3.967283276637779,3.833653859420551,8.46208174770359,0.39279240362915485,2.856466966729698e-06,5.850044347862421,1.0000000005469885
500.0,0.5470044002605323,5.0,4.625946523579595,0.06314061664651449,0.4632291012449941,4.044519110113653,3.833653859420551,9.402313053003988,0.39279240362915485,2.856466966729698e-06,5.850044347862421,0.9999999997866088
500.0,0.5470044002605323,5.5,5.358037251900147,0.12694573739895598,0.5046127453855298,7.075048044099815,3.833653859420551,10.342544358304387,0.39279240362915485,2.856466966729698e-06,5.850044347862421,1.000000000524903
500.0,0.5470044002605323,6.0,6.128798562330903,0.18531535612860284,0.566117117219899,7.080328410962498,3.833653859420551,11.282775663604786,0.39279240362915485,2.856466966729698e-06,5.850044347862421,0.9999999982962122
500.0,0.5522680508593631,0.0,2.7593738466447095,-0.16124944759544335,0.3648634423946074,3.8553933070699316,3.797115416898936,0.0,0.3890487107478418,2.829242063828704e-06,5.794287746721186,1.00000000028744
500.0,0.5522680508593631,0.5,2.7724044123917717,-0.15920340995543344,0.3654867467568563,3.8557537329408595,3.797115416898936,0.9492788542247342,0.3890487107478418,2.829242063828704e-06,5.794287746721186,0.9999999991905593
500.0,0.5522680508593631,1.0,2.8119131576150616,-0.15305808740939394,0.36739055560460965,3.8568705302009274,3.797115416898936,1.8985577084494685,0.3890487107478418,2.829242063828704e-06,5.794287746721186,0.9999999982627981
500.0,0.5522680508593631,1.5,2.879178018906034,-0.14279147329308814,0.3706804262982181,3.8588591784323287,3.797115416898936,2.8478365626742024,0.3890487107478418,2.829242063828704e-06,5.794287746721186,0.9999999980101957
500.0,0.5522680508593631,2.0,2.9764192878993936,-0.1283658811225953,0.37554567470191813,3.861948320162457,3.797115416898936,3.797115416898937,0.3890487107478418,2.829242063828704e-06,5.794287746721186,1.0000000056851732
500.0,0.5522680508593631,2.5,3.1069447259412026,-0.10972646431446173,0.38228187907590017,3.8665532685339428,3.797115416898936,4.7463942711236715,0.3890487107478418,2.829242063828704e-06,5.794287746721186,1.000000004529754
500.0,0.5522680508593631,3.0,3.266338588575001,-0.08799878963887361,0.3913283134193946,3.873443086234633,3.797115416898936,5.695673125348405,0.3890487107478418,2.829242063828704e-06,5.794287746721186,1.0000000019519713
500.0,0.5522680508593631,3.5,3.4643156554385026,-0.06244253489677305,0.4033272086815948,3.8841593236833836,3.797115416898936,6.64495197957314,0.3890487107478418,2.829242063828704e-06,5.794287746721186,0.9999999997698662
500.0,0.5522680508593631,4.0,3.7069751245337783,-0.033040319599440586,0.4192171926968889,3.9022235730672925,3.797115416898936,7.594230833797874,0.3890487107478418,2.829242063828704e-06,5.794287746721186,1.00000000225397
500.0,0.5522680508593631,4.5,4.09020579667248,0.0096851685401987,0.44181152439412286,3.9377380316900634,3.797115416898936,8.543509688022606,0.3890487107478418,2.829242063828704e-06,5.794287746721186,0.999999998503826
500.0,0.5522680508593631,5.0,4.710121816023568,0.0709721479331459,0.47469882006972025,4.035891680209182,3.797115416898936,9.492788542247343,0.3890487107478418,2.829242063828704e-06,5.794287746721186,1.000000001022848
500.0,0.5522680508593631,5.5,5.465967197709182,0.13560702975413835,0.5212760869828755,7.008639335773191,3.797115416898936,10.442067396472078,0.3890487107478418,2.829242063828704e-06,5.794287746721186,1.0000000016235995
500.0,0.5522680508593631,6.0,6.237354383611981,0.19294042844464848,0.5913970051917005,7.0142318698227974,3.797115416898936,11.39134625069681,0.3890487107478418,2.829242063828704e-06,5.794287746721186,1.00000000065351
500.0,0.5798814534023313,0.0,2.6279750920425804,-0.18243874666538143,0.3831066145143378,3.671803149590411,3.616300397046605,0.0,0.3705225816646112,2.694516251265432e-06,5.518369282591605,1.00000000028744
500.0,0.5798814534023313,0.5,2.6430681855158027,-0.17995162418138835,0.3839028975688144,3.6722210611710016,3.616300397046605,0.996742796935971,0.3705225816646112,2.694516251265432e-06,5.518369282591605,0.9999999999564586
500.0,0.5798814534023313,1.0,2.6889357824492004,-0.17247956086404323,0.3863445344889986,3.673525333915306,3.616300397046605,1.993485593871942,0.3705225816646112,2.694516251265432e-06,5.518369282591605,1.0000000020726878
500.0,0.5798814534023313,1.5,2.767388245269361,-0.15998989942591288,0.390597286042437,3.675883226310763,3.616300397046605,2.9902283908079133,0.3705225816646112,2.694516251265432e-06,5.518369282591605,1.0000000054500038
500.0,0.5798814534023313,2.0,2.8815991031185573,-0.14242643102418742,0.39696301944567175,3.6796380820039847,3.616300397046605,3.986971187743884,0.3705225816646112,2.694516251265432e-06,5.518369282591605,1.0000000051665603
500.0,0.5798814534023313,2.5,3.03258851966436,-0.12024650477675765,0.4059245311777229,3.6854549305691267,3.616300397046605,4.983713984679855,0.3705225816646112,2.694516251265432e-06,5.518369282591605,1.0000000005797343
500.0,0.5798814534023313,3.0,3.2220535591004587,-0.09392723605529736,0.41822153656942435,3.694690626638508,3.616300397046605,5.9804567816158265,0.3705225816646112,2.694516251265432e-06,5.518369282591605,0.9999999969146532
500.0,0.5798814534023313,3.5,3.460471866819339,-0.06292466849379279,0.4349771145175009,3.710485110779768,3.616300397046605,6.977199578551797,0.3705225816646112,2.694516251265432e-06,5.518369282591605,1.0000000008587555
500.0,0.5798814534023313,4.0,3.7979754603666893,-0.022507836999044958,0.45869139811118215,3.741960700018176,3.616300397046605,7.973942375487768,0.3705225816646112,2.694516251265432e-06,5.518369282591605,1.0000000019995974
500.0,0.5798814534023313,4.5,4.432416618022399,0.044580583137126005,0.49537507228067656,3.8310017517850077,3.616300397046605,8.970685172423739,0.3705225816646112,2.694516251265432e-06,5.518369282591605,1.00000000115665
500.0,0.5798814534023313,5.0,5.225322983810124,0.11605314857498686,0.5488746178479459,6.675014361490625,3.616300397046605,9.96742796935971,0.3705225816646112,2.694516251265432e-06,5.518369282591605,1.0000000011682904
500.0,0.5798814534023313,5.5,6.030857149967824,0.1783190503389029,0.6335623153292796,6.680991806215418,3.616300397046605,10.964170766295682,0.3705225816646112,2.694516251265432e-06,5.518369282591605,1.000000000546213
500.0,0.5798814534023313,6.0,6.726231769337665,0.22571183662392547,0.7609597275237749,3.5119308591761227,3.616300397046605,11.960913563231653,0.3705225816646112,2.694516251265432e-06,5.518369282591605,0.9999999995456461
500.0,0.6046013057825199,0.0,2.520527166090742,-0.20056860872866927,0.3994381231375279,3.52167705664473,3.4684436009688846,0.0,0.3553733197714022,2.584347709897346e-06,5.292744109869765,1.00000000028744
500.0,0.6046013057825199,0.5,2.537643974670697,-0.1976292997638477,0.4004201822509496,3.522151610287905,3.4684436009688846,1.0392330932831078,0.3553733197714022,2.584347709897346e-06,5.292744109869765,0.9999999977594946
500.0,0.6046013057825199,1.0,2.589784117285474,-0.18879642824257767,0.4034436412737041,3.5236433464822214,3.4684436009688846,2.0784661865662155,0.3553733197714022,2.584347709897346e-06,5.292744109869765,1.000000001603469
500.0,0.6046013057825199,1.5,2.6793893156258175,-0.17402417008857948,0.4087526892321367,3.5263829785846896,3.4684436009688846,3.1176992798493233,0.3553733197714022,2.584347709897346e-06,5.292744109869765,1.000000000076255
500.0,0.6046013057825199,2.0,2.8107794869973843,-0.15323321592213474,0.4167997171791488,3.5308636227236745,3.4684436009688846,4.156932373132431,0.3553733197714022,2.584347709897346e-06,5.292744109869765,0.9999999959044429
500.0,0.6046013057825199,2.5,2.9823941415448854,-0.12749495375802747,0.42832560251282875,3.5381068608599575,3.4684436009688846,5.19616546641554,0.3553733197714022,2.584347709897346e-06,5.292744109869765,0.9999999967569764
500.0,0.6046013057825199,3.0,3.203447464961436,-0.0964423851678486,0.44450185654930796,3.5504326708620253,3.4684436009688846,6.2353985596986465,0.3553733197714022,2.584347709897346e-06,5.292744109869765,1.0000000028765106
500.0,0.6046013057825199,3.5,3.484903998430924,-0.05986917260296541,0.4671762093191934,3.5742472212463805,3.4684436009688846,7.274631652981755,0.3553733197714022,2.584347709897346e-06,5.292744109869765,1.0000000002125076
500.0,0.6046013057825199,4.0,4.0573730536150485,0.006184949252388419,0.5035479591899009,3.635655976494762,3.4684436009688846,8.313864746264862,0.3553733197714022,2.584347709897346e-06,5.292744109869765,1.0000000016313793
500.0,0.6046013057825199,4.5,4.844295524665875,0.08317063794420047,0.5574567744429042,6.401027568987879,3.4684436009688846,9.35309783954797,0.3553733197714022,2.584347709897346e-06,5.292744109869765,1.0000000009117116
500.0,0.6046013057825199,5.0,5.687117644388796,0.15283222088418874,0.6459165529462894,6.407006217056238,3.4684436009688846,10.39233093283108,0.3553733197714022,2.584347709897346e-06,5.292744109869765,1.0000000000474554
500.0,0.6046013057825199,5.5,6.4293458099510685,0.20610679410292823,0.7872143540002976,3.3709740988003762,3.4684436009688846,11.431564026114188,0.3553733197714022,2.584347709897346e-06,5.292744109869765,1.000000001879336
500.0,0.6046013057825199,6.0,6.954598898489236,0.24021209609916377,0.9386150737175553,6.426382954235654,3.4684436009688846,12.470797119397293,0.3553733197714022,2.584347709897346e-06,5.292744109869765,0.9999999994032331
500.0,0.605819004874118,0.0,2.5154608944554786,-0.201442421188441,0.400242612699562,3.51459846895059,3.461472012774757,0.0,0.3546590177023316,2.5791531586643922e-06,5.282105668944675,1.00000000028744
500.0,0.605819004874118,0.5,2.5326818631294485,-0.1984793509904931,0.40123467046664185,3.5150759206317304,3.461472012774757,1.0413261638430724,0.3546590177023316,2.5791531586643922e-06,5.282105668944675,0.9999999960507798
500.0,0.605819004874118,1.0,2.585145804112834,-0.18957494868101551,0.4042894834909622,3.5165774814786928,3.461472012774757,2.082652327686145,0.3546590177023316,2.5791531586643922e-06,5.282105668944675,0.9999999998317264
500.0,0.605819004874118,1.5,2.675329963044023,-0.1746826377588151,0.40965593628679897,3.519337331722275,3.461472012774757,3.123978491529217,0.3546590177023316,2.5791531586643922e-06,5.282105668944675,0.9999999970863368
500.0,0.605819004874118,2.0,2.8076191486521167,-0.1537217955826611,0.4177953125362578,3.523857458672938,3.461472012774757,4.16530465537229,0.3546590177023316,2.5791531586643922e-06,5.282105668944675,0.9999999970125691
500.0,0.605819004874118,2.5,2.9803175952107863,-0.12779744453423425,0.4294641460922357,3.5311816173831474,3.461472012774757,5.206630819215362,0.3546590177023316,2.5791531586643922e-06,5.282105668944675,1.0000000029490355
500.0,0.605819004874118,3.0,3.203048744685155,-0.09649644342695585,0.44586062932923715,3.5436942337589756,3.461472012774757,6.247956983058434,0.3546590177023316,2.5791531586643922e-06,5.282105668944675,0.9999999988725109
500.0,0.605819004874118,3.5,3.486817514930028,-0.05963077246725517,0.468878387578534,3.5680463257097554,3.461472012774757,7.289283146901506,0.3546590177023316,2.5791531586643922e-06,5.282105668944675,0.9999999998676542
500.0,0.605819004874118,4.0,4.0711578063114295,0.007657945510287523,0.505995973140022,3.631943562256025,3.461472012774757,8.33060931074458,0.3546590177023316,2.5791531586643922e-06,5.282105668944675,0.9999999990459424
500.0,0.605819004874118,4.5,4.864444788061206,0.08497328714250878,0.5612133264464518,6.388352343425718,3.461472012774757,9.371935474587652,0.3546590177023316,2.5791531586643922e-06,5.282105668944675,1.000000001072438
500.0,0.605819004874118,5.0,5.7088542721763345,0.15448896574467852,0.6521489985783477,6.394404449180169,3.461472012774757,10.413261638430724,0.3546590177023316,2.5791531586643922e-06,5.282105668944675,1.0000000024816942
500.0,0.605819004874118,5.5,6.441373692218452,0.20691850387835478,0.7958849597059867,3.3611800476784097,3.461472012774757,11.454587802273796,0.3546590177023316,2.5791531586643922e-06,5.282105668944675,1.0000000006526777
500.0,0.605819004874118,6.0,6.964266836605259,0.24081541147418356,0.947246348418455,6.41414438839014,3.461472012774757,12.495913966116868,0.3546590177023316,2.5791531586643922e-06,5.282105668944675,0.9999999971954336
500.0,0.6377042156569663,0.0,2.3896878497327045,-0.22371881589959328,0.4213080133679601,3.3388685455030602,3.2883984121360186,0.0,0.33692606681721504,2.4501955007311724e-06,5.018000385497441,1.00000000028744
500.0,0.6377042156569663,0.5,2.4097911095394444,-0.22008059352745726,0.4225919919317365,3.3394269097538385,3.2883984121360186,1.0961328040453393,0.33692606681721504,2.4501955007311724e-06,5.018000385497441,0.9999999954468122
500.0,0.6377042156569663,1.0,2.4712520445645643,-0.2091429496970821,0.42656953456090724,3.3412023231800547,3.2883984121360186,2.1922656080906786,0.33692606681721504,2.4501955007311724e-06,5.018000385497441,0.9999999961257368
500.0,0.6377042156569663,1.5,2.577654715634864,-0.1908352494267452,0.4336427927643041,3.344545353363327,3.2883984121360186,3.288398412136018,0.33692606681721504,2.4501955007311724e-06,5.018000385497441,1.0000000056851732
500.0,0.6377042156569663,2.0,2.733383970474223,-0.1653593480929937,0.44457571042779287,3.350255629889297,3.2883984121360186,4.384531216181357,0.33692606681721504,2.4501955007311724e-06,5.018000385497441,0.9999999969588121
500.0,0.6377042156569663,2.5,2.9390106977592994,-0.13385882445597014,0.46066662613540976,3.3601872231624466,3.2883984121360186,5.480664020226698,0.33692606681721504,2.4501955007311724e-06,5.018000385497441,1.0000000015237747
500.0,0.6377042156569663,3.0,3.2103346290432357,-0.09550968790359048,0.4840703181049359,3.3794247455227575,3.2883984121360186,6.576796824272036,0.33692606681721504,2.4501955007311724e-06,5.018000385497441,1.00000000225397
500.0,0.6377042156569663,3.5,3.7120025793203517,-0.03245172200737537,0.5215957268291834,3.428075469691756,3.2883984121360186,7.672929628317376,0.33692606681721504,2.4501955007311724e-06,5.018000385497441,1.0000000028232914
500.0,0.6377042156569663,4.0,4.514581488393812,0.05255750513649714,0.5805997843047506,6.068261037307597,3.2883984121360186,8.769062432362714,0.33692606681721504,2.4501955007311724e-06,5.018000385497441,1.0000000000188285
500.0,0.6377042156569663,4.5,5.401707348614205,0.13047106014049856,0.6828864402907334,6.074502987300968,3.2883984121360186,9.865195236408054,0.33692606681721504,2.4501955007311724e-06,5.018000385497441,1.00000000065351
500.0,0.6377042156569663,5.0,6.161967710798433,0.18765942692124793,0.8513199584740306,3.1873450222556294,3.2883984121360186,10.961328040453395,0.33692606681721504,2.4501955007311724e-06,5.018000385497441,1.0000000019467234
500.0,0.6377042156569663,5.5,6.702714107752988,0.22419070440871475,1.0218690071608374,6.096095338374634,3.2883984121360186,12.057460844498733,0.33692606681721504,2.4501955007311724e-06,5.018000385497441,1.0000000003259841
500.0,0.6377042156569663,6.0,7.249286548755235,0.25823527549333164,1.1613340888613757,6.1183042757191695,3.2883984121360186,13.153593648544073,0.33692606681721504,2.4501955007311724e-06,5.018000385497441,1.0000000026264786
500.0,0.6682628855998672,0.0,2.2804109710669223,-0.24404686959823452,0.4414970166844071,3.186187042365005,3.138024833290592,0.0,0.3215189378371508,2.338151696988857e-06,4.788534675433179,1.00000000028744
500.0,0.6682628855998672,0.5,2.303567451282542,-0.23965905787756514,0.44312226240074887,3.186831496853603,3.138024833290592,1.1486592885031846,0.3215189378371508,2.338151696988857e-06,4.788534675433179,0.9999999992121978
500.0,0.6682628855998672,1.0,2.3746404632455915,-0.22646212753490028,0.44819059045482385,3.188906299145332,3.138024833290592,2.297318577006369,0.3215189378371508,2.338151696988857e-06,4.788534675433179,1.0000000029149274
500.0,0.6682628855998672,1.5,2.4986615475206984,-0.20435255793009222,0.4573276631416646,3.1929223331494274,3.138024833290592,3.445977865509554,0.3215189378371508,2.338151696988857e-06,4.788534675433179,0.999999992415468
500.0,0.6682628855998672,2.0,2.6786643488264352,-0.17414169376496405,0.47175420551215735,3.2001344292252636,3.138024833290592,4.594637154012738,0.3215189378371508,2.338151696988857e-06,4.788534675433179,1.0000000047262363
500.0,0.6682628855998672,2.5,2.923055598692432,-0.13622291528777422,0.493629300487377,3.2138644410560455,3.138024833290592,5.7432964425159225,0.3215189378371508,2.338151696988857e-06,4.788534675433179,0.9999999958150888
500.0,0.6682628855998672,3.0,3.2795037466554335,-0.08625185993169812,0.5274728860714684,3.245801784987414,3.138024833290592,6.891955731019108,0.3215189378371508,2.338151696988857e-06,4.788534675433179,1.0000000020058335
500.0,0.6682628855998672,3.5,4.04794927323826,0.005175070188873078,0.586316545868921,5.789215044157557,3.138024833290592,8.040615019522292,0.3215189378371508,2.338151696988857e-06,4.788534675433179,1.0000000002328306
500.0,0.6682628855998672,4.0,4.980459574387087,0.09520942802038783,0.6864880490018707,5.79529292361344,3.138024833290592,9.189274308025476,0.3215189378371508,2.338151696988857e-06,4.788534675433179,0.9999999982228587
500.0,0.6682628855998672,4.5,5.8143477608753305,0.16244101238997863,0.8692543266341064,3.050130321185321,3.138024833290592,10.33793359652866,0.3215189378371508,2.338151696988857e-06,4.788534675433179,0.9999999985160994
500.0,0.6682628855998672,5.0,6.387222388678543,0.20325204624767138,1.068018496288636,5.81704045313786,3.138024833290592,11.486592885031845,0.3215189378371508,2.338151696988857e-06,4.788534675433179,1.0000000001051053
500.0,0.6682628855998672,5.5,6.958317527486984,0.2404442516074667,1.229322029667425,5.840888124654103,3.138024833290592,12.635252173535031,0.3215189378371508,2.338151696988857e-06,4.788534675433179,0.9999999998609922
500.0,0.6682628855998672,6.0,7.487218875269585,0.27226053779745774,1.4013698678654842,5.898598472057643,3.138024833290592,13.783911462038215,0.3215189378371508,2.338151696988857e-06,4.788534675433179,0.9999999986194176
500.0,0.6695894264398147,0.0,2.2758931902216237,-0.24490811496953127,0.4423734140363581,3.17987480524101,3.1318080115581126,0.0,0.32088196839734767,2.3335195245058784e-06,4.779047986188039,1.00000000028744
500.0,0.6695894264398147,0.5,2.2991888627629007,-0.2404853442488117,0.4440149687620552,3.180523179582334,3.1318080115581126,1.1509394442476064,0.32088196839734767,2.3335195245058784e-06,4.779047986188039,0.9999999989817706
500.0,0.6695894264398147,1.0,2.3707023508532865,-0.2271829609670601,0.4491358085133861,3.1826119228236376,3.1318080115581126,2.301878888495213,0.32088196839734767,2.3335195245058784e-06,4.779047986188039,1.0000000077829772
500.0,0.6695894264398147,1.5,2.4955380268231258,-0.20489579932833724,0.4583734122705703,3.1866600557480993,3.1318080115581126,3.452818332742819,0.32088196839734767,2.3335195245058784e-06,4.779047986188039,1.0000000051665603
500.0,0.6695894264398147,2.0,2.6766718080971104,-0.1744648665624459,0.47297329880923544,3.1939476481347024,3.1318080115581126,4.603757776990426,0.32088196839734767,2.3335195245058784e-06,4.779047986188039,1.0000000024344822
500.0,0.6695894264398147,2.5,2.9228928358907322,-0.13624709852765277,0.4951424006098717,3.2078847867670355,3.1318080115581126,5.7546972212380325,0.32088196839734767,2.3335195245058784e-06,4.779047986188039,0.9999999960327765
500.0,0.6695894264398147,3.0,3.2891432316274525,-0.08497720530319479,0.5296512043489136,3.2406330261787426,3.1318080115581126,6.905636665485638,0.32088196839734767,2.3335195245058784e-06,4.779047986188039,1.0000000019995974
500.0,0.6695894264398147,3.5,4.065273298690856,0.007029756172497557,0.5895188063195842,5.777891892791613,3.1318080115581126,8.056576109733246,0.32088196839734767,2.3335195245058784e-06,4.779047986188039,0.9999999999264315
500.0,0.6695894264398147,4.0,4.999208871016404,0.09684129098070439,0.6919018035518149,5.784037624436955,3.1318080115581126,9.207515553980851,0.32088196839734767,2.3335195245058784e-06,4.779047986188039,1.000000002925019
500.0,0.6695894264398147,4.5,5.825087583988372,0.16324246831977562,0.8786806070566313,3.041421340381033,3.1318080115581126,10.358454998228456,0.32088196839734767,2.3335195245058784e-06,4.779047986188039,0.9999999995456461
500.0,0.6695894264398147,5.0,6.3955355462313035,0.20381692574859497,1.0767391476756247,5.8061960577113,3.1318080115581126,11.509394442476065,0.32088196839734767,2.3335195245058784e-06,4.779047986188039,1.0000000002650609
500.0,0.6695894264398147,5.5,6.968901126381094,0.24110431153722034,1.2392661390006718,5.830812267651723,3.1318080115581126,12.660333886723672,0.32088196839734767,2.3335195245058784e-06,4.779047986188039,1.000000001001905
500.0,0.6695894264398147,6.0,7.497360820325556,0.27284842101281936,1.4126568300156057,5.891803857353408,3.1318080115581126,13.811273330971275,0.32088196839734767,2.3335195245058784e-06,4.779047986188039,1.0000000007941885
500.0,0.7386277204483878,0.0,2.0631692714615113,-0.28752513046779976,0.4879845073629092,2.882657241322052,2.839083170214358,0.0,0.29088966907934,2.115409368946344e-06,4.332358387602112,1.00000000028744
500.0,0.7386277204483878,0.5,2.0945256242225208,-0.280974313481824,0.49067836159143907,2.883534938015157,2.839083170214358,1.269607530391843,0.29088966907934,2.115409368946344e-06,4.332358387602112,1.0000000028494058
500.0,0.7386277204483878,1.0,2.1918627104830026,-0.2612466431337527,0.49924362299875635,2.8864664590549114,2.839083170214358,2.539215060783686,0.29088966907934,2.115409368946344e-06,4.332358387602112,1.0000000018931505
500.0,0.7386277204483878,1.5,2.363685001187983,-0.22847039194488816,0.515315145643258,2.892646669984479,2.839083170214358,3.8088225911755296,0.29088966907934,2.115409368946344e-06,4.332358387602112,0.999999997464714
500.0,0.7386277204483878,2.0,2.6160645642215674,-0.18441153319746767,0.5423429639392001,2.9057967413549832,2.839083170214358,5.078430121567372,0.29088966907934,2.115409368946344e-06,4.332358387602112,0.9999999988769424
500.0,0.7386277204483878,2.5,3.034132962629802,-0.12002538268504685,0.5887883600059717,2.942084103984801,2.839083170214358,6.348037651959215,0.29088966907934,2.115409368946344e-06,4.332358387602112,0.999999999497776
500.0,0.7386277204483878,3.0,3.9348633899512757,-0.007130332147544709,0.6771021625499412,5.239347390757561,2.839083170214358,7.617645182351059,0.29088966907934,2.115409368946344e-06,4.332358387602112,0.9999999994616324
500.0,0.7386277204483878,3.5,4.944382381358725,0.09205205887828717,0.8592804904149305,5.247104875882019,2.839083170214358,8.887252712742901,0.29088966907934,2.115409368946344e-06,4.332358387602112,0.999999997152148
500.0,0.7386277204483878,4.0,5.668448113916549,0.15140418435270517,1.136320971830499,5.259620978828013,2.839083170214358,10.156860243134744,0.29088966907934,2.115409368946344e-06,4.332358387602112,0.9999999991350378
500.0,0.7386277204483878,4.5,6.292958036142561,0.19679484438702846,1.3578327975407707,5.28431078222629,2.839083170214358,11.42646777352659,0.29088966907934,2.115409368946344e-06,4.332358387602112,1.000000000089099
500.0,0.7386277204483878,5.0,6.877162354318521,0.23534928584994122,1.5911154135106238,5.359744463302921,2.839083170214358,12.69607530391843,0.29088966907934,2.115409368946344e-06,4.332358387602112,0.999999999464099
500.0,0.7386277204483878,5.5,7.539692756038676,0.27529365731691746,1.802819351636047,7.586001119682591,2.839083170214358,13.965682834310273,0.29088966907934,2.115409368946344e-06,4.332358387602112,1.0000000009874421
500.0,0.7386277204483878,6.0,8.53031625772101,0.32890514141482274,1.964784648596706,7.598102946766951,2.839083170214358,15.235290364702118,0.29088966907934,2.115409368946344e-06,4.332358387602112,1.0000000000659
500.0,0.7419737192111322,0.0,2.0538652197802976,-0.2894880507162817,0.49019508721615873,2.8696576332319768,2.8262800634076024,0.0,0.2895778753491396,2.105869735738421e-06,4.312821218792286,1.00000000028744
500.0,0.7419737192111322,0.5,2.0856545898098955,-0.2828176058187561,0.4929512429861787,2.8705477660160663,2.8262800634076024,1.2753588786126806,0.2895778753491396,2.105869735738421e-06,4.312821218792286,1.0000000059716971
500.0,0.7419737192111322,1.0,2.184397767678944,-0.2627282672866557,0.5017240070023766,2.8735268984825435,2.8262800634076024,2.550717757225361,0.2895778753491396,2.105869735738421e-06,4.312821218792286,0.9999999970863368
500.0,0.7419737192111322,1.5,2.3586471952047487,-0.22939700704879057,0.5182217944992822,2.8798387001289494,2.8262800634076024,3.8260766358380423,0.2895778753491396,2.105869735738421e-06,4.312821218792286,0.9999999995092315
500.0,0.7419737192111322,2.0,2.615278348580274,-0.1845420729547965,0.5460655191264094,2.8934142257175015,2.8262800634076024,5.101435514450722,0.2895778753491396,2.105869735738421e-06,4.312821218792286,0.9999999988725109
500.0,0.7419737192111322,2.5,3.0551580225290556,-0.11702631307098775,0.5945288551793099,2.9319338295810713,2.8262800634076024,6.376794393063403,0.2895778753491396,2.105869735738421e-06,4.312821218792286,1.0000000014960317
500.0,0.7419737192111322,3.0,3.9718025375636716,-0.0030723423853318654,0.6873431433219056,5.216067846168725,2.8262800634076024,7.6521532716760845,0.2895778753491396,2.105869735738421e-06,4.312821218792286,1.000000001072438
500.0,0.7419737192111322,3.5,4.979819450596494,0.09515360584318279,0.879943486245637,5.224054581767593,2.8262800634076024,8.927512150288765,0.2895778753491396,2.105869735738421e-06,4.312821218792286,0.9999999991728602
500.0,0.7419737192111322,4.0,5.686300060756544,0.1527697819463429,1.1601351071699133,5.237126962697309,2.8262800634076024,10.202871028901445,0.2895778753491396,2.105869735738421e-06,4.312821218792286,0.9999999971954336
500.0,0.7419737192111322,4.5,6.314764011594214,0.19829713389158268,1.3829316386693513,5.263624665107804,2.8262800634076024,11.478229907514125,0.2895778753491396,2.105869735738421e-06,4.312821218792286,1.000000001133577
500.0,0.7419737192111322,5.0,6.899064547187146,0.23673021686780812,1.6195748468307742,5.3509742677372065,2.8262800634076024,12.753588786126805,0.2895778753491396,2.105869735738421e-06,4.312821218792286,1.0000000000737992
500.0,0.7419737192111322,5.5,7.5924874600429035,0.2783240919704514,1.8295776101661394,7.55275999780467,2.8262800634076024,14.028947664739489,0.2895778753491396,2.105869735738421e-06,4.312821218792286,1.0000000009548375
500.0,0.7419737192111322,6.0,8.604792983348796,0.33268043507637596,1.9886278769500307,7.565565391316552,2.8262800634076024,15.304306543352169,0.2895778753491396,2.105869735738421e-06,4.312821218792286,0.9999999994196668
500.0,0.7810249675906655,0.0,1.9511719587912828,-0.31176444542743387,0.5159948286485883,2.7261747515703783,2.684966060237222,0.0,0.2750989815816826,2.0005762489515e-06,4.097180157852671,1.00000000028744
500.0,0.7810249675906655,0.5,1.9883228618572872,-0.30357308524138454,0.5195687064238255,2.7272193060636307,2.684966060237222,1.3424830301186113,0.2750989815816826,2.0005762489515e-06,4.097180157852671,0.9999999982627981
500.0,0.7810249675906655,1.0,2.1046462621280964,-0.27888087895458585,0.5311017864540071,2.7308098457788694,2.684966060237222,2.6849660602372225,0.2750989815816826,2.0005762489515e-06,4.097180157852671,1.0000000056851732
500.0,0.7810249675906655,1.5,2.3096501656326796,-0.23851378747086424,0.5534218081782971,2.7389378728166585,2.684966060237222,4.027449090355834,0.2750989815816826,2.0005762489515e-06,4.097180157852671,1.0000000019519713
500.0,0.7810249675906655,2.0,2.6212272482476813,-0.18355531743143116,0.5928626394919154,2.7592887502218817,2.684966060237222,5.369932120474445,0.2750989815816826,2.0005762489515e-06,4.097180157852671,1.00000000225397
500.0,0.7810249675906655,2.5,3.3305590763249606,-0.07954284989884473,0.6713255093851039,2.853806375210282,2.684966060237222,6.712415150593057,0.2750989815816826,2.0005762489515e-06,4.097180157852671,1.000000001022848
500.0,0.7810249675906655,3.0,4.41047558131567,0.04242543061265789,0.8363616654889345,4.959810919966498,2.684966060237222,8.054898180711668,0.2750989815816826,2.0005762489515e-06,4.097180157852671,1.00000000065351
500.0,0.7810249675906655,3.5,5.260109221957114,0.118934770696652,1.1536298570498567,4.971541934340636,2.684966060237222,9.397381210830279,0.2750989815816826,2.0005762489515e-06,4.097180157852671,1.0000000007477603
500.0,0.7810249675906655,4.0,5.919017681224003,0.17018964596549094,1.4223379693051938,4.995574522200188,2.684966060237222,10.73986424094889,0.2750989815816826,2.0005762489515e-06,4.097180157852671,1.0000000026264786
500.0,0.7810249675906655,4.5,6.538610211277854,0.21342545704003113,1.6979607429739743,5.07860206354474,2.684966060237222,12.082347271067501,0.2750989815816826,2.0005762489515e-06,4.097180157852671,1.0000000004507135
500.0,0.7810249675906655,5.0,7.286497529564027,0.26045883066538783,1.941371946039405,7.1758976857429975,2.684966060237222,13.424830301186114,0.2750989815816826,2.0005762489515e-06,4.097180157852671,1.0000000001549096
500.0,0.7810249675906655,5.5,8.367652926914843,0.32054366692424197,2.1205945001225666,7.190413268592095,2.684966060237222,14.767313331304726,0.2750989815816826,2.0005762489515e-06,4.097180157852671,0.9999999988884348
500.0,0.7810249675906655,6.0,9.317642608681599,0.36724605712657377,2.302367292678367,7.220557470713722,2.684966060237222,16.109796361423335,0.2750989815816826,2.0005762489515e-06,4.097180157852671,1.0000000004032377
500.0,0.8164016305125923,0.0,1.8666229450349827,-0.33100339133736495,0.539366904932999,2.608042986948571,2.568619968167088,0.0,0.2631782754269557,1.913886427467026e-06,3.9196394034524693,1.00000000028744
500.0,0.8164016305125923,0.5,1.909141984762201,-0.32122176282654014,0.5438425720109457,2.609243598969154,2.568619968167088,1.4032910344791119,0.2631782754269557,1.913886427467026e-06,3.9196394034524693,0.9999999968659401
500.0,0.8164016305125923,1.0,2.043395375892112,-0.29170758506989725,0.5584964120971488,2.613491188753808,2.568619968167088,2.8065820689582237,0.2631782754269557,1.913886427467026e-06,3.9196394034524693,1.0000000004351786
500.0,0.8164016305125923,1.5,2.280536242099006,-0.2440230129230979,0.5877332474958503,2.6238586987961368,2.568619968167088,4.209873103437335,0.2631782754269557,1.913886427467026e-06,3.9196394034524693,0.9999999956644978
500.0,0.8164016305125923,2.0,2.667854138942275,-0.17589790985562348,0.6426847496409399,2.6555819584390346,2.568619968167088,5.613164137916447,0.2631782754269557,1.913886427467026e-06,3.9196394034524693,0.9999999979464611
500.0,0.8164016305125923,2.5,3.6588665767149635,-0.03871341842319134,0.7643154823534137,4.7408596569188335,2.568619968167088,7.01645517239556,0.2631782754269557,1.913886427467026e-06,3.9196394034524693,1.0000000013202817
500.0,0.8164016305125923,3.0,4.7359239328886975,0.07334472692406412,1.0503343181836504,2.4992302563928503,2.568619968167088,8.41974620687467,0.2631782754269557,1.913886427467026e-06,3.9196394034524693,0.9999999992981545
500.0,0.8164016305125923,3.5,5.439167224846083,0.1334724198886557,1.3934862427754375,4.768644357647409,2.568619968167088,9.823037241353783,0.2631782754269557,1.913886427467026e-06,3.9196394034524693,1.0000000012914987
500.0,0.8164016305125923,4.0,6.102891258895894,0.1834756404536021,1.6989657739908184,4.823604373528022,2.568619968167088,11.226328275832895,0.2631782754269557,1.913886427467026e-06,3.9196394034524693,0.9999999988271712
500.0,0.8164016305125923,4.5,6.8183261722462385,0.23161778166030825,1.9916295071062757,6.863283863893769,2.568619968167088,12.629619310312005,0.2631782754269557,1.913886427467026e-06,3.9196394034524693,0.9999999998227398
500.0,0.8164016305125923,5.0,7.923125967175445,0.29683656935872904,2.204300625111719,6.877498928917866,2.568619968167088,14.03291034479112,0.2631782754269557,1.913886427467026e-06,3.9196394034524693,1.0000000005159428
500.0,0.8164016305125923,5.5,8.928424986460136,0.34871486285534514,2.4108799242092323,6.908538972862887,2.568619968167088,15.43620137927023,0.2631782754269557,1.913886427467026e-06,3.9196394034524693,0.9999999996642809
500.0,0.8164016305125923,6.0,9.697532801564112,0.38460126593244814,2.686563084765775,8.973060877205388,2.568619968167088,16.83949241374934,0.2631782754269557,1.913886427467026e-06,3.9196394034524693,0.999999999226016
500.0,0.8200762159701989,0.0,1.8582590083726502,-0.332953744497372,0.5417945700810177,2.596356906257503,2.557110533559259,0.0,0.26199903007779296,1.9053107132871425e-06,3.9020763408120676,1.00000000028744
500.0,0.8200762159701989,0.5,1.9013647259449848,-0.32299455869603383,0.5463736804230617,2.597574674472089,2.557110533559259,1.409607181624542,0.26199903007779296,1.9053107132871425e-06,3.9020763408120676,1.0000000020726878
500.0,0.8200762159701989,1.0,2.0375982664762056,-0.29294142885617797,0.5613904858606436,2.6018970400972794,2.557110533559259,2.819214363249084,0.26199903007779296,1.9053107132871425e-06,3.9020763408120676,1.0000000051665603
500.0,0.8200762159701989,1.5,2.278335920986185,-0.24444223388728792,0.5914545690929952,2.612540796482464,2.557110533559259,4.228821544873625,0.26199903007779296,1.9053107132871425e-06,3.9020763408120676,0.9999999969146532
500.0,0.8200762159701989,2.0,2.6855742028053857,-0.17302283483103556,0.6486875961527104,2.6459657859164127,2.557110533559259,5.638428726498168,0.26199903007779296,1.9053107132871425e-06,3.9020763408120676,1.0000000019995974
500.0,0.8200762159701989,2.5,3.694861315742063,-0.03446184925700374,0.7762259286029145,4.719947919527614,2.557110533559259,7.048035908122709,0.26199903007779296,1.9053107132871425e-06,3.9020763408120676,1.0000000011682904
500.0,0.8200762159701989,3.0,4.756164095931053,0.07519683879193494,1.0761595670838573,2.4833101255817347,2.557110533559259,8.45764308974725,0.26199903007779296,1.9053107132871425e-06,3.9020763408120676,0.9999999995456461
500.0,0.8200762159701989,3.5,5.458996459424901,0.13505282130503182,1.418559740294882,4.749048557416888,2.557110533559259,9.867250271371795,0.26199903007779296,1.9053107132871425e-06,3.9020763408120676,0.9999999975141373
500.0,0.8200762159701989,4.0,6.1215694757773065,0.18480279148497866,1.730144207597913,4.810637705025845,2.557110533559259,11.276857452996335,0.26199903007779296,1.9053107132871425e-06,3.9020763408120676,1.0000000007941885
500.0,0.8200762159701989,4.5,6.864559749290446,0.23455269815670818,2.0210284971550063,6.833399591841707,2.557110533559259,12.686464634620878,0.26199903007779296,1.9053107132871425e-06,3.9020763408120676,0.9999999991312195
500.0,0.8200762159701989,5.0,7.996652837986552,0.3008482508916949,2.2308419642882793,6.848480158061982,2.557110533559259,14.096071816245418,0.26199903007779296,1.9053107132871425e-06,3.9020763408120676,0.9999999993508084
500.0,0.8200762159701989,5.5,8.968135465660135,0.3506421684222401,2.4463502624728646,6.882867267824446,2.557110533559259,15.505678997869962,0.26199903007779296,1.9053107132871425e-06,3.9020763408120676,1.0000000006331458
500.0,0.8200762159701989,6.0,9.736481778141162,0.38634206407599986,2.729698985849933,8.933898854084648,2.557110533559259,16.9152861794945,0.26199903007779296,1.9053107132871425e-06,3.9020763408120676,1.0000000010232022
500.0,0.9023647554129298,0.0,1.6888004620497628,-0.37448165220693014,0.5961596193066245,2.359589660632745,2.3239222471839525,0.0,0.2381067876213066,1.7315614230577823e-06,3.5462377944223378,1.00000000028744
500.0,0.9023647554129298,0.5,1.7465763754146049,-0.35987240983074775,0.6036223297230467,2.3612429834200808,2.3239222471839525,1.5510507619954705,0.2381067876213066,1.7315614230577823e-06,3.5462377944223378,0.9999999956406135
500.0,0.9023647554129298,1.0,1.9322621530344222,-0.3159939438381872,0.6291695437852856,2.3676608267416683,2.3239222471839525,3.102101523990941,0.2381067876213066,1.7315614230577823e-06,3.5462377944223378,0.9999999979055425
500.0,0.9023647554129298,1.5,2.270250491354919,-0.24598621298444356,0.6852424233321032,2.3883862746489966,2.3239222471839525,4.653152285986412,0.2381067876213066,1.7315614230577823e-06,3.5462377944223378,1.0000000000731095
500.0,0.9023647554129298,2.0,3.1960915634835216,-0.09744077858775482,0.8224942362752691,4.288495624162731,2.3239222471839525,6.204203047981882,0.2381067876213066,1.7315614230577823e-06,3.5462377944223378,1.0000000025992677
500.0,0.9023647554129298,2.5,4.359396432954674,0.03736637317403506,1.2076517861109468,2.2518135453815487,2.3239222471839525,7.755253809977353,0.2381067876213066,1.7315614230577823e-06,3.5462377944223378,0.9999999995135311
500.0,0.9023647554129298,3.0,5.128276283641513,0.10791142323832281,1.6460375817810649,4.324121202402305,2.3239222471839525,9.306304571972824,0.2381067876213066,1.7315614230577823e-06,3.5462377944223378,1.000000001454251
500.0,0.9023647554129298,3.5,5.8619608571975075,0.16598292281541557,2.06652900907394,6.205619408060627,2.3239222471839525,10.857355333968295,0.2381067876213066,1.7315614230577823e-06,3.5462377944223378,1.00000000087231
500.0,0.9023647554129298,4.0,6.930972834513426,0.23873420533415984,2.3902573039131254,6.218656760089345,2.3239222471839525,12.408406095963764,0.2381067876213066,1.7315614230577823e-06,3.5462377944223378,1.0000000002349232
500.0,0.9023647554129298,4.5,8.07417208418196,0.3050380099284275,2.6634184903734535,6.25017950257699,2.3239222471839525,13.959456857959236,0.2381067876213066,1.7315614230577823e-06,3.5462377944223378,1.000000000162646
500.0,0.9023647554129298,5.0,8.923317224481945,0.34846634112829744,3.0381367844333527,8.120197215928085,2.3239222471839525,15.510507619954707,0.2381067876213066,1.7315614230577823e-06,3.5462377944223378,1.0000000006019745
500.0,0.9023647554129298,5.5,9.851366828696435,0.3914364995735779,3.419760661049842,8.136541423612334,2.3239222471839525,17.061558381950178,0.2381067876213066,1.7315614230577823e-06,3.5462377944223378,0.9999999994557365
500.0,0.9023647554129298,6.0,11.081486219808093,0.44253801940525295,3.7191985275562445,10.02325803839798,2.3239222471839525,18.612609143945647,0.2381067876213066,1.7315614230577823e-06,3.5462377944223378,1.0000000002966052
500.0,0.9973793796812823,0.0,1.5279181091208758,-0.41795991307649544,0.658932330555151,2.1348050605098186,2.1025354773716383,0.0,0.2154237169438154,1.5666054781474478e-06,3.208408019245973,1.00000000028744
500.0,0.9973793796812823,0.5,1.606671941034875,-0.396132782108413,0.6714429686496762,2.1371056668341217,2.1025354773716383,1.7143688708734073,0.2154237169438154,1.5666054781474478e-06,3.208408019245973,1.000000002189103
500.0,0.9973793796812823,1.0,1.8631045694381685,-0.3318227603418179,0.7173041301898102,2.1475552723371076,2.1025354773716383,3.4287377417468146,0.2154237169438154,1.5666054781474478e-06,3.208408019245973,0.9999999999573174
500.0,0.9973793796812823,1.5,2.5279839321014315,-0.19928568209018652,0.8429666741636795,2.2162929540762635,2.1025354773716383,5.143106612620222,0.2154237169438154,1.5666054781474478e-06,3.208408019245973,0.9999999980300546
500.0,0.9973793796812823,2.0,3.853635571668083,-0.016189349170676576,1.2691259619252808,3.8880636205585812,2.1025354773716383,6.857475483493629,0.2154237169438154,1.5666054781474478e-06,3.208408019245973,0.999999997653782
500.0,0.9973793796812823,2.5,4.713656247104181,0.0712979162134828,1.869808900751209,3.916798236958767,2.1025354773716383,8.571844354367036,0.2154237169438154,1.5666054781474478e-06,3.208408019245973,0.9999999971955332
500.0,0.9973793796812823,3.0,5.552696384088515,0.14244393600380426,2.4190622068411227,5.617535158201986,2.1025354773716383,10.286213225240443,0.2154237169438154,1.5666054781474478e-06,3.208408019245973,1.0000000001307598
500.0,0.9973793796812823,3.5,6.911244450509571,0.2374962628955113,2.797074520855104,5.63805966212751,2.1025354773716383,12.00058209611385,0.2154237169438154,1.5666054781474478e-06,3.208408019245973,0.9999999991686302
500.0,0.9973793796812823,4.0,7.900153215897379,0.29557552276925364,3.2613442876428906,7.344410804768329,2.1025354773716383,13.714950966987258,0.2154237169438154,1.5666054781474478e-06,3.208408019245973,0.9999999989928401
500.0,0.9973793796812823,4.5,8.908528567490333,0.34774598568403786,3.7779807852307963,7.361316652344796,2.1025354773716383,15.429319837860664,0.2154237169438154,1.5666054781474478e-06,3.208408019245973,0.9999999999284847
500.0,0.9973793796812823,5.0,10.257402738769185,0.40897741632745327,4.16651284922119,9.070161231811216,2.1025354773716383,17.14368870873407,0.2154237169438154,1.5666054781474478e-06,3.208408019245973,0.9999999998761744
500.0,0.9973793796812823,5.5,11.298000032478075,0.45094158032080145,4.413610971475164,2.1003236925820503,2.1025354773716383,18.85805757960748,0.2154237169438154,1.5666054781474478e-06,3.208408019245973,0.9999999999828588
500.0,0.9973793796812823,6.0,12.427223919741731,0.49231413240706917,4.790315681877228,2.1076688211375743,2.1025354773716383,20.572426450480886,0.2154237169438154,1.5666054781474478e-06,3.208408019245973,1.0000000004133593
500.0,1.04930929663279,0.0,1.4523020245498472,-0.44000304854827227,0.6932405405497539,2.0291543721420693,1.998481798367861,0.0,0.2047624793409694,1.4890747704361602e-06,3.049625129853256,1.00000000028744
500.0,1.04930929663279,0.5,1.544602474334538,-0.4132432651186464,0.7095448952709348,2.0318903558389545,1.998481798367861,1.803629823026995,0.2047624793409694,1.4890747704361602e-06,3.049625129853256,0.9999999970863368
500.0,1.04930929663279,1.0,1.849281054971467,-0.3350570707867871,0.7722532630928731,2.045952819786469,1.998481798367861,3.60725964605399,0.2047624793409694,1.4890747704361602e-06,3.049625129853256,0.9999999988725109
500.0,1.04930929663279,1.5,2.8084885078452095,-0.15358734021732243,0.972049995289993,3.688316945155015,1.998481798367861,5.410889469080985,0.2047624793409694,1.4890747704361602e-06,3.049625129853256,1.000000001072438
500.0,1.04930929663279,2.0,4.02082133282243,0.002254784114352345,1.6406788027448556,3.7032079892581744,1.998481798367861,7.21451929210798,0.2047624793409694,1.4890747704361602e-06,3.049625129853256,0.9999999971954336
500.0,1.04930929663279,2.5,4.8783753251597295,0.08621521903581757,2.2904247136664093,3.7837101906716994,1.998481798367861,9.018149115134975,0.2047624793409694,1.4890747704361602e-06,3.049625129853256,1.0000000000737992
500.0,1.04930929663279,3.0,6.084507469232356,0.1821654372443854,2.812344514095948,5.34966259171019,1.998481798367861,10.82177893816197,0.2047624793409694,1.4890747704361602e-06,3.049625129853256,0.9999999994196668
500.0,1.04930929663279,3.5,7.286436760097989,0.26045520862973676,3.2920733729402176,5.409144856833757,1.998481798367861,12.625408761188964,0.2047624793409694,1.4890747704361602e-06,3.049625129853256,0.9999999988726374
500.0,1.04930929663279,4.0,8.318557314243325,0.31798802188687625,3.9020050231212773,6.99370953825268,1.998481798367861,14.42903858421596,0.2047624793409694,1.4890747704361602e-06,3.049625129853256,0.9999999996746876
500.0,1.04930929663279,4.5,9.702805456495252,0.38483733243474266,4.371308940842945,8.620906076261862,1.998481798367861,16.232668407242958,0.2047624793409694,1.4890747704361602e-06,3.049625129853256,1.000000000954772
500.0,1.04930929663279,5.0,10.807888518859214,0.4316808650511138,4.662948507015551,1.9970056389155175,1.998481798367861,18.03629823026995,0.2047624793409694,1.4890747704361602e-06,3.049625129853256,1.0000000003850713
500.0,1.04930929663279,5.5,12.031406201085975,0.4782563982464481,5.128122286097564,2.0047785085105594,1.998481798367861,19.839928053296944,0.2047624793409694,1.4890747704361602e-06,3.049625129853256,0.9999999993197178
500.0,1.04930929663279,6.0,13.379622665533049,0.5243838742273387,5.717604233622219,10.279496772381597,1.998481798367861,21.64355787632394,0.2047624793409694,1.4890747704361602e-06,3.049625129853256,1.0000000001481095
500.0,1.102398582221007,0.0,1.38236209702714,-0.4614381739460606,0.728314703293454,1.9314344025207435,1.9022389578494627,0.0,0.19490153256654333,1.4173639418621395e-06,2.9027613529336618,1.00000000028744
500.0,1.102398582221007,0.5,1.4902198720645001,-0.42880964091596385,0.7494610301403011,1.9346892680888024,1.9022389578494627,1.8948835830740811,0.19490153256654333,1.4173639418621395e-06,2.9027613529336618,1.000000006110092
500.0,1.102398582221007,1.0,1.852950998443031,-0.33419605683755094,0.8356900248258132,1.9545266398509824,1.9022389578494627,3.7897671661481622,0.19490153256654333,1.4173639418621395e-06,2.9027613529336618,0.9999999961173003
500.0,1.102398582221007,1.5,3.107645833938988,-0.10962847319726285,1.17194631106978,3.5137716304847615,1.9022389578494627,5.684650749222244,0.19490153256654333,1.4173639418621395e-06,2.9027613529336618,0.9999999986683016
500.0,1.102398582221007,2.0,4.179116374393064,0.019024473630700735,1.9967672662279266,3.538454758473968,1.9022389578494627,7.5795343322963245,0.19490153256654333,1.4173639418621395e-06,2.9027613529336618,0.9999999984527691
500.0,1.102398582221007,2.5,5.134490572739607,0.10843736947326432,2.728600074787485,5.083669095396794,1.9022389578494627,9.474417915370404,0.19490153256654333,1.4173639418621395e-06,2.9027613529336618,1.0000000000828724
500.0,1.102398582221007,3.0,6.5749963848065,0.21583552704158676,3.2359787049837,5.11410088016507,1.9022389578494627,11.369301498444488,0.19490153256654333,1.4173639418621395e-06,2.9027613529336618,1.0000000022648026
500.0,1.102398582221007,3.5,7.6314185064752795,0.28054527955960984,3.929052879784223,6.651612883268304,1.9022389578494627,13.264185081518571,0.19490153256654333,1.4173639418621395e-06,2.9027613529336618,0.9999999997410877
500.0,1.102398582221007,4.0,9.01124738790992,0.352724921314743,4.525326887607818,8.204090117662739,1.9022389578494627,15.159068664592649,0.19490153256654333,1.4173639418621395e-06,2.9027613529336618,0.9999999998982892
500.0,1.102398582221007,4.5,10.216987505687737,0.4072628709564289,4.876944404465878,1.9001930475564186,1.9022389578494627,17.05395224766673,0.19490153256654333,1.4173639418621395e-06,2.9027613529336618,1.000000000444063
500.0,1.102398582221007,5.0,11.50359650003209,0.4587736486716591,5.409818883779031,1.9086025411129945,1.9022389578494627,18.94883583074081,0.19490153256654333,1.4173639418621395e-06,2.9027613529336618,0.9999999993935667
500.0,1.102398582221007,5.5,12.892599137705837,0.50828048827323,6.088650441585944,9.788147345466106,1.9022389578494627,20.843719413814895,0.19490153256654333,1.4173639418621395e-06,2.9027613529336618,0.9999999991124822
500.0,1.102398582221007,6.0,14.113222434441736,0.547566195049616,6.622071494893742,11.332543846467507,1.9022389578494627,22.738602996888975,0.19490153256654333,1.4173639418621395e-06,2.9027613529336618,1.0000000000250602
500.0,1.1045361017187263,0.0,1.3796869233223548,-0.46227944325942455,0.7297268847892148,1.9276966535349658,1.898557708449468,0.0,0.1945243553739209,1.414621031914352e-06,2.897143873360593,1.00000000028744
500.0,1.1045361017187263,0.5,1.4882096439496968,-0.4293958767865765,0.7510913494038363,1.9309741600812285,1.898557708449468,1.8985577084494685,0.1945243553739209,1.414621031914352e-06,2.897143873360593,1.0000000056851732
500.0,1.1045361017187263,1.0,1.8534875622668892,-0.3340703152634218,0.8384343853937778,1.9511117865336463,1.898557708449468,3.797115416898937,0.1945243553739209,1.414621031914352e-06,2.897143873360593,1.00000000225397
500.0,1.1045361017187263,1.5,3.1186771918059906,-0.10808956721933272,1.182794010383401,3.5071159349113987,1.898557708449468,5.695673125348405,0.1945243553739209,1.414621031914352e-06,2.897143873360593,1.00000000065351
500.0,1.1045361017187263,2.0,4.1853775403565665,0.019674648133500297,2.011489646469612,3.5324046205705,1.898557708449468,7.594230833797874,0.1945243553739209,1.414621031914352e-06,2.897143873360593,1.0000000026264786
500.0,1.1045361017187263,2.5,5.152331814253749,0.10994383283339716,2.7455145356995754,5.074125914689726,1.898557708449468,9.492788542247343,0.1945243553739209,1.414621031914352e-06,2.897143873360593,1.0000000001549096
500.0,1.1045361017187263,3.0,6.58856827327147,0.21673105929458308,3.2560390508699717,5.105705151488858,1.898557708449468,11.39134625069681,0.1945243553739209,1.414621031914352e-06,2.897143873360593,1.0000000004032377
500.0,1.1045361017187263,3.5,7.647268441973508,0.28144634416259934,3.956262785525233,6.63925261963895,1.898557708449468,13.28990395914628,0.1945243553739209,1.414621031914352e-06,2.897143873360593,0.9999999994531913
500.0,1.1045361017187263,4.0,9.039685496408943,0.35409332968388996,4.5483322838089135,8.188531697764844,1.898557708449468,15.188461667595748,0.1945243553739209,1.414621031914352e-06,2.897143873360593,0.9999999997603551
500.0,1.1045361017187263,4.5,10.238142196417698,0.40816116579588485,4.899009811271236,1.896895261326303,1.898557708449468,17.087019376045212,0.1945243553739209,1.414621031914352e-06,2.897143873360593,0.9999999992706962
500.0,1.1045361017187263,5.0,11.54014762306223,0.4601513730785148,5.445869591042492,1.9053647813504342,1.898557708449468,18.985577084494686,0.1945243553739209,1.414621031914352e-06,2.897143873360593,0.9999999998043795
500.0,1.1045361017187263,5.5,12.91579199065784,0.5090610507436308,6.127026919769992,9.770566254320164,1.898557708449468,20.884134792944156,0.1945243553739209,1.414621031914352e-06,2.897143873360593,1.0000000000504425
500.0,1.1045361017187263,6.0,14.153119188641,0.5487921727111028,6.65671212025208,11.311308643785596,1.898557708449468,22.78269250139362,0.1945243553739209,1.414621031914352e-06,2.897143873360593,1.0000000006450185
500.0,1.1597629068046627,0.0,1.3139875460212902,-0.4834687423293626,0.7662132290286756,1.8359015747952054,1.8081501985233026,0.0,0.1852612908323056,1.347258125632716e-06,2.7591846412958025,1.00000000028744
500.0,1.1597629068046627,0.5,1.4407995515592786,-0.4434564266881686,0.7939260388913435,1.8398190410019923,1.8081501985233026,1.993485593871942,0.1852612908323056,1.347258125632716e-06,2.7591846412958025,1.0000000051665603
500.0,1.1597629068046627,1.0,1.8989877301833447,-0.32353783266302616,0.9173827962223643,1.870980350009088,1.8081501985233026,3.986971187743884,0.1852612908323056,1.347258125632716e-06,2.7591846412958025,1.0000000019995974
500.0,1.1597629068046627,1.5,3.3631158846688325,-0.07531815904005572,1.5219194550475499,1.7559654295880613,1.8081501985233026,5.9804567816158265,0.1852612908323056,1.347258125632716e-06,2.7591846412958025,0.9999999995456461
500.0,1.1597629068046627,2.0,4.328603287826712,0.03428779365298803,2.4467934032462204,3.4016345430554646,1.8081501985233026,7.973942375487768,0.1852612908323056,1.347258125632716e-06,2.7591846412958025,1.0000000007941885
500.0,1.1597629068046627,2.5,5.65448744853494,0.15033325305970427,3.1548869614075206,4.842606760587146,1.8081501985233026,9.96742796935971,0.1852612908323056,1.347258125632716e-06,2.7591846412958025,0.9999999993508084
500.0,1.1597629068046627,3.0,6.884732290222869,0.23582706624400923,3.860377326985059,6.31722046215798,1.8081501985233026,11.960913563231653,0.1852612908323056,1.347258125632716e-06,2.7591846412958025,1.0000000010232022
500.0,1.1597629068046627,3.5,8.18252707854171,0.31082745987075155,4.627693595336591,6.344403333089566,1.8081501985233026,13.954399157103595,0.1852612908323056,1.347258125632716e-06,2.7591846412958025,0.9999999997923436
500.0,1.1597629068046627,4.0,9.558005886301297,0.37830730231730497,5.079655991832182,1.8044177693418086,1.8081501985233026,15.947884750975536,0.1852612908323056,1.347258125632716e-06,2.7591846412958025,0.9999999999382081
500.0,1.1597629068046627,4.5,10.878305717967573,0.43450126849782045,5.66447565384831,1.8137972607791457,1.8081501985233026,17.941370344847478,0.1852612908323056,1.347258125632716e-06,2.7591846412958025,1.0000000004372973
500.0,1.1597629068046627,5.0,12.3275896947986,0.4888181797871476,6.44954938370265,9.30609691186887,1.8081501985233026,19.93485593871942,0.1852612908323056,1.347258125632716e-06,2.7591846412958025,0.9999999998545321
500.0,1.1597629068046627,5.5,13.655795719696723,0.5332570201126305,7.052745254529291,10.77462880408248,1.8081501985233026,21.928341532591364,0.1852612908323056,1.347258125632716e-06,2.7591846412958025,1.0000000005785337
500.0,1.1597629068046627,6.0,15.141306268387572,0.5781033528374571,7.746299915060121,12.250350005299468,1.8081501985233026,23.921827126463306,0.1852612908323056,1.347258125632716e-06,2.7591846412958025,0.9999999996083004
500.0,1.218475796513094,0.0,1.2506723730087657,-0.5049164348156259,0.8050027027608946,1.7474377029768637,1.7210235411978316,0.0,0.17633437922108933,1.2823397924451178e-06,2.626231894927601,1.00000000028744
500.0,1.218475796513094,0.5,1.3994537207873632,-0.4561014501828015,0.8412010822796798,1.7521704286892787,1.7210235411978316,2.094405617371248,0.17633437922108933,1.2823397924451178e-06,2.626231894927601,0.9999999968905932
500.0,1.218475796513094,1.0,2.0551903773009004,-0.2892079334945965,1.026011620731224,1.8113477440545263,1.7210235411978316,4.188811234742496,0.17633437922108933,1.2823397924451178e-06,2.626231894927601,1.0000000022928375
500.0,1.218475796513094,1.5,3.495389014725898,-0.05856447432290779,1.9394124863326867,3.1900654266527146,1.7210235411978316,6.2832168521137435,0.17633437922108933,1.2823397924451178e-06,2.626231894927601,0.9999999995851251
500.0,1.218475796513094,2.0,4.522102374213729,0.05328039862583776,2.9379538727339423,4.597909614317622,1.7210235411978316,8.377622469484992,0.17633437922108933,1.2823397924451178e-06,2.626231894927601,0.9999999994852815
500.0,1.218475796513094,2.5,6.056278350016034,0.18014583604548834,3.649316086591185,4.633915877759941,1.7210235411978316,10.47202808685624,0.17633437922108933,1.2823397924451178e-06,2.626231894927601,0.999999999589154
500.0,1.218475796513094,3.0,7.252127395265909,0.25840543324264703,4.589664732383323,6.024654812076137,1.7210235411978316,12.566433704227487,0.17633437922108933,1.2823397924451178e-06,2.626231894927601,1.0000000009230168
500.0,1.218475796513094,3.5,8.802872032191322,0.3425643972127278,5.233274715893639,7.428746566844929,1.7210235411978316,14.660839321598736,0.17633437922108933,1.2823397924451178e-06,2.626231894927601,1.0000000003042033
500.0,1.218475796513094,4.0,10.114128971118564,0.4028684959444382,5.817176105362403,1.7248574489312634,1.7210235411978316,16.755244938969984,0.17633437922108933,1.2823397924451178e-06,2.626231894927601,0.9999999995472044
500.0,1.218475796513094,4.5,11.659367014502001,0.4646149819448639,6.726356978182022,8.855549044618233,1.7210235411978316,18.849650556341228,0.17633437922108933,1.2823397924451178e-06,2.626231894927601,0.9999999995203959
500.0,1.218475796513094,5.0,13.053408944488645,0.5136639527177259,7.431927243828227,10.256105001499824,1.7210235411978316,20.94405617371248,0.17633437922108933,1.2823397924451178e-06,2.626231894927601,1.0000000000388591
500.0,1.218475796513094,5.5,14.585137302464764,0.5618505305372026,8.261626080276828,11.66166075312474,1.7210235411978316,23.038461791083726,0.17633437922108933,1.2823397924451178e-06,2.626231894927601,0.9999999997665706
500.0,1.218475796513094,6.0,16.050289097011422,0.6034228679740536,9.105168760485888,13.069679112796171,1.7210235411978316,25.132867408454974,0.17633437922108933,1.2823397924451178e-06,2.626231894927601,1.0000000001399396
500.0,1.3467753774655815,0.0,1.1315279751747038,-0.5483946956851911,0.8897655759549318,1.580969315758195,1.557071479970984,0.0,0.159536012292109,1.1601786208331031e-06,2.376045815466195,1.00000000028744
500.0,1.3467753774655815,0.5,1.3355703118832583,-0.47639323468071476,0.9529674359918392,1.5881892846309338,1.557071479970984,2.3149363524274853,0.159536012292109,1.1601786208331031e-06,2.376045815466195,1.0000000024603175
500.0,1.3467753774655815,1.0,2.525916529913659,-0.19964099633464186,1.418411764547199,2.8760356828144444,1.557071479970984,4.629872704854971,0.159536012292109,1.1601786208331031e-06,2.376045815466195,1.0000000006253833
500.0,1.3467753774655815,1.5,3.763334528817461,-0.026487166161963255,2.889928404384928,2.9373498628491443,1.557071479970984,6.944809057282457,0.159536012292109,1.1601786208331031e-06,2.376045815466195,1.0000000004685718
500.0,1.3467753774655815,2.0,5.353902087502896,0.12661043319085777,3.931987621342005,4.184632455757978,1.557071479970984,9.259745409709941,0.159536012292109,1.1601786208331031e-06,2.376045815466195,0.999999999702905
500.0,1.3467753774655815,2.5,6.691577330324036,0.2234685098647934,5.173849508885137,5.453933116707732,1.557071479970984,11.574681762137427,0.159536012292109,1.1601786208331031e-06,2.376045815466195,1.0000000007857115
500.0,1.3467753774655815,3.0,8.319705129117654,0.3180479427672753,5.939195880527965,1.554966981853676,1.557071479970984,13.889618114564914,0.159536012292109,1.1601786208331031e-06,2.376045815466195,0.9999999996022025
500.0,1.3467753774655815,3.5,9.95236130512243,0.3958661426961004,6.985963539130021,1.5724449893968273,1.557071479970984,16.2045544669924,0.159536012292109,1.1601786208331031e-06,2.376045815466195,1.0000000002678122
500.0,1.3467753774655815,4.0,11.482056171706764,0.45795967583372127,8.055801541120257,9.27550945949507,1.557071479970984,18.519490819419882,0.159536012292109,1.1601786208331031e-06,2.376045815466195,1.0000000006111378
500.0,1.3467753774655815,4.5,13.189698547780306,0.5181748784768074,9.126460083742092,10.550663012224312,1.557071479970984,20.83442717184737,0.159536012292109,1.1601786208331031e-06,2.376045815466195,1.0000000002565113
500.0,1.3467753774655815,5.0,14.84931864689222,0.5696465354105468,10.22833049802083,10.579910598146617,1.557071479970984,23.149363524274854,0.159536012292109,1.1601786208331031e-06,2.376045815466195,1.0000000002026086
500.0,1.3467753774655815,5.5,16.443650613463152,0.6139382492045163,11.140255813293244,1.5593452273273605,1.557071479970984,25.46429987670234,0.159536012292109,1.1601786208331031e-06,2.376045815466195,0.999999999926797
500.0,1.3467753774655815,6.0,18.179182576416657,0.6575143600259282,12.305008593649179,13.123055030821241,1.557071479970984,27.77923622912983,0.159536012292109,1.1601786208331031e-06,2.376045815466195,0.9999999998663911
500.0,1.4885842809008711,0.0,1.0237337821117691,-0.5918729565547564,0.9834535678441824,1.4303594188856916,1.4087381931171017,0.0,0.14433792962265388,1.0496550447613194e-06,2.1496935316711823,1.00000000028744
500.0,1.4885842809008711,0.5,1.3074258729570367,-0.4856429162577311,1.0973373524973375,1.442458341049912,1.4087381931171017,2.5586879023540954,0.14433792962265388,1.0496550447613194e-06,2.1496935316711823,1.0000000002172766
500.0,1.4885842809008711,1.0,2.8491885302468845,-0.14733880395688842,2.350726988306958,2.6108488207395375,1.4087381931171017,5.117375804708191,0.14433792962265388,1.0496550447613194e-06,2.1496935316711823,1.0000000001413947
500.0,1.4885842809008711,1.5,4.327894114046822,0.034216635482262094,4.010446594233006,3.771631524753137,1.4087381931171017,7.676063707062287,0.14433792962265388,1.0496550447613194e-06,2.1496935316711823,1.000000000623741
500.0,1.4885842809008711,2.0,5.903783941078404,0.16907046403946416,5.575229071550361,4.930741745485312,1.4087381931171017,10.234751609416382,0.14433792962265388,1.0496550447613194e-06,2.1496935316711823,1.000000000321279
500.0,1.4885842809008711,2.5,7.667643979503544,0.2826019483858131,6.6444826923391505,1.4081085023167095,1.4087381931171017,12.793439511770478,0.14433792962265388,1.0496550447613194e-06,2.1496935316711823,1.0000000000574762
500.0,1.4885842809008711,3.0,9.494662782486008,0.3754195533842287,8.17030808430923,7.24746194279139,1.4087381931171017,15.352127414124574,0.14433792962265388,1.0496550447613194e-06,2.1496935316711823,1.000000000926491
500.0,1.4885842809008711,3.5,11.277615268681895,0.45015728339515726,9.479217655410848,8.404399312309806,1.4087381931171017,17.91081531647867,0.14433792962265388,1.0496550447613194e-06,2.1496935316711823,1.0000000005911296
500.0,1.4885842809008711,4.0,13.05662034498836,0.5137707847329472,11.069453202832905,9.562005074539652,1.4087381931171017,20.469503218832763,0.14433792962265388,1.0496550447613194e-06,2.1496935316711823,1.0000000003117615
500.0,1.4885842809008711,4.5,14.8693710516135,0.5702326076855563,12.306689263874913,1.4107708162844286,1.4087381931171017,23.02819112118686,0.14433792962265388,1.0496550447613194e-06,2.1496935316711823,1.000000000183577
500.0,1.4885842809008711,5.0,16.7516117188217,0.6219966067265131,13.823786327757185,13.011578626443761,1.4087381931171017,25.586879023540956,0.14433792962265388,1.0496550447613194e-06,2.1496935316711823,0.9999999999415334
500.0,1.4885842809008711,5.5,18.6477049599333,0.6685653979229449,15.1404482224606,14.169298325052118,1.4087381931171017,28.145566925895046,0.14433792962265388,1.0496550447613194e-06,2.1496935316711823,0.9999999997882185
500.0,1.4885842809008711,6.0,20.550322070601784,0.7107586413264158,16.50459070216011,3.7412408410211206,1.4087381931171017,30.704254828249148,0.14433792962265388,1.0496550447613194e-06,2.1496935316711823,1.000000000358171
500.0,1.645324972836306,0.0,0.926208524782655,-0.6353512174243215,1.087006450061225,1.2940972647617992,1.274535769407207,0.0,0.13058768129172205,9.496604171189797e-07,1.9449045342596705,1.00000000028744
500.0,1.645324972836306,0.5,1.3491101577740454,-0.4720125791207014,1.3059614175213705,1.3196757643029389,1.274535769407207,2.8281053061299146,0.13058768129172205,9.496604171189797e-07,1.9449045342596705,1.000000000820234
500.0,1.645324972836306,1.0,3.067415341200189,-0.115287406027362,3.5042881136274135,2.4012452159361293,1.274535769407207,5.656210612259829,0.13058768129172205,9.496604171189797e-07,1.9449045342596705,0.9999999994215782
500.0,1.645324972836306,1.5,4.8818422563160375,0.08652375091455486,5.520953707451671,4.45328978535762,1.274535769407207,8.484315918389745,0.13058768129172205,9.496604171189797e-07,1.9449045342596705,0.9999999990534297
500.0,1.645324972836306,2.0,6.776502307261568,0.2289455992040413,7.233477724381479,1.2724323869269973,1.274535769407207,11.312421224519658,0.13058768129172205,9.496604171189797e-07,1.9449045342596705,0.999999999767673
500.0,1.645324972836306,2.5,8.741928598500037,0.33954726365064614,9.212452447544425,6.561378041110058,1.274535769407207,14.140526530649572,0.13058768129172205,9.496604171189797e-07,1.9449045342596705,1.0000000003958007
500.0,1.645324972836306,3.0,10.741175198292426,0.4289918090497197,11.078558522644228,8.63569177418582,1.274535769407207,16.96863183677949,0.13058768129172205,9.496604171189797e-07,1.9449045342596705,1.0000000000305054
500.0,1.645324972836306,3.5,12.766083876420131,0.5039977022004752,12.937127546232576,1.273178876111305,1.274535769407207,19.796737142909404,0.13058768129172205,9.496604171189797e-07,1.9449045342596705,1.0000000001419307
500.0,1.645324972836306,4.0,14.803270430897923,0.5682976817147494,14.95869852276016,10.740290911100821,1.274535769407207,22.624842449039317,0.13058768129172205,9.496604171189797e-07,1.9449045342596705,0.9999999998593331
500.0,1.645324972836306,4.5,16.863858299004793,0.6248969529979647,16.725873012880108,12.81940315379591,1.274535769407207,25.452947755169234,0.13058768129172205,9.496604171189797e-07,1.9449045342596705,1.0000000000414562
500.0,1.645324972836306,5.0,18.936339793757654,0.6752360466449188,18.517888652879638,1.2739363179333265,1.274535769407207,28.281053061299144,0.13058768129172205,9.496604171189797e-07,1.9449045342596705,1.0000000002255194
500.0,1.645324972836306,5.5,21.022501475865234,0.7206244003132665,20.592144364552055,14.922937075372483,1.274535769407207,31.10915836742906,0.13058768129172205,9.496604171189797e-07,1.9449045342596705,0.9999999997774596
500.0,1.645324972836306,6.0,23.114512091228185,0.7618247393112196,22.43688044674029,17.00262337790421,1.274535769407207,33.93726367355898,0.13058768129172205,9.496604171189797e-07,1.9449045342596705,0.9999999996338247
500.0,1.8185696980492723,0.0,0.8379739404618013,-0.6788294782938867,1.2014629476253176,1.170816026064708,1.153118042397953,0.0,0.11814734040962634,8.591917052593856e-07,1.7596246123712216,1.00000000028744
500.0,1.8185696980492723,0.5,1.6235258983324632,-0.39160077048594877,1.6871012375031254,2.1281674449690797,1.153118042397953,3.125891053458114,0.11814734040962634,8.591917052593856e-07,1.7596246123712216,1.0000000005230725
500.0,1.8185696980492723,1.0,3.5169870357529285,-0.05588922389567785,4.879074582190294,3.086838696119431,1.153118042397953,6.251782106916228,0.11814734040962634,8.591917052593856e-07,1.7596246123712216,1.000000000337518
500.0,1.8185696980492723,1.5,5.6071207917543715,0.14667992068765823,7.582701912035293,4.974305431673285,1.153118042397953,9.377673160374343,0.11814734040962634,8.591917052593856e-07,1.7596246123712216,1.0000000001052374
500.0,1.8185696980492723,2.0,7.730187821962165,0.28613005486083837,9.923393002286458,5.931456186865149,1.153118042397953,12.503564213832457,0.11814734040962634,8.591917052593856e-07,1.7596246123712216,1.000000000046304
500.0,1.8185696980492723,2.5,9.896408641285102,0.3934176284975379,12.521234226827566,7.814807287018651,1.153118042397953,15.62945526729057,0.11814734040962634,8.591917052593856e-07,1.7596246123712216,1.0000000000092004
500.0,1.8185696980492723,3.0,12.099994383580768,0.4807251774033268,14.945971601732397,1.1545594327294435,1.153118042397953,18.755346320748686,0.11814734040962634,8.591917052593856e-07,1.7596246123712216,1.000000000193657
500.0,1.8185696980492723,3.5,14.391039916782765,0.556032186472596,17.507170202142937,10.656889290289477,1.153118042397953,21.8812373742068,0.11814734040962634,8.591917052593856e-07,1.7596246123712216,0.9999999997704401
500.0,1.8185696980492723,4.0,16.727452286171594,0.621369808432178,20.081929556346356,11.620477703215235,1.153118042397953,25.007128427664913,0.11814734040962634,8.591917052593856e-07,1.7596246123712216,0.9999999998877042
500.0,1.8185696980492723,4.5,19.010950088771136,0.6769438303244335,22.750242346457686,13.5011620382177,1.153118042397953,28.13301948112303,0.11814734040962634,8.591917052593856e-07,1.7596246123712216,0.9999999998512217
500.0,1.8185696980492723,5.0,21.298358881408824,0.7262861493780615,25.290435422583364,15.38664841361208,1.153118042397953,31.25891053458114,0.11814734040962634,8.591917052593856e-07,1.7596246123712216,0.9999999999925101
500.0,1.8185696980492723,5.5,23.6310349677888,0.7714227515044291,27.66718751255723,1.1550949186498614,1.153118042397953,34.38480158803926,0.11814734040962634,8.591917052593856e-07,1.7596246123712216,1.0000000000220886
500.0,1.8185696980492723,6.0,25.985180084524718,0.8126657396228864,30.225371104801734,18.22720938170083,1.153118042397953,37.51069264149737,0.11814734040962634,8.591917052593856e-07,1.7596246123712216,0.9999999999256473
500.0,2.0100562510528768,0.0,0.7581449599137057,-0.722307739163452,1.3279711582532114,1.059279085287516,1.0432670872172765,0.0,0.10689211959193405,7.773414297144945e-07,1.5919952480552848,1.00000000028744
500.0,2.0100562510528768,0.5,1.9428430340681286,-0.3136222767764314,2.645233854756556,1.012855882929279,1.0432670872172765,3.4550321930765544,0.10689211959193405,7.773414297144945e-07,1.5919952480552848,0.9999999982643457
500.0,2.0100562510528768,1.0,3.9771649129060247,-0.002486391973818792,6.70163068991924,3.6449749221432017,1.0432670872172765,6.910064386153109,0.10689211959193405,7.773414297144945e-07,1.5919952480552848,1.000000000895468
500.0,2.0100562510528768,1.5,6.287219070587629,0.19639860175481552,9.832677194119338,1.0465993501914768,1.0432670872172765,10.365096579229663,0.10689211959193405,7.773414297144945e-07,1.5919952480552848,0.999999999556896
500.0,2.0100562510528768,2.0,8.74746476010619,0.33982221023884196,13.447690558553822,7.068311580057281,1.0432670872172765,13.820128772306218,0.10689211959193405,7.773414297144945e-07,1.5919952480552848,0.9999999998406166
500.0,2.0100562510528768,2.5,11.179549243438297,0.44636430193318494,16.879368122314453,1.0453412052053879,1.0432670872172765,17.275160965382774,0.10689211959193405,7.773414297144945e-07,1.5919952480552848,1.0000000002944252
500.0,2.0100562510528768,3.0,13.735916905828338,0.53579766360814,20.313736518362408,9.653679734194487,1.0432670872172765,20.730193158459326,0.10689211959193405,7.773414297144945e-07,1.5919952480552848,1.0000000001813514
500.0,2.0100562510528768,3.5,16.236230112633496,0.608425206524156,23.72401269297728,1.0450828929915177,1.0432670872172765,24.185225351535884,0.10689211959193405,7.773414297144945e-07,1.5919952480552848,0.999999999999574
500.0,2.0100562510528768,4.0,18.830379910713955,0.6727990908481434,27.25267971256393,13.074352597979855,1.0432670872172765,27.640257544612435,0.10689211959193405,7.773414297144945e-07,1.5919952480552848,0.999999999967611
500.0,2.0100562510528768,4.5,21.36860871801851,0.7277162554146241,30.564420675615168,1.0450312100183925,1.0432670872172765,31.09528973768899,0.10689211959193405,7.773414297144945e-07,1.5919952480552848,0.9999999999334483
500.0,2.0100562510528768,5.0,23.95105856357926,0.7772647213354286,34.097422073755226,16.49792487927733,1.0432670872172765,34.55032193076555,0.10689211959193405,7.773414297144945e-07,1.5919952480552848,0.999999999954368
500.0,2.0100562510528768,5.5,26.505723283722244,0.8212796683510112,37.476675344836345,1.0450602227170065,1.0432670872172765,38.0053541238421,0.10689211959193405,7.773414297144945e-07,1.5919952480552848,0.9999999999016306
500.0,2.0100562510528768,6.0,29.063531636052502,0.8612883948507776,40.908984410535496,19.927262943623354,1.0432670872172765,41.46038631691865,0.10689211959193405,7.773414297144945e-07,1.5919952480552848,0.999999999854707
500.0,2.2217054076787313,0.0,0.6859208293825884,-0.7657860000330171,1.4678000687727695,0.9583676303945148,0.9438810037239882,0.0,0.09670911923401519,7.03288561390559e-07,1.4403349737278648,1.00000000028744
500.0,2.2217054076787313,0.5,2.1018748592993624,-0.27945313574115765,4.1171462269601635,1.7574187632435607,0.9438810037239882,3.818830295441498,0.09670911923401519,7.03288561390559e-07,1.4403349737278648,0.9999999986644746
500.0,2.2217054076787313,1.0,4.560687192243308,0.05697029460703974,9.229597787397077,4.07147434211554,0.9438810037239882,7.637660590882996,0.09670911923401519,7.03288561390559e-07,1.4403349737278648,1.0000000000514249
500.0,2.2217054076787313,1.5,7.135892191733454,0.251388288816878,13.520337095129246,5.624600624092266,0.9438810037239882,11.456490886324493,0.09670911923401519,7.03288561390559e-07,1.4403349737278648,0.9999999999722299
500.0,2.2217054076787313,2.0,9.848481755219064,0.39130929336742576,18.15553667935593,0.944881265354593,0.9438810037239882,15.275321181765992,0.09670911923401519,7.03288561390559e-07,1.4403349737278648,1.0000000000077773
500.0,2.2217054076787313,2.5,12.653778255146872,0.5001602282838745,22.925708992377427,9.495189246437459,0.9438810037239882,19.094151477207493,0.09670911923401519,7.03288561390559e-07,1.4403349737278648,0.9999999998191426
500.0,2.2217054076787313,3.0,15.480064504130324,0.5877127746913593,27.64893180991021,11.049997630759417,0.9438810037239882,22.912981772648987,0.09670911923401519,7.03288561390559e-07,1.4403349737278648,0.9999999997425587
500.0,2.2217054076787313,3.5,18.3159983353655,0.660770604057201,32.1388721800098,2.505454429548544,0.9438810037239882,26.731812068090488,0.09670911923401519,7.03288561390559e-07,1.4403349737278648,0.9999999999233767
500.0,2.2217054076787313,4.0,21.14885161004558,0.72322679868282,36.73324089561791,14.918417628864953,0.9438810037239882,30.550642363531985,0.09670911923401519,7.03288561390559e-07,1.4403349737278648,0.9999999998433007
500.0,2.2217054076787313,4.5,23.967972823463764,0.7775713122587325,41.40177115420729,0.9454786486467026,0.9438810037239882,34.36947265897348,0.09670911923401519,7.03288561390559e-07,1.4403349737278648,1.0000000001016711
500.0,2.2217054076787313,5.0,26.782257111251756,0.8257871836502879,46.10858073132731,18.788455983796865,0.9438810037239882,38.188302954414986,0.09670911923401519,7.03288561390559e-07,1.4403349737278648,0.9999999998482118
500.0,2.2217054076787313,5.5,29.58327290981608,0.868986228638597,50.7154225226838,21.11153160869681,0.9438810037239882,42.00713324985648,0.09670911923401519,7.03288561390559e-07,1.4403349737278648,0.9999999999027953
500.0,2.2217054076787313,6.0,32.35705073399609,0.9079089385367914,55.18488772788117,0.9441542163057166,0.9438810037239882,45.825963545297974,0.09670911923401519,7.03288561390559e-07,1.4403349737278648,1.000000000056918
500.0,2.455640192120709,0.0,0.6205770783392798,-0.8092642609025824,1.6223522841589824,0.8670694321682948,0.8539628634958149,0.0,0.08749619503030891,6.362902859358292e-07,1.303122505596578,1.00000000028744
500.0,2.455640192120709,0.5,2.280528696019449,-0.24402444996499753,6.026466076852178,2.2819336705592868,0.8539628634958149,4.220934570336338,0.08749619503030891,6.362902859358292e-07,1.303122505596578,1.000000001343949
500.0,2.455640192120709,1.0,5.1123202822310745,0.10655806283027884,11.939929674082439,0.8564614315913023,0.8539628634958149,8.441869140672676,0.08749619503030891,6.362902859358292e-07,1.303122505596578,1.0000000000580977
500.0,2.455640192120709,1.5,8.117236420805053,0.3073482039869027,18.60791972654236,5.801608142766318,0.8539628634958149,12.662803711009014,0.08749619503030891,6.362902859358292e-07,1.303122505596578,1.0000000004664642
500.0,2.455640192120709,2.0,11.186217162745383,0.4466232548878075,24.67132351511524,7.900434955048052,0.8539628634958149,16.88373828134535,0.08749619503030891,6.362902859358292e-07,1.303122505596578,0.9999999998390169
500.0,2.455640192120709,2.5,14.264162487051003,0.5521862860370156,31.103124217137232,10.00225780516101,0.8539628634958149,21.10467285168169,0.08749619503030891,6.362902859358292e-07,1.303122505596578,1.000000000035443
500.0,2.455640192120709,3.0,17.38813177250901,0.6381929314179294,37.12152270178049,0.8551992629194225,0.8539628634958149,25.325607422018027,0.08749619503030891,6.362902859358292e-07,1.303122505596578,1.0000000000126286
500.0,2.455640192120709,3.5,20.54881957737497,0.7107268876453593,43.56305750323702,14.20304227730815,0.8539628634958149,29.546541992354367,0.08749619503030891,6.362902859358292e-07,1.303122505596578,1.000000000157031
500.0,2.455640192120709,4.0,23.670307359420917,0.7721439059603857,49.69351305006445,16.3089798077818,0.8539628634958149,33.7674765626907,0.08749619503030891,6.362902859358292e-07,1.303122505596578,0.9999999999944815
500.0,2.455640192120709,4.5,26.75280078042231,0.8253092641810227,56.032680839271386,19.100261635733403,0.8539628634958149,37.98841113302704,0.08749619503030891,6.362902859358292e-07,1.303122505596578,0.9999999998192313
500.0,2.455640192120709,5.0,29.801241412635157,0.8721743642727146,62.152043486067186,0.8552935514953497,0.8539628634958149,42.20934570336338,0.08749619503030891,6.362902859358292e-07,1.303122505596578,1.0000000001331304
500.0,2.455640192120709,5.5,32.78995458593747,0.9136808238442874,68.48030462163815,23.300872410943615,0.8539628634958149,46.43028027369972,0.08749619503030891,6.362902859358292e-07,1.303122505596578,0.999999999916626
500.0,2.455640192120709,6.0,35.676674003961125,0.9503243686963257,74.6782640658285,25.426172501271157,0.8539628634958149,50.651214844036055,0.08749619503030891,6.362902859358292e-07,1.303122505596578,0.9999999999675019
500.0,2.714207172704789,0.0,0.561458252414885,-0.8527425217721476,1.7931780968756255,0.7844686906747516,0.7726107097746205,0.0,0.0791609333785472,5.75674552669803e-07,1.1789814838677566,1.00000000028744
500.0,2.714207172704789,0.5,2.6985464766797387,-0.17093008907061388,8.058350183814177,2.078833961616658,0.7726107097746205,4.6653784716036055,0.0791609333785472,5.75674552669803e-07,1.1789814838677566,1.0000000005036251
500.0,2.714207172704789,1.0,5.805024647639163,0.1617440767278457,16.44672629798246,4.603586659453998,0.7726107097746205,9.330756943207211,0.0791609333785472,5.75674552669803e-07,1.1789814838677566,1.0000000001687757
500.0,2.714207172704789,1.5,9.162505342334194,0.3599542495431139,25.149552473997275,6.515070363784557,0.7726107097746205,13.996135414810816,0.0791609333785472,5.75674552669803e-07,1.1789814838677566,1.0000000003671254
500.0,2.714207172704789,2.0,12.605458006569153,0.4984986386219893,33.59638566982508,9.043944758668264,0.7726107097746205,18.661513886414422,0.0791609333785472,5.75674552669803e-07,1.1789814838677566,1.000000000200709
500.0,2.714207172704789,2.5,16.055468214126332,0.603562983778322,41.89033082167264,0.7747330946352511,0.7726107097746205,23.326892358018025,0.0791609333785472,5.75674552669803e-07,1.1789814838677566,0.9999999998834579
500.0,2.714207172704789,3.0,19.503985275020344,0.6880633690659185,50.29142483059992,0.7737159638240885,0.7726107097746205,27.99227082962163,0.0791609333785472,5.75674552669803e-07,1.1789814838677566,0.9999999998969736
500.0,2.714207172704789,3.5,22.948098470686066,0.7586867134515466,58.66774737234743,0.7732012554040729,0.7726107097746205,32.657649301225234,0.0791609333785472,5.75674552669803e-07,1.1789814838677566,1.0000000003320761
500.0,2.714207172704789,4.0,26.354481886599984,0.8187944913363725,67.10899809681747,0.7721346340717107,0.7726107097746205,37.323027772828844,0.0791609333785472,5.75674552669803e-07,1.1789814838677566,0.9999999997897219
500.0,2.714207172704789,4.5,29.65266819197816,0.8700037866055997,75.66079454745355,21.081032090825797,0.7726107097746205,41.98840624443245,0.0791609333785472,5.75674552669803e-07,1.1789814838677566,0.9999999999294165
500.0,2.714207172704789,5.0,32.80731011837753,0.9139106325772905,84.1270105102496,23.619489141078635,0.7726107097746205,46.65378471603605,0.0791609333785472,5.75674552669803e-07,1.1789814838677566,1.0000000000094602
500.0,2.714207172704789,5.5,35.892672866198396,0.9529458093796978,92.51218913099912,25.527437359396334,0.7726107097746205,51.31916318763966,0.0791609333785472,5.75674552669803e-07,1.1789814838677566,0.9999999998883283
500.0,2.714207172704789,6.0,38.94358753590878,0.9883759654934904,100.90323814071371,28.10716951919589,0.7726107097746205,55.98454165924326,0.0791609333785472,5.75674552669803e-07,1.1789814838677566,0.9999999999768848
500.0,3.0000000000000004,0.0,0.5079713386262589,-0.8962207826417129,1.9819910376502357,0.7097368489972482,0.6990085100596044,0.0,0.0716197243913529,5.208333333333334e-07,1.0666666666666667,1.00000000028744
500.0,3.0000000000000004,0.5,2.9788359181479356,-0.12801340949777362,11.429603306157206,2.4477573853008563,0.6990085100596044,5.156620156177411,0.0716197243913529,5.208333333333334e-07,1.0666666666666667,0.9999999999056706
500.0,3.0000000000000004,1.0,6.602431132887535,0.21764388863613224,22.632899960119207,4.747659570308002,0.6990085100596044,10.313240312354822,0.0716197243913529,5.208333333333334e-07,1.0666666666666667,1.0000000002291556
500.0,3.0000000000000004,1.5,10.35769207537534,0.4132030043717593,33.68623852052054,0.6985021441950554,0.6990085100596044,15.469860468532232,0.0716197243913529,5.208333333333334e-07,1.0666666666666667,0.9999999998411494
500.0,3.0000000000000004,2.0,14.153074732737002,0.5487908085606382,45.08754132787433,0.6998662589346194,0.6990085100596044,20.626480624709643,0.0716197243913529,5.208333333333334e-07,1.0666666666666667,1.0000000000236398
500.0,3.0000000000000004,2.5,18.009422920057247,0.6534398055198836,56.717396072217916,0.7012138760747794,0.6990085100596044,25.78310078088705,0.0716197243913529,5.208333333333334e-07,1.0666666666666667,1.000000000009467
500.0,3.0000000000000004,3.0,21.78822090920993,0.7361617785760746,68.13674445797437,15.062073162533684,0.6990085100596044,30.939720937064465,0.0716197243913529,5.208333333333334e-07,1.0666666666666667,0.9999999999985264
500.0,3.0000000000000004,3.5,25.492244193139157,0.8043480786565845,79.3893882295814,17.928397056153266,0.6990085100596044,36.09634109324187,0.0716197243913529,5.208333333333334e-07,1.0666666666666667,0.9999999999933842
500.0,3.0000000000000004,4.0,29.058858875025255,0.8612185644698894,90.73191040718575,20.804148970142148,0.6990085100596044,41.252961249419286,0.0716197243913529,5.208333333333334e-07,1.0666666666666667,1.000000000010255
500.0,3.0000000000000004,4.5,32.45953998357992,0.9092823693868817,102.20516466917954,23.095435529227125,0.6990085100596044,46.40958140559669,0.0716197243913529,5.208333333333334e-07,1.0666666666666667,1.0000000001063873
500.0,3.0000000000000004,5.0,35.872696778931875,0.9527040352555812,113.58137550906207,25.98214964719339,0.6990085100596044,51.5662015617741,0.0716197243913529,5.208333333333334e-07,1.0666666666666667,0.9999999999196532
500.0,3.0000000000000004,5.5,39.419455093609805,0.9936506252802503,124.85854399556393,0.6991669619816087,0.6990085100596044,56.72282171795151,0.0716197243913529,5.208333333333334e-07,1.0666666666666667,0.9999999999293521
500.0,3.0000000000000004,6.0,43.09380551895724,1.0323548560420928,136.21856639366783,0.7002911764848183,0.6990085100596044,61.87944187412893,0.0716197243913529,5.208333333333334e-07,1.0666666666666667,1.0000000000947014
