wavelength_nm,diameter_mm,myopia_d,d50_arcmin,log_mar,mtf50_cpd,first_dark_ring_arcmin,theory_airy_radius_arcmin,theory_geometric_diameter_arcmin,angular_pixel_arcmin,retinal_pixel_m,retinal_window_mm,psf_total
700.0,0.3,0.0,7.111598740767626,0.24990725303652525,0.14157078840358828,9.936315885961477,9.786119140834463,0.0,1.002676141478941,7.2916666666666674e-06,14.933333333333335,1.00000000028744
700.0,0.3,0.5,7.1130870121562,0.24999812999018417,0.14158148684582703,9.936356915875928,9.786119140834463,0.5156620156177409,1.002676141478941,7.2916666666666674e-06,14.933333333333335,1.0000000027485985
700.0,0.3,1.0,7.117553388986104,0.25027074215946693,0.14161360817750823,9.936479822663085,9.786119140834463,1.0313240312354819,1.002676141478941,7.2916666666666674e-06,14.933333333333335,1.0000000016023458
700.0,0.3,1.5,7.125004791056529,0.2507251693846856,0.14166722629474918,9.936685389944625,9.786119140834463,1.5469860468532226,1.002676141478941,7.2916666666666674e-06,14.933333333333335,1.00000000483264
700.0,0.3,2.0,7.135451213486185,0.25136144979912733,0.14174247318241737,9.936974644829014,9.786119140834463,2.0626480624709638,1.002676141478941,7.2916666666666674e-06,14.933333333333335,0.9999999968455449
700.0,0.3,2.5,7.148908014687335,0.25217971768797903,0.14183952915840342,9.937348492543038,9.786119140834463,2.578310078088705,1.002676141478941,7.2916666666666674e-06,14.933333333333335,0.9999999956347937
700.0,0.3,3.0,7.165393690812647,0.253180065659466,0.14195862203894133,9.937808653156058,9.786119140834463,3.093972093706445,1.002676141478941,7.2916666666666674e-06,14.933333333333335,1.0000000007506407
700.0,0.3,3.5,7.184931968205286,0.25436266896790244,0.14210003756062983,9.93835711600933,9.786119140834463,3.609634109324187,1.002676141478941,7.2916666666666674e-06,14.933333333333335,0.9999999969463019
700.0,0.3,4.0,7.2075506192674,0.2557277098316674,0.1422641321055232,9.938996444882061,9.786119140834463,4.1252961249419275,1.002676141478941,7.2916666666666674e-06,14.933333333333335,0.9999999981672977
700.0,0.3,4.5,7.233281862100836,0.2572753974204738,0.14245129256696515,9.93972952965625,9.786119140834463,4.640958140559668,1.002676141478941,7.2916666666666674e-06,14.933333333333335,1.0000000006521659
700.0,0.3,5.0,7.262163055938921,0.25900600448817296,0.1426619987131964,9.94055950223564,9.786119140834463,5.15662015617741,1.002676141478941,7.2916666666666674e-06,14.933333333333335,0.9999999990371642
700.0,0.3,5.5,7.294235377480464,0.26091978211259065,0.14289674030953758,9.94149042279831,9.786119140834463,5.672282171795151,1.002676141478941,7.2916666666666674e-06,14.933333333333335,1.0000000049216677
700.0,0.3,6.0,7.32954548842578,0.2630170531646335,0.143156134943239,9.942526904506957,9.786119140834463,6.18794418741289,1.002676141478941,7.2916666666666674e-06,14.933333333333335,1.0000000001526936
700.0,0.3315885423378064,0.0,6.434117437196613,0.20642899216696006,0.1564775045478662,8.989739949312394,8.853851588332178,0.0,0.9071569250340344,6.597031322546365e-06,13.510720148574954,1.00000000028744
700.0,0.3315885423378064,0.5,6.436126969883044,0.2065646118081121,0.15649515586512724,8.989795295299956,8.853851588332178,0.5699587203255395,0.9071569250340344,6.597031322546365e-06,13.510720148574954,1.0000000007062577
700.0,0.3315885423378064,1.0,6.442160240424071,0.20697153180495656,0.15654816122313178,8.989961455182547,8.853851588332178,1.139917440651079,0.9071569250340344,6.597031322546365e-06,13.510720148574954,0.999999998115617
700.0,0.3315885423378064,1.5,6.452229142994146,0.2076497910980157,0.15663673136552825,8.99023972954774,8.853851588332178,1.7098761609766187,0.9071569250340344,6.597031322546365e-06,13.510720148574954,1.0000000084309986
700.0,0.3315885423378064,2.0,6.4663557672679675,0.20859960370644784,0.15676116695341807,8.990631838982363,8.853851588332178,2.279834881302158,0.9071569250340344,6.597031322546365e-06,13.510720148574954,1.0000000032048533
700.0,0.3315885423378064,2.5,6.48456957880226,0.20982116322401412,0.1569219152971615,8.991140407069198,8.853851588332178,2.8497936016276983,0.9071569250340344,6.597031322546365e-06,13.510720148574954,1.0000000044826525
700.0,0.3315885423378064,3.0,6.506909536133247,0.21131477756491496,0.1571195485210257,8.991768525391974,8.853851588332178,3.4197523219532373,0.9071569250340344,6.597031322546365e-06,13.510720148574954,0.9999999946101086
700.0,0.3315885423378064,3.5,6.5334227898695305,0.21308077177018792,0.15735481552083608,8.992520415442803,8.853851588332178,3.9897110422787776,0.9071569250340344,6.597031322546365e-06,13.510720148574954,0.9999999959582652
700.0,0.3315885423378064,4.0,6.564166301228541,0.21511958391582905,0.15762853581726483,8.993401230165645,8.853851588332178,4.559669762604316,0.9071569250340344,6.597031322546365e-06,13.510720148574954,0.9999999931636132
700.0,0.3315885423378064,4.5,6.599206002019185,0.21743169426158743,0.15794173686697346,8.994417116108202,8.853851588332178,5.1296284829298555,0.9071569250340344,6.597031322546365e-06,13.510720148574954,0.9999999996965859
700.0,0.3315885423378064,5.0,6.638617493739687,0.22001765470352694,0.15829559593390743,8.995575261413737,8.853851588332178,5.699587203255397,0.9071569250340344,6.597031322546365e-06,13.510720148574954,1.0000000001674783
700.0,0.3315885423378064,5.5,6.682486555397274,0.2228781023374027,0.15869141864339023,8.996884291096837,8.853851588332178,6.269545923580935,0.9071569250340344,6.597031322546365e-06,13.510720148574954,0.9999999997425022
700.0,0.3315885423378064,6.0,6.730908893051114,0.22601372082840523,0.1591307350826011,8.99835380915289,8.853851588332178,6.839504643906475,0.9071569250340344,6.597031322546365e-06,13.510720148574954,1.000000005396048
700.0,0.3665032046990376,0.0,5.8211758993546665,0.1629507312973948,0.17295382547228147,8.133338883724829,8.010395829038293,0.0,0.8207372775653989,5.9685699114045e-06,12.223631178556417,1.00000000028744
700.0,0.3665032046990376,0.5,5.82388982412324,0.1631531591068411,0.1729829502445486,8.133413594700265,8.010395829038293,0.6299726042182241,0.8207372775653989,5.9685699114045e-06,12.223631178556417,0.9999999954150439
700.0,0.3665032046990376,1.0,5.832039688365242,0.1637604794653871,0.17307045936221357,8.133638414822855,8.010395829038293,1.2599452084364482,0.8207372775653989,5.9685699114045e-06,12.223631178556417,1.0000000052096314
700.0,0.3665032046990376,1.5,5.845651602192159,0.1647729367385665,0.17321684181906793,8.134015491780206,8.010395829038293,1.8899178126546725,0.8207372775653989,5.9685699114045e-06,12.223631178556417,0.9999999989364037
700.0,0.3665032046990376,2.0,5.864768185969598,0.1661908593019516,0.17342286844128052,8.134548391078821,8.010395829038293,2.5198904168728964,0.8207372775653989,5.9685699114045e-06,12.223631178556417,1.0000000000903568
700.0,0.3665032046990376,2.5,5.889450051375758,0.16801475153999693,0.17368964346651547,8.135242495448828,8.010395829038293,3.1498630210911203,0.8207372775653989,5.9685699114045e-06,12.223631178556417,1.0000000039471044
700.0,0.3665032046990376,3.0,5.919775685729937,0.17024525926398026,0.1740186173982208,8.136104367188556,8.010395829038293,3.779835625309345,0.8207372775653989,5.9685699114045e-06,12.223631178556417,1.0000000018377826
700.0,0.3665032046990376,3.5,5.955842060678689,0.17288318111597908,0.1744115881941635,8.137142832848419,8.010395829038293,4.409808229527569,0.8207372775653989,5.9685699114045e-06,12.223631178556417,0.9999999971861735
700.0,0.3665032046990376,4.0,5.9977646323114415,0.17592942759904728,0.17487071263146872,8.138369369327208,8.010395829038293,5.039780833745793,0.8207372775653989,5.9685699114045e-06,12.223631178556417,1.000000003808369
700.0,0.3665032046990376,4.5,6.045679755991532,0.17938514723178756,0.17539860149488176,8.139796356682076,8.010395829038293,5.669753437964016,0.8207372775653989,5.9685699114045e-06,12.223631178556417,1.0000000053701141
700.0,0.3665032046990376,5.0,6.099743099876686,0.18325155308355862,0.1759982020285977,8.141440639860765,8.010395829038293,6.2997260421822405,0.8207372775653989,5.9685699114045e-06,12.223631178556417,1.000000002689235
700.0,0.3665032046990376,5.5,6.1601326206586275,0.18753007080403306,0.17667300855600002,8.143321159159603,8.010395829038293,6.929698646400464,0.8207372775653989,5.9685699114045e-06,12.223631178556417,0.9999999969513065
700.0,0.3665032046990376,6.0,6.227049141865998,0.19222230171911947,0.1774269545176549,8.145461419612808,8.010395829038293,7.55967125061869,0.8207372775653989,5.9685699114045e-06,12.223631178556417,0.9999999987331037
700.0,0.4050942113609619,0.0,5.2666257932015625,0.11947247042782957,0.1911650229336707,7.358522245414898,7.247291271793421,0.0,0.7425503352247357,5.3999784214413604e-06,11.059155807111907,1.00000000028744
700.0,0.4050942113609619,0.5,5.270290824866609,0.11977458975742382,0.19121307542759058,7.358623153550314,7.247291271793421,0.6963056584849092,0.7425503352247357,5.3999784214413604e-06,11.059155807111907,0.9999999986043051
700.0,0.4050942113609619,1.0,5.281303034389722,0.1206810961354452,0.19135759252446805,7.358927263102197,7.247291271793421,1.3926113169698184,0.7425503352247357,5.3999784214413604e-06,11.059155807111907,0.9999999933160548
700.0,0.4050942113609619,1.5,5.299714095554108,0.12219244995728662,0.19159976707325388,7.359439092898343,7.247291271793421,2.088916975454728,0.7425503352247357,5.3999784214413604e-06,11.059155807111907,0.9999999992534088
700.0,0.4050942113609619,2.0,5.32561098625329,0.12430944852677168,0.1919414898816204,7.360165792263683,7.247291271793421,2.785222633939637,0.7425503352247357,5.3999784214413604e-06,11.059155807111907,0.9999999968664264
700.0,0.4050942113609619,2.5,5.359116615736686,0.12703321617653984,0.19238554283254658,7.361118219913177,7.247291271793421,3.4815282924245463,0.7425503352247357,5.3999784214413604e-06,11.059155807111907,0.9999999982617066
700.0,0.4050942113609619,3.0,5.4003906338829255,0.13036518405128067,0.1929355662965389,7.362310961648204,7.247291271793421,4.177833950909456,0.7425503352247357,5.3999784214413604e-06,11.059155807111907,0.9999999997196418
700.0,0.4050942113609619,3.5,5.449631285880566,0.13430712821024948,0.1935960814646756,7.363762579585962,7.247291271793421,4.874139609394366,0.7425503352247357,5.3999784214413604e-06,11.059155807111907,1.0000000096153747
700.0,0.4050942113609619,4.0,5.507077325487406,0.1388611831734264,0.1943726596250033,7.3654969625017905,7.247291271793421,5.570445267879274,0.7425503352247357,5.3999784214413604e-06,11.059155807111907,1.0000000009178167
700.0,0.4050942113609619,4.5,5.573009911637581,0.14402982412473528,0.19527194950863008,7.367544704222873,7.247291271793421,6.266750926364184,0.7425503352247357,5.3999784214413604e-06,11.059155807111907,0.9999999987296211
700.0,0.4050942113609619,5.0,5.6477558577493,0.1498159233581398,0.19630182521434208,7.369943076480293,7.247291271793421,6.963056584849093,0.7425503352247357,5.3999784214413604e-06,11.059155807111907,1.000000004562936
700.0,0.4050942113609619,5.5,5.731690570715306,0.15622274534183017,0.19747150072703587,7.372739617590916,7.247291271793421,7.6593622433340025,0.7425503352247357,5.3999784214413604e-06,11.059155807111907,0.9999999995181189
700.0,0.4050942113609619,6.0,5.825241588607783,0.1632539501166263,0.19879175799171483,7.37599347162222,7.247291271793421,8.355667901818912,0.7425503352247357,5.3999784214413604e-06,11.059155807111907,0.9999999973650254
700.0,0.4477486635155488,0.0,4.764904501286577,0.07599420955826437,0.21129377100183067,6.65751795300429,6.5568833175275065,0.0,0.6718118153204412,4.885553387975743e-06,10.005613338574321,1.00000000028744
700.0,0.4477486635155488,0.5,4.769854303515903,0.07644512227285488,0.21137305676292056,6.65765425792056,6.5568833175275065,0.7696232610619252,0.6718118153204412,4.885553387975743e-06,10.005613338574321,0.9999999967697601
700.0,0.4477486635155488,1.0,4.784738593309092,0.07779822443494477,0.21161187015199828,6.658066149582832,6.5568833175275065,1.5392465221238505,0.6718118153204412,4.885553387975743e-06,10.005613338574321,0.9999999990113003
700.0,0.4477486635155488,1.5,4.80966174940805,0.08005454335542914,0.21201304696749215,6.6587624484886065,6.5568833175275065,2.308869783185776,0.6718118153204412,4.885553387975743e-06,10.005613338574321,1.0000000027094373
700.0,0.4477486635155488,2.0,4.844799983839539,0.08321586070735175,0.21258141287715426,6.659758365645268,6.5568833175275065,3.078493044247701,0.6718118153204412,4.885553387975743e-06,10.005613338574321,1.0000000044820547
700.0,0.4477486635155488,2.5,4.890403131009607,0.08728466950458749,0.2133238690711297,6.6610763524045895,6.5568833175275065,3.848116305309626,0.6718118153204412,4.885553387975743e-06,10.005613338574321,0.9999999984585302
700.0,0.4477486635155488,3.0,4.946798179897066,0.09226420099599612,0.21424960374849364,6.662747502782622,6.5568833175275065,4.617739566371552,0.6718118153204412,4.885553387975743e-06,10.005613338574321,0.9999999976498829
700.0,0.4477486635155488,3.5,5.0143943113821265,0.09815849077212564,0.21537027103120993,6.664813456150946,6.5568833175275065,5.387362827433476,0.6718118153204412,4.885553387975743e-06,10.005613338574321,0.9999999974647511
700.0,0.4477486635155488,4.0,5.093688348960348,0.10497237834021576,0.21670037401854925,6.667329288927611,6.5568833175275065,6.156986088495402,0.6718118153204412,4.885553387975743e-06,10.005613338574321,0.9999999949954593
700.0,0.4477486635155488,4.5,5.185271902085912,0.11271154326005324,0.2182575529122862,6.670367434378193,6.5568833175275065,6.926609349557327,0.6718118153204412,4.885553387975743e-06,10.005613338574321,0.9999999933797297
700.0,0.4477486635155488,5.0,5.289840826477233,0.12138261280124223,0.22006315331794526,6.674023869244431,6.5568833175275065,7.696232610619252,0.6718118153204412,4.885553387975743e-06,10.005613338574321,0.9999999952682794
700.0,0.4477486635155488,5.5,5.406512895524513,0.13085725187161756,0.2221427354975351,6.678426779268633,6.5568833175275065,8.465855871681176,0.6718118153204412,4.885553387975743e-06,10.005613338574321,0.9999999952758515
700.0,0.4477486635155488,6.0,5.532455254740404,0.14085791880898935,0.22452694760704434,6.683749297569946,6.5568833175275065,9.235479132743103,0.6718118153204412,4.885553387975743e-06,10.005613338574321,1.000000003651125
700.0,0.4948944222294061,0.0,4.310979324881788,0.03251594868869914,0.23354197843851773,6.023294326818382,5.932246577007176,0.0,0.6078121492835221,4.420134682758647e-06,9.05243583028971,1.00000000028744
700.0,0.4948944222294061,0.5,4.317665043318727,0.03318895619297965,0.23367284576037908,6.02347854127781,5.932246577007176,0.8506608509493097,0.6078121492835221,4.420134682758647e-06,9.05243583028971,1.0000000060498306
700.0,0.4948944222294061,1.0,4.337792398134789,0.03520877200213782,0.23406775583765135,6.024037219757794,5.932246577007176,1.7013217018986193,0.6078121492835221,4.420134682758647e-06,9.05243583028971,1.0000000052447697
700.0,0.4948944222294061,1.5,4.3715727321608435,0.03857771704287299,0.23473376506152127,6.024988235332004,5.932246577007176,2.551982552847929,0.6078121492835221,4.420134682758647e-06,9.05243583028971,1.0000000005097491
700.0,0.4948944222294061,2.0,4.419363946508514,0.04329977702587779,0.23568290628879876,6.02636319257644,5.932246577007176,3.4026434037972386,0.6078121492835221,4.420134682758647e-06,9.05243583028971,0.9999999980056066
700.0,0.4948944222294061,2.5,4.481676652166838,0.04938052815233351,0.23693261327353737,6.028210276500171,5.932246577007176,4.253304254746548,0.6078121492835221,4.420134682758647e-06,9.05243583028971,0.9999999994161278
700.0,0.4948944222294061,3.0,4.5591860404034925,0.056827322890265236,0.23850648477859718,6.030598159869092,5.932246577007176,5.103965105695858,0.6078121492835221,4.420134682758647e-06,9.05243583028971,1.0000000031579963
700.0,0.4948944222294061,3.5,4.652745571147124,0.06564931307120356,0.24043505824898556,6.033624109997235,5.932246577007176,5.954625956645168,0.6078121492835221,4.420134682758647e-06,9.05243583028971,1.0000000003017464
700.0,0.4948944222294061,4.0,4.763405972374453,0.07585760552029293,0.24275709198206705,6.037423766804454,5.932246577007176,6.805286807594477,0.6078121492835221,4.420134682758647e-06,9.05243583028971,1.0000000012594072
700.0,0.4948944222294061,4.5,4.8909366353004105,0.08733204501251035,0.24552121087328682,6.042189591875286,5.932246577007176,7.655947658543787,0.6078121492835221,4.420134682758647e-06,9.05243583028971,0.9999999959022237
700.0,0.4948944222294061,5.0,5.0317640344814585,0.0996602752655579,0.2487879766491141,6.048200120380954,5.932246577007176,8.506608509493097,0.6078121492835221,4.420134682758647e-06,9.05243583028971,1.0000000030277223
700.0,0.4948944222294061,5.5,5.1918534560718905,0.1132624343523484,0.25263260731852716,6.055869216758139,5.932246577007176,9.357269360442405,0.6078121492835221,4.420134682758647e-06,9.05243583028971,0.9999999972341177
700.0,0.4948944222294061,6.0,5.372718575209666,0.1281341013467335,0.25714841714647624,6.065836946276919,5.932246577007176,10.207930211391716,0.6078121492835221,4.420134682758647e-06,9.05243583028971,1.0000000049473634
700.0,0.5068645446928268,0.0,4.2091711574011,0.022136594482668547,0.23919071068663098,5.881048096577643,5.792150532110175,0.0,0.5934580463227638,4.3157487003271894e-06,8.838653338270083,1.00000000028744
700.0,0.5068645446928268,0.5,4.216354548025527,0.02287713169648856,0.23933820208856507,5.881246091856471,5.792150532110175,0.871235975871572,0.5934580463227638,4.3157487003271894e-06,8.838653338270083,1.0000000022971773
700.0,0.5068645446928268,1.0,4.237987349616512,0.02509966468061647,0.23978357859929408,5.881847026050067,5.792150532110175,1.742471951743144,0.5934580463227638,4.3157487003271894e-06,8.838653338270083,0.9999999960507798
700.0,0.5068645446928268,1.5,4.274319979315932,0.028807039380194122,0.24053557699514097,5.882872325940389,5.792150532110175,2.613707927614716,0.5934580463227638,4.3157487003271894e-06,8.838653338270083,1.0000000059716971
700.0,0.5068645446928268,2.0,4.325776314126995,0.03400406699009404,0.24160917856071157,5.88435961792619,5.792150532110175,3.484943903486288,0.5934580463227638,4.3157487003271894e-06,8.838653338270083,0.9999999998317264
700.0,0.5068645446928268,2.5,4.392962859134572,0.04069754015472768,0.24302620819139437,5.886366726772179,5.792150532110175,4.356179879357861,0.5934580463227638,4.3157487003271894e-06,8.838653338270083,1.0000000004746252
700.0,0.5068645446928268,3.0,4.476683275735638,0.04889637791229445,0.2448162475168249,5.8889777306822415,5.792150532110175,5.227415855229432,0.5934580463227638,4.3157487003271894e-06,8.838653338270083,0.9999999970863368
700.0,0.5068645446928268,3.5,4.577957392460529,0.05861175500414187,0.24701788610121392,5.892312212616651,5.792150532110175,6.098651831101004,0.5934580463227638,4.3157487003271894e-06,8.838653338270083,0.9999999963408319
700.0,0.5068645446928268,4.0,4.698045422817716,0.06985722008844845,0.24968045519456988,5.8965413497512005,5.792150532110175,6.969887806972576,0.5934580463227638,4.3157487003271894e-06,8.838653338270083,0.9999999970125691
700.0,0.5068645446928268,4.5,4.833788336706352,0.08222763815015967,0.25286634352768467,5.901913074825286,5.792150532110175,7.841123782844149,0.5934580463227638,4.3157487003271894e-06,8.838653338270083,0.9999999995092315
700.0,0.5068645446928268,5.0,4.987025196578057,0.09578157113687531,0.25665391704640295,5.9087970113928465,5.792150532110175,8.712359758715722,0.5934580463227638,4.3157487003271894e-06,8.838653338270083,1.0000000029490355
700.0,0.5068645446928268,5.5,5.161724063971994,0.11073479293695718,0.2611415357595263,5.917763716615977,5.792150532110175,9.583595734587293,0.5934580463227638,4.3157487003271894e-06,8.838653338270083,0.9999999942741447
700.0,0.5068645446928268,6.0,5.359725695436438,0.12708257224415373,0.2664526899750708,5.929734623290869,5.792150532110175,10.454831710458864,0.5934580463227638,4.3157487003271894e-06,8.838653338270083,0.9999999988725109
700.0,0.5335416259924494,0.0,3.998712599531044,-0.00013980022848374636,0.2517796954596116,5.5869956917487595,5.502543005504665,0.0,0.5637851440066255,4.099961265310829e-06,8.396720671356578,1.00000000028744
700.0,0.5335416259924494,0.5,4.00709277334032,0.0007694061292822782,0.25197038064527566,5.587226783427377,5.502543005504665,0.9170905009174444,0.5637851440066255,4.099961265310829e-06,8.396720671356578,0.9999999998273064
700.0,0.5335416259924494,1.0,4.032351787297701,0.0034984221436522626,0.2525470194162105,5.587930013846504,5.502543005504665,1.8341810018348887,0.5637851440066255,4.099961265310829e-06,8.396720671356578,0.9999999954468122
700.0,0.5335416259924494,1.5,4.074849294456701,0.008051559957565593,0.25352356925039327,5.589136391441704,5.502543005504665,2.751271502752333,0.5637851440066255,4.099961265310829e-06,8.396720671356578,0.9999999982627981
700.0,0.5335416259924494,2.0,4.1351956023555525,0.0144360659740274,0.25492405578882643,5.590900848735077,5.502543005504665,3.6683620036697775,0.5637851440066255,4.099961265310829e-06,8.396720671356578,0.9999999961257368
700.0,0.5335416259924494,2.5,4.2142690161956216,0.022662263845460114,0.2567837483129399,5.593310708125801,5.502543005504665,4.585452504587223,0.5637851440066255,4.099961265310829e-06,8.396720671356578,1.000000005683723
700.0,0.5335416259924494,3.0,4.3132413255575,0.03274376624436429,0.259151136071781,5.596494808178758,5.502543005504665,5.502543005504666,0.5637851440066255,4.099961265310829e-06,8.396720671356578,1.0000000056851732
700.0,0.5335416259924494,3.5,4.43361201992862,0.04469769452394282,0.2620903395898601,5.60064542825486,5.502543005504665,6.419633506422111,0.5637851440066255,4.099961265310829e-06,8.396720671356578,1.000000001354798
700.0,0.5335416259924494,4.0,4.573826210529559,0.058219667578115704,0.2656848040592306,5.606049928398228,5.502543005504665,7.336724007339555,0.5637851440066255,4.099961265310829e-06,8.396720671356578,0.9999999969588121
700.0,0.5335416259924494,4.5,4.733374306765699,0.07311085772808588,0.2700421914862547,5.6131523067548805,5.502543005504665,8.253814508257,0.5637851440066255,4.099961265310829e-06,8.396720671356578,1.0000000019519713
700.0,0.5335416259924494,5.0,4.917905536742453,0.08972019121513938,0.2753009654612965,5.622668662581106,5.502543005504665,9.170905009174446,0.5637851440066255,4.099961265310829e-06,8.396720671356578,1.0000000015237747
700.0,0.5335416259924494,5.5,5.12981014633178,0.10804130089374955,0.2816393400284397,5.6358174720182745,5.502543005504665,10.087995510091888,0.5637851440066255,4.099961265310829e-06,8.396720671356578,0.9999999986995854
700.0,0.5335416259924494,6.0,5.371917311837149,0.128069327767519,0.2892873465643102,5.654859194517962,5.502543005504665,11.005086011009332,0.5637851440066255,4.099961265310829e-06,8.396720671356578,1.00000000225397
700.0,0.5470044002605323,0.0,3.900297001658733,-0.010962312180866062,0.25813281401705174,5.449489555054173,5.367115403188771,0.0,0.5499093650808167,3.999053753421577e-06,8.190062087007389,1.00000000028744
700.0,0.5470044002605323,0.5,3.909328796724609,-0.009957792730435363,0.25834884695759447,5.449738692988594,5.367115403188771,0.9402313053003988,0.5499093650808167,3.999053753421577e-06,8.190062087007389,0.9999999974655437
700.0,0.5470044002605323,1.0,3.9365652788915138,-0.006942533713951462,0.25900268939873455,5.450497893516082,5.367115403188771,1.8804626106007976,0.5499093650808167,3.999053753421577e-06,8.190062087007389,1.0000000048523008
700.0,0.5470044002605323,1.5,3.9824354790467,-0.0019112429680322967,0.26011184870074305,5.451804292922097,5.367115403188771,2.8206939159011966,0.5499093650808167,3.999053753421577e-06,8.190062087007389,1.0000000022348972
700.0,0.5470044002605323,2.0,4.047668226599686,0.005144916342216841,0.2617065508164266,5.45372463334322,5.367115403188771,3.760925221201595,0.5499093650808167,3.999053753421577e-06,8.190062087007389,1.0000000017526014
700.0,0.5470044002605323,2.5,4.1333159907109875,0.0142386168998552,0.26383147937104945,5.456364638673836,5.367115403188771,4.701156526501994,0.5499093650808167,3.999053753421577e-06,8.190062087007389,1.000000004192967
700.0,0.5470044002605323,3.0,4.24078797845454,0.02538656877876432,0.2665483348538876,5.4598853108074135,5.367115403188771,5.641387831802393,0.5499093650808167,3.999053753421577e-06,8.190062087007389,1.000000002866908
700.0,0.5470044002605323,3.5,4.371896185053746,0.03860984932536575,0.26993952596386833,5.464530051927094,5.367115403188771,6.581619137102791,0.5499093650808167,3.999053753421577e-06,8.190062087007389,1.000000002656537
700.0,0.5470044002605323,4.0,4.522065656843914,0.05327687234214956,0.2741133355907379,5.470674980839296,5.367115403188771,7.52185044240319,0.5499093650808167,3.999053753421577e-06,8.190062087007389,1.0000000024654883
700.0,0.5470044002605323,4.5,4.696500403244977,0.0697143726334792,0.27921103703828776,5.478922707549685,5.367115403188771,8.46208174770359,0.5499093650808167,3.999053753421577e-06,8.190062087007389,1.000000000897404
700.0,0.5470044002605323,5.0,4.898991317073428,0.08804667838955642,0.2854166722159965,5.49029061824349,5.367115403188771,9.402313053003988,0.5499093650808167,3.999053753421577e-06,8.190062087007389,1.0000000001019094
700.0,0.5470044002605323,5.5,5.132479490020897,0.10826723122737125,0.29297054858377886,5.50663234312927,5.367115403188771,10.342544358304387,0.5499093650808167,3.999053753421577e-06,8.190062087007389,0.9999999972841812
700.0,0.5470044002605323,6.0,5.400470289488848,0.1303715898351068,0.3021875836607639,5.531703373017681,5.367115403188771,11.282775663604786,0.5499093650808167,3.999053753421577e-06,8.190062087007389,0.9999999983177019
700.0,0.5602187072920719,0.0,3.808297713839089,-0.021329099298421875,0.2643686802325922,5.320948277855961,5.240517148099681,0.0,0.5369382323872623,3.904725014581742e-06,7.996876829863407,1.00000000028744
700.0,0.5602187072920719,0.5,3.8180012569115678,-0.02022392429764069,0.26461215628301404,5.321216029837727,5.240517148099681,0.9629450259633168,0.5369382323872623,3.904725014581742e-06,7.996876829863407,0.9999999965582097
700.0,0.5602187072920719,1.0,3.847278829852117,-0.016906328577702325,0.2653496968185628,5.322033215643193,5.240517148099681,1.9258900519266335,0.5369382323872623,3.904725014581742e-06,7.996876829863407,0.9999999989817706
700.0,0.5602187072920719,1.5,3.8966381469781037,-0.011369913497083701,0.2666030572910123,5.323443960043805,5.240517148099681,2.8888350778899503,0.5369382323872623,3.904725014581742e-06,7.996876829863407,1.0000000020726878
700.0,0.5602187072920719,2.0,3.96694378353861,-0.0036039452959506775,0.2684099839058665,5.325528351594577,5.240517148099681,3.851780103853267,0.5369382323872623,3.904725014581742e-06,7.996876829863407,1.0000000077829772
700.0,0.5602187072920719,2.5,4.059447861146803,0.006406976445335176,0.27082648927096853,5.328414775940512,5.240517148099681,4.814725129816584,0.5369382323872623,3.904725014581742e-06,7.996876829863407,0.9999999985252753
700.0,0.5602187072920719,3.0,4.17583382347726,0.018683216342772146,0.2739305080520073,5.332302173594564,5.240517148099681,5.777670155779901,0.5369382323872623,3.904725014581742e-06,7.996876829863407,1.0000000051665603
700.0,0.5602187072920719,3.5,4.317137230061307,0.03313586258916541,0.2778270644712493,5.337499018008076,5.240517148099681,6.740615181743218,0.5369382323872623,3.904725014581742e-06,7.996876829863407,0.9999999986718434
700.0,0.5602187072920719,4.0,4.478928611971079,0.049114149108663546,0.28265560909403165,5.344496648073655,5.240517148099681,7.703560207706534,0.5369382323872623,3.904725014581742e-06,7.996876829863407,1.0000000024344822
700.0,0.5602187072920719,4.5,4.66919920213253,0.06718241131166225,0.28860027856179865,5.354115383123335,5.240517148099681,8.66650523366985,0.5369382323872623,3.904725014581742e-06,7.996876829863407,0.9999999969146532
700.0,0.5602187072920719,5.0,4.890935195265197,0.08733191714345667,0.29590418145171515,5.367817941629528,5.240517148099681,9.629450259633169,0.5369382323872623,3.904725014581742e-06,7.996876829863407,0.9999999960327765
700.0,0.5602187072920719,5.5,5.147734332199948,0.1095561341155783,0.3048894751861073,5.388481483499774,5.240517148099681,10.592395285596483,0.5369382323872623,3.904725014581742e-06,7.996876829863407,1.0000000001932812
700.0,0.5602187072920719,6.0,5.503789326895596,0.1386018103679146,0.31652713620311945,5.422616227339814,5.240517148099681,11.555340311559801,0.5369382323872623,3.904725014581742e-06,7.996876829863407,1.0000000019995974
700.0,0.6046013057825199,0.0,3.528738032527038,-0.05444057305043133,0.28531294509823435,4.930347879302621,4.855821041356439,0.0,0.49752264767996296,3.618086793856284e-06,7.409841753817669,1.00000000028744
700.0,0.6046013057825199,0.5,3.540941574090763,-0.05294123041546497,0.2856697268040623,4.930684916829246,4.855821041356439,1.0392330932831078,0.49752264767996296,3.618086793856284e-06,7.409841753817669,0.9999999978546695
700.0,0.6046013057825199,1.0,3.5778376858977317,-0.04843935708596473,0.28675420002487606,4.931720215615099,4.855821041356439,2.0784661865662155,0.49752264767996296,3.618086793856284e-06,7.409841753817669,0.9999999950324822
700.0,0.6046013057825199,1.5,3.640297029036513,-0.04092317009412662,0.28861006848389625,4.933530572563479,4.855821041356439,3.1176992798493233,0.49752264767996296,3.618086793856284e-06,7.409841753817669,0.9999999967615383
700.0,0.6046013057825199,2.0,3.7298148986578745,-0.030372711928439506,0.2913141649017639,4.936260730826722,4.855821041356439,4.156932373132431,0.49752264767996296,3.618086793856284e-06,7.409841753817669,0.9999999988263367
700.0,0.6046013057825199,2.5,3.8485828093063623,-0.016759155690905102,0.2949829840297578,4.940154792266091,4.855821041356439,5.19616546641554,0.49752264767996296,3.618086793856284e-06,7.409841753817669,1.0000000015888384
700.0,0.6046013057825199,3.0,3.998623140849629,-0.0001495163171812256,0.29978307757942363,4.945619022499509,4.855821041356439,6.2353985596986465,0.49752264767996296,3.618086793856284e-06,7.409841753817669,1.0000000031741776
700.0,0.6046013057825199,3.5,4.175351798162838,0.018633081920210404,0.3059468589377348,4.95334960520394,4.855821041356439,7.274631652981755,0.49752264767996296,3.618086793856284e-06,7.409841753817669,0.9999999967569764
700.0,0.6046013057825199,4.0,4.388428152707504,0.04024900115886016,0.31379562860200116,4.964614826753797,4.855821041356439,8.313864746264862,0.49752264767996296,3.618086793856284e-06,7.409841753817669,0.9999999959540988
700.0,0.6046013057825199,4.5,4.64242834001175,0.06468521741607682,0.32377381720278015,4.981958650178277,4.855821041356439,9.35309783954797,0.49752264767996296,3.618086793856284e-06,7.409841753817669,0.9999999981004272
700.0,0.6046013057825199,5.0,4.9430289899531745,0.09193316619730453,0.3364994490937333,5.011306944113646,4.855821041356439,10.39233093283108,0.49752264767996296,3.618086793856284e-06,7.409841753817669,0.9999999975979392
700.0,0.6046013057825199,5.5,5.545829789647248,0.14190654492878593,0.35528867993305774,5.070295890171172,4.855821041356439,11.431564026114188,0.49752264767996296,3.618086793856284e-06,7.409841753817669,1.0000000015384551
700.0,0.6046013057825199,6.0,6.286613315084073,0.19635675671271355,0.3796606983389121,8.958438898769987,4.855821041356439,12.470797119397293,0.49752264767996296,3.618086793856284e-06,7.409841753817669,1.0000000021780115
700.0,0.6207797516027724,0.0,3.4367738585575984,-0.06590903504517193,0.29294759619796057,4.801855663127157,4.729271105686668,0.0,0.48455646574658484,3.523794057960428e-06,7.216730230702956,1.00000000028744
700.0,0.6207797516027724,0.5,3.449986347086903,-0.06424261492035559,0.2933548677361688,4.802220760292691,4.729271105686668,1.067041793220554,0.48455646574658484,3.523794057960428e-06,7.216730230702956,0.9999999997069787
700.0,0.6207797516027724,1.0,3.489967648902528,-0.05923859014764633,0.2945947143120155,4.8033451401646685,4.729271105686668,2.134083586441108,0.48455646574658484,3.523794057960428e-06,7.216730230702956,1.0000000059716971
700.0,0.6207797516027724,1.5,3.557767823022852,-0.05088238835298295,0.29672273722278203,4.805322138436221,4.729271105686668,3.201125379661662,0.48455646574658484,3.523794057960428e-06,7.216730230702956,1.000000001056297
700.0,0.6207797516027724,2.0,3.6551965885344826,-0.039149251615546006,0.2998374435795651,4.808330182261571,4.729271105686668,4.268167172882216,0.48455646574658484,3.523794057960428e-06,7.216730230702956,0.9999999970863368
700.0,0.6207797516027724,2.5,3.784919496939885,-0.02400334458740392,0.3040894704520151,4.812677108831895,4.729271105686668,5.335208966102771,0.48455646574658484,3.523794057960428e-06,7.216730230702956,0.9999999985203438
700.0,0.6207797516027724,3.0,3.946771649849057,-0.005817991377680868,0.30969675738307545,4.818891846527491,4.729271105686668,6.402250759323324,0.48455646574658484,3.523794057960428e-06,7.216730230702956,0.9999999995092315
700.0,0.6207797516027724,3.5,4.140930556500239,0.015037956107129541,0.3169678448208829,4.827922145589943,4.729271105686668,7.469292552543877,0.48455646574658484,3.523794057960428e-06,7.216730230702956,0.9999999986151384
700.0,0.6207797516027724,4.0,4.376197705034332,0.03903694271631323,0.32633656551546103,4.841608045725754,4.729271105686668,8.536334345764432,0.48455646574658484,3.523794057960428e-06,7.216730230702956,0.9999999988725109
700.0,0.6207797516027724,4.5,4.6582802936488585,0.06616562561493038,0.3384148307434319,4.864002887876423,4.729271105686668,9.603376138984986,0.48455646574658484,3.523794057960428e-06,7.216730230702956,0.9999999991876095
700.0,0.6207797516027724,5.0,5.112257184389908,0.10655270260012198,0.3552989483925678,4.9060636713069075,4.729271105686668,10.670417932205542,0.48455646574658484,3.523794057960428e-06,7.216730230702956,1.0000000014960317
700.0,0.6207797516027724,5.5,5.800594897753743,0.1614125449182167,0.3789443809741106,5.01105600785751,4.729271105686668,11.737459725426094,0.48455646574658484,3.523794057960428e-06,7.216730230702956,0.9999999993708591
700.0,0.6207797516027724,6.0,6.646096832932263,0.22050667328577792,0.410766094664086,8.72815092515813,4.729271105686668,12.804501518646648,0.48455646574658484,3.523794057960428e-06,7.216730230702956,1.000000001072438
700.0,0.6534523701081816,0.0,3.2649351656297174,-0.0881854297563243,0.3083658907346954,4.561762879970798,4.4928075504023335,0.0,0.4603286424592555,3.347604355062406e-06,6.855893719167808,1.00000000028744
700.0,0.6534523701081816,0.5,3.2803531389454266,-0.0861393921163144,0.3088926790684409,4.562189341612459,4.4928075504023335,1.1232018876005831,0.4603286424592555,3.347604355062406e-06,6.855893719167808,0.9999999991905593
700.0,0.6534523701081816,1.0,3.327100516719654,-0.07999406957027494,0.31050169121630944,4.563510753950881,4.4928075504023335,2.2464037752011663,0.4603286424592555,3.347604355062406e-06,6.855893719167808,0.9999999982627981
700.0,0.6534523701081816,1.5,3.406689373918959,-0.06972745545396905,0.31328213943051936,4.565863754270379,4.4928075504023335,3.3696056628017494,0.4603286424592555,3.347604355062406e-06,6.855893719167808,0.9999999980101957
700.0,0.6534523701081816,2.0,3.521746795033872,-0.05530186328347626,0.3173940248192176,4.569518876057727,4.4928075504023335,4.492807550402333,0.4603286424592555,3.347604355062406e-06,6.855893719167808,1.0000000056851732
700.0,0.6534523701081816,2.5,3.6761865760697456,-0.03666244647534267,0.3230871566066093,4.5749675244502805,4.4928075504023335,5.616009438002916,0.4603286424592555,3.347604355062406e-06,6.855893719167808,1.000000004529754
700.0,0.6534523701081816,3.0,3.8647839377253397,-0.014934771799754583,0.33073278908213577,4.58311966669194,4.4928075504023335,6.739211325603499,0.4603286424592555,3.347604355062406e-06,6.855893719167808,1.0000000019519713
700.0,0.6534523701081816,3.5,4.0990335622830445,0.010621482942346,0.3408737064650261,4.595799289836229,4.4928075504023335,7.862413213204081,0.4603286424592555,3.347604355062406e-06,6.855893719167808,0.9999999997698662
700.0,0.6534523701081816,4.0,4.386152118141494,0.040023698239678475,0.35430319406312,4.617173197951631,4.4928075504023335,8.985615100804665,0.4603286424592555,3.347604355062406e-06,6.855893719167808,1.00000000225397
700.0,0.6534523701081816,4.5,4.8395967644821845,0.08274918637931779,0.37339888962978474,4.659194472084812,4.4928075504023335,10.10881698840525,0.4603286424592555,3.347604355062406e-06,6.855893719167808,0.999999998503826
700.0,0.6534523701081816,5.0,5.5730912903426955,0.14403616577226488,0.4011937274965306,4.775331435213097,4.4928075504023335,11.232018876005831,0.4603286424592555,3.347604355062406e-06,6.855893719167808,1.000000001022848
700.0,0.6534523701081816,5.5,6.467419606690592,0.2086710475932574,0.4405587028018096,8.2927338962809,4.4928075504023335,12.355220763606415,0.4603286424592555,3.347604355062406e-06,6.855893719167808,1.0000000016235995
700.0,0.6534523701081816,6.0,7.380137233782921,0.26600444628376746,0.4998216951714683,8.299351071806335,4.4928075504023335,13.478422651206998,0.4603286424592555,3.347604355062406e-06,6.855893719167808,1.00000000065351
700.0,0.6682628855998672,0.0,3.1925753594936905,-0.09791883391999659,0.3153550119174337,4.460661859311007,4.393234766606828,0.0,0.45012651297201106,3.2734123757844e-06,6.703948545606451,1.00000000028744
700.0,0.6682628855998672,0.5,3.2090696752878185,-0.09568084473276241,0.31594451517725336,4.461118302392298,4.393234766606828,1.1486592885031846,0.45012651297201106,3.2734123757844e-06,6.703948545606451,0.9999999991668841
700.0,0.6682628855998672,1.0,3.259130639196665,-0.08895822222669846,0.3177481370792132,4.462536950257458,4.393234766606828,2.297318577006369,0.45012651297201106,3.2734123757844e-06,6.703948545606451,0.9999999987257802
700.0,0.6682628855998672,1.5,3.344532355957271,-0.077724589530646,0.32087560119716174,4.465079959397937,4.393234766606828,3.445977865509554,0.45012651297201106,3.2734123757844e-06,6.703948545606451,1.0000000011552714
700.0,0.6682628855998672,2.0,3.4683691185990924,-0.061934680597544416,0.32552502538465333,4.46907259200492,4.393234766606828,4.594637154012738,0.45012651297201106,3.2734123757844e-06,6.703948545606451,0.9999999996938137
700.0,0.6682628855998672,2.5,3.633545692805948,-0.04172936539543246,0.33200895774926376,4.4751224816586515,4.393234766606828,5.7432964425159225,0.45012651297201106,3.2734123757844e-06,6.703948545606451,0.9999999993928435
700.0,0.6682628855998672,3.0,3.8373986540765777,-0.018023072433991524,0.3407982088191579,4.484403450219504,4.393234766606828,6.891955731019108,0.45012651297201106,3.2734123757844e-06,6.703948545606451,1.000000002046826
700.0,0.6682628855998672,3.5,4.092277838169404,0.009905120390463767,0.3525923574909837,4.499410217478463,4.393234766606828,8.040615019522292,0.45012651297201106,3.2734123757844e-06,6.703948545606451,0.9999999958150888
700.0,0.6682628855998672,4.0,4.406511475301853,0.04203491410800037,0.36843381342786424,4.526425570493,4.393234766606828,9.189274308025476,0.45012651297201106,3.2734123757844e-06,6.703948545606451,1.0000000010582653
700.0,0.6682628855998672,4.5,5.014560117901662,0.09817285096430962,0.39258295771531354,4.586885452023266,4.393234766606828,10.33793359652866,0.45012651297201106,3.2734123757844e-06,6.703948545606451,0.9999999990274645
700.0,0.6682628855998672,5.0,5.849690811966675,0.16507292053107953,0.4264562113595827,8.105969526229503,4.393234766606828,11.486592885031845,0.45012651297201106,3.2734123757844e-06,6.703948545606451,1.0000000004238945
700.0,0.6682628855998672,5.5,6.789136112750167,0.22975452443491634,0.47783356337240795,8.112028138054079,4.393234766606828,12.635252173535031,0.45012651297201106,3.2734123757844e-06,6.703948545606451,0.9999999999162205
700.0,0.6682628855998672,6.0,7.673912630465546,0.2829568590044028,0.5578811876562046,8.119677605853159,4.393234766606828,13.783911462038215,0.45012651297201106,3.2734123757844e-06,6.703948545606451,0.999999999287388
700.0,0.6861249886135907,0.0,3.109462062504493,-0.10937472882626237,0.32378418527143016,4.344536076162665,4.278864333716509,0.0,0.4384082309135766,3.1881946238689583e-06,6.529422589683627,1.00000000028744
700.0,0.6861249886135907,0.5,3.1273204515367654,-0.1068876063422693,0.3244571672828893,4.345030555813277,4.278864333716509,1.1793619819806125,0.4384082309135766,3.1881946238689583e-06,6.529422589683627,0.9999999999564586
700.0,0.6861249886135907,1.0,3.1815917241201723,-0.09941554302492424,0.3265207271144852,4.346573792136121,4.278864333716509,2.358723963961225,0.4384082309135766,3.1881946238689583e-06,6.529422589683627,1.0000000020726878
700.0,0.6861249886135907,1.5,3.2744179299651175,-0.08692588158679385,0.330114958184177,4.34936368804242,4.278864333716509,3.538085945941838,0.4384082309135766,3.1881946238689583e-06,6.529422589683627,1.0000000054500038
700.0,0.6861249886135907,2.0,3.4095540393915367,-0.06936241318506838,0.3354949848543882,4.353806493213445,4.278864333716509,4.71744792792245,0.4384082309135766,3.1881946238689583e-06,6.529422589683627,1.0000000051665603
700.0,0.6861249886135907,2.5,3.5882071263292628,-0.047182486937638615,0.3430688446235308,4.360689081252962,4.278864333716509,5.896809909903062,0.4384082309135766,3.1881946238689583e-06,6.529422589683627,1.0000000005797343
700.0,0.6861249886135907,3.0,3.812385184211678,-0.020863218216178304,0.3534617110507468,4.371616904212746,4.278864333716509,7.076171891883676,0.4384082309135766,3.1881946238689583e-06,6.529422589683627,0.9999999969146532
700.0,0.6861249886135907,3.5,4.094485530254976,0.01013934934532621,0.367622759043999,4.390305189875265,4.278864333716509,8.255533873864287,0.4384082309135766,3.1881946238689583e-06,6.529422589683627,1.0000000008587555
700.0,0.6861249886135907,4.0,4.493825167556766,0.0505561808400741,0.3876649867210374,4.427547609306163,4.278864333716509,9.4348958558449,0.4384082309135766,3.1881946238689583e-06,6.529422589683627,1.0000000019995974
700.0,0.6861249886135907,4.5,5.244506068831418,0.11764460097624503,0.4186683500244602,4.5329024025509,4.278864333716509,10.61425783782551,0.4384082309135766,3.1881946238689583e-06,6.529422589683627,1.00000000115665
700.0,0.6861249886135907,5.0,6.182685532936968,0.18911716641410586,0.46388371858667987,7.897983503182857,4.278864333716509,11.793619819806125,0.4384082309135766,3.1881946238689583e-06,6.529422589683627,1.0000000011682904
700.0,0.6861249886135907,5.5,7.135806411937283,0.2513830681780219,0.5354578864361906,7.905056111161045,4.278864333716509,12.972981801786739,0.4384082309135766,3.1881946238689583e-06,6.529422589683627,1.000000000546213
700.0,0.6861249886135907,6.0,7.958584757404185,0.29877585446304455,0.643128351393771,4.155372631123105,4.278864333716509,14.152343783767352,0.4384082309135766,3.1881946238689583e-06,6.529422589683627,0.9999999995456461
700.0,0.7168147133906595,0.0,2.9763334685731464,-0.12837840334932205,0.33826674704669274,4.158528989574289,4.095668918908374,0.0,0.4196382089045465,3.0516951718983846e-06,6.2498717120478915,1.00000000028744
700.0,0.7168147133906595,0.5,2.9967095934966395,-0.12541533315137413,0.3391051888894767,4.15909391802193,4.095668918908374,1.2321137331049359,0.4196382089045465,3.0516951718983846e-06,6.2498717120478915,0.9999999960507798
700.0,0.7168147133906595,1.0,3.058785765615347,-0.11651093084189657,0.3416869771143812,4.160870588775891,4.095668918908374,2.4642274662098718,0.4196382089045465,3.0516951718983846e-06,6.2498717120478915,0.9999999998317264
700.0,0.7168147133906595,1.5,3.1654931014970766,-0.10161861991969616,0.34622245752758235,4.164136087621979,4.095668918908374,3.696341199314807,0.4196382089045465,3.0516951718983846e-06,6.2498717120478915,0.9999999970863368
700.0,0.7168147133906595,2.0,3.3220197767968282,-0.08065777774354213,0.35310148599564867,4.169484373955951,4.095668918908374,4.9284549324197435,0.4196382089045465,3.0516951718983846e-06,6.2498717120478915,0.9999999970125691
700.0,0.7168147133906595,2.5,3.526359334448519,-0.054733426695115335,0.3629634503232024,4.1781504354106875,4.095668918908374,6.16056866552468,0.4196382089045465,3.0516951718983846e-06,6.2498717120478915,1.0000000029490355
700.0,0.7168147133906595,3.0,3.7898983845428895,-0.0234324255878369,0.37682100789353884,4.192955562765632,4.095668918908374,7.392682398629614,0.4196382089045465,3.0516951718983846e-06,6.2498717120478915,0.9999999988725109
700.0,0.7168147133906595,3.5,4.125658121487035,0.013433245371863732,0.3962745642122446,4.22176934653887,4.095668918908374,8.62479613173455,0.4196382089045465,3.0516951718983846e-06,6.2498717120478915,0.9999999998676542
700.0,0.7168147133906595,4.0,4.8170588783454455,0.08072196334940648,0.427644649574786,4.2973735764043335,4.095668918908374,9.856909864839487,0.4196382089045465,3.0516951718983846e-06,6.2498717120478915,0.9999999990459424
700.0,0.7168147133906595,4.5,5.755688693330639,0.15803730498162774,0.47431183065656274,7.558800429251589,4.095668918908374,11.089023597944422,0.4196382089045465,3.0516951718983846e-06,6.2498717120478915,1.000000001072438
700.0,0.7168147133906595,5.0,6.754807468856856,0.22755298358379747,0.551166500865432,7.565961377351406,4.095668918908374,12.32113733104936,0.4196382089045465,3.0516951718983846e-06,6.2498717120478915,1.0000000024816942
700.0,0.7168147133906595,5.5,7.621536135184661,0.2799825217174737,0.6726455599699488,3.9770018654856085,4.095668918908374,13.553251064154294,0.4196382089045465,3.0516951718983846e-06,6.2498717120478915,1.0000000006526777
700.0,0.7168147133906595,6.0,8.240231647230297,0.31387942931330254,0.8005692816419084,7.589317988407351,4.095668918908374,14.785364797259229,0.4196382089045465,3.0516951718983846e-06,6.2498717120478915,0.9999999971954336
700.0,0.7386277204483878,0.0,2.8884369800461154,-0.14139709478956178,0.3485603624020781,4.0357201378508725,3.974716438300102,0.0,0.40724553671107594,2.961573116524881e-06,6.065301742642956,1.00000000028744
700.0,0.7386277204483878,0.5,2.9107413379276026,-0.13805637761086276,0.3495351865627054,4.036339179591088,3.974716438300102,1.269607530391843,0.40724553671107594,2.961573116524881e-06,6.065301742642956,0.9999999984370221
700.0,0.7386277204483878,1.0,2.978825884246379,-0.1280148723764071,0.3525470027194153,4.038297856683004,3.974716438300102,2.539215060783686,0.40724553671107594,2.961573116524881e-06,6.065301742642956,0.9999999997480289
700.0,0.7386277204483878,1.5,3.0963269600769983,-0.11121317708848465,0.35787414468666695,4.041946613937877,3.974716438300102,3.8088225911755296,0.40724553671107594,2.961573116524881e-06,6.065301742642956,0.9999999963532253
700.0,0.7386277204483878,2.0,3.2691444341864413,-0.08762588274377633,0.3660395479455725,4.048062681340772,3.974716438300102,5.078430121567372,0.40724553671107594,2.961573116524881e-06,6.065301742642956,0.9999999980027847
700.0,0.7386277204483878,2.5,3.4944766209303544,-0.05867785206538014,0.37791819992028675,4.058361934880792,3.974716438300102,6.348037651959215,0.40724553671107594,2.961573116524881e-06,6.065301742642956,1.0000000020995876
700.0,0.7386277204483878,3.0,3.78990132118863,-0.02343208906996312,0.39493270184918927,4.077169493821977,3.974716438300102,7.617645182351059,0.40724553671107594,2.961573116524881e-06,6.065301742642956,1.0000000001826916
700.0,0.7386277204483878,3.5,4.2477861476817225,0.026102652993191124,0.42056311428997983,4.118917745578721,3.974716438300102,8.887252712742901,0.40724553671107594,2.961573116524881e-06,6.065301742642956,0.999999999497776
700.0,0.7386277204483878,4.0,5.105301365819756,0.10596139224472412,0.4618100676639541,7.332668197334292,3.974716438300102,10.156860243134744,0.40724553671107594,2.961573116524881e-06,6.065301742642956,0.9999999979225013
700.0,0.7386277204483878,4.5,6.138243533197128,0.1859841236289596,0.5278181306777394,7.339211929788324,3.974716438300102,11.42646777352659,0.40724553671107594,2.961573116524881e-06,6.065301742642956,1.0000000001516993
700.0,0.7386277204483878,5.0,7.102558161345902,0.24935480742718907,0.6412625682281982,7.347917965459105,3.974716438300102,12.69607530391843,0.40724553671107594,2.961573116524881e-06,6.065301742642956,0.9999999999625439
700.0,0.7386277204483878,5.5,7.813406311349508,0.29078041767236745,0.7850380546946293,7.360309903571921,3.974716438300102,13.965682834310273,0.40724553671107594,2.961573116524881e-06,6.065301742642956,1.000000000811867
700.0,0.7386277204483878,6.0,8.434216384487607,0.32398474755902096,0.9036262302361788,7.379749182271483,3.974716438300102,15.235290364702118,0.40724553671107594,2.961573116524881e-06,6.065301742642956,0.999999998000745
700.0,0.7545418035691153,0.0,2.827516795144489,-0.1506547980604743,0.35607026004915027,3.950602540095575,3.890885472962956,0.0,0.3986562984593192,2.8991104133034655e-06,5.9373781264454975,1.00000000028744
700.0,0.7545418035691153,0.5,2.8513032929279,-0.14701657568833826,0.3571554199953061,3.951263205586702,3.890885472962956,1.2969618243209853,0.3986562984593192,2.8991104133034655e-06,5.9373781264454975,0.9999999954468122
700.0,0.7545418035691153,1.0,2.924024851958402,-0.13607893185796313,0.3605170570717137,3.953363903082198,3.890885472962956,2.5939236486419706,0.3986562984593192,2.8991104133034655e-06,5.9373781264454975,0.9999999961257368
700.0,0.7545418035691153,1.5,3.0499221901957614,-0.11777123158762627,0.366495051337108,3.9573194297385075,3.890885472962956,3.8908854729629554,0.3986562984593192,2.8991104133034655e-06,5.9373781264454975,1.0000000056851732
700.0,0.7545418035691153,2.0,3.2341835294342216,-0.09229533025387474,0.3757350532170022,3.964075920040747,3.890885472962956,5.187847297283941,0.3986562984593192,2.8991104133034655e-06,5.9373781264454975,0.9999999969588121
700.0,0.7545418035691153,2.5,3.477484354265457,-0.06079480661685116,0.3893343590897725,3.975827139676197,3.890885472962956,6.484809121604926,0.3986562984593192,2.8991104133034655e-06,5.9373781264454975,1.0000000015237747
700.0,0.7545418035691153,3.0,3.798519159173458,-0.0224456700644715,0.40911408893417317,3.9985892830987497,3.890885472962956,7.781770945925911,0.3986562984593192,2.8991104133034655e-06,5.9373781264454975,1.00000000225397
700.0,0.7545418035691153,3.5,4.392100682866152,0.040612295831743625,0.4408288477778975,4.056153596236623,3.890885472962956,9.078732770246896,0.3986562984593192,2.8991104133034655e-06,5.9373781264454975,1.0000000028232914
700.0,0.7545418035691153,4.0,5.34172485452848,0.12562152297561605,0.49069637799961896,7.1800632882773145,3.890885472962956,10.375694594567882,0.3986562984593192,2.8991104133034655e-06,5.9373781264454975,1.0000000000188285
700.0,0.7545418035691153,4.5,6.391386327871425,0.20353507797961753,0.5771443805081247,7.1874488631098945,3.890885472962956,11.672656418888867,0.3986562984593192,2.8991104133034655e-06,5.9373781264454975,1.00000000065351
700.0,0.7545418035691153,5.0,7.290938519593445,0.26072344476036685,0.7194966850396313,3.771317489585945,3.890885472962956,12.969618243209853,0.3986562984593192,2.8991104133034655e-06,5.9373781264454975,1.0000000019467234
700.0,0.7545418035691153,5.5,7.9307582849548055,0.29725472224783367,0.863636939177187,7.212997277441196,3.890885472962956,14.266580067530837,0.3986562984593192,2.8991104133034655e-06,5.9373781264454975,1.0000000003259841
700.0,0.7545418035691153,6.0,8.577471518597365,0.3312992933324506,0.9815064463624571,7.239275246486823,3.890885472962956,15.563541891851822,0.3986562984593192,2.8991104133034655e-06,5.9373781264454975,1.0000000026264786
700.0,0.792268893747571,0.0,2.6928731382328466,-0.17184409713041238,0.3738737730516078,3.762478609614833,3.7056052123456724,0.0,0.3796726651993516,2.761057536479491e-06,5.6546458347099975,1.00000000028744
700.0,0.792268893747571,0.5,2.720436949703878,-0.16742132640969284,0.3752611400124003,3.7632457764813503,3.7056052123456724,1.3618099155370345,0.3796726651993516,2.761057536479491e-06,5.6546458347099975,0.9999999989817706
700.0,0.792268893747571,1.0,2.8050528499259713,-0.15411894312794122,0.3795890395160205,3.7657172108137424,3.7056052123456724,2.723619831074069,0.3796726651993516,2.761057536479491e-06,5.6546458347099975,1.0000000077829772
700.0,0.792268893747571,1.5,2.9527604136889196,-0.1318317814892183,0.38739623963490094,3.770507026284484,3.7056052123456724,4.085429746611103,0.3796726651993516,2.761057536479491e-06,5.6546458347099975,1.0000000051665603
700.0,0.792268893747571,2.0,3.167080793975201,-0.10140084872332701,0.3997353958616074,3.779129821881655,3.7056052123456724,5.447239662148138,0.3796726651993516,2.761057536479491e-06,5.6546458347099975,1.0000000024344822
700.0,0.792268893747571,2.5,3.458413442915972,-0.06318308068853386,0.4184717065719247,3.795620466701055,3.7056052123456724,6.8090495776851725,0.3796726651993516,2.761057536479491e-06,5.6546458347099975,0.9999999960327765
700.0,0.792268893747571,3.0,3.891766755270021,-0.011913187464075891,0.4476369688775673,3.8343687061241964,3.7056052123456724,8.170859493222206,0.3796726651993516,2.761057536479491e-06,5.6546458347099975,1.0000000019995974
700.0,0.792268893747571,3.5,4.810096235031931,0.08009377401161648,0.49823432740347295,6.836493883175926,3.7056052123456724,9.53266940875924,0.3796726651993516,2.761057536479491e-06,5.6546458347099975,0.9999999999264315
700.0,0.792268893747571,4.0,5.915143706662479,0.16990530881982327,0.5847637531261506,6.843765610923799,3.7056052123456724,10.894479324296276,0.3796726651993516,2.761057536479491e-06,5.6546458347099975,1.000000002925019
700.0,0.792268893747571,4.5,6.892336578083638,0.23630648615889457,0.7426206536013477,3.5986582607431923,3.7056052123456724,12.25628923983331,0.3796726651993516,2.761057536479491e-06,5.6546458347099975,0.9999999995456461
700.0,0.792268893747571,5.0,7.5672997094307926,0.27688094358771387,0.9100106718908108,6.869983822747701,3.7056052123456724,13.618099155370345,0.3796726651993516,2.761057536479491e-06,5.6546458347099975,1.0000000002650609
700.0,0.792268893747571,5.5,8.245715012840664,0.3141683293763392,1.047371050117399,6.899110115140716,3.7056052123456724,14.979909070907377,0.3796726651993516,2.761057536479491e-06,5.6546458347099975,1.000000001001905
700.0,0.792268893747571,6.0,8.870996955146234,0.34591243885193834,1.1939129303589877,6.9712763372953646,3.7056052123456724,16.341718986444413,0.3796726651993516,2.761057536479491e-06,5.6546458347099975,1.0000000007941885
700.0,0.8164016305125923,0.0,2.6132721230489753,-0.18487535565912702,0.3852620749521422,3.651260181727999,3.5960679554339228,0.0,0.36844958559773794,2.679440998453836e-06,5.487495164833456,1.00000000028744
700.0,0.8164016305125923,0.5,2.643454390934079,-0.17988816965909646,0.38687602306749175,3.6521015244971053,3.5960679554339228,1.4032910344791119,0.36844958559773794,2.679440998453836e-06,5.487495164833456,0.9999999987964696
700.0,0.8164016305125923,1.0,2.7363820405147887,-0.16488325993757602,0.3919361234861625,3.6548374936257844,3.5960679554339228,2.8065820689582237,0.36844958559773794,2.679440998453836e-06,5.487495164833456,1.0000000036156982
700.0,0.8164016305125923,1.5,2.8995716007861394,-0.13972615382835185,0.40115927844620736,3.660255359774154,3.5960679554339228,4.209873103437335,0.36844958559773794,2.679440998453836e-06,5.487495164833456,0.9999999987186231
700.0,0.8164016305125923,2.0,3.135502808988537,-0.1057527971470116,0.4159747747691248,3.67041173539591,3.5960679554339228,5.613164137916447,0.36844958559773794,2.679440998453836e-06,5.487495164833456,0.9999999998000313
700.0,0.8164016305125923,2.5,3.462154845834839,-0.06271350341315819,0.43899212634284795,3.691430952732765,3.5960679554339228,7.01645517239556,0.36844958559773794,2.679440998453836e-06,5.487495164833456,0.9999999998933538
700.0,0.8164016305125923,3.0,4.07765394921885,0.008350375204488105,0.4780336205307885,3.7510918935031063,3.5960679554339228,8.41974620687467,0.36844958559773794,2.679440998453836e-06,5.487495164833456,0.9999999978789686
700.0,0.8164016305125923,3.5,5.122413207400948,0.10741461725504658,0.5459396302524385,6.637203519686366,3.5960679554339228,9.823037241353783,0.36844958559773794,2.679440998453836e-06,5.487495164833456,1.0000000013202817
700.0,0.8164016305125923,4.0,6.240493500943569,0.19315894390925903,0.6747087077001453,6.645912268162487,3.5960679554339228,11.226328275832895,0.36844958559773794,2.679440998453836e-06,5.487495164833456,1.000000000286001
700.0,0.8164016305125923,4.5,7.066314579030709,0.24713297617449903,0.8669700138615427,6.65906855820645,3.5960679554339228,12.629619310312005,0.36844958559773794,2.679440998453836e-06,5.487495164833456,1.0000000007092746
700.0,0.8164016305125923,5.0,7.754848768985833,0.2875133415198744,1.0253732959702326,6.681978907593316,3.5960679554339228,14.03291034479112,0.36844958559773794,2.679440998453836e-06,5.487495164833456,1.0000000002948637
700.0,0.8164016305125923,5.5,8.416420200371943,0.3230674187216271,1.1813951283075934,6.733634503087036,3.5960679554339228,15.43620137927023,0.36844958559773794,2.679440998453836e-06,5.487495164833456,0.9999999992443681
700.0,0.8164016305125923,6.0,9.091354254422995,0.35656858951947973,1.3395024860361506,9.602893417158002,3.5960679554339228,16.83949241374934,0.36844958559773794,2.679440998453836e-06,5.487495164833456,1.0000000000998477
700.0,0.877915143963242,0.0,2.430166100790734,-0.21642403287716264,0.41429046360775285,3.3954247016762387,3.344099668900644,0.0,0.34263316279719713,2.4916986738886807e-06,5.102998884124018,1.00000000028744
700.0,0.877915143963242,0.5,2.4677797906606496,-0.20975358797963695,0.41661984038347977,3.3964779209898843,3.344099668900644,1.5090249755914154,0.34263316279719713,2.4916986738886807e-06,5.102998884124018,1.0000000059716971
700.0,0.877915143963242,1.0,2.584614294322667,-0.18966424944753668,0.42403417921749864,3.4000028780611045,3.344099668900644,3.0180499511828307,0.34263316279719713,2.4916986738886807e-06,5.102998884124018,0.9999999970863368
700.0,0.877915143963242,1.5,2.790788997403086,-0.1563329892096715,0.4379773545141153,3.4074711024841515,3.344099668900644,4.527074926774246,0.34263316279719713,2.4916986738886807e-06,5.102998884124018,0.9999999995092315
700.0,0.877915143963242,2.0,3.0944390730427824,-0.1114780551156774,0.4615095968502211,3.4235338809800284,3.344099668900644,6.036099902365661,0.34263316279719713,2.4916986738886807e-06,5.102998884124018,0.9999999988725109
700.0,0.877915143963242,2.5,3.61491172225175,-0.04396229523186864,0.5024685915136679,3.469110890914083,3.344099668900644,7.545124877957076,0.34263316279719713,2.4916986738886807e-06,5.102998884124018,1.0000000014960317
700.0,0.877915143963242,3.0,4.69950013898884,0.06999167545378727,0.580910982036981,6.171734706398952,3.344099668900644,9.054149853548491,0.34263316279719713,2.4916986738886807e-06,5.102998884124018,1.000000001072438
700.0,0.877915143963242,3.5,5.892201835032032,0.16821762368230184,0.743687981321144,6.181184739400837,3.344099668900644,10.563174829139907,0.34263316279719713,2.4916986738886807e-06,5.102998884124018,0.9999999991728602
700.0,0.877915143963242,4.0,6.728120966015982,0.22583379978546197,0.9804931218845758,6.1966521891078905,3.344099668900644,12.072199804731323,0.34263316279719713,2.4916986738886807e-06,5.102998884124018,0.9999999971954336
700.0,0.877915143963242,4.5,7.471729540807512,0.27136115173070174,1.1687905584200817,6.228004693413754,3.344099668900644,13.581224780322737,0.34263316279719713,2.4916986738886807e-06,5.102998884124018,1.000000001133577
700.0,0.877915143963242,5.0,8.163083257982638,0.30979423470692724,1.3687905726503145,6.331358137049273,3.344099668900644,15.090249755914153,0.34263316279719713,2.4916986738886807e-06,5.102998884124018,1.0000000000737992
700.0,0.877915143963242,5.5,8.983552313159437,0.35138810980957047,1.546275301587944,8.936546145923142,3.344099668900644,16.599274731505567,0.34263316279719713,2.4916986738886807e-06,5.102998884124018,1.0000000009548375
700.0,0.877915143963242,6.0,10.181328361309449,0.405744452915495,1.6806973112760555,8.951697691857198,3.344099668900644,18.108299707096982,0.34263316279719713,2.4916986738886807e-06,5.102998884124018,0.9999999994196668
700.0,0.9023647554129298,0.0,2.3643206468696674,-0.22835361652869218,0.4258282995047319,3.303425524885843,3.253491146057533,0.0,0.3333495026698292,2.4241859922808948e-06,4.964732912191272,1.00000000028744
700.0,0.9023647554129298,0.5,2.405206422938061,-0.22090763639945635,0.4285051718569246,3.30457272579078,3.253491146057533,1.5510507619954705,0.3333495026698292,2.4241859922808948e-06,4.964732912191272,0.999999998694573
700.0,0.9023647554129298,1.0,2.5327230373496796,-0.19847229065198324,0.4370854795409123,3.308464650541272,3.253491146057533,3.102101523990941,0.3333495026698292,2.4241859922808948e-06,4.964732912191272,1.0000000013003778
700.0,0.9023647554129298,1.5,2.7574734825788783,-0.16154864661647445,0.4534581863541547,3.316988137055044,3.253491146057533,4.653152285986412,0.3333495026698292,2.4241859922808948e-06,4.964732912191272,1.0000000021516235
700.0,0.9023647554129298,2.0,3.0940125572227544,-0.11153791935262805,0.4817415302996287,3.3367194157051667,3.253491146057533,6.204203047981882,0.3333495026698292,2.4241859922808948e-06,4.964732912191272,1.0000000017076347
700.0,0.9023647554129298,2.5,3.7776468292215344,-0.02483863787178194,0.5347410531630701,3.405945342376778,3.253491146057533,7.755253809977353,0.3333495026698292,2.4241859922808948e-06,4.964732912191272,0.9999999996119675
700.0,0.9023647554129298,3.0,4.986349359861111,0.0957227119903296,0.6403553222920982,6.007214938321669,3.253491146057533,9.306304571972824,0.3333495026698292,2.4241859922808948e-06,4.964732912191272,0.9999999998105592
700.0,0.9023647554129298,3.5,6.103155006136544,0.18349440885227308,0.8626084186506764,3.1525389635341683,3.253491146057533,10.857355333968295,0.3333495026698292,2.4241859922808948e-06,4.964732912191272,0.9999999995135311
700.0,0.9023647554129298,4.0,6.8724259375062875,0.23505007692480792,1.0956754421640846,6.0394577077550355,3.253491146057533,12.408406095963764,0.3333495026698292,2.4241859922808948e-06,4.964732912191272,1.0000000001489626
700.0,0.9023647554129298,4.5,7.611809558345703,0.27942792270711775,1.304911415542836,6.091786442664457,3.253491146057533,13.959456857959236,0.3333495026698292,2.4241859922808948e-06,4.964732912191272,1.000000002462698
700.0,0.9023647554129298,5.0,8.371963852408467,0.3207673531913587,1.514843232955349,8.68982717425618,3.253491146057533,15.510507619954707,0.3333495026698292,2.4241859922808948e-06,4.964732912191272,0.9999999993441157
700.0,0.9023647554129298,5.5,9.444591004218482,0.3731231643171875,1.6813507987696503,8.70267341719502,3.253491146057533,17.061558381950178,0.3333495026698292,2.4241859922808948e-06,4.964732912191272,0.9999999996334523
700.0,0.9023647554129298,6.0,10.72281266973997,0.4282487274920247,1.8113595042129844,8.725267480744828,3.253491146057533,18.612609143945647,0.3333495026698292,2.4241859922808948e-06,4.964732912191272,0.9999999999193142
700.0,0.9241212041718337,0.0,2.308657795751197,-0.23870042758831486,0.4360952248502662,3.2256534665924264,3.1768946854556113,0.0,0.32550150465733724,2.3671137401942463e-06,4.847848939917816,1.00000000028744
700.0,0.9241212041718337,0.5,2.3526153370617338,-0.23050906740226548,0.4391157028578877,3.226889400136402,3.1768946854556113,1.5884473427278056,0.32550150465733724,2.3671137401942463e-06,4.847848939917816,0.9999999982627981
700.0,0.9241212041718337,1.0,2.490251040390441,-0.20581686111546688,0.4488629345155202,3.23113778402035,3.1768946854556113,3.1768946854556113,0.32550150465733724,2.3671137401942463e-06,4.847848939917816,1.0000000056851732
700.0,0.9241212041718337,1.5,2.7328149301864353,-0.16544976963174518,0.46772679584143667,3.2407549953073,3.1768946854556113,4.765342028183417,0.32550150465733724,2.3671137401942463e-06,4.847848939917816,1.0000000019519713
700.0,0.9241212041718337,2.0,3.101477906053589,-0.11049129959231216,0.501060382236171,3.264834478184376,3.1768946854556113,6.3537893709112225,0.32550150465733724,2.3671137401942463e-06,4.847848939917816,1.00000000225397
700.0,0.9241212041718337,2.5,3.9407706435730065,-0.006478832059725676,0.5673736105646092,3.3766692402524696,3.1768946854556113,7.942236713639029,0.32550150465733724,2.3671137401942463e-06,4.847848939917816,1.000000001022848
700.0,0.9241212041718337,3.0,5.218545084095233,0.11548944845177692,0.7068546200798014,5.868527422322101,3.1768946854556113,9.530684056366834,0.32550150465733724,2.3671137401942463e-06,4.847848939917816,1.00000000065351
700.0,0.9241212041718337,3.5,6.223845164983266,0.191998788535771,0.974995182067537,5.882407745716919,3.1768946854556113,11.11913139909464,0.32550150465733724,2.3671137401942463e-06,4.847848939917816,1.0000000007477603
700.0,0.9241212041718337,4.0,7.003476167939699,0.24325366380460997,1.2020949864202028,5.910843487151212,3.1768946854556113,12.707578741822445,0.32550150465733724,2.3671137401942463e-06,4.847848939917816,1.0000000026264786
700.0,0.9241212041718337,4.5,7.736587936101925,0.28648947487915016,1.4350387462864478,6.009082998909006,3.1768946854556113,14.29602608455025,0.32550150465733724,2.3671137401942463e-06,4.847848939917816,1.0000000004507135
700.0,0.9241212041718337,5.0,8.621500144851808,0.33352284850450686,1.6407587602057836,8.490636644843095,3.1768946854556113,15.884473427278058,0.32550150465733724,2.3671137401942463e-06,4.847848939917816,1.0000000001549096
700.0,0.9241212041718337,5.5,9.900740462583048,0.39360768476336105,1.792229464332479,8.507811714089785,3.1768946854556113,17.47292077000586,0.32550150465733724,2.3671137401942463e-06,4.847848939917816,0.9999999988884348
700.0,0.9241212041718337,6.0,11.024783412673754,0.44031007496569274,1.9458555133548976,8.54347881503967,3.1768946854556113,19.061368112733668,0.32550150465733724,2.3671137401942463e-06,4.847848939917816,1.0000000004032377
700.0,0.9703272643804255,0.0,2.1987217102392345,-0.2598897266582531,0.45789998609277954,3.0720509205642146,3.025613986148201,0.0,0.31000143300698774,2.2543940382802342e-06,4.61699899039792,1.00000000028744
700.0,0.9703272643804255,0.5,2.2497250830923727,-0.2499305408569149,0.46177004068122945,3.073491803347178,3.025613986148201,1.6678697098641961,0.31000143300698774,2.2543940382802342e-06,4.61699899039792,1.0000000020726878
700.0,0.9703272643804255,1.0,2.41091878207574,-0.2198774110170591,0.4744615576892321,3.078606095325248,3.025613986148201,3.3357394197283923,0.31000143300698774,2.2543940382802342e-06,4.61699899039792,1.0000000051665603
700.0,0.9703272643804255,1.5,2.695763416251202,-0.17137821604816902,0.4998703455475663,3.091199957718574,3.025613986148201,5.003609129592589,0.31000143300698774,2.2543940382802342e-06,4.61699899039792,0.9999999969146532
700.0,0.9703272643804255,2.0,3.177614249446161,-0.09995881699191667,0.548241081878077,3.1307489385666742,3.025613986148201,6.6714788394567845,0.31000143300698774,2.2543940382802342e-06,4.61699899039792,1.0000000019995974
700.0,0.9703272643804255,2.5,4.371818866283692,0.03860216858211515,0.656030646189347,5.584717692800081,3.025613986148201,8.33934854932098,0.31000143300698774,2.2543940382802342e-06,4.61699899039792,1.0000000011682904
700.0,0.9703272643804255,3.0,5.627569250608392,0.14826085663105384,0.9095208368877207,2.9382921658241328,3.025613986148201,10.007218259185178,0.31000143300698774,2.2543940382802342e-06,4.61699899039792,0.9999999995456461
700.0,0.9703272643804255,3.5,6.459171717923206,0.20811683914415072,1.198901800096799,5.619150031898488,3.025613986148201,11.675087969049374,0.31000143300698774,2.2543940382802342e-06,4.61699899039792,0.9999999975141373
700.0,0.9703272643804255,4.0,7.243138683297166,0.25786680932409756,1.4622387383452742,5.6920232941040245,3.025613986148201,13.342957678913569,0.31000143300698774,2.2543940382802342e-06,4.61699899039792,1.0000000007941885
700.0,0.9703272643804255,4.5,8.122256630531314,0.30761671599582713,1.7080808332981334,8.085387435027176,3.025613986148201,15.010827388777765,0.31000143300698774,2.2543940382802342e-06,4.61699899039792,0.9999999991312195
700.0,0.9703272643804255,5.0,9.461767237455678,0.37391226873081373,1.885405577745161,8.103231001613869,3.025613986148201,16.67869709864196,0.31000143300698774,2.2543940382802342e-06,4.61699899039792,0.9999999993508084
700.0,0.9703272643804255,5.5,10.611240984098112,0.4237061862613589,2.0675433328851653,8.143918378586857,3.025613986148201,18.346566808506157,0.31000143300698774,2.2543940382802342e-06,4.61699899039792,1.0000000006331458
700.0,0.9703272643804255,6.0,11.520360601235742,0.4594060819151187,2.307016712019188,10.5707316789814,3.025613986148201,20.014436518370356,0.31000143300698774,2.2543940382802342e-06,4.61699899039792,1.0000000010232022
700.0,0.9973793796812823,0.0,2.139085352769226,-0.2718318773982574,0.4706659503965364,2.9887270847137453,2.9435496683202937,0.0,0.3015932037213415,2.1932476694064268e-06,4.491771226944362,1.00000000028744
700.0,0.9973793796812823,0.5,2.1945581602857662,-0.2607128963012343,0.4751178473244799,2.9902992021588126,2.9435496683202937,1.7143688708734073,0.3015932037213415,2.1932476694064268e-06,4.491771226944362,1.0000000070935287
700.0,0.9973793796812823,1.0,2.3709569711831344,-0.22713631898085676,0.48987331899977005,2.996001144731084,2.9435496683202937,3.4287377417468146,0.3015932037213415,2.1932476694064268e-06,4.491771226944362,1.0000000000502114
700.0,0.9973793796812823,1.5,2.683691307093445,-0.17332743189359773,0.520088219176198,3.0109117445509064,2.9435496683202937,5.143106612620222,0.3015932037213415,2.1932476694064268e-06,4.491771226944362,0.9999999981977606
700.0,0.9973793796812823,2.0,3.315894959192406,-0.08145922679763296,0.5821132699763258,3.067749410057147,2.9435496683202937,6.857475483493629,0.3015932037213415,2.1932476694064268e-06,4.491771226944362,1.0000000012173875
700.0,0.9973793796812823,2.5,4.633882722257997,0.06388504681811295,0.7259065816646879,5.435844084947926,2.9435496683202937,8.571844354367036,0.3015932037213415,2.1932476694064268e-06,4.491771226944362,0.9999999997255654
700.0,0.9973793796812823,3.0,5.758721415823649,0.1582660782599509,1.049140655916504,5.4501526804623746,2.9435496683202937,10.286213225240443,0.3015932037213415,2.1932476694064268e-06,4.491771226944362,1.0000000003935794
700.0,0.9973793796812823,3.5,6.5991187459458525,0.2174259518917208,1.3355777862508635,5.483517531742272,2.9435496683202937,12.00058209611385,0.3015932037213415,2.1932476694064268e-06,4.491771226944362,0.9999999971955332
700.0,0.9973793796812823,4.0,7.405213891328137,0.26747761582122787,1.6256823064051968,7.859998276727712,2.9435496683202937,13.714950966987258,0.3015932037213415,2.1932476694064268e-06,4.491771226944362,1.0000000007908592
700.0,0.9973793796812823,4.5,8.539068058735833,0.3293504836896283,1.8576733549972577,7.873547514761083,2.9435496683202937,15.429319837860664,0.3015932037213415,2.1932476694064268e-06,4.491771226944362,1.0000000007353858
700.0,0.9973793796812823,5.0,9.897730169960882,0.3934756186549167,2.0357419600494593,7.900835850218716,2.9435496683202937,17.14368870873407,0.3015932037213415,2.1932476694064268e-06,4.491771226944362,1.0000000009667809
700.0,0.9973793796812823,5.5,10.87095778052888,0.4342078177513499,2.275459717268069,10.280020409245,2.9435496683202937,18.85805757960748,0.3015932037213415,2.1932476694064268e-06,4.491771226944362,0.9999999995040569
700.0,0.9973793796812823,6.0,11.83710313085013,0.4711854400944621,2.546607081223703,10.293261961980718,2.9435496683202937,20.572426450480886,0.3015932037213415,2.1932476694064268e-06,4.491771226944362,1.00000000005108
700.0,1.102398582221007,0.0,1.9353069358379953,-0.3153101382678227,0.5202247880667529,2.70400816352904,2.663134540989248,0.0,0.2728621455931606,1.984309518606995e-06,4.063865894107126,1.00000000028744
700.0,1.102398582221007,0.5,2.010750082415787,-0.29870189615270104,0.5276588403075975,2.706179273247845,2.663134540989248,1.8948835830740811,0.2728621455931606,1.984309518606995e-06,4.063865894107126,0.9999999993800316
700.0,1.102398582221007,1.0,2.253777743754695,-0.2491489054475715,0.5535892367768674,2.714960380108349,2.663134540989248,3.7897671661481622,0.2728621455931606,1.984309518606995e-06,4.063865894107126,0.9999999963527977
700.0,1.102398582221007,1.5,2.706286081984611,-0.1696862872924711,0.6128715505633536,2.747849814538805,2.663134540989248,5.684650749222244,0.2728621455931606,1.984309518606995e-06,4.063865894107126,0.9999999983672505
700.0,1.102398582221007,2.0,4.050289659159999,0.005426091856205301,0.7769640180521518,4.916966691782723,2.663134540989248,7.5795343322963245,0.2728621455931606,1.984309518606995e-06,4.063865894107126,0.9999999986328248
700.0,1.102398582221007,2.5,5.291839849147452,0.12154670101214492,1.1991059908675603,4.93298208415539,2.663134540989248,9.474417915370404,0.2728621455931606,1.984309518606995e-06,4.063865894107126,0.9999999996489941
700.0,1.102398582221007,3.0,6.20468409984475,0.190659683759537,1.5821056049374342,4.983103504097149,2.663134540989248,11.369301498444488,0.2728621455931606,1.984309518606995e-06,4.063865894107126,1.0000000017330068
700.0,1.102398582221007,3.5,7.1882868018354475,0.25456540515150217,1.9490000534196323,7.117136733555509,2.663134540989248,13.264185081518571,0.2728621455931606,1.984309518606995e-06,4.063865894107126,1.0000000000828724
700.0,1.102398582221007,4.0,8.725528750090747,0.33873176250255743,2.2028695975097663,7.140526063364206,2.663134540989248,15.159068664592649,0.2728621455931606,1.984309518606995e-06,4.063865894107126,1.000000001197175
700.0,1.102398582221007,4.5,9.831111319372582,0.3905426223933952,2.5136015837598915,9.3006553749923,2.663134540989248,17.05395224766673,0.2728621455931606,1.984309518606995e-06,4.063865894107126,1.0000000000792442
700.0,1.102398582221007,5.0,10.910662739343886,0.4357911401309806,2.878905104190514,9.316276000489616,2.663134540989248,18.94883583074081,0.2728621455931606,1.984309518606995e-06,4.063865894107126,0.999999997792868
700.0,1.102398582221007,5.5,12.300988319104944,0.4878800147691867,3.1825925817930147,9.353087967072138,2.663134540989248,20.843719413814895,0.2728621455931606,1.984309518606995e-06,4.063865894107126,0.9999999999561651
700.0,1.102398582221007,6.0,13.65295232805846,0.5331665824769916,3.3863404190244655,11.495765590334672,2.663134540989248,22.738602996888975,0.2728621455931606,1.984309518606995e-06,4.063865894107126,1.000000000506948
700.0,1.218475796513094,0.0,1.7509413222122716,-0.3587883991373879,0.5750019305434962,2.4464127841676087,2.4094329576769646,0.0,0.246868130909525,1.7952757094231646e-06,3.676724652898641,1.00000000028744
700.0,1.218475796513094,0.5,1.8539115314712744,-0.3339709855273407,0.5874926914596027,2.449447443124544,2.4094329576769646,2.094405617371248,0.246868130909525,1.7952757094231646e-06,3.676724652898641,1.0000000036415333
700.0,1.218475796513094,1.0,2.1918909552715506,-0.26124104676281384,0.6346279500703731,2.464276218806506,2.4094329576769646,4.188811234742496,0.246868130909525,1.7952757094231646e-06,3.676724652898641,1.0000000001478555
700.0,1.218475796513094,1.5,3.195095618121062,-0.09757613171273898,0.7756968096799165,4.445573272056991,2.4094329576769646,6.2832168521137435,0.246868130909525,1.7952757094231646e-06,3.676724652898641,1.000000001427247
700.0,1.218475796513094,2.0,4.692944426933391,0.06938542007203026,1.2694677577829423,4.4607222767938834,2.4094329576769646,8.377622469484992,0.246868130909525,1.7952757094231646e-06,3.676724652898641,1.0000000001560974
700.0,1.218475796513094,2.5,5.698002307747511,0.15366262946910864,1.7963509922727532,4.520224785123442,2.4094329576769646,10.47202808685624,0.246868130909525,1.7952757094231646e-06,3.676724652898641,1.0000000000281215
700.0,1.218475796513094,3.0,6.93630282011783,0.23906805367009185,2.258839697006877,6.4442148594398505,2.4094329576769646,12.566433704227487,0.246868130909525,1.7952757094231646e-06,3.676724652898641,0.9999999998296436
700.0,1.218475796513094,3.5,8.478789690022445,0.32627387172372624,2.606654347565133,6.487482228863916,2.4094329576769646,14.660839321598736,0.246868130909525,1.7952757094231646e-06,3.676724652898641,0.999999999589154
700.0,1.218475796513094,4.0,9.639062951938513,0.38197482529452476,3.0911715951061214,8.424688870156915,2.4094329576769646,16.755244938969984,0.246868130909525,1.7952757094231646e-06,3.676724652898641,1.0000000013536618
700.0,1.218475796513094,4.5,11.122000890745275,0.4441229341949495,3.516284504352975,8.46179277537889,2.4094329576769646,18.849650556341228,0.246868130909525,1.7952757094231646e-06,3.676724652898641,0.9999999994490575
700.0,1.218475796513094,5.0,12.564797658530694,0.4970955078488501,3.7803805102890693,2.401598741287779,2.4094329576769646,20.94405617371248,0.246868130909525,1.7952757094231646e-06,3.676724652898641,1.000000000207361
700.0,1.218475796513094,5.5,13.872532399333178,0.5400957564552449,4.070468314807817,2.413121433444644,2.4094329576769646,23.038461791083726,0.246868130909525,1.7952757094231646e-06,3.676724652898641,0.9999999983629931
700.0,1.218475796513094,6.0,15.44465351063053,0.5867181783435554,4.528011341875942,2.4358404739635153,2.4094329576769646,25.132867408454974,0.246868130909525,1.7952757094231646e-06,3.676724652898641,0.9999999987965379
700.0,1.2415595032055449,0.0,1.7183869292787992,-0.3669390307091531,0.5858951923959211,2.4009278315635787,2.364635552843334,0.0,0.24227823287329242,1.761897028980214e-06,3.608365115351478,1.00000000028744
700.0,1.2415595032055449,0.5,1.8275982942672413,-0.3401792472795272,0.5996748871591302,2.4041650911307855,2.364635552843334,2.134083586441108,0.24227823287329242,1.761897028980214e-06,3.608365115351478,0.9999999970863368
700.0,1.2415595032055449,1.0,2.188098852517166,-0.26199305294766795,0.6526731310309221,2.420804022862877,2.364635552843334,4.268167172882216,0.24227823287329242,1.761897028980214e-06,3.608365115351478,0.9999999988725109
700.0,1.2415595032055449,1.5,3.3230484164661314,-0.08052332237820328,0.821532189328172,4.364075462579065,2.364635552843334,6.402250759323324,0.24227823287329242,1.761897028980214e-06,3.608365115351478,1.000000001072438
700.0,1.2415595032055449,2.0,4.757499959713287,0.07531880195347143,1.386626670782703,4.381694783572654,2.364635552843334,8.536334345764432,0.24227823287329242,1.761897028980214e-06,3.608365115351478,0.9999999971954336
700.0,1.2415595032055449,2.5,5.7721715271099,0.1592792368749367,1.93576219189051,4.476946272828168,2.364635552843334,10.670417932205542,0.24227823287329242,1.761897028980214e-06,3.608365115351478,1.0000000000737992
700.0,1.2415595032055449,3.0,7.199286325768832,0.2552294550835045,2.3768649318505926,6.329806141044192,2.364635552843334,12.804501518646648,0.24227823287329242,1.761897028980214e-06,3.608365115351478,0.9999999994196668
700.0,1.2415595032055449,3.5,8.62142824144992,0.33351922646885596,2.782309818018883,6.400186506274293,2.364635552843334,14.938585105087753,0.24227823287329242,1.761897028980214e-06,3.608365115351478,0.9999999988726374
700.0,1.2415595032055449,4.0,9.842649750270077,0.3910520397259954,3.297796147262991,8.275068721625528,2.364635552843334,17.072668691528865,0.24227823287329242,1.761897028980214e-06,3.608365115351478,0.9999999996746876
700.0,1.2415595032055449,4.5,11.480514240104043,0.45790135027386175,3.6944303500862197,10.200393629954691,2.364635552843334,19.206752277969972,0.24227823287329242,1.761897028980214e-06,3.608365115351478,1.000000000954772
700.0,1.2415595032055449,5.0,12.788066152883493,0.5047448828902329,3.9409107702841766,2.3628889374248057,2.364635552843334,21.340835864411083,0.24227823287329242,1.761897028980214e-06,3.608365115351478,1.0000000003850713
700.0,1.2415595032055449,5.5,14.235751797700823,0.5513204160855673,4.334054368863482,2.3720859207583853,2.364635552843334,23.474919450852187,0.24227823287329242,1.761897028980214e-06,3.608365115351478,0.9999999993197178
700.0,1.2415595032055449,6.0,15.830983031412298,0.5974478920664579,4.832257544899596,12.162864607104908,2.364635552843334,25.609003037293295,0.24227823287329242,1.761897028980214e-06,3.608365115351478,1.0000000001481095
700.0,1.3069047402163632,0.0,1.6324675828148587,-0.3892154254203055,0.6167317814693908,2.280881439985399,2.2464037752011667,0.0,0.23016432122962774,1.673802177531203e-06,3.427946859583904,1.00000000028744
700.0,1.3069047402163632,0.5,1.760873397516936,-0.35633185894745745,0.6347880496384352,2.2847594380288636,2.2464037752011667,2.2464037752011663,0.23016432122962774,1.673802177531203e-06,3.427946859583904,1.0000000056851732
700.0,1.3069047402163632,1.0,2.193076059070747,-0.2610062974243027,0.70860638812624,2.3085865989758156,2.2464037752011667,4.492807550402333,0.23016432122962774,1.673802177531203e-06,3.427946859583904,1.00000000225397
700.0,1.3069047402163632,1.5,3.6900686168914607,-0.03502554938021372,0.9996433903429366,4.149675535903167,2.2464037752011667,6.739211325603499,0.23016432122962774,1.673802177531203e-06,3.427946859583904,1.00000000065351
700.0,1.3069047402163632,2.0,4.952205490228537,0.0927386659726194,1.7000190330561524,4.1795975122969615,2.2464037752011667,8.985615100804665,0.23016432122962774,1.673802177531203e-06,3.427946859583904,1.0000000026264786
700.0,1.3069047402163632,2.5,6.0963212164255145,0.1830078506725162,2.320383291265484,6.0037867481595475,2.2464037752011667,11.232018876005831,0.23016432122962774,1.673802177531203e-06,3.427946859583904,1.0000000001549096
700.0,1.3069047402163632,3.0,7.795699112214579,0.2897950771337021,2.7518552574049573,6.04115180503816,2.2464037752011667,13.478422651206998,0.23016432122962774,1.673802177531203e-06,3.427946859583904,1.0000000004032377
700.0,1.3069047402163632,3.5,9.048370045099034,0.35451036200171837,3.3436523260107434,7.855669639587433,2.2464037752011667,15.724826426408162,0.23016432122962774,1.673802177531203e-06,3.427946859583904,0.9999999994531913
700.0,1.3069047402163632,4.0,10.695900122176754,0.42715734752300905,3.8440423815801745,9.688801366083394,2.2464037752011667,17.97123020160933,0.23016432122962774,1.673802177531203e-06,3.427946859583904,0.9999999997603551
700.0,1.3069047402163632,4.5,12.113933212945168,0.48122518363500383,4.140418985952632,2.244436741238001,2.2464037752011667,20.2176339768105,0.23016432122962774,1.673802177531203e-06,3.427946859583904,0.9999999992706962
700.0,1.3069047402163632,5.0,13.65448680935671,0.5332153909176338,4.6025998555662095,2.254458012475465,2.2464037752011667,22.464037752011663,0.23016432122962774,1.673802177531203e-06,3.427946859583904,0.9999999998043795
700.0,1.3069047402163632,5.5,15.28217117573016,0.5821250685827499,5.178282870079766,11.560689897323773,2.2464037752011667,24.71044152721283,0.23016432122962774,1.673802177531203e-06,3.427946859583904,1.0000000000504425
700.0,1.3069047402163632,6.0,16.746196459943654,0.6218561905502219,5.62594857093393,13.38372087757998,2.2464037752011667,26.956845302413996,0.23016432122962774,1.673802177531203e-06,3.427946859583904,1.0000000006450185
700.0,1.3467753774655815,0.0,1.584139165244585,-0.4022666600069531,0.6355468399678085,2.2133570420614728,2.1799000719593775,0.0,0.22335041720895257,1.6242500691663442e-06,3.326464141652673,1.00000000028744
700.0,1.3467753774655815,0.5,1.7254414659288833,-0.3651597605056015,0.6567328936451052,2.217681621765147,2.1799000719593775,2.3149363524274853,0.22335041720895257,1.6242500691663442e-06,3.326464141652673,1.0000000004465908
700.0,1.3467753774655815,1.0,2.20797743433619,-0.25806536076416703,0.7471551229242063,2.248392869559932,2.1799000719593775,4.629872704854971,0.22335041720895257,1.6242500691663442e-06,3.326464141652673,1.000000003777428
700.0,1.3467753774655815,1.5,3.88260154738454,-0.012937168036953588,1.1625130114292677,4.029758452964191,2.1799000719593775,6.944809057282457,0.22335041720895257,1.6242500691663442e-06,3.326464141652673,1.00000000179042
700.0,1.3467753774655815,2.0,5.057710040898667,0.10189393624124986,1.918069425491804,4.076384742068666,2.1799000719593775,9.259745409709941,0.22335041720895257,1.6242500691663442e-06,3.326464141652673,0.999999999465143
700.0,1.3467753774655815,2.5,6.447755362452921,0.207348559995083,2.536220998931633,5.832515989559523,2.1799000719593775,11.574681762137427,0.22335041720895257,1.6242500691663442e-06,3.326464141652673,1.0000000008317227
700.0,1.3467753774655815,3.0,8.010240088948958,0.30158554195266274,3.0510230571174666,7.612607037494373,2.1799000719593775,13.889618114564914,0.22335041720895257,1.6242500691663442e-06,3.326464141652673,0.9999999999255713
700.0,1.3467753774655815,3.5,9.36820826245365,0.3695965455430314,3.695606792060813,7.635506363390823,2.1799000719593775,16.2045544669924,0.22335041720895257,1.6242500691663442e-06,3.326464141652673,1.0000000007857115
700.0,1.3467753774655815,4.0,11.119266567078945,0.4440161505605853,4.125166665978158,9.409071287600758,2.1799000719593775,18.519490819419882,0.22335041720895257,1.6242500691663442e-06,3.326464141652673,1.0000000007969754
700.0,1.3467753774655815,4.5,12.544625662828306,0.4963977149768214,4.4968936748330375,2.183201499918681,2.1799000719593775,20.83442717184737,0.22335041720895257,1.6242500691663442e-06,3.326464141652673,1.0000000000920326
700.0,1.3467753774655815,5.0,14.281533248951805,0.5527148439702979,5.1189494473170765,11.20685557272084,2.1799000719593775,23.149363524274854,0.22335041720895257,1.6242500691663442e-06,3.326464141652673,0.999999999545385
700.0,1.3467753774655815,5.5,15.768331143206504,0.5957257404506043,5.665917777500249,12.982527822493024,2.1799000719593775,25.46429987670234,0.22335041720895257,1.6242500691663442e-06,3.326464141652673,1.000000000344235
700.0,1.3467753774655815,6.0,17.502508978093577,0.6410403177719387,6.141687488354224,13.006115326586595,2.1799000719593775,27.77923622912983,0.22335041720895257,1.6242500691663442e-06,3.326464141652673,1.0000000004253973
700.0,1.3722499772271814,0.0,1.5547310312522464,-0.41040472449024357,0.6475683705428603,2.1722680380813326,2.1394321668582545,0.0,0.2192041154567883,1.5940973119344791e-06,3.2647112948418133,1.00000000028744
700.0,1.3722499772271814,0.5,1.7047770196957683,-0.37039240884904956,0.6709899697087764,2.1769032466067224,2.1394321668582545,2.358723963961225,0.2192041154567883,1.5940973119344791e-06,3.2647112948418133,1.0000000051665603
700.0,1.3722499772271814,1.0,2.246912583778383,-0.25047381482390707,0.7753299734420748,2.2137738046530817,2.1394321668582545,4.71744792792245,0.2192041154567883,1.5940973119344791e-06,3.2647112948418133,1.0000000019995974
700.0,1.3722499772271814,1.5,3.9792923787020924,-0.0022541412009366643,1.286256702787542,2.0776863155615524,2.1394321668582545,7.076171891883676,0.2192041154567883,1.5940973119344791e-06,3.2647112948418133,0.9999999995456461
700.0,1.3722499772271814,2.0,5.121672480034028,0.10735181149210704,2.0679178551952098,4.024868269932747,2.1394321668582545,9.4348958558449,0.2192041154567883,1.5940973119344791e-06,3.2647112948418133,1.0000000007941885
700.0,1.3722499772271814,2.5,6.6904797756136185,0.2233972708988233,2.666366138621087,5.729849590762227,2.1394321668582545,11.793619819806125,0.2192041154567883,1.5940973119344791e-06,3.2647112948418133,0.9999999993508084
700.0,1.3722499772271814,3.0,8.146125102848128,0.30889108408312826,3.26261432275892,7.474636052311208,2.1394321668582545,14.152343783767352,0.2192041154567883,1.5940973119344791e-06,3.2647112948418133,1.0000000010232022
700.0,1.3722499772271814,3.5,9.681696604805156,0.3838914777098706,3.9111149316786253,7.506799258944202,2.1394321668582545,16.511067747728575,0.2192041154567883,1.5940973119344791e-06,3.2647112948418133,0.9999999997923436
700.0,1.3722499772271814,4.0,11.309185078138848,0.45137132015642406,4.293092874054171,2.1350158970937563,2.1394321668582545,18.8697917116898,0.2192041154567883,1.5940973119344791e-06,3.2647112948418133,0.9999999999382081
700.0,1.3722499772271814,4.5,12.871384906488984,0.5075652863369395,4.787355699655993,2.1461138610273935,2.1394321668582545,21.22851567565102,0.2192041154567883,1.5940973119344791e-06,3.2647112948418133,1.0000000004372973
700.0,1.3722499772271814,5.0,14.586200833549034,0.5618821976262666,5.450864102717976,11.011122359974639,2.1394321668582545,23.58723963961225,0.2192041154567883,1.5940973119344791e-06,3.2647112948418133,0.9999999998545321
700.0,1.3722499772271814,5.5,16.157755395887214,0.6063210379517496,5.960657659381783,12.748712727647032,2.1394321668582545,25.945963603573478,0.2192041154567883,1.5940973119344791e-06,3.2647112948418133,1.0000000005785337
700.0,1.3722499772271814,6.0,17.915435180825444,0.6511673706765762,6.5468183316162065,14.494809600449294,2.1394321668582545,28.304687567534703,0.2192041154567883,1.5940973119344791e-06,3.2647112948418133,0.9999999996083004
700.0,1.4885842809008711,0.0,1.4332272949564764,-0.4457449208765184,0.7024668341744161,2.002503186439968,1.9722334703639424,0.0,0.20207310147171537,1.4695170626658468e-06,3.009570944339654,1.00000000028744
700.0,1.4885842809008711,0.5,1.6281192221047232,-0.3903737875767436,0.7389286129941497,2.00886950610913,1.9722334703639424,2.5586879023540954,0.20207310147171537,1.4695170626658468e-06,3.009570944339654,1.000000002462458
700.0,1.4885842809008711,1.0,2.594888005250075,-0.18794137278568104,0.9433283490635425,3.6387886728017405,1.9722334703639424,5.117375804708191,0.20207310147171537,1.4695170626658468e-06,3.009570944339654,1.00000000018337
700.0,1.4885842809008711,1.5,4.24308435852636,0.025621674913860918,1.8625170477101947,3.664224972404874,1.9722334703639424,7.676063707062287,0.20207310147171537,1.4695170626658468e-06,3.009570944339654,1.0000000013947714
700.0,1.4885842809008711,2.0,5.636409004861679,0.14894250874270507,2.746100463291242,5.274375299972074,1.9722334703639424,10.234751609416382,0.20207310147171537,1.4695170626658468e-06,3.009570944339654,1.0000000004636478
700.0,1.4885842809008711,2.5,7.371260364533198,0.2654817601082531,3.4519953393158875,6.888786548022018,1.9722334703639424,12.793439511770478,0.20207310147171537,1.4695170626658468e-06,3.009570944339654,0.9999999991754017
700.0,1.4885842809008711,3.0,9.038075774233395,0.3540159867596618,4.276454746416726,6.923913759751709,1.9722334703639424,15.352127414124574,0.20207310147171537,1.4695170626658468e-06,3.009570944339654,1.0000000003488771
700.0,1.4885842809008711,3.5,10.734701571304958,0.42872998406405094,4.746059065956536,1.9713519032433926,1.9722334703639424,17.91081531647867,0.20207310147171537,1.4695170626658468e-06,3.009570944339654,1.0000000000574762
700.0,1.4885842809008711,4.0,12.563056192131725,0.4970353109650893,5.495989810268539,1.989683933289468,1.9722334703639424,20.469503218832763,0.20207310147171537,1.4695170626658468e-06,3.009570944339654,0.999999999758239
700.0,1.4885842809008711,4.5,14.259412293977835,0.5520416349773528,6.260052649020562,11.745691701689733,1.9722334703639424,23.02819112118686,0.20207310147171537,1.4695170626658468e-06,3.009570944339654,0.9999999993162522
700.0,1.4885842809008711,5.0,16.189206992561218,0.6071655845909705,6.931132548119011,11.775820467257784,1.9722334703639424,25.586879023540956,0.20207310147171537,1.4695170626658468e-06,3.009570944339654,1.0000000002833311
700.0,1.4885842809008711,5.5,17.870361510354243,0.6500733468723625,7.761007954585162,13.379317001812078,1.9722334703639424,28.145566925895046,0.20207310147171537,1.4695170626658468e-06,3.009570944339654,1.000000000194716
700.0,1.4885842809008711,6.0,19.80267525610213,0.6946638742102811,8.375985068633298,1.9705042491619926,1.9722334703639424,30.704254828249148,0.20207310147171537,1.4695170626658468e-06,3.009570944339654,1.0000000002495557
700.0,1.645324972836306,0.0,1.2966919346957169,-0.48922318174608365,0.7764331786151609,1.8117361706665187,1.78435007717009,0.0,0.18282275380841084,1.3295245839665714e-06,2.722866347963538,1.00000000028744
700.0,1.645324972836306,0.5,1.5643681576864976,-0.4077210239109391,0.840637789630007,1.8216736113586869,1.78435007717009,2.8281053061299146,0.18282275380841084,1.3295245839665714e-06,2.722866347963538,1.0000000023909712
700.0,1.645324972836306,1.0,3.158085642685802,-0.1026360880617892,1.4046221387335813,3.298321188878811,1.78435007717009,5.656210612259829,0.18282275380841084,1.3295245839665714e-06,2.722866347963538,0.9999999989621429
700.0,1.645324972836306,1.5,4.579588753335795,0.05876648882089494,2.7528726852651593,4.765717696041463,1.78435007717009,8.484315918389745,0.18282275380841084,1.3295245839665714e-06,2.722866347963538,0.9999999995885374
700.0,1.645324972836306,2.0,6.526789152934051,0.21263959176845476,3.7035960753543433,6.230944869599118,1.78435007717009,11.312421224519658,0.18282275380841084,1.3295245839665714e-06,2.722866347963538,0.9999999995346295
700.0,1.645324972836306,2.5,8.389290259135397,0.32166522938402237,4.801983022869175,6.2732282243443,1.78435007717009,14.140526530649572,0.18282275380841084,1.3295245839665714e-06,2.722866347963538,1.0000000001586002
700.0,1.645324972836306,3.0,10.210350247132673,0.40698064868138273,5.464415276727268,1.7867265445866793,1.78435007717009,16.96863183677949,0.18282275380841084,1.3295245839665714e-06,2.722866347963538,1.000000000348817
700.0,1.645324972836306,3.5,12.23870003790005,0.48567529932888415,6.580323176817448,9.185929257554081,1.78435007717009,19.796737142909404,0.18282275380841084,1.3295245839665714e-06,2.722866347963538,1.0000000003958007
700.0,1.645324972836306,4.0,14.23566240098554,0.5513176888237686,7.461257173212033,10.644301251573248,1.78435007717009,22.624842449039317,0.18282275380841084,1.3295245839665714e-06,2.722866347963538,0.9999999997223336
700.0,1.645324972836306,4.5,16.15890273965554,0.6063518756123487,8.574062717385422,12.1046030387449,1.78435007717009,25.452947755169234,0.18282275380841084,1.3295245839665714e-06,2.722866347963538,1.000000000034724
700.0,1.645324972836306,5.0,18.225108047362646,0.6586101203799805,9.402154408391139,1.784702824171718,1.78435007717009,28.281053061299144,0.18282275380841084,1.3295245839665714e-06,2.722866347963538,0.9999999998386452
700.0,1.645324972836306,5.5,20.325233085299562,0.7059755433602335,10.48582905537337,6.212465519594337,1.78435007717009,31.10915836742906,0.18282275380841084,1.3295245839665714e-06,2.722866347963538,0.9999999998813717
700.0,1.645324972836306,6.0,22.33073754226382,0.7468430759103212,11.33744876171711,16.491295271242645,1.78435007717009,33.93726367355898,0.18282275380841084,1.3295245839665714e-06,2.722866347963538,0.9999999997113869
700.0,1.8185696980492723,0.0,1.1731635166465217,-0.5327014426156488,0.8581878197323699,1.639142436490591,1.614365259357134,0.0,0.16540627657347684,1.2028683873631397e-06,2.4634744573197103,1.00000000028744
700.0,1.8185696980492723,0.5,1.5477875247585617,-0.4123486494244602,0.9754827168132859,1.6566494171662967,1.614365259357134,3.125891053458114,0.16540627657347684,1.2028683873631397e-06,2.4634744573197103,1.0000000001397358
700.0,1.8185696980492723,1.0,3.457538854289646,-0.06329292211023566,2.2588131353990564,2.99865762946705,1.614365259357134,6.251782106916228,0.16540627657347684,1.2028683873631397e-06,2.4634744573197103,0.9999999995674932
700.0,1.8185696980492723,1.5,5.412693302111198,0.1313534281565399,3.702620540319005,4.332554408435101,1.614365259357134,9.377673160374343,0.16540627657347684,1.2028683873631397e-06,2.4634744573197103,0.9999999989479681
700.0,1.8185696980492723,2.0,7.344149250893724,0.26388150287025103,5.200529476980672,5.665692717198489,1.614365259357134,12.503564213832457,0.16540627657347684,1.2028683873631397e-06,2.4634744573197103,0.9999999995278366
700.0,1.8185696980492723,2.5,9.427207524652154,0.37232307614587457,6.160993917355347,1.6175977563645172,1.614365259357134,15.62945526729057,0.16540627657347684,1.2028683873631397e-06,2.4634744573197103,1.000000000157669
700.0,1.8185696980492723,3.0,11.60998436857577,0.46277164368659274,7.613690700194529,9.613809083936493,1.614365259357134,18.755346320748686,0.16540627657347684,1.2028683873631397e-06,2.4634744573197103,0.9999999997994024
700.0,1.8185696980492723,3.5,13.854972097799141,0.5395456641757759,8.943738733448262,10.940730201826108,1.614365259357134,21.8812373742068,0.16540627657347684,1.2028683873631397e-06,2.4634744573197103,1.0000000000092004
700.0,1.8185696980492723,4.0,16.123234932099905,0.6053921908192407,10.191800186143723,1.6122503690311538,1.614365259357134,25.007128427664913,0.16540627657347684,1.2028683873631397e-06,2.4634744573197103,0.9999999999953985
700.0,1.8185696980492723,4.5,18.379570273106474,0.6622753617395233,11.58436781519564,5.620519799192184,1.614365259357134,28.13301948112303,0.16540627657347684,1.2028683873631397e-06,2.4634744573197103,0.9999999996449084
700.0,1.8185696980492723,5.0,20.64421421056909,0.7127383654633573,12.753949199665836,14.925929143029437,1.614365259357134,31.25891053458114,0.16540627657347684,1.2028683873631397e-06,2.4634744573197103,0.9999999999236968
700.0,1.8185696980492723,5.5,22.91752564210172,0.758107734620507,14.129868024033529,16.25732706540421,1.614365259357134,34.38480158803926,0.16540627657347684,1.2028683873631397e-06,2.4634744573197103,1.0000000000051377
700.0,1.8185696980492723,6.0,25.19065865145943,0.7991795316665654,15.374833110945941,1.6173609931584152,1.614365259357134,37.51069264149737,0.16540627657347684,1.2028683873631397e-06,2.4634744573197103,1.00000000013451
700.0,2.0100562510528768,0.0,1.0614029438791879,-0.576179703485214,0.9485508273237225,1.4829907194025223,1.460573922104187,0.0,0.14964896742870767,1.0882780016002922e-06,2.2287933472773984,1.00000000028744
700.0,2.0100562510528768,0.5,1.6787446709177225,-0.3770753442928586,1.1849831737255165,1.5265310644141121,1.460573922104187,3.4550321930765544,0.14964896742870767,1.0882780016002922e-06,2.2287933472773984,1.0000000003986607
700.0,2.0100562510528768,1.0,3.7300417660113685,-0.030346296611307895,3.34188393284667,3.9007388777200127,1.460573922104187,6.910064386153109,0.14964896742870767,1.0882780016002922e-06,2.2287933472773984,0.9999999992553124
700.0,2.0100562510528768,1.5,5.967494310785073,0.17373202230879758,5.2330382174912256,5.109125499887043,1.460573922104187,10.365096579229663,0.14964896742870767,1.0882780016002922e-06,2.2287933472773984,1.0000000007495686
700.0,2.0100562510528768,2.0,8.310764641163619,0.31758099204229273,6.641187239496378,1.462254558280817,1.460573922104187,13.820128772306218,0.14964896742870767,1.0882780016002922e-06,2.2287933472773984,0.9999999990408107
700.0,2.0100562510528768,2.5,10.706196968863523,0.4275752377907786,8.547635909773845,8.699971747374756,1.460573922104187,17.275160965382774,0.14964896742870767,1.0882780016002922e-06,2.2287933472773984,1.0000000005330592
700.0,2.0100562510528768,3.0,13.146390230116436,0.5167465281629344,10.419175133503165,9.90691254724657,1.460573922104187,20.730193158459326,0.14964896742870767,1.0882780016002922e-06,2.2287933472773984,1.0000000006809382
700.0,2.0100562510528768,3.5,15.651368940813617,0.5924923376114231,12.056691515938896,1.463477687287543,1.460573922104187,24.185225351535884,0.14964896742870767,1.0882780016002922e-06,2.2287933472773984,1.0000000002944252
700.0,2.0100562510528768,4.0,18.16917904176541,0.6572753132125456,13.788758591366111,13.49769827047768,1.460573922104187,27.640257544612435,0.14964896742870767,1.0882780016002922e-06,2.2287933472773984,1.000000000237168
700.0,2.0100562510528768,4.5,20.723342422532212,0.7143998118008938,15.611523932785287,14.708378364837397,1.460573922104187,31.09528973768899,0.14964896742870767,1.0882780016002922e-06,2.2287933472773984,1.000000000091672
700.0,2.0100562510528768,5.0,23.282521112537193,0.7649700141164237,17.36197660559787,1.4657248645021244,1.460573922104187,34.55032193076555,0.14964896742870767,1.0882780016002922e-06,2.2287933472773984,0.9999999995238473
700.0,2.0100562510528768,5.5,25.841895691399447,0.8102643778293075,19.070473710239465,18.295204688363373,1.460573922104187,38.0053541238421,0.14964896742870767,1.0882780016002922e-06,2.2287933472773984,0.9999999998791318
700.0,2.0100562510528768,6.0,28.416860798649715,0.8515161085433978,20.807495834950306,3.877329815042201,1.460573922104187,41.46038631691865,0.14964896742870767,1.0882780016002922e-06,2.2287933472773984,0.9999999996627719
700.0,2.2217054076787313,0.0,0.9602891611356235,-0.6196579643547793,1.0484286205519784,1.3417146825523203,1.3214334052135834,0.0,0.13539276692762123,9.846039859467823e-07,2.01646896321901,1.00000000028744
700.0,2.2217054076787313,0.5,2.056858904582547,-0.2888554901353761,1.5993807589282094,2.440110953063064,1.3214334052135834,3.818830295441498,0.13539276692762123,9.846039859467823e-07,2.01646896321901,1.0000000016725132
700.0,2.2217054076787313,1.0,4.405964079467625,0.041980960825735894,4.502126585868601,3.5455106398819356,1.3214334052135834,7.637660590882996,0.13539276692762123,9.846039859467823e-07,2.01646896321901,0.9999999996824677
700.0,2.2217054076787313,1.5,6.874047529806942,0.2351525393626124,6.882837249999045,1.3167924732993783,1.3214334052135834,11.456490886324493,0.13539276692762123,9.846039859467823e-07,2.01646896321901,0.9999999995265217
700.0,2.2217054076787313,2.0,9.452517312833942,0.3734874901428829,9.259151707611075,7.868890674516491,1.3214334052135834,15.275321181765992,0.13539276692762123,9.846039859467823e-07,2.01646896321901,0.9999999998845464
700.0,2.2217054076787313,2.5,12.162570502696125,0.48296537942784096,11.735154605339947,8.967693246562508,1.3214334052135834,19.094151477207493,0.13539276692762123,9.846039859467823e-07,2.01646896321901,1.0000000000796847
700.0,2.2217054076787313,3.0,14.957933929475887,0.5728116192463506,14.07521685735042,4.599626124900365,1.3214334052135834,22.912981772648987,0.13539276692762123,9.846039859467823e-07,2.01646896321901,0.9999999998995439
700.0,2.2217054076787313,3.5,17.715289557205615,0.6462882639621125,16.37550642312674,13.293264945012439,1.3214334052135834,26.731812068090488,0.13539276692762123,9.846039859467823e-07,2.01646896321901,0.9999999998191426
700.0,2.2217054076787313,4.0,20.50183769756799,0.7097327997835424,18.667778983061513,1.3235663431787787,1.3214334052135834,30.550642363531985,0.13539276692762123,9.846039859467823e-07,2.01646896321901,0.9999999999308495
700.0,2.2217054076787313,4.5,23.368492238767864,0.7665707008029335,21.068534679963484,16.55216306445706,1.3214334052135834,34.36947265897348,0.13539276692762123,9.846039859467823e-07,2.01646896321901,0.9999999999319509
700.0,2.2217054076787313,5.0,26.18594317789006,0.8160082298186936,23.349146547753307,1.3215962970865136,1.3214334052135834,38.188302954414986,0.13539276692762123,9.846039859467823e-07,2.01646896321901,1.0000000000290192
700.0,2.2217054076787313,5.5,28.99874830380344,0.8603192611750268,25.785518034553764,20.8800338345063,1.3214334052135834,42.00713324985648,0.13539276692762123,9.846039859467823e-07,2.01646896321901,0.9999999998282287
700.0,2.2217054076787313,6.0,31.878191780583062,0.9014336877076992,28.20809932100355,21.979260351647014,1.3214334052135834,45.825963545297974,0.13539276692762123,9.846039859467823e-07,2.01646896321901,1.0000000002488427
700.0,2.455640192120709,0.0,0.8688079096749913,-0.6631362252243445,1.158823060113559,1.2138972050356123,1.1955480088941408,0.0,0.12249467304243243,8.908064003101607e-07,1.8243715078352092,1.00000000028744
700.0,2.455640192120709,0.5,2.3600257469669117,-0.22914325034740626,2.633536527923216,2.214137918902021,1.1955480088941408,4.220934570336338,0.12249467304243243,8.908064003101607e-07,1.8243715078352092,0.9999999977053685
700.0,2.455640192120709,1.0,4.859222663341372,0.08450680879387876,6.352611556181327,4.181591228999436,1.1955480088941408,8.441869140672676,0.12249467304243243,8.908064003101607e-07,1.8243715078352092,1.0000000008693606
700.0,2.455640192120709,1.5,7.807996645122977,0.29047962672656297,9.303485242247497,6.145936177688301,1.1955480088941408,12.662803711009014,0.12249467304243243,8.908064003101607e-07,1.8243715078352092,0.9999999994783421
700.0,2.455640192120709,2.0,10.700510909607292,0.4273445227989311,12.660169428562735,8.108303845267624,1.1955480088941408,16.88373828134535,0.12249467304243243,8.908064003101607e-07,1.8243715078352092,0.9999999994104515
700.0,2.455640192120709,2.5,13.805378581195813,0.5379883293517679,15.856895355330142,10.073207815207601,1.1955480088941408,21.10467285168169,0.12249467304243243,8.908064003101607e-07,1.8243715078352092,1.0000000001828264
700.0,2.455640192120709,3.0,16.8600146977855,0.6247979575588842,18.98635874205656,12.037709590534913,1.1955480088941408,25.325607422018027,0.12249467304243243,8.908064003101607e-07,1.8243715078352092,1.0000000005101044
700.0,2.455640192120709,3.5,19.9698274818714,0.6983143217152534,22.21651729795517,14.00316092722541,1.1955480088941408,29.546541992354367,0.12249467304243243,8.908064003101607e-07,1.8243715078352092,1.000000000035443
700.0,2.455640192120709,4.0,23.12789608449603,0.7620761360188597,25.318922787447335,15.968185957066105,1.1955480088941408,33.7674765626907,0.12249467304243243,8.908064003101607e-07,1.8243715078352092,1.0000000000069051
700.0,2.455640192120709,4.5,26.22284511531433,0.8166198184840814,28.489129826120724,18.89080237128844,1.1955480088941408,37.98841113302704,0.12249467304243243,8.908064003101607e-07,1.8243715078352092,1.00000000011027
700.0,2.455640192120709,5.0,29.38532398618565,0.8660704920374788,31.662464590241477,1.1952241205042688,1.1955480088941408,42.20934570336338,0.12249467304243243,8.908064003101607e-07,1.8243715078352092,0.9999999998704531
700.0,2.455640192120709,5.5,32.509581523277845,0.9099513877867136,34.820016610128,22.82320471928451,1.1955480088941408,46.43028027369972,0.12249467304243243,8.908064003101607e-07,1.8243715078352092,0.9999999999875822
700.0,2.455640192120709,6.0,35.59366415755606,0.9493127070298014,38.00382612311906,1.196633957865853,1.1955480088941408,50.651214844036055,0.12249467304243243,8.908064003101607e-07,1.8243715078352092,0.9999999999998793
700.0,2.714207172704789,0.0,0.7860415533808388,-0.7066144860939096,1.2808414977683042,1.0982561669446518,1.0816549936844686,0.0,0.11082530672996604,8.059443737377241e-07,1.650574077414859,1.00000000028744
700.0,2.714207172704789,0.5,2.5417095977265705,-0.1969340624622609,3.9561347348620006,2.0267936129820736,1.0816549936844686,4.6653784716036055,0.11082530672996604,8.059443737377241e-07,1.650574077414859,0.9999999993458946
700.0,2.714207172704789,1.0,5.6000684492203465,0.146133344059847,8.38516477859977,1.0772606661233852,1.0816549936844686,9.330756943207211,0.11082530672996604,8.059443737377241e-07,1.650574077414859,1.000000000000157
700.0,2.714207172704789,1.5,8.852552644549498,0.3450085267815839,12.598140514582942,6.457548267527584,1.0816549936844686,13.996135414810816,0.11082530672996604,8.059443737377241e-07,1.650574077414859,1.0000000004292253
700.0,2.714207172704789,2.0,12.173660522024939,0.4833611954050317,17.100352413574743,3.764247110530029,1.0816549936844686,18.661513886414422,0.11082530672996604,8.059443737377241e-07,1.650574077414859,0.9999999999299464
700.0,2.714207172704789,2.5,15.585227787084403,0.5906531627953785,21.312074846232147,10.897605724102448,1.0816549936844686,23.326892358018025,0.11082530672996604,8.059443737377241e-07,1.650574077414859,0.9999999999237151
700.0,2.714207172704789,3.0,19.019598502409206,0.677141353553738,25.606161497888095,13.547296523075893,1.0816549936844686,27.99227082962163,0.11082530672996604,8.059443737377241e-07,1.650574077414859,0.9999999999054417
700.0,2.714207172704789,3.5,22.47765549977686,0.7496910194565599,29.92166487262332,1.0846263324893513,1.0816549936844686,32.657649301225234,0.11082530672996604,8.059443737377241e-07,1.650574077414859,0.9999999998834579
700.0,2.714207172704789,4.0,25.950367479743324,0.8120835208871399,34.31131921599362,17.98882904854547,1.0816549936844686,37.323027772828844,0.11082530672996604,8.059443737377241e-07,1.650574077414859,0.9999999998955882
700.0,2.714207172704789,4.5,29.397917408499207,0.8662565741170976,38.469550372458,20.64879773684031,1.0816549936844686,41.98840624443245,0.11082530672996604,8.059443737377241e-07,1.650574077414859,0.9999999999835743
700.0,2.714207172704789,5.0,32.83132482450932,0.914228416602872,42.862699995498126,1.0837380246033317,1.0816549936844686,46.65378471603605,0.11082530672996604,8.059443737377241e-07,1.650574077414859,1.0000000000589664
700.0,2.714207172704789,5.5,36.2201217430229,0.9568899144025399,47.17622359034996,25.09223968754418,1.0816549936844686,51.31916318763966,0.11082530672996604,8.059443737377241e-07,1.650574077414859,0.9999999998828006
700.0,2.714207172704789,6.0,39.54115794497511,0.994989391953928,51.415084403590946,27.743653488034905,1.0816549936844686,55.98454165924326,0.11082530672996604,8.059443737377241e-07,1.650574077414859,0.9999999998664164
700.0,3.0000000000000004,0.0,0.7111598740767624,-0.7500927469634748,1.4157078840358828,0.9936315885961475,0.978611914083446,0.0,0.10026761414789406,7.291666666666666e-07,1.4933333333333332,1.00000000028744
700.0,3.0000000000000004,0.5,2.8615605456159448,-0.14545705207473675,5.612935698327046,2.61792515226711,0.978611914083446,5.156620156177411,0.10026761414789406,7.291666666666666e-07,1.4933333333333332,0.9999999988930168
700.0,3.0000000000000004,1.0,6.352603671719999,0.2008917699487203,11.29498280213259,5.030180292090435,0.978611914083446,10.313240312354822,0.10026761414789406,7.291666666666666e-07,1.4933333333333332,0.9999999992000578
700.0,3.0000000000000004,1.5,9.970457890029564,0.3966551122742468,17.102303226386354,0.978679986055026,0.978611914083446,15.469860468532232,0.10026761414789406,7.291666666666666e-07,1.4933333333333332,0.9999999997117597
700.0,3.0000000000000004,2.0,13.71458935345202,0.5351228170252907,23.08731477643134,9.85210312691004,0.978611914083446,20.626480624709643,0.10026761414789406,7.291666666666666e-07,1.4933333333333332,0.999999999513259
700.0,3.0000000000000004,2.5,17.556448694006917,0.6423766803460634,28.86566609309598,12.261982089738343,0.978611914083446,25.78310078088705,0.10026761414789406,7.291666666666666e-07,1.4933333333333332,1.0000000000040037
700.0,3.0000000000000004,3.0,21.34723202561705,0.7272815791837606,34.64785250200448,15.462034450371597,0.978611914083446,30.939720937064465,0.10026761414789406,7.291666666666666e-07,1.4933333333333332,0.9999999998231401
700.0,3.0000000000000004,3.5,25.213192088080145,0.7995678411981215,40.51242576586994,0.981699426504691,0.978611914083446,36.09634109324187,0.10026761414789406,7.291666666666666e-07,1.4933333333333332,1.000000000009467
700.0,3.0000000000000004,4.0,28.989435884243523,0.8601797730182777,46.19397940021799,0.979168461098612,0.978611914083446,41.252961249419286,0.10026761414789406,7.291666666666666e-07,1.4933333333333332,1.0000000000679505
700.0,3.0000000000000004,4.5,32.75395676751391,0.9132037801295934,52.122677018727614,22.701659986334857,0.978611914083446,46.40958140559669,0.10026761414789406,7.291666666666666e-07,1.4933333333333332,1.000000000006951
700.0,3.0000000000000004,5.0,36.43582825381614,0.9594686549624787,57.899437743043784,25.109652625005975,0.978611914083446,51.5662015617741,0.10026761414789406,7.291666666666666e-07,1.4933333333333332,1.0000000000026155
700.0,3.0000000000000004,5.5,39.96651108727022,0.9996362464572734,63.658130159820615,28.318966289222406,0.978611914083446,56.72282171795151,0.10026761414789406,7.291666666666666e-07,1.4933333333333332,1.0000000001146194
700.0,3.0000000000000004,6.0,43.39547737331846,1.0353844788721343,69.54903149716297,30.726925109744116,0.978611914083446,61.87944187412893,0.10026761414789406,7.291666666666666e-07,1.4933333333333332,0.9999999999529746
