wavelength_nm,diameter_mm,myopia_d,d50_arcmin,log_mar,mtf50_cpd,first_dark_ring_arcmin,theory_airy_radius_arcmin,theory_geometric_diameter_arcmin,angular_pixel_arcmin,retinal_pixel_m,retinal_window_mm,psf_total
400.0,0.3,0.0,4.063770709010072,0.006869204350230809,0.2477488797062794,5.677894791977987,5.592068080476836,0.0,0.5729577951308233,4.166666666666668e-06,8.533333333333335,1.00000000028744
400.0,0.3,0.5,4.066375665440666,0.007147506410246503,0.24780624908937046,5.677966498970303,5.592068080476836,0.5156620156177409,0.5729577951308233,4.166666666666668e-06,8.533333333333335,0.9999999989870518
400.0,0.3,1.0,4.074201633636238,0.00798252725092374,0.24797873136818657,5.678182668157722,5.592068080476836,1.0313240312354819,0.5729577951308233,4.166666666666668e-06,8.533333333333335,1.000000003357351
400.0,0.3,1.5,4.087282651597888,0.009374680585907826,0.24826764625276818,5.67854586898873,5.592068080476836,1.5469860468532226,0.5729577951308233,4.166666666666668e-06,8.533333333333335,1.0000000029021838
400.0,0.3,2.0,4.105675410403021,0.01132462028160799,0.24867506573110218,5.679061209148188,5.592068080476836,2.0626480624709638,0.5729577951308233,4.166666666666668e-06,8.533333333333335,0.9999999969463019
400.0,0.3,2.5,4.12946013545993,0.013833286595720964,0.24920404863936838,5.679735553047156,5.592068080476836,2.578310078088705,0.5729577951308233,4.166666666666668e-06,8.533333333333335,1.0000000023701296
400.0,0.3,3.0,4.158741464152058,0.016901931157160852,0.24985857178673582,5.680578322262524,5.592068080476836,3.093972093706445,0.5729577951308233,4.166666666666668e-06,8.533333333333335,0.999999999892755
400.0,0.3,3.5,4.193648504148826,0.020532035396072724,0.25064359289077925,5.68160163197208,5.592068080476836,3.609634109324187,0.5729577951308233,4.166666666666668e-06,8.533333333333335,0.9999999998104344
400.0,0.3,4.0,4.23433672349572,0.024725399753026178,0.25156515306899296,5.6828208126782815,5.592068080476836,4.1252961249419275,0.5729577951308233,4.166666666666668e-06,8.533333333333335,1.0000000008630403
400.0,0.3,4.5,4.280989080997684,0.029484128805225485,0.2526304971080353,5.684254908503108,5.592068080476836,4.640958140559668,0.5729577951308233,4.166666666666668e-06,8.533333333333335,0.9999999988694752
400.0,0.3,5.0,4.333817695435381,0.0348106471898322,0.2538481621304323,5.685927912852673,5.592068080476836,5.15662015617741,0.5729577951308233,4.166666666666668e-06,8.533333333333335,0.9999999974048946
400.0,0.3,5.5,4.393065476033051,0.04070768488703707,0.2552280706378553,5.687869618643234,5.592068080476836,5.672282171795151,0.5729577951308233,4.166666666666668e-06,8.533333333333335,1.0000000003253624
400.0,0.3,6.0,4.459008809006313,0.047178338994072325,0.2567817858182741,5.690116213775338,5.592068080476836,6.18794418741289,0.5729577951308233,4.166666666666668e-06,8.533333333333335,0.9999999972564622
400.0,0.3315885423378064,0.0,3.6766385355409223,-0.03660905651933428,0.2738356329587658,5.136994256749941,5.059343764761244,0.0,0.5183753857337341,3.7697321843122087e-06,7.7204115134714035,1.00000000028744
400.0,0.3315885423378064,0.5,3.680156557721078,-0.03619369691854413,0.27393029188986795,5.1370911010624045,5.059343764761244,0.5699587203255395,0.5183753857337341,3.7697321843122087e-06,7.7204115134714035,0.9999999967936714
400.0,0.3315885423378064,1.0,3.6907335692398817,-0.034947296331521584,0.27421527575389215,5.13738369709503,5.059343764761244,1.139917440651079,0.5183753857337341,3.7697321843122087e-06,7.7204115134714035,0.9999999983041659
400.0,0.3315885423378064,1.5,3.708437790217308,-0.03286899329549312,0.27469372232060785,5.137877702158525,5.059343764761244,1.7098761609766187,0.5183753857337341,3.7697321843122087e-06,7.7204115134714035,0.9999999985895737
400.0,0.3315885423378064,2.0,3.7333844513540186,-0.029957276916106397,0.2753709271614631,5.138583094538746,5.059343764761244,2.279834881302158,0.5183753857337341,3.7697321843122087e-06,7.7204115134714035,0.9999999959582652
400.0,0.3315885423378064,2.5,3.7657367637681896,-0.026210033065942266,0.2762544376022355,5.139514370857352,5.059343764761244,2.8497936016276983,0.5183753857337341,3.7697321843122087e-06,7.7204115134714035,1.0000000027749232
400.0,0.3315885423378064,3.0,3.805708083078088,-0.0216245186671571,0.27735429451302285,5.140691674639725,5.059343764761244,3.4197523219532373,0.5183753857337341,3.7697321843122087e-06,7.7204115134714035,0.9999999983732141
400.0,0.3315885423378064,3.5,3.8535647506998876,-0.01619733057881562,0.2786832331872471,5.142141485268751,5.059343764761244,3.9897110422787776,0.5183753857337341,3.7697321843122087e-06,7.7204115134714035,0.9999999982927714
400.0,0.3315885423378064,4.0,3.9096294322717884,-0.00992439586209447,0.28025688178719743,5.143899163995307,5.059343764761244,4.559669762604316,0.5183753857337341,3.7697321843122087e-06,7.7204115134714035,0.9999999980085386
400.0,0.3315885423378064,4.5,3.9742858781686348,-0.00280088777770398,0.2820944022941603,5.14600946881371,5.059343764761244,5.1296284829298555,0.5183753857337341,3.7697321843122087e-06,7.7204115134714035,0.9999999991170361
400.0,0.3315885423378064,5.0,4.0479833826953895,0.005178729692883764,0.2842186628877212,5.1485325746403765,5.059343764761244,5.699587203255397,0.5183753857337341,3.7697321843122087e-06,7.7204115134714035,0.999999999730798
400.0,0.3315885423378064,5.5,4.131243549169753,0.014020807362650533,0.2866570524983256,5.151545621844041,5.059343764761244,6.269545923580935,0.5183753857337341,3.7697321843122087e-06,7.7204115134714035,1.0000000009281087
400.0,0.3315885423378064,6.0,4.220658998277465,0.023320274081878818,0.2894420942754992,5.155152902195877,5.059343764761244,6.839504643906475,0.5183753857337341,3.7697321843122087e-06,7.7204115134714035,1.0000000047420272
400.0,0.3665032046990376,0.0,3.3263862282026673,-0.08008731738889956,0.30266919457649255,4.647622219271332,4.5773690451647395,0.0,0.4689927300373709,3.410611377945429e-06,6.984932102032238,1.00000000028744
400.0,0.3665032046990376,0.5,3.3311379623704673,-0.07946737152917802,0.30282539425076177,4.647753134067745,4.5773690451647395,0.6299726042182241,0.4689927300373709,3.410611377945429e-06,6.984932102032238,1.0000000013777794
400.0,0.3665032046990376,1.0,3.3454390507420513,-0.0776068692833465,0.30329660477072196,4.648149808936107,4.5773690451647395,1.2599452084364482,0.4689927300373709,3.410611377945429e-06,6.984932102032238,1.000000003354385
400.0,0.3665032046990376,1.5,3.369427875227116,-0.07450382687372642,0.30409046629701425,4.6488238643327255,4.5773690451647395,1.8899178126546725,0.4689927300373709,3.410611377945429e-06,6.984932102032238,1.0000000058329492
400.0,0.3665032046990376,2.0,3.403338320387823,-0.07015486757031526,0.30522027933978607,4.649795904484811,4.5773690451647395,2.5198904168728964,0.4689927300373709,3.410611377945429e-06,6.984932102032238,0.9999999971861735
400.0,0.3665032046990376,2.5,3.4475034348555167,-0.06455528377868158,0.30670504633837103,4.651097150260594,4.5773690451647395,3.1498630210911203,0.4689927300373709,3.410611377945429e-06,6.984932102032238,0.9999999988330125
400.0,0.3665032046990376,3.0,3.5023628522403154,-0.057698853417663294,0.3085704415099247,4.652771392459275,4.5773690451647395,3.779835625309345,0.4689927300373709,3.410611377945429e-06,6.984932102032238,0.9999999987406412
400.0,0.3665032046990376,3.5,3.5684708743074722,-0.049577834911816665,0.3108495871486934,4.654880151151666,4.5773690451647395,4.409808229527569,0.4689927300373709,3.410611377945429e-06,6.984932102032238,1.0000000001727214
400.0,0.3665032046990376,4.0,3.6465073699565753,-0.04018289567541791,0.3135842757526022,4.657508006379811,4.5773690451647395,5.039780833745793,0.4689927300373709,3.410611377945429e-06,6.984932102032238,1.0000000025015792
400.0,0.3665032046990376,4.5,3.737292233408795,-0.029502932976656224,0.3168265183357107,4.660772801360617,4.5773690451647395,5.669753437964016,0.4689927300373709,3.410611377945429e-06,6.984932102032238,1.0000000059750147
400.0,0.3665032046990376,5.0,3.8371103279847683,-0.018055704731644223,0.32064077685172926,4.664841035485134,4.5773690451647395,6.2997260421822405,0.4689927300373709,3.410611377945429e-06,6.984932102032238,0.999999998991566
400.0,0.3665032046990376,5.5,3.9495115679847363,-0.005516601130618535,0.32510624297944535,4.669954458398354,4.5773690451647395,6.929698646400464,0.4689927300373709,3.410611377945429e-06,6.984932102032238,0.9999999996644716
400.0,0.3665032046990376,6.0,4.07618277161415,0.008193657736520728,0.3303205444878362,4.6764729174559605,4.5773690451647395,7.55967125061869,0.4689927300373709,3.410611377945429e-06,6.984932102032238,0.9999999979971512
400.0,0.3831535810437724,0.0,3.181834316625492,-0.0993824298604786,0.31641956819681255,4.445654489129776,4.378454246918275,0.0,0.448612115462938,3.2623993663188473e-06,6.681393902220999,1.00000000028744
400.0,0.3831535810437724,0.5,3.1872644495290543,-0.09864189264665857,0.3166146809818315,4.4458041594922175,4.378454246918275,0.658592492973957,0.448612115462938,3.2623993663188473e-06,6.681393902220999,1.0000000022971773
400.0,0.3831535810437724,1.0,3.2036173104351535,-0.09641935966253072,0.3172038587254208,4.446258423043808,4.378454246918275,1.317184985947914,0.448612115462938,3.2623993663188473e-06,6.681393902220999,0.9999999960507798
400.0,0.3831535810437724,1.5,3.231082196909915,-0.09271198496295302,0.3181986590962859,4.447033476909253,4.378454246918275,1.9757774789218716,0.448612115462938,3.2623993663188473e-06,6.681393902220999,1.0000000059716971
400.0,0.3831535810437724,2.0,3.2699795298496146,-0.0875149573530531,0.3196189004711207,4.448157763972501,4.378454246918275,2.634369971895828,0.448612115462938,3.2623993663188473e-06,6.681393902220999,0.9999999998317264
400.0,0.3831535810437724,2.5,3.320767784003814,-0.08082148418841947,0.3214934544727189,4.449674995646994,4.378454246918275,3.2929624648697855,0.448612115462938,3.2623993663188473e-06,6.681393902220999,1.0000000004746252
400.0,0.3831535810437724,3.0,3.3840544702852835,-0.07262264643085273,0.32386145391877635,4.451648729080778,4.378454246918275,3.951554957843743,0.448612115462938,3.2623993663188473e-06,6.681393902220999,0.9999999970863368
400.0,0.3831535810437724,3.5,3.4606105066000796,-0.06290726933900533,0.3267739480043452,4.454169360494973,4.378454246918275,4.6101474508177,0.448612115462938,3.2623993663188473e-06,6.681393902220999,0.9999999963408319
400.0,0.3831535810437724,4.0,3.5513885248174213,-0.051661804254698684,0.3302961958391185,4.45736628767166,4.378454246918275,5.268739943791656,0.448612115462938,3.2623993663188473e-06,6.681393902220999,0.9999999970125691
400.0,0.3831535810437724,4.5,3.654000522642731,-0.03929138619298753,0.33451072995624037,4.4614269301452145,4.378454246918275,5.927332436765615,0.448612115462938,3.2623993663188473e-06,6.681393902220999,0.9999999995092315
400.0,0.3831535810437724,5.0,3.7698367006167266,-0.025737453206271868,0.33952121875769165,4.4666306970591885,4.378454246918275,6.585924929739571,0.448612115462938,3.2623993663188473e-06,6.681393902220999,1.0000000029490355
400.0,0.3831535810437724,5.5,3.901896631316444,-0.010784231406189957,0.34545778030459373,4.473408889087768,4.378454246918275,7.244517422713527,0.448612115462938,3.2623993663188473e-06,6.681393902220999,0.9999999942741447
400.0,0.3831535810437724,6.0,4.051571795899295,0.005563547901006546,0.3524837769191153,4.482458043953405,4.378454246918275,7.903109915687486,0.448612115462938,3.2623993663188473e-06,6.681393902220999,0.9999999988725109
400.0,0.4033195589934446,0.0,3.022742600794217,-0.12165882457163087,0.3330732296808553,4.223371764673287,4.159531534572361,0.0,0.42618150968979107,3.099279398002905e-06,6.347324207109949,1.00000000028744
400.0,0.4033195589934446,0.5,3.0290774167493146,-0.12074961821386479,0.3333254824708409,4.223546453562338,4.159531534572361,0.69325525576206,0.42618150968979107,3.099279398002905e-06,6.347324207109949,0.9999999998273064
400.0,0.4033195589934446,1.0,3.0481714365475825,-0.11802060219949491,0.33408830386294663,4.224078045791876,4.159531534572361,1.38651051152412,0.42618150968979107,3.099279398002905e-06,6.347324207109949,0.9999999954468122
400.0,0.4033195589934446,1.5,3.0802965323426976,-0.11346746438558153,0.33538015786500114,4.224989981535916,4.159531534572361,2.07976576728618,0.42618150968979107,3.099279398002905e-06,6.347324207109949,0.9999999982627981
400.0,0.4033195589934446,2.0,3.1259140532687812,-0.10708295836911974,0.337232827412595,4.22632378587799,4.159531534572361,2.77302102304824,0.42618150968979107,3.099279398002905e-06,6.347324207109949,0.9999999961257368
400.0,0.4033195589934446,2.5,3.1856879356509857,-0.09885676049768703,0.3396929693795201,4.228145468347273,4.159531534572361,3.4662762788103008,0.42618150968979107,3.099279398002905e-06,6.347324207109949,1.000000005683723
400.0,0.4033195589934446,3.0,3.2605039691519226,-0.08877525809878285,0.3428247290128963,4.2305524217443224,4.159531534572361,4.15953153457236,0.42618150968979107,3.099279398002905e-06,6.347324207109949,1.0000000056851732
400.0,0.4033195589934446,3.5,3.3514956612793934,-0.07682132981920428,0.34671292979361795,4.233689995603773,4.159531534572361,4.85278679033442,0.42618150968979107,3.099279398002905e-06,6.347324207109949,1.000000001354798
400.0,0.4033195589934446,4.0,3.457487626597192,-0.06329935676503139,0.35146795933482394,4.237775413700906,4.159531534572361,5.54604204609648,0.42618150968979107,3.099279398002905e-06,6.347324207109949,0.9999999969588121
400.0,0.4033195589934446,4.5,3.578094650824228,-0.04840816661506123,0.3572322410837566,4.243144307086275,4.159531534572361,6.2392973018585405,0.42618150968979107,3.099279398002905e-06,6.347324207109949,1.0000000019519713
400.0,0.4033195589934446,5.0,3.717587149008045,-0.03179883312800776,0.3641889451532863,4.250337995915929,4.159531534572361,6.9325525576206015,0.42618150968979107,3.099279398002905e-06,6.347324207109949,1.0000000015237747
400.0,0.4033195589934446,5.5,3.8777719771913564,-0.013477723449397598,0.3725738265638051,4.260277561575165,4.159531534572361,7.625807813382661,0.42618150968979107,3.099279398002905e-06,6.347324207109949,0.9999999986995854
400.0,0.4033195589934446,6.0,4.060787791635346,0.006550303424371899,0.38269118822346,4.27467175079473,4.159531534572361,8.31906306914472,0.42618150968979107,3.099279398002905e-06,6.347324207109949,1.00000000225397
400.0,0.4050942113609619,0.0,3.009500453258036,-0.12356557825846483,0.3345387901339237,4.2048698545228,4.141309298167669,0.0,0.4243144772712776,3.0857019551093494e-06,6.319517604063948,1.00000000028744
400.0,0.4050942113609619,0.5,3.015919371661264,-0.12264026451174556,0.33479663582559216,4.205046851832042,4.141309298167669,0.6963056584849092,0.4243144772712776,3.0857019551093494e-06,6.319517604063948,0.9999999984860864
400.0,0.4050942113609619,1.0,3.035268521629603,-0.1198628734114315,0.3355765403372086,4.205585656821855,4.141309298167669,1.3926113169698184,0.4243144772712776,3.0857019551093494e-06,6.319517604063948,0.9999999996522363
400.0,0.4050942113609619,1.5,3.0678283905561345,-0.11522892911457584,0.336897688065443,4.206510392638321,4.141309298167669,2.088916975454728,0.4243144772712776,3.0857019551093494e-06,6.319517604063948,0.9999999983333833
400.0,0.4050942113609619,2.0,3.1140750205031806,-0.1087309204760449,0.3387931425631822,4.207864331191979,4.141309298167669,2.785222633939637,0.4243144772712776,3.0857019551093494e-06,6.319517604063948,1.0000000096153747
400.0,0.4050942113609619,2.5,3.174693718427434,-0.10035815864897861,0.34131162330579884,4.209715144245529,4.141309298167669,3.4815282924245463,0.4243144772712776,3.0857019551093494e-06,6.319517604063948,1.0000000018050306
400.0,0.4050942113609619,3.0,3.25059951370735,-0.09009652527720456,0.34451995994836154,4.212164675118785,4.141309298167669,4.177833950909456,0.4243144772712776,3.0857019551093494e-06,6.319517604063948,1.0000000050489914
400.0,0.4050942113609619,3.5,3.3429641771996237,-0.07792826855767515,0.34850683229573154,4.215363967747225,4.141309298167669,4.874139609394366,0.4243144772712776,3.0857019551093494e-06,6.319517604063948,0.9999999983799918
400.0,0.4050942113609619,4.0,3.450230150735749,-0.06421192528056266,0.3533878023687334,4.2195408316108605,4.141309298167669,5.570445267879274,0.4243144772712776,3.0857019551093494e-06,6.319517604063948,0.9999999982070837
400.0,0.4050942113609619,4.5,3.572734771722662,-0.04905921454694665,0.35931222742109953,4.225048997320062,4.141309298167669,6.266750926364184,0.4243144772712776,3.0857019551093494e-06,6.319517604063948,0.9999999993221669
400.0,0.4050942113609619,5.0,3.7145097934694498,-0.032158483605117846,0.3664725930181373,4.232462889698163,4.141309298167669,6.963056584849093,0.4243144772712776,3.0857019551093494e-06,6.319517604063948,1.0000000005354222
400.0,0.4050942113609619,5.5,3.877428908367053,-0.013516147443721902,0.37511726966839076,4.242772979947039,4.141309298167669,7.6593622433340025,0.4243144772712776,3.0857019551093494e-06,6.319517604063948,0.9999999998566665
400.0,0.4050942113609619,6.0,4.063712319924138,0.006862964273755772,0.38556768364737776,4.257839092530393,4.141309298167669,8.355667901818912,0.4243144772712776,3.0857019551093494e-06,6.319517604063948,0.9999999998223134
400.0,0.42348553694311686,0.0,2.8788024769468734,-0.14284812364156893,0.349726891164898,4.022258823498369,3.9614586043546294,0.0,0.40588715208551535,2.9516946647646714e-06,6.045070673438047,1.00000000028744
400.0,0.42348553694311686,0.5,2.886137666034297,-0.14174294864078776,0.35004897970470616,4.022461224971739,3.9614586043546294,0.7279180185501631,0.40588715208551535,2.9516946647646714e-06,6.045070673438047,0.9999999965582097
400.0,0.42348553694311686,1.0,2.9082694308892245,-0.1384253529208494,0.35102465412415196,4.023078959376367,3.9614586043546294,1.4558360371003263,0.40588715208551535,2.9516946647646714e-06,6.045070673438047,0.9999999989817706
400.0,0.42348553694311686,1.5,2.9455815674604624,-0.13288893784023076,0.35268269418076176,4.024145381904222,3.9614586043546294,2.183754055650489,0.40588715208551535,2.9516946647646714e-06,6.045070673438047,1.0000000020726878
400.0,0.42348553694311686,2.0,2.9987276332048025,-0.12512296963909775,0.35507303341088586,4.025721033812287,3.9614586043546294,2.9116720742006525,0.40588715208551535,2.9516946647646714e-06,6.045070673438047,1.0000000077829772
400.0,0.42348553694311686,2.5,3.068654143093573,-0.11511204789781193,0.3582697695298426,4.027902965525872,3.9614586043546294,3.6395900927508156,0.40588715208551535,2.9516946647646714e-06,6.045070673438047,0.9999999985252753
400.0,0.42348553694311686,3.0,3.156633660929379,-0.10283580800037488,0.3623760004095937,4.030841561937255,3.9614586043546294,4.367508111300978,0.40588715208551535,2.9516946647646714e-06,6.045070673438047,1.0000000051665603
400.0,0.42348553694311686,3.5,3.263448996137275,-0.08838316175398163,0.36753066003701707,4.034770007057382,3.9614586043546294,5.095426129851142,0.40588715208551535,2.9516946647646714e-06,6.045070673438047,0.9999999986718434
400.0,0.42348553694311686,4.0,3.3857517849391976,-0.07240487523448358,0.3739182241701472,4.040059718177481,3.9614586043546294,5.823344148401305,0.40588715208551535,2.9516946647646714e-06,6.045070673438047,1.0000000024344822
400.0,0.42348553694311686,4.5,3.529582831618253,-0.054336613031484855,0.3817822826892423,4.047330798425618,3.9614586043546294,6.551262166951468,0.40588715208551535,2.9516946647646714e-06,6.045070673438047,0.9999999969146532
400.0,0.42348553694311686,5.0,3.697199487201385,-0.03418710719969042,0.39144443801268475,4.0576889590349605,3.9614586043546294,7.279180185501631,0.40588715208551535,2.9516946647646714e-06,6.045070673438047,0.9999999960327765
400.0,0.42348553694311686,5.5,3.8913213881229205,-0.011962890227568803,0.403330864351719,4.073309128461943,3.9614586043546294,8.007098204051795,0.40588715208551535,2.9516946647646714e-06,6.045070673438047,1.0000000001932812
400.0,0.42348553694311686,6.0,4.1604736649878085,0.01708278602476756,0.41872604279846165,4.099112569395555,3.9614586043546294,8.735016222601956,0.40588715208551535,2.9516946647646714e-06,6.045070673438047,1.0000000019995974
400.0,0.4477486635155488,0.0,2.7228025721637583,-0.16704383912803009,0.36976409925320364,3.8042959731453085,3.746790467158575,0.0,0.38389246589739495,2.791744793128996e-06,5.717493336328183,1.00000000028744
400.0,0.4477486635155488,0.5,2.731475254421592,-0.16566272091515508,0.37018990662471774,3.8045354507998232,3.746790467158575,0.7696232610619252,0.38389246589739495,2.791744793128996e-06,5.717493336328183,0.999999996841838
400.0,0.4477486635155488,1.0,2.7576800421494077,-0.16151611527122542,0.3714829205309579,3.805269541856643,3.746790467158575,1.5392465221238505,0.38389246589739495,2.791744793128996e-06,5.717493336328183,1.0000000029262528
400.0,0.4477486635155488,1.5,2.80198611666152,-0.15459401222411298,0.37369099975863485,3.8065483553799675,3.746790467158575,2.308869783185776,0.38389246589739495,2.791744793128996e-06,5.717493336328183,0.9999999957111197
400.0,0.4477486635155488,2.0,2.8653681779326434,-0.14487955791416884,0.37689797430461736,3.808464832086255,3.746790467158575,3.078493044247701,0.38389246589739495,2.791744793128996e-06,5.717493336328183,0.9999999974647511
400.0,0.4477486635155488,2.5,2.949250095426748,-0.13234838918701713,0.3812302615515028,3.811173849876199,3.746790467158575,3.848116305309626,0.38389246589739495,2.791744793128996e-06,5.717493336328183,0.9999999999272349
400.0,0.4477486635155488,3.0,3.0555672715607374,-0.11696814171230425,0.3868670879532157,3.8149270117804375,3.746790467158575,4.617739566371552,0.38389246589739495,2.791744793128996e-06,5.717493336328183,0.9999999991152331
400.0,0.4477486635155488,3.5,3.180633164950184,-0.09954640823906301,0.3940557619723947,3.820142846643677,3.746790467158575,5.387362827433476,0.38389246589739495,2.791744793128996e-06,5.717493336328183,1.0000000000797626
400.0,0.4477486635155488,4.0,3.329975559577981,-0.07961894532295491,0.40313435697443517,3.8275517018107217,3.746790467158575,6.156986088495402,0.38389246589739495,2.791744793128996e-06,5.717493336328183,0.9999999996004805
400.0,0.4477486635155488,4.5,3.5072757105222503,-0.05709008377213187,0.4145639020474529,3.8385340012981306,3.746790467158575,6.926609349557327,0.38389246589739495,2.791744793128996e-06,5.717493336328183,0.9999999962249204
400.0,0.4477486635155488,5.0,3.7161317430310064,-0.03196888927406675,0.4289758321436443,3.856026866458699,3.746790467158575,7.696232610619252,0.38389246589739495,2.791744793128996e-06,5.717493336328183,1.0000000009975274
400.0,0.4477486635155488,5.5,4.057614038362509,0.006210743094051844,0.4488408262285298,3.8875447328653325,3.746790467158575,8.465855871681176,0.38389246589739495,2.791744793128996e-06,5.717493336328183,0.9999999995684795
400.0,0.4477486635155488,6.0,4.55231767628213,0.05617256966942412,0.47577726422103483,3.959717640459611,3.746790467158575,9.235479132743103,0.38389246589739495,2.791744793128996e-06,5.717493336328183,1.000000000400341
400.0,0.4692653833386818,0.0,2.597956840603222,-0.1874280593883192,0.38753324335698724,3.629861690360459,3.574992922357253,0.0,0.3662902584382432,2.6637379282201192e-06,5.455335276994804,1.00000000028744
400.0,0.4692653833386818,0.5,2.6079445431314605,-0.1857616392635028,0.38807201296007404,3.6301376778759953,3.574992922357253,0.8066077781068551,0.3662902584382432,2.6637379282201192e-06,5.455335276994804,0.9999999997069787
400.0,0.4692653833386818,1.0,2.6381675664733915,-0.18075761449079358,0.3897121758118568,3.630987629167543,3.574992922357253,1.6132155562137103,0.3662902584382432,2.6637379282201192e-06,5.455335276994804,1.0000000059716971
400.0,0.4692653833386818,1.5,2.689419680636036,-0.17240141269613016,0.3925272855149248,3.6324820993872384,3.574992922357253,2.419823334320565,0.3662902584382432,2.6637379282201192e-06,5.455335276994804,1.000000001056297
400.0,0.4692653833386818,2.0,2.7630689046611216,-0.16066827595869324,0.3966476547284447,3.634755966785712,3.574992922357253,3.2264311124274205,0.3662902584382432,2.6637379282201192e-06,5.455335276994804,0.9999999970863368
400.0,0.4692653833386818,2.5,2.8611302060864663,-0.14552236893055112,0.402272557564678,3.6380419344064374,3.574992922357253,4.033038890534276,0.3662902584382432,2.6637379282201192e-06,5.455335276994804,0.9999999985203438
400.0,0.4692653833386818,3.0,2.983478933445914,-0.12733701572082806,0.4096903009393621,3.6427398345224495,3.574992922357253,4.83964666864113,0.3662902584382432,2.6637379282201192e-06,5.455335276994804,0.9999999995092315
400.0,0.4692653833386818,3.5,3.1302492711108374,-0.1064810682360177,0.4193090455000844,3.6495660989749608,3.574992922357253,5.646254446747986,0.3662902584382432,2.6637379282201192e-06,5.455335276994804,0.9999999986151384
400.0,0.4692653833386818,4.0,3.3080945187349817,-0.08248208162683397,0.4317026980304234,3.659911667039938,3.574992922357253,6.452862224854841,0.3662902584382432,2.6637379282201192e-06,5.455335276994804,0.9999999988725109
400.0,0.4692653833386818,4.5,3.5213289126365184,-0.05535339872821682,0.44768074106156835,3.6768405764631433,3.574992922357253,7.259470002961696,0.3662902584382432,2.6637379282201192e-06,5.455335276994804,0.9999999991876095
400.0,0.4692653833386818,5.0,3.864503185171135,-0.014966321743025241,0.47001632926475323,3.7086355401504596,3.574992922357253,8.066077781068552,0.3662902584382432,2.6637379282201192e-06,5.455335276994804,1.0000000014960317
400.0,0.4692653833386818,5.5,4.384837587339011,0.03989352057506948,0.5012962963914063,3.788002286459171,3.574992922357253,8.872685559175407,0.3662902584382432,2.6637379282201192e-06,5.455335276994804,0.9999999993708591
400.0,0.4692653833386818,6.0,5.023976974055073,0.09898764894263067,0.5433924667491935,6.597861929544783,3.574992922357253,9.67929333728226,0.3662902584382432,2.6637379282201192e-06,5.455335276994804,1.000000001072438
400.0,0.4939635614091387,0.0,2.468058998573061,-0.20970445409947136,0.40792972984946024,3.448368605842436,3.3962432762393906,0.0,0.34797574551633104,2.5305510318091133e-06,5.182568513145064,1.00000000028744
400.0,0.4939635614091387,0.5,2.4797138908913454,-0.20765841645946154,0.4086266053117906,3.448690980541734,3.3962432762393906,0.8490608190598474,0.34797574551633104,2.5305510318091133e-06,5.182568513145064,0.9999999991905593
400.0,0.4939635614091387,1.0,2.515051586901344,-0.201513093913422,0.4107551283116616,3.449689874377973,3.3962432762393906,1.6981216381196949,0.34797574551633104,2.5305510318091133e-06,5.182568513145064,0.9999999982627981
400.0,0.4939635614091387,1.5,2.5752151078388277,-0.19124647979711618,0.41443331556570817,3.451468575429472,3.3962432762393906,2.5471824571795425,0.34797574551633104,2.5305510318091133e-06,5.182568513145064,0.9999999980101957
400.0,0.4939635614091387,2.0,2.662190342913825,-0.1768208876266234,0.41987282864475595,3.454231587789751,3.3962432762393906,3.3962432762393897,0.34797574551633104,2.5305510318091133e-06,5.182568513145064,1.0000000056851732
400.0,0.4939635614091387,2.5,2.7789358438155944,-0.15818147081848977,0.42740413409003347,3.458350378826359,3.3962432762393906,4.245304095299238,0.34797574551633104,2.5305510318091133e-06,5.182568513145064,1.000000004529754
400.0,0.4939635614091387,3.0,2.921502048633769,-0.1364537961429017,0.4375183551630546,3.464512819118889,3.3962432762393906,5.094364914359085,0.34797574551633104,2.5305510318091133e-06,5.182568513145064,1.0000000019519713
400.0,0.4939635614091387,3.5,3.0985781204308935,-0.11089754140080109,0.4509335278936445,3.474097713278263,3.3962432762393906,5.943425733418932,0.34797574551633104,2.5305510318091133e-06,5.182568513145064,0.9999999997698662
400.0,0.4939635614091387,4.0,3.315619347743312,-0.08149532610346864,0.46869907010343587,3.4902548691122344,3.3962432762393906,6.792486552478779,0.34797574551633104,2.5305510318091133e-06,5.182568513145064,1.00000000225397
400.0,0.4939635614091387,4.5,3.658391281329341,-0.03876983796382931,0.49396030089403253,3.5220199665780823,3.3962432762393906,7.641547371538628,0.34797574551633104,2.5305510318091133e-06,5.182568513145064,0.999999998503826
400.0,0.4939635614091387,5.0,4.212861025173384,0.022517141429117808,0.5307294152574179,3.609811258709431,3.3962432762393906,8.490608190598476,0.34797574551633104,2.5305510318091133e-06,5.182568513145064,1.000000001022848
400.0,0.4939635614091387,5.5,4.888909686744707,0.08715202325011029,0.5828043827694014,6.268717593827134,3.3962432762393906,9.339669009658323,0.34797574551633104,2.5305510318091133e-06,5.182568513145064,1.0000000016235995
400.0,0.4939635614091387,6.0,5.578859360605078,0.14448542194062042,0.661201952649219,6.273719708347694,3.3962432762393906,10.18872982871817,0.34797574551633104,2.5305510318091133e-06,5.182568513145064,1.00000000065351
400.0,0.4948944222294061,0.0,2.4634167570753074,-0.2105220999975953,0.40869846226740597,3.4418824724676473,3.3898551868612437,0.0,0.34732122816201266,2.525791247290656e-06,5.172820474451264,1.00000000028744
400.0,0.4948944222294061,0.5,2.4751378739516237,-0.20846059564275796,0.4094019330752338,3.4422067084356205,3.3898551868612437,0.8506608509493097,0.34732122816201266,2.525791247290656e-06,5.172820474451264,1.0000000002082252
400.0,0.4948944222294061,1.0,2.5106793091846886,-0.2022687478089494,0.41155097940269175,3.4432114757268293,3.3898551868612437,1.7013217018986193,0.34732122816201266,2.525791247290656e-06,5.172820474451264,1.0000000029410043
400.0,0.4948944222294061,1.5,2.5711994883264344,-0.19192421833410853,0.41526562053002075,3.4450018819931536,3.3898551868612437,2.551982552847929,0.34732122816201266,2.525791247290656e-06,5.172820474451264,0.9999999960695996
400.0,0.4948944222294061,2.0,2.6587117549412134,-0.17738873561509091,0.4207613519357246,3.4477852057127056,3.3898551868612437,3.4026434037972386,0.34732122816201266,2.525791247290656e-06,5.172820474451264,1.0000000003017464
400.0,0.4948944222294061,2.5,2.7762168926541806,-0.15860659885232634,0.42837490328156347,3.4519395763959455,3.3898551868612437,4.253304254746548,0.34732122816201266,2.525791247290656e-06,5.172820474451264,0.9999999970593357
400.0,0.4948944222294061,3.0,2.9196065944682816,-0.13673565541447613,0.43860723726967954,3.4581679497056195,3.3898551868612437,5.103965105695858,0.34732122816201266,2.525791247290656e-06,5.172820474451264,1.0000000017555422
400.0,0.4948944222294061,3.5,3.097931980045927,-0.11098811341640105,0.4521917519107917,3.467883984297118,3.3898551868612437,5.954625956645168,0.34732122816201266,2.525791247290656e-06,5.172820474451264,0.9999999967211667
400.0,0.4948944222294061,4.0,3.316607102406308,-0.0813659648984466,0.47020195953594796,3.484344794986,3.3898551868612437,6.805286807594477,0.34732122816201266,2.525791247290656e-06,5.172820474451264,0.9999999963211109
400.0,0.4948944222294061,4.5,3.668988568230751,-0.03751363273691985,0.4959725407021429,3.517005768174438,3.3898551868612437,7.655947658543787,0.34732122816201266,2.525791247290656e-06,5.172820474451264,0.999999999669481
400.0,0.4948944222294061,5.0,4.230338858277262,0.02431516526356552,0.5333457771655544,3.6094162303510644,3.3898551868612437,8.506608509493097,0.34732122816201266,2.525791247290656e-06,5.172820474451264,0.9999999965741018
400.0,0.4948944222294061,5.5,4.910235290933459,0.08904231201816627,0.586626618038618,6.257113201773124,3.3898551868612437,9.357269360442405,0.34732122816201266,2.525791247290656e-06,5.172820474451264,1.000000002077998
400.0,0.4948944222294061,6.0,5.598718661982222,0.1460286532310494,0.6671784592885734,6.262173332705682,3.3898551868612437,10.207930211391716,0.34732122816201266,2.525791247290656e-06,5.172820474451264,0.9999999998380442
400.0,0.5186617394795957,0.0,2.350532379593391,-0.2308937531694096,0.42832621634193335,3.2841605769927953,3.234517405942276,0.0,0.33140547192031516,2.4100486017229645e-06,4.935779536328631,1.00000000028744
400.0,0.5186617394795957,0.5,2.3640320527921443,-0.2284066306854165,0.42921648786150374,3.2845343684739094,3.234517405942276,0.8915138600128399,0.33140547192031516,2.4100486017229645e-06,4.935779536328631,0.9999999999564586
400.0,0.5186617394795957,1.0,2.405057278675199,-0.22093456736807146,0.43194632092645635,3.285700945480895,3.234517405942276,1.7830277200256799,0.33140547192031516,2.4100486017229645e-06,4.935779536328631,1.0000000020726878
400.0,0.5186617394795957,1.5,2.475227294622461,-0.20844490592994103,0.43670104170890933,3.287809908552844,3.234517405942276,2.67454158003852,0.33140547192031516,2.4100486017229645e-06,4.935779536328631,1.0000000054500038
400.0,0.5186617394795957,2.0,2.577380591390208,-0.19088143752821563,0.44381814801704633,3.291168353583142,3.234517405942276,3.5660554400513598,0.33140547192031516,2.4100486017229645e-06,4.935779536328631,1.0000000051665603
400.0,0.5186617394795957,2.5,2.712429631101987,-0.16870151128078584,0.45383742272406047,3.296371101105734,3.234517405942276,4.4575693000642,0.33140547192031516,2.4100486017229645e-06,4.935779536328631,1.0000000005797343
400.0,0.5186617394795957,3.0,2.881892314117505,-0.14238224255932552,0.46758589271182344,3.3046317587979996,3.234517405942276,5.34908316007704,0.33140547192031516,2.4100486017229645e-06,4.935779536328631,0.9999999969146532
400.0,0.5186617394795957,3.5,3.095140131373457,-0.11137967499782095,0.4863191983589211,3.31875877488176,3.234517405942276,6.240597020089879,0.33140547192031516,2.4100486017229645e-06,4.935779536328631,1.0000000008587555
400.0,0.5186617394795957,4.0,3.3970125225023904,-0.07096284350307315,0.5128325734355109,3.346911397749336,3.234517405942276,7.1321108801027195,0.33140547192031516,2.4100486017229645e-06,4.935779536328631,1.0000000019995974
400.0,0.5186617394795957,4.5,3.9644739449991215,-0.003874423366902234,0.5538461679892321,3.4265521355648216,3.234517405942276,8.02362474011556,0.33140547192031516,2.4100486017229645e-06,4.935779536328631,1.00000000115665
400.0,0.5186617394795957,5.0,4.673670958476588,0.06759814207095866,0.613660478316113,5.970314345232158,3.234517405942276,8.9151386001284,0.33140547192031516,2.4100486017229645e-06,4.935779536328631,1.0000000011682904
400.0,0.5186617394795957,5.5,5.39416261996748,0.12986404383487474,0.708344202529213,5.975660734326711,3.234517405942276,9.806652460141239,0.33140547192031516,2.4100486017229645e-06,4.935779536328631,1.000000000546213
400.0,0.5186617394795957,6.0,6.016124587463082,0.1772568301198973,0.8507788394414391,3.1411664533588204,3.234517405942276,10.69816632015408,0.33140547192031516,2.4100486017229645e-06,4.935779536328631,0.9999999995456461
400.0,0.5418609907839217,0.0,2.2498966218979497,-0.2498974276924692,0.4474848447441707,3.143552436076081,3.09603468911095,0.0,0.3172166689662859,2.3068647148627526e-06,4.724458936038917,1.00000000028744
400.0,0.5418609907839217,0.5,2.265299524535306,-0.2469343574945213,0.4485939990465693,3.143979481842082,3.09603468911095,0.9313904356408774,0.3172166689662859,2.3068647148627526e-06,4.724458936038917,0.9999999960507798
400.0,0.5418609907839217,1.0,2.312224699897861,-0.2380299551850437,0.45200938383703526,3.145322518692546,3.09603468911095,1.8627808712817548,0.3172166689662859,2.3068647148627526e-06,4.724458936038917,0.9999999998317264
400.0,0.5418609907839217,1.5,2.392887863843374,-0.22313764426284327,0.4580092604618026,3.1477910037934937,3.09603468911095,2.794171306922632,0.3172166689662859,2.3068647148627526e-06,4.724458936038917,0.9999999970863368
400.0,0.5418609907839217,2.0,2.5112109085264884,-0.20217680208668923,0.4671093597559212,3.1518339282449386,3.09603468911095,3.7255617425635097,0.3172166689662859,2.3068647148627526e-06,4.724458936038917,0.9999999970125691
400.0,0.5418609907839217,2.5,2.665677094972008,-0.17625245103826245,0.4801555122805699,3.158384854946548,3.09603468911095,4.656952178204387,0.3172166689662859,2.3068647148627526e-06,4.724458936038917,1.0000000029490355
400.0,0.5418609907839217,3.0,2.8648938913445505,-0.144951449930984,0.4984873378355053,3.16957647926364,3.09603468911095,5.588342613845264,0.3172166689662859,2.3068647148627526e-06,4.724458936038917,0.9999999988725109
400.0,0.5418609907839217,3.5,3.118704395408172,-0.10808577897128335,0.5242219739030476,3.191357652462148,3.09603468911095,6.519733049486142,0.3172166689662859,2.3068647148627526e-06,4.724458936038917,0.9999999998676542
400.0,0.5418609907839217,4.0,3.641354240816512,-0.04079706099374065,0.5657206961411235,3.2485090782588846,3.09603468911095,7.451123485127019,0.3172166689662859,2.3068647148627526e-06,4.724458936038917,0.9999999990459424
400.0,0.5418609907839217,4.5,4.350891687559766,0.036518280638480616,0.6274555739065234,5.713916041647996,3.09603468911095,8.382513920767895,0.3172166689662859,2.3068647148627526e-06,4.724458936038917,1.000000001072438
400.0,0.5418609907839217,5.0,5.106154490490549,0.10603395924065037,0.7291247461397996,5.719329209597584,3.09603468911095,9.313904356408774,0.3172166689662859,2.3068647148627526e-06,4.724458936038917,1.0000000024816942
400.0,0.5418609907839217,5.5,5.761339777711707,0.1584634973743266,0.8898264360861338,3.006330828489964,3.09603468911095,10.24529479204965,0.3172166689662859,2.3068647148627526e-06,4.724458936038917,1.0000000006526777
400.0,0.5418609907839217,6.0,6.229029624038713,0.1923604049701554,1.0590536132510582,5.736985147975667,3.09603468911095,11.176685227690529,0.3172166689662859,2.3068647148627526e-06,4.724458936038917,0.9999999971954336
400.0,0.5470044002605323,0.0,2.22874114380499,-0.25400036086716055,0.45173242452984047,3.1139940314595274,3.0669230875364404,0.0,0.3142339229033238,2.2851735733837583e-06,4.680035478289937,1.00000000028744
400.0,0.5470044002605323,0.5,2.244589175673786,-0.25092312708652176,0.4528955240695247,3.1144335459390726,3.0669230875364404,0.9402313053003988,0.3142339229033238,2.2851735733837583e-06,4.680035478289937,1.0000000026626854
400.0,0.5470044002605323,1.0,2.292899232107025,-0.24167502246871722,0.4564806213256525,3.1158183644383373,3.0669230875364404,1.8804626106007976,0.3142339229033238,2.2851735733837583e-06,4.680035478289937,0.9999999944998722
400.0,0.5470044002605323,1.5,2.376042558825994,-0.2262057760214355,0.4627916572631149,3.1183739699757593,3.0669230875364404,2.8206939159011966,0.3142339229033238,2.2851735733837583e-06,4.680035478289937,0.9999999972114697
400.0,0.5470044002605323,2.0,2.4982263914592835,-0.20442819936092868,0.4723941704367695,3.1225886011011963,3.0669230875364404,3.760925221201595,0.3142339229033238,2.2851735733837583e-06,4.680035478289937,1.000000002656537
400.0,0.5470044002605323,2.5,2.657351472466945,-0.17761099150634974,0.4862213526594904,3.129495711909499,3.0669230875364404,4.701156526501994,0.3142339229033238,2.2851735733837583e-06,4.680035478289937,0.9999999995774239
400.0,0.5470044002605323,3.0,2.8638033882988556,-0.14511679274378975,0.5057629594752118,3.1415258823426506,3.0669230875364404,5.641387831802393,0.3142339229033238,2.2851735733837583e-06,4.680035478289937,0.9999999975028726
400.0,0.5470044002605323,3.5,3.1276178545431073,-0.10684630761849853,0.5333959152063052,3.1658086843351216,3.0669230875364404,6.581619137102791,0.3142339229033238,2.2851735733837583e-06,4.680035478289937,0.9999999985435296
400.0,0.5470044002605323,4.0,3.700757218863675,-0.033769396361542005,0.5790363765562427,3.235615288090921,3.0669230875364404,7.52185044240319,0.3142339229033238,2.2851735733837583e-06,4.680035478289937,0.9999999997866088
400.0,0.5470044002605323,4.5,4.439199085123636,0.045244630974227956,0.6480366264538511,5.661013699053479,3.0669230875364404,8.46208174770359,0.3142339229033238,2.2851735733837583e-06,4.680035478289937,1.0000000012669312
400.0,0.5470044002605323,5.0,5.19427220684158,0.11346471384817937,0.7632515367199594,5.666752670064816,3.0669230875364404,9.402313053003988,0.3142339229033238,2.2851735733837583e-06,4.680035478289937,0.9999999990004369
400.0,0.5470044002605323,5.5,5.810018899193326,0.16211755376495435,0.9361576515568594,2.9622376060596602,3.0669230875364404,10.342544358304387,0.3142339229033238,2.2851735733837583e-06,4.680035478289937,1.000000002052823
400.0,0.5470044002605323,6.0,6.26846129276984,0.1951009571471094,1.1013005230002517,5.686082331450601,3.0669230875364404,11.282775663604786,0.3142339229033238,2.2851735733837583e-06,4.680035478289937,0.9999999999405199
400.0,0.570379990298865,0.0,2.137401790803052,-0.2721738224036215,0.47103667867807447,2.986374814272277,2.9412329546554026,0.0,0.30135583551797157,2.191521479119615e-06,4.488235989236971,1.00000000028744
400.0,0.570379990298865,0.5,2.1553826930019357,-0.26853560003148547,0.47247221035320286,2.9868742304406553,2.9412329546554026,0.9804109848851341,0.30135583551797157,2.191521479119615e-06,4.488235989236971,0.9999999954468122
400.0,0.570379990298865,1.0,2.210355024472682,-0.25759795620111037,0.4769192382043172,2.988462208484329,2.9412329546554026,1.9608219697702682,0.30135583551797157,2.191521479119615e-06,4.488235989236971,0.9999999961257368
400.0,0.570379990298865,1.5,2.305524466672978,-0.23929025593077347,0.48482738128691893,2.991452305580581,2.9412329546554026,2.9412329546554026,0.30135583551797157,2.191521479119615e-06,4.488235989236971,1.0000000056851732
400.0,0.570379990298865,2.0,2.444812946635456,-0.213814354597022,0.49705075483090355,2.996559732173537,2.9412329546554026,3.9216439395405365,0.30135583551797157,2.191521479119615e-06,4.488235989236971,0.9999999969588121
400.0,0.570379990298865,2.5,2.628731082715553,-0.18231383095999834,0.5150409455021288,3.0054428192469937,2.9412329546554026,4.902054924425671,0.30135583551797157,2.191521479119615e-06,4.488235989236971,1.0000000015237747
400.0,0.570379990298865,3.0,2.871410584424898,-0.14396469440761875,0.541207068586292,3.022649382333525,2.9412329546554026,5.882465909310805,0.30135583551797157,2.191521479119615e-06,4.488235989236971,1.00000000225397
400.0,0.570379990298865,3.5,3.320116040005944,-0.08090672851140367,0.5831617509817324,3.066163912892114,2.9412329546554026,6.862876894195939,0.30135583551797157,2.191521479119615e-06,4.488235989236971,1.0000000028232914
400.0,0.570379990298865,4.0,4.037964439204296,0.004102498632468809,0.6491302927135689,5.427617673853268,2.9412329546554026,7.843287879081073,0.30135583551797157,2.191521479119615e-06,4.488235989236971,1.0000000000188285
400.0,0.570379990298865,4.5,4.831433930424606,0.08201605363647031,0.7634902507014657,5.433200643652201,2.9412329546554026,8.823698863966207,0.30135583551797157,2.191521479119615e-06,4.488235989236971,1.00000000065351
400.0,0.570379990298865,5.0,5.511431470601623,0.13920442041721962,0.9518046488751154,2.8508480550036666,2.9412329546554026,9.804109848851342,0.30135583551797157,2.191521479119615e-06,4.488235989236971,1.0000000019467234
400.0,0.570379990298865,5.5,5.995089751473011,0.17573569790468643,1.142484282055926,5.4525134295701045,2.9412329546554026,10.784520833736476,0.30135583551797157,2.191521479119615e-06,4.488235989236971,1.0000000003259841
400.0,0.570379990298865,6.0,6.483959004556618,0.20978026898930335,1.298410983640909,5.472377707014271,2.9412329546554026,11.76493181862161,0.30135583551797157,2.191521479119615e-06,4.488235989236971,1.0000000026264786
400.0,0.5988989898138083,0.0,2.0356207531457633,-0.29336312147355964,0.4945885126119782,2.8441664897831203,2.8011742425289543,0.0,0.28700555763616337,2.087163313447252e-06,4.274510465939972,1.00000000028744
400.0,0.5988989898138083,0.5,2.0564570360993115,-0.2889403507528401,0.4964238265897006,2.8447464134239473,2.8011742425289543,1.029431534129391,0.28700555763616337,2.087163313447252e-06,4.274510465939972,0.9999999989817706
400.0,0.5988989898138083,1.0,2.1204206443706015,-0.27563796747108843,0.50214909948263,2.846614642173986,2.8011742425289543,2.058863068258782,0.28700555763616337,2.087163313447252e-06,4.274510465939972,1.0000000077829772
400.0,0.5988989898138083,1.5,2.23207706736488,-0.25335080583236563,0.5124770544577657,2.8502354023344068,2.8011742425289543,3.088294602388173,0.28700555763616337,2.087163313447252e-06,4.274510465939972,1.0000000051665603
400.0,0.5988989898138083,2.0,2.3940880465449634,-0.22291987306647426,0.5288002238398855,2.8567536231219086,2.8011742425289543,4.117726136517564,0.28700555763616337,2.087163313447252e-06,4.274510465939972,1.0000000024344822
400.0,0.5988989898138083,2.5,2.614314828799525,-0.1847021050316811,0.5535860331530532,2.8692193788794027,2.8011742425289543,5.147157670646955,0.28700555763616337,2.087163313447252e-06,4.274510465939972,0.9999999960327765
400.0,0.5988989898138083,3.0,2.941899141460927,-0.13343221180722317,0.5921680486444015,2.8985102946666084,2.8011742425289543,6.176589204776346,0.28700555763616337,2.087163313447252e-06,4.274510465939972,1.0000000019995974
400.0,0.5988989898138083,3.5,3.636090977195024,-0.04142525033153075,0.6591020624725615,5.167903615570788,2.8011742425289543,7.206020738905737,0.28700555763616337,2.087163313447252e-06,4.274510465939972,0.9999999999264315
400.0,0.5988989898138083,4.0,4.471428347725062,0.04838628447667603,0.7735697332482818,5.173400525062971,2.8011742425289543,8.235452273035127,0.28700555763616337,2.087163313447252e-06,4.274510465939972,1.000000002925019
400.0,0.5988989898138083,4.5,5.2101167250752045,0.11478746181574727,0.9823947839447046,2.7203299461242056,2.8011742425289543,9.26488380716452,0.28700555763616337,2.087163313447252e-06,4.274510465939972,0.9999999995456461
400.0,0.5988989898138083,5.0,5.720340893555775,0.15536191924456663,1.2038309641189409,5.193219630293501,2.8011742425289543,10.29431534129391,0.28700555763616337,2.087163313447252e-06,4.274510465939972,1.0000000002650609
400.0,0.5988989898138083,5.5,6.23317465882519,0.19264930503319203,1.3855416645096028,5.215237037803579,2.8011742425289543,11.3237468754233,0.28700555763616337,2.087163313447252e-06,4.274510465939972,1.000000001001905
400.0,0.5988989898138083,6.0,6.70584337843661,0.22439341450879102,1.57939835039713,5.269789574055076,2.8011742425289543,12.353178409552692,0.28700555763616337,2.087163313447252e-06,4.274510465939972,1.0000000007941885
400.0,0.6046013057825199,0.0,2.016421732872593,-0.2974786217367258,0.49929765392191,2.817341645315784,2.7747548807751077,0.0,0.2842986558171217,2.0674781679178765e-06,4.234195287895811,1.00000000028744
400.0,0.6046013057825199,0.5,2.0378636317350143,-0.2928848724850815,0.5012227371667587,2.8179386832996927,2.7747548807751077,1.0392330932831078,0.2842986558171217,2.0674781679178765e-06,4.234195287895811,1.0000000027866804
400.0,0.6046013057825199,1.0,2.103745158729702,-0.2790668617686312,0.507237224662124,2.8198675603016308,2.7747548807751077,2.0784661865662155,0.2842986558171217,2.0674781679178765e-06,4.234195287895811,1.0000000014633121
400.0,0.6046013057825199,1.5,2.2189578880493386,-0.25591093116956376,0.5181209661987611,2.8236301009494693,2.7747548807751077,3.1176992798493233,0.2842986558171217,2.0674781679178765e-06,4.234195287895811,1.0000000012420394
400.0,0.6046013057825199,2.0,2.385915313235908,-0.22440496676608393,0.535407003141036,2.8304854886879656,2.7747548807751077,4.156932373132431,0.2842986558171217,2.0674781679178765e-06,4.234195287895811,0.9999999967569764
400.0,0.6046013057825199,2.5,2.6141725945748093,-0.18472573386883612,0.5618364292162272,2.8438990530438857,2.7747548807751077,5.19616546641554,0.2842986558171217,2.0674781679178765e-06,4.234195287895811,0.9999999984542844
400.0,0.6046013057825199,3.0,2.9842079652726308,-0.12723090609865004,0.6041627648359512,2.8770874706952996,2.7747548807751077,6.2353985596986465,0.2842986558171217,2.0674781679178765e-06,4.234195287895811,1.0000000001091511
400.0,0.6046013057825199,3.5,3.7103271756750797,-0.032647784051094274,0.6769128048466653,5.119801631247114,2.7747548807751077,7.274631652981755,0.2842986558171217,2.0674781679178765e-06,4.234195287895811,1.0000000000208271
400.0,0.6046013057825199,4.0,4.549694115511037,0.055922207876132314,0.8073956911828619,5.12560497364499,2.7747548807751077,8.313864746264862,0.2842986558171217,2.0674781679178765e-06,4.234195287895811,1.0000000000474554
400.0,0.6046013057825199,4.5,5.254351139581724,0.11845910127264354,1.0337353611395097,2.680448894940067,2.7747548807751077,9.35309783954797,0.2842986558171217,2.0674781679178765e-06,4.234195287895811,0.9999999988597484
400.0,0.6046013057825199,5.0,5.7645577424145555,0.1587060024542614,1.250747556937216,5.147359578136197,2.7747548807751077,10.39233093283108,0.2842986558171217,2.0674781679178765e-06,4.234195287895811,1.000000001778428
400.0,0.6046013057825199,5.5,6.2768916504968155,0.19568464074835354,1.4391833510226872,5.173212122416904,2.7747548807751077,11.431564026114188,0.2842986558171217,2.0674781679178765e-06,4.234195287895811,1.000000002376789
400.0,0.6046013057825199,6.0,6.750073494855539,0.22724851013068392,1.6400243136523482,5.246299915073719,2.7747548807751077,12.470797119397293,0.2842986558171217,2.0674781679178765e-06,4.234195287895811,0.9999999989200725
400.0,0.6636414694697732,0.0,1.8370328992205167,-0.3379430572203098,0.5480547686258845,2.5666998160231445,2.527901738092726,0.0,0.25900632562425474,1.883547152348251e-06,3.857504568009218,1.00000000028744
400.0,0.6636414694697732,0.5,1.8654661761597469,-0.3312726123227842,0.551136244455056,2.5674959749888346,2.527901738092726,1.1407156593143426,0.25900632562425474,1.883547152348251e-06,3.857504568009218,1.0000000059716971
400.0,0.6636414694697732,1.0,1.953784759371565,-0.31118327379068395,0.5609444928004472,2.570160592072442,2.527901738092726,2.281431318628685,0.25900632562425474,1.883547152348251e-06,3.857504568009218,0.9999999970863368
400.0,0.6636414694697732,1.5,2.109638185366814,-0.27785201355281874,0.5793895799611608,2.5758060390891857,2.527901738092726,3.422146977943027,0.25900632562425474,1.883547152348251e-06,3.857504568009218,0.9999999995092315
400.0,0.6636414694697732,2.0,2.3391760670035535,-0.23299707945882467,0.6105198104676816,2.5879483583077016,2.527901738092726,4.56286263725737,0.25900632562425474,1.883547152348251e-06,3.857504568009218,0.9999999988725109
400.0,0.6636414694697732,2.5,2.732616408151521,-0.1654813195750159,0.6647034673830324,2.6224013393898242,2.527901738092726,5.703578296571712,0.25900632562425474,1.883547152348251e-06,3.857504568009218,1.0000000014960317
400.0,0.6636414694697732,3.0,3.552488186879413,-0.05152734888936002,0.7684729961680806,4.665392911713675,2.527901738092726,6.844293955886054,0.25900632562425474,1.883547152348251e-06,3.857504568009218,1.000000001072438
400.0,0.6636414694697732,3.5,4.454085922883767,0.04669859933915459,0.9838067258016977,4.672536465200629,2.527901738092726,7.985009615200397,0.25900632562425474,1.883547152348251e-06,3.857504568009218,0.9999999991728602
400.0,0.6636414694697732,4.0,5.085981390525127,0.10431477544231474,1.297070481357965,4.684228758155276,2.527901738092726,9.12572527451474,0.25900632562425474,1.883547152348251e-06,3.857504568009218,0.9999999971954336
400.0,0.6636414694697732,4.5,5.648096636717574,0.14984212738755454,1.5461645761499232,4.707929023690246,2.527901738092726,10.266440933829083,0.25900632562425474,1.883547152348251e-06,3.857504568009218,1.000000001133577
400.0,0.6636414694697732,5.0,6.170710923467707,0.18827521036378003,1.8107397260812104,4.7860568834050214,2.527901738092726,11.407156593143425,0.25900632562425474,1.883547152348251e-06,3.857504568009218,1.0000000000737992
400.0,0.6636414694697732,5.5,6.790927231588261,0.22986908546642323,2.045529953221549,6.7553939091329624,2.527901738092726,12.547872252457767,0.25900632562425474,1.883547152348251e-06,3.857504568009218,1.0000000009548375
400.0,0.6636414694697732,6.0,7.69636081723245,0.2842254285723478,2.223353557405678,6.766847401281444,2.527901738092726,13.688587911772109,0.25900632562425474,1.883547152348251e-06,3.857504568009218,0.9999999994196668
400.0,0.6682628855998672,0.0,1.8243287768535377,-0.340956882606291,0.5518712708555089,2.548949633892004,2.510419866632473,0.0,0.25721515026972064,1.8705213575910858e-06,3.830827740346544,1.00000000028744
400.0,0.6682628855998672,0.5,1.853367302031353,-0.33409849460068536,0.5550628484121468,2.549763141831823,2.510419866632473,1.1486592885031846,0.25721515026972064,1.8705213575910858e-06,3.830827740346544,1.0000000033487764
400.0,0.6682628855998672,1.0,1.943654870444944,-0.3134408403920825,0.5652388377808785,2.552494749111751,2.510419866632473,2.297318577006369,0.25721515026972064,1.8705213575910858e-06,3.830827740346544,1.0000000014350814
400.0,0.6682628855998672,1.5,2.1029159100942163,-0.27923808455330057,0.5844429668591776,2.5583280803336526,2.510419866632473,3.445977865509554,0.25721515026972064,1.8705213575910858e-06,3.830827740346544,0.9999999986843862
400.0,0.6682628855998672,2.0,2.338444478953946,-0.23313292829583057,0.6170366256092213,2.571091552844836,2.510419866632473,4.594637154012738,0.25721515026972064,1.8705213575910858e-06,3.830827740346544,0.9999999958150888
400.0,0.6682628855998672,2.5,2.762258874671538,-0.16079561376423973,0.6748701353380084,2.6090149765610806,2.510419866632473,5.7432964425159225,0.25721515026972064,1.8705213575910858e-06,3.830827740346544,0.9999999986581094
400.0,0.6682628855998672,3.0,3.603564525741968,-0.04532768834785219,0.7868137401204867,4.633621054674612,2.510419866632473,6.891955731019108,0.25721515026972064,1.8705213575910858e-06,3.830827740346544,0.999999999749558
400.0,0.6682628855998672,3.5,4.501098729739889,0.05125854778491704,1.021387642994568,4.641100534058922,2.510419866632473,8.040615019522292,0.25721515026972064,1.8705213575910858e-06,3.830827740346544,0.9999999995141944
400.0,0.6682628855998672,4.0,5.109777910942834,0.10634203323961496,1.335023120360795,4.6536323625102884,2.510419866632473,9.189274308025476,0.25721515026972064,1.8705213575910858e-06,3.830827740346544,1.0000000001051053
400.0,0.6682628855998672,4.5,5.676834571728479,0.15204624733425312,1.5896703047776342,4.680220708706163,2.510419866632473,10.33793359652866,0.25721515026972064,1.8705213575910858e-06,3.830827740346544,0.9999999998231729
400.0,0.6682628855998672,5.0,6.205025411842029,0.19068357310471848,1.8597818179921224,6.70221142587916,2.510419866632473,11.486592885031845,0.25721515026972064,1.8705213575910858e-06,3.830827740346544,1.0000000002210603
400.0,0.6682628855998672,5.5,6.875801473993092,0.2352633374209085,2.0911594818364745,6.710087415199325,2.510419866632473,12.635252173535031,0.25721515026972064,1.8705213575910858e-06,3.830827740346544,0.9999999996812395
400.0,0.6682628855998672,6.0,7.80350120282771,0.29022951032446925,2.264835366574092,6.722637070980173,2.510419866632473,13.783911462038215,0.25721515026972064,1.8705213575910858e-06,3.830827740346544,1.0000000003512448
400.0,0.6985699678629192,0.0,1.7451812542594907,-0.3602194519314621,0.5768997564482995,2.4383648252219867,2.4015066511880896,0.0,0.24605600934304198,1.7893697947308383e-06,3.664629339608757,1.00000000028744
400.0,0.6985699678629192,0.5,1.7784100321319274,-0.3520280917454127,0.5808954732726528,2.439299103163233,2.4015066511880896,1.2007533255940448,0.24605600934304198,1.7893697947308383e-06,3.664629339608757,0.9999999982627981
400.0,0.6985699678629192,1.0,1.8824528442837059,-0.3273358854586141,0.5937898487413684,2.4425105795149076,2.4015066511880896,2.4015066511880896,0.24605600934304198,1.7893697947308383e-06,3.664629339608757,1.0000000056851732
400.0,0.6985699678629192,1.5,2.065813909839328,-0.2869687939748924,0.6187443916587605,2.4497805079066888,2.4015066511880896,3.602259976782135,0.24605600934304198,1.7893697947308383e-06,3.664629339608757,1.0000000019519713
400.0,0.6985699678629192,2.0,2.3444969246226126,-0.2320103239354594,0.6628405816119372,2.467982886018626,2.4015066511880896,4.803013302376179,0.24605600934304198,1.7893697947308383e-06,3.664629339608757,1.00000000225397
400.0,0.6985699678629192,2.5,2.978942599096609,-0.12799785640287292,0.7505647370073826,2.5525220198369847,2.4015066511880896,6.003766627970225,0.24605600934304198,1.7893697947308383e-06,3.664629339608757,1.000000001022848
400.0,0.6985699678629192,3.0,3.9448492851698957,-0.006029575891370341,0.9350807689040986,4.436189749036343,2.4015066511880896,7.20451995356427,0.24605600934304198,1.7893697947308383e-06,3.664629339608757,1.00000000065351
400.0,0.6985699678629192,3.5,4.704784715747854,0.07047976419262375,1.2897973906184224,4.446682287270583,2.4015066511880896,8.405273279158314,0.24605600934304198,1.7893697947308383e-06,3.664629339608757,1.0000000007477603
400.0,0.6985699678629192,4.0,5.29413035809602,0.12173463946146272,1.5902221931727116,4.468177687322261,2.4015066511880896,9.606026604752358,0.24605600934304198,1.7893697947308383e-06,3.664629339608757,1.0000000026264786
400.0,0.6985699678629192,4.5,5.848310764316618,0.16497045053600293,1.8983778222079275,4.542439777902699,2.4015066511880896,10.806779930346403,0.24605600934304198,1.7893697947308383e-06,3.664629339608757,1.0000000004507135
400.0,0.6985699678629192,5.0,6.517241517595779,0.21200382416135957,2.1705198204775815,6.418318009961906,2.4015066511880896,12.00753325594045,0.24605600934304198,1.7893697947308383e-06,3.664629339608757,1.0000000001549096
400.0,0.6985699678629192,5.5,7.4842563026826685,0.27208866042021385,2.3708967274931227,6.431301141955351,2.4015066511880896,13.208286581534495,0.24605600934304198,1.7893697947308383e-06,3.664629339608757,0.9999999988884348
400.0,0.6985699678629192,6.0,8.33395290522421,0.31879105062254554,2.574124887800491,6.458262935983932,2.4015066511880896,14.40903990712854,0.24605600934304198,1.7893697947308383e-06,3.664629339608757,1.0000000004032377
400.0,0.7334984662560653,0.0,1.6620773850090387,-0.3814087510014002,0.6057447442707146,2.3222522144971305,2.2871491916077042,0.0,0.23433905651718284,1.704161709267465e-06,3.4901231805797686,1.00000000028744
400.0,0.7334984662560653,0.5,1.7006323108932977,-0.371449565200062,0.6108643452713559,2.3233414195005917,2.2871491916077042,1.2607909918737474,0.23433905651718284,1.704161709267465e-06,3.4901231805797686,1.0000000020726878
400.0,0.7334984662560653,1.0,1.8224832938706108,-0.3413964353602061,0.6276536441530166,2.327207460845205,2.2871491916077042,2.521581983747495,0.23433905651718284,1.704161709267465e-06,3.4901231805797686,1.0000000051665603
400.0,0.7334984662560653,1.5,2.0378055979618797,-0.29289724039131615,0.6612663110473916,2.336727525970493,2.2871491916077042,3.7823729756212416,0.23433905651718284,1.704161709267465e-06,3.4901231805797686,0.9999999969146532
400.0,0.7334984662560653,2.0,2.4020505904370597,-0.22147784133506374,0.7252547805791958,2.366623745379102,2.2871491916077042,5.04316396749499,0.23433905651718284,1.704161709267465e-06,3.4901231805797686,1.0000000019995974
400.0,0.7334984662560653,2.5,3.304784427773427,-0.0829168557610319,0.8678469711270076,4.221649759328981,2.2871491916077042,6.3039549593687365,0.23433905651718284,1.704161709267465e-06,3.4901231805797686,1.0000000011682904
400.0,0.7334984662560653,3.0,4.254042492258267,0.026741832287906796,1.203182973318125,2.2211401000057194,2.2871491916077042,7.564745951242483,0.23433905651718284,1.704161709267465e-06,3.4901231805797686,0.9999999995456461
400.0,0.7334984662560653,3.5,4.8826748688819,0.08659781480100363,1.5859980047219016,4.24767816113259,2.2871491916077042,8.825536943116228,0.23433905651718284,1.704161709267465e-06,3.4901231805797686,0.9999999975141373
400.0,0.7334984662560653,4.0,5.475298190730324,0.1363477849809505,1.9343600295332208,4.302765169424548,2.2871491916077042,10.08632793498998,0.23433905651718284,1.704161709267465e-06,3.4901231805797686,1.0000000007941885
400.0,0.7334984662560653,4.5,6.139848894008941,0.18609769165268,2.259578552051417,6.1119784019109495,2.2871491916077042,11.347118926863727,0.23433905651718284,1.704161709267465e-06,3.4901231805797686,0.9999999991312195
400.0,0.7334984662560653,5.0,7.152423735281817,0.25239324438766675,2.4941571396038755,6.125466870394039,2.2871491916077042,12.607909918737473,0.23433905651718284,1.704161709267465e-06,3.4901231805797686,0.9999999993508084
400.0,0.7334984662560653,5.5,8.021344213057116,0.3021871619182118,2.735102741831889,6.156223636385485,2.2871491916077042,13.868700910611219,0.23433905651718284,1.704161709267465e-06,3.4901231805797686,1.0000000006331458
400.0,0.7334984662560653,6.0,8.708574047044667,0.33788705757197174,3.051896245236343,7.990722056736299,2.2871491916077042,15.129491902484967,0.23433905651718284,1.704161709267465e-06,3.4901231805797686,1.0000000010232022
400.0,0.7386277204483878,0.0,1.6505354171692088,-0.3844351434758562,0.6099806342036367,2.3061257930576415,2.2712665361714865,0.0,0.23271173526347197,1.692327495157075e-06,3.4658867100816897,1.00000000028744
400.0,0.7386277204483878,0.5,1.689919268305701,-0.3741940335585607,0.6152850859600354,2.3072392509453747,2.2712665361714865,1.269607530391843,0.23271173526347197,1.692327495157075e-06,3.4658867100816897,0.9999999971540781
400.0,0.7386277204483878,1.0,1.8145757746644606,-0.34328488275858343,0.6327254002908529,2.311212141521776,2.2712665361714865,2.539215060783686,0.23271173526347197,1.692327495157075e-06,3.4658867100816897,1.0000000038951444
400.0,0.7386277204483878,1.5,2.035011121943672,-0.2934932042111631,0.6678326173081122,2.3211352376953216,2.2712665361714865,3.8088225911755296,0.23271173526347197,1.692327495157075e-06,3.4658867100816897,1.0000000046918487
400.0,0.7386277204483878,2.0,2.4273063701038415,-0.2169353956931033,0.7359854500074647,2.3536672831878405,2.2712665361714865,5.078430121567372,0.23271173526347197,1.692327495157075e-06,3.4658867100816897,0.999999999497776
400.0,0.7386277204483878,2.5,3.357185025669928,-0.0760847140021763,0.8894284734816732,4.192806897893134,2.2712665361714865,6.348037651959215,0.23271173526347197,1.692327495157075e-06,3.4658867100816897,0.9999999985005378
400.0,0.7386277204483878,3.0,4.280814906184768,0.02946645889354336,1.2492442064056581,2.1976118300358456,2.2712665361714865,7.617645182351059,0.23271173526347197,1.692327495157075e-06,3.4658867100816897,0.9999999988655808
400.0,0.7386277204483878,3.5,4.909868669832421,0.0890098843530743,1.6298342976701854,4.220868486510422,2.2712665361714865,8.887252712742901,0.23271173526347197,1.692327495157075e-06,3.4658867100816897,1.0000000000103433
400.0,0.7386277204483878,4.0,5.501729883454816,0.13843927284188473,1.9888942668882799,4.287795570642337,2.2712665361714865,10.156860243134744,0.23271173526347197,1.692327495157075e-06,3.4658867100816897,0.999999999464099
400.0,0.7386277204483878,4.5,6.216920968458986,0.19151535518120674,2.3102509526308412,6.070813244002563,2.2712665361714865,11.42646777352659,0.23271173526347197,1.692327495157075e-06,3.4658867100816897,1.0000000002798455
400.0,0.7386277204483878,5.0,7.251254667357541,0.25835316668666336,2.541728651394094,6.085672591490733,2.2712665361714865,12.69607530391843,0.23271173526347197,1.692327495157075e-06,3.4658867100816897,1.0000000007238958
400.0,0.7386277204483878,5.5,8.073728041014784,0.30501412502750724,2.7999290771595806,6.122237237558126,2.2712665361714865,13.965682834310273,0.23271173526347197,1.692327495157075e-06,3.4658867100816897,1.0000000017455795
400.0,0.7386277204483878,6.0,8.762371016311853,0.34056164680038403,3.128734883584923,7.936783794846273,2.2712665361714865,15.235290364702118,0.23271173526347197,1.692327495157075e-06,3.4658867100816897,0.9999999987299261
400.0,0.8164016305125923,0.0,1.4932983560279864,-0.4279134043454213,0.6742086311662487,2.0864343895588573,2.05489597453367,0.0,0.2105426203415646,1.5311091419736208e-06,3.135711522761975,1.00000000028744
400.0,0.8164016305125923,0.5,1.5468300055942146,-0.4126174033487074,0.6830577088629677,2.087969237104032,2.05489597453367,1.4032910344791119,0.2105426203415646,1.5311091419736208e-06,3.135711522761975,1.0000000007892034
400.0,0.8164016305125923,1.0,1.7189845640642105,-0.3667880144500054,0.7135459040121678,2.0940105371701687,2.05489597453367,2.8065820689582237,0.2105426203415646,1.5311091419736208e-06,3.135711522761975,1.0000000062919456
400.0,0.8164016305125923,1.5,2.0348396044371766,-0.2935298095373398,0.7814019853130627,2.1144841686509075,2.05489597453367,4.209873103437335,0.2105426203415646,1.5311091419736208e-06,3.135711522761975,0.9999999994365326
400.0,0.8164016305125923,2.0,2.927093261371971,-0.13562343143124775,0.9553943529417671,3.7926877255350675,2.05489597453367,5.613164137916447,0.2105426203415646,1.5311091419736208e-06,3.135711522761975,1.0000000013202817
400.0,0.8164016305125923,2.5,3.9376714807189823,-0.006820511131352585,1.434886861352237,3.8029530913380976,2.05489597453367,7.01645517239556,0.2105426203415646,1.5311091419736208e-06,3.135711522761975,1.0000000010608792
400.0,0.8164016305125923,3.0,4.627239500050531,0.06326198728550934,1.9276098264513015,3.829474295179521,2.05489597453367,8.41974620687467,0.2105426203415646,1.5311091419736208e-06,3.135711522761975,1.0000000011266812
400.0,0.8164016305125923,3.5,5.3020142508215296,0.12238089937292879,2.4066955311070584,5.48864688780046,2.05489597453367,9.823037241353783,0.2105426203415646,1.5311091419736208e-06,3.135711522761975,1.0000000001136016
400.0,0.8164016305125923,4.0,6.338500773740357,0.19992655635067266,2.7553757813896484,5.501999143134293,2.05489597453367,11.226328275832895,0.2105426203415646,1.5311091419736208e-06,3.135711522761975,1.0000000005159428
400.0,0.8164016305125923,4.5,7.301476740250305,0.26135071472143717,3.0930795954598307,5.538724810166137,2.05489597453367,12.629619310312005,0.2105426203415646,1.5311091419736208e-06,3.135711522761975,1.0000000005598242
400.0,0.8164016305125923,5.0,8.068176614242764,0.30471540512297035,3.540192129156488,7.182704614397194,2.05489597453367,14.03291034479112,0.2105426203415646,1.5311091419736208e-06,3.135711522761975,1.0000000004915244
400.0,0.8164016305125923,5.5,8.957377837258198,0.3501209025443536,3.9644232715948693,7.200569977977131,2.05489597453367,15.43620137927023,0.2105426203415646,1.5311091419736208e-06,3.135711522761975,1.000000000227837
400.0,0.8164016305125923,6.0,10.087658243426144,0.4017303691612957,4.278132540410619,8.865168563926396,2.05489597453367,16.83949241374934,0.2105426203415646,1.5311091419736208e-06,3.135711522761975,0.9999999995866534
400.0,0.9023647554129298,0.0,1.3510403696398101,-0.47139166521498654,0.7451995241332807,1.8876717285061961,1.859137797747162,0.0,0.19048543009704527,1.3852491384462257e-06,2.83699023553787,1.00000000028744
400.0,0.9023647554129298,0.5,1.4240415870134249,-0.44853731891847015,0.7600457591985915,1.8898107269014035,1.859137797747162,1.5510507619954705,0.19048543009704527,1.3852491384462257e-06,2.83699023553787,0.9999999968878869
400.0,0.9023647554129298,1.0,1.6623707520082456,-0.3813321020876511,0.8150111795302544,1.8997672250421611,1.859137797747162,3.102101523990941,0.19048543009704527,1.3852491384462257e-06,2.83699023553787,1.000000002177544
400.0,0.9023647554129298,1.5,2.3103798169451455,-0.2383766093388837,0.9704164610896292,1.9770836327949906,1.859137797747162,4.653152285986412,0.19048543009704527,1.3852491384462257e-06,2.83699023553787,1.0000000027400482
400.0,0.9023647554129298,2.0,3.4875171463637393,-0.059543639834021354,1.5095647326386836,1.801450836305239,1.859137797747162,6.204203047981882,0.19048543009704527,1.3852491384462257e-06,2.83699023553787,0.9999999995135311
400.0,0.9023647554129298,2.5,4.249139604609714,0.02624100865203237,2.187640382005933,3.4699094609702783,1.859137797747162,7.755253809977353,0.19048543009704527,1.3852491384462257e-06,2.83699023553787,1.0000000005932128
400.0,0.9023647554129298,3.0,5.053390751335199,0.10152288984861536,2.8072056211541736,4.968857992789287,1.859137797747162,9.306304571972824,0.19048543009704527,1.3852491384462257e-06,2.83699023553787,0.9999999983740019
400.0,0.9023647554129298,3.5,6.269954029951528,0.19520436535417796,3.231584187712739,4.990875073582048,1.859137797747162,10.857355333968295,0.19048543009704527,1.3852491384462257e-06,2.83699023553787,0.9999999997953354
400.0,0.9023647554129298,4.0,7.138653779585556,0.25155632812024104,3.797670980541691,6.4961577727424675,1.859137797747162,12.408406095963764,0.19048543009704527,1.3852491384462257e-06,2.83699023553787,1.0000000006019745
400.0,0.9023647554129298,4.5,8.09905549571396,0.3063743834868857,4.3798035640092055,6.514494228156018,1.859137797747162,13.959456857959236,0.19048543009704527,1.3852491384462257e-06,2.83699023553787,0.9999999994801166
400.0,0.9023647554129298,5.0,9.306465175603831,0.3667247652454734,4.784488762711171,8.022457174937056,1.859137797747162,15.510507619954707,0.19048543009704527,1.3852491384462257e-06,2.83699023553787,0.9999999999388294
400.0,0.9023647554129298,5.5,10.228660546347493,0.40775877479703954,5.075113519301179,1.8591406503228634,1.859137797747162,17.061558381950178,0.19048543009704527,1.3852491384462257e-06,2.83699023553787,0.9999999999223705
400.0,0.9023647554129298,6.0,11.317541106689411,0.45169208925271026,5.569062473190673,1.8659428799430402,1.859137797747162,18.612609143945647,0.19048543009704527,1.3852491384462257e-06,2.83699023553787,0.9999999993873786
400.0,0.9385307666773636,0.0,1.298978420301611,-0.4884580550523004,0.7750664867139745,1.8149308451802295,1.7874964611786266,0.0,0.1831451292191216,1.3318689641100596e-06,2.727667638497402,1.00000000028744
400.0,0.9385307666773636,0.5,1.3815344523305608,-0.46169827162267446,0.7932953094568894,1.817377983392856,1.7874964611786266,1.6132155562137103,0.1831451292191216,1.3318689641100596e-06,2.727667638497402,0.9999999970863368
400.0,0.9385307666773636,1.0,1.6540472593674909,-0.38351207729081516,0.8634053960608468,1.829955833519969,1.7874964611786266,3.2264311124274205,0.1831451292191216,1.3318689641100596e-06,2.727667638497402,0.9999999988725109
400.0,0.9385307666773636,1.5,2.5119884870275366,-0.20204234672135052,1.086784933498387,3.2989309647723917,1.7874964611786266,4.83964666864113,0.1831451292191216,1.3318689641100596e-06,2.727667638497402,1.000000001072438
400.0,0.9385307666773636,2.0,3.5963319302289043,-0.0462002223896758,1.8343346660902322,3.3122499195206365,1.7874964611786266,6.452862224854841,0.1831451292191216,1.3318689641100596e-06,2.727667638497402,0.9999999971954336
400.0,0.9385307666773636,2.5,4.363351538725919,0.037760212531789426,2.560772678551791,3.3842532774002447,1.7874964611786266,8.066077781068552,0.1831451292191216,1.3318689641100596e-06,2.727667638497402,1.0000000000737992
400.0,0.9385307666773636,3.0,5.442148924323504,0.13371043074035724,3.1442967548335767,4.784883684700676,1.7874964611786266,9.67929333728226,0.1831451292191216,1.3318689641100596e-06,2.727667638497402,0.9999999994196668
400.0,0.9385307666773636,3.5,6.517187163732975,0.21200020212570872,3.6806499244056705,4.838086240009461,1.7874964611786266,11.292508893495972,0.1831451292191216,1.3318689641100596e-06,2.727667638497402,0.9999999988726374
400.0,0.9385307666773636,4.0,7.4403438517504625,0.26953301538284813,4.362574240122407,6.255363976968664,1.7874964611786266,12.905724449709682,0.1831451292191216,1.3318689641100596e-06,2.727667638497402,0.9999999996746876
400.0,0.9385307666773636,4.5,8.678453029271706,0.33638232593071454,4.8872719711887145,7.710772805665006,1.7874964611786266,14.518940005923392,0.1831451292191216,1.3318689641100596e-06,2.727667638497402,1.000000000954772
400.0,0.9385307666773636,5.0,9.666869368563491,0.38322585854708574,5.213334918633962,1.7861761440261992,1.7874964611786266,16.132155562137104,0.1831451292191216,1.3318689641100596e-06,2.727667638497402,1.0000000003850713
400.0,0.9385307666773636,5.5,10.7612168522163,0.42980139174242,5.733415014322888,1.7931284099441012,1.7874964611786266,17.745371118350814,0.1831451292191216,1.3318689641100596e-06,2.727667638497402,0.9999999993197178
400.0,0.9385307666773636,6.0,11.967098317371535,0.47592886772331067,6.3924758674099325,9.194261423013975,1.7874964611786266,19.35858667456452,0.1831451292191216,1.3318689641100596e-06,2.727667638497402,1.0000000001481095
400.0,0.9879271228182774,0.0,1.2340294992865306,-0.5107344497634526,0.8158594596989205,1.724184302921218,1.6981216381196953,0.0,0.17398787275816552,1.2652755159045566e-06,2.591284256572532,1.00000000028744
400.0,0.9879271228182774,0.5,1.3310951714569126,-0.4778508832906046,0.8397456572895119,1.7271157938948756,1.6981216381196953,1.6981216381196949,0.17398787275816552,1.2652755159045566e-06,2.591284256572532,1.0000000056851732
400.0,0.9879271228182774,1.0,1.657809673871656,-0.38252532176744986,0.9373981402068717,1.7451274345561172,1.6981216381196953,3.3962432762393897,0.17398787275816552,1.2652755159045566e-06,2.591284256572532,1.00000000225397
400.0,0.9879271228182774,1.5,2.789429680302539,-0.15654457372336078,1.322403905298438,3.136859854173847,1.6981216381196953,5.094364914359085,0.17398787275816552,1.2652755159045566e-06,2.591284256572532,1.00000000065351
400.0,0.9879271228182774,2.0,3.7435154766952623,-0.02878035837052774,2.248913792771536,3.159478742251997,1.6981216381196953,6.792486552478779,0.17398787275816552,1.2652755159045566e-06,2.591284256572532,1.0000000026264786
400.0,0.9879271228182774,2.5,4.608385671722482,0.06148882632936906,3.069578567519011,4.538436188655812,1.6981216381196953,8.490608190598476,0.17398787275816552,1.2652755159045566e-06,2.591284256572532,1.0000000001549096
400.0,0.9879271228182774,3.0,5.892994613373369,0.168276052790555,3.6403623275695756,4.5666815167199815,1.6981216381196953,10.18872982871817,0.17398787275816552,1.2652755159045566e-06,2.591284256572532,1.0000000004032377
400.0,0.9879271228182774,3.5,6.83992483137667,0.23299133765857125,4.423236262643544,5.938328070922501,1.6981216381196953,11.886851466837864,0.17398787275816552,1.2652755159045566e-06,2.591284256572532,0.9999999994531913
400.0,0.9879271228182774,4.0,8.085340506075733,0.3056383231798619,5.085190085426798,7.3240454048455845,1.6981216381196953,13.584973104957559,0.17398787275816552,1.2652755159045566e-06,2.591284256572532,0.9999999997603551
400.0,0.9879271228182774,4.5,9.157272765799593,0.35970615929185673,5.477259480220448,1.696634700209137,1.6981216381196953,15.283094743077257,0.17398787275816552,1.2652755159045566e-06,2.591284256572532,0.9999999992706962
400.0,0.9879271228182774,5.0,10.32182182221991,0.4116963665744867,6.088667301084994,1.7042100692134383,1.6981216381196953,16.98121638119695,0.17398787275816552,1.2652755159045566e-06,2.591284256572532,0.9999999998043795
400.0,0.9879271228182774,5.5,11.552235549743306,0.4606060442396028,6.8502243462884245,8.739060129330156,1.6981216381196953,18.679338019316646,0.17398787275816552,1.2652755159045566e-06,2.591284256572532,1.0000000000504425
400.0,0.9879271228182774,6.0,12.658934639783181,0.5003371662070748,7.442430403765201,10.117142016794222,1.6981216381196953,20.37745965743634,0.17398787275816552,1.2652755159045566e-06,2.591284256572532,1.0000000006450185
400.0,0.9973793796812823,0.0,1.2223344872967006,-0.5148699260845518,0.8236654131939386,1.7078440484078548,1.6820283818973107,0.0,0.17233897355505232,1.2532843825179583e-06,2.566726415396779,1.00000000028744
400.0,0.9973793796812823,0.5,1.322381498972393,-0.4807032268008734,0.8487893470945469,1.7108776798123972,1.6820283818973107,1.7143688708734073,0.17233897355505232,1.2532843825179583e-06,2.566726415396779,1.000000000454749
400.0,0.9973793796812823,1.0,1.660589041084343,-0.38179782382064253,0.9528454976876357,1.7303130281463788,1.6820283818973107,3.4287377417468146,0.17233897355505232,1.2532843825179583e-06,2.566726415396779,0.9999999994197184
400.0,0.9973793796812823,1.5,2.8384842594586632,-0.14897350109811394,1.384586226190257,3.1077886085467967,1.6820283818973107,5.143106612620222,0.17233897355505232,1.2532843825179583e-06,2.566726415396779,0.9999999996668625
400.0,0.9973793796812823,2.0,3.7709249976833448,-0.02561209679457361,2.3372611259390106,3.1334385895670134,1.6820283818973107,6.857475483493629,0.17233897355505232,1.2532843825179583e-06,2.566726415396779,0.9999999971955332
400.0,0.9973793796812823,2.5,4.687380792759482,0.06887024477739953,3.1618809208873944,4.496801447254323,1.6820283818973107,8.571844354367036,0.17233897355505232,1.2532843825179583e-06,2.566726415396779,1.0000000006506338
400.0,0.9973793796812823,3.0,5.947879262063067,0.17230215272639793,3.756090549496754,4.531210593560193,1.6820283818973107,10.286213225240443,0.17233897355505232,1.2532843825179583e-06,2.566726415396779,0.9999999999129691
400.0,0.9973793796812823,3.5,6.911389279430163,0.23750536367937988,4.572616549361259,5.884511045824657,1.6820283818973107,12.00058209611385,0.17233897355505232,1.2532843825179583e-06,2.566726415396779,0.9999999997566825
400.0,0.9973793796812823,4.0,8.205922191015349,0.31206740331939686,5.208141061526488,7.256128985448973,1.6820283818973107,13.714950966987258,0.17233897355505232,1.2532843825179583e-06,2.566726415396779,0.9999999998761744
400.0,0.9973793796812823,4.5,9.249998870017082,0.3640816883575161,5.6075159522651585,1.6820002033210117,1.6820283818973107,15.429319837860664,0.17233897355505232,1.2532843825179583e-06,2.566726415396779,1.000000000075598
400.0,0.9973793796812823,5.0,10.477091589357288,0.4181807491447054,6.294241573412093,1.6908459707798953,1.6820283818973107,17.14368870873407,0.17233897355505232,1.2532843825179583e-06,2.566726415396779,1.0000000010929473
400.0,0.9973793796812823,5.5,11.65188463321108,0.4643361846441571,7.059172837899614,8.663362031040295,1.6820283818973107,18.85805757960748,0.17233897355505232,1.2532843825179583e-06,2.566726415396779,0.9999999997090123
400.0,0.9973793796812823,6.0,12.835286755344102,0.5063455844354364,7.637734556116937,10.024698258052954,1.6820283818973107,20.572426450480886,0.17233897355505232,1.2532843825179583e-06,2.566726415396779,1.000000000916804
400.0,1.0373234789591914,0.0,1.1752661897966954,-0.5319237488333908,0.8566524326838667,1.6420802884963976,1.617258702971138,0.0,0.16570273596015758,1.2050243008614822e-06,2.4678897681643157,1.00000000028744
400.0,1.0373234789591914,0.5,1.288690295695104,-0.4919114331921968,0.8876362960340927,1.645584176791571,1.617258702971138,1.7830277200256799,0.16570273596015758,1.2050243008614822e-06,2.4678897681643157,1.0000000051665603
400.0,1.0373234789591914,1.0,1.6985062612511952,-0.37199283916705433,1.0256651468710218,1.673455698874668,1.617258702971138,3.5660554400513598,0.16570273596015758,1.2050243008614822e-06,2.4678897681643157,1.0000000019995974
400.0,1.0373234789591914,1.5,3.008062293731541,-0.12377316554408391,1.7015576788828781,1.5705832266794102,1.617258702971138,5.34908316007704,0.16570273596015758,1.2050243008614822e-06,2.4678897681643157,0.9999999995456461
400.0,1.0373234789591914,2.0,3.8716204796838465,-0.014167212851040167,2.735598188278302,3.0425144291533814,1.617258702971138,7.1321108801027195,0.16570273596015758,1.2050243008614822e-06,2.4678897681643157,1.0000000007941885
400.0,1.0373234789591914,2.5,5.0575273251373885,0.10187824655567608,3.5272708535174853,4.331359161989163,1.617258702971138,8.9151386001284,0.16570273596015758,1.2050243008614822e-06,2.4678897681643157,0.9999999993508084
400.0,1.0373234789591914,3.0,6.157891763130459,0.18737205973998103,4.316033060968762,5.650293752895153,1.617258702971138,10.69816632015408,0.16570273596015758,1.2050243008614822e-06,2.4678897681643157,1.0000000010232022
400.0,1.0373234789591914,3.5,7.318674710140811,0.2623724533667234,5.17391872910651,5.674606851785805,1.617258702971138,12.481194040179759,0.16570273596015758,1.2050243008614822e-06,2.4678897681643157,0.9999999997923436
400.0,1.0373234789591914,4.0,8.548940356445131,0.32985229581327685,5.679228050025438,1.613920316822728,1.617258702971138,14.264221760205439,0.16570273596015758,1.2050243008614822e-06,2.4678897681643157,0.9999999999382081
400.0,1.0373234789591914,4.5,9.72985242616006,0.3860462619937923,6.3330763094486935,1.6223095890020334,1.617258702971138,16.04724948023112,0.16570273596015758,1.2050243008614822e-06,2.4678897681643157,1.0000000004372973
400.0,1.0373234789591914,5.0,11.026131422518223,0.44036317328311936,7.210815423100499,8.323626120055865,1.617258702971138,17.8302772002568,0.16570273596015758,1.2050243008614822e-06,2.4678897681643157,0.9999999998545321
400.0,1.0373234789591914,5.5,12.214115006437016,0.48480201360860237,7.8852089085582735,9.637120975302276,1.617258702971138,19.613304920282477,0.16570273596015758,1.2050243008614822e-06,2.4678897681643157,1.0000000005785337
400.0,1.0373234789591914,6.0,13.542796033703315,0.5296483463334288,8.660626592087636,10.957046144005808,1.617258702971138,21.39633264030816,0.16570273596015758,1.2050243008614822e-06,2.4678897681643157,0.9999999996083004
400.0,1.102398582221007,0.0,1.1058896776217118,-0.5583481869541171,0.9103933791168174,1.5451475220165947,1.52179116627957,0.0,0.15592122605323464,1.1338911534897115e-06,2.3222090823469292,1.00000000028744
400.0,1.102398582221007,0.5,1.2440391303024383,-0.5072259503564795,0.9534798061026766,1.5495770712518682,1.52179116627957,1.8948835830740811,0.15592122605323464,1.1338911534897115e-06,2.3222090823469292,0.9999999988382536
400.0,1.102398582221007,1.0,1.8760140749726817,-0.3288238989373485,1.1808026676507462,1.6147319905197914,1.52179116627957,3.7897671661481622,0.15592122605323464,1.1338911534897115e-06,2.3222090823469292,1.0000000011650765
400.0,1.102398582221007,1.5,3.153864459902391,-0.1032169661211668,2.2716213341993554,2.822775368078466,1.52179116627957,5.684650749222244,0.15592122605323464,1.1338911534897115e-06,2.3222090823469292,0.9999999996268435
400.0,1.102398582221007,2.0,4.107592458191685,0.011527356465207812,3.410750093484356,4.066935276317435,1.52179116627957,7.5795343322963245,0.15592122605323464,1.1338911534897115e-06,2.3222090823469292,1.0000000000828724
400.0,1.102398582221007,2.5,5.473636691651511,0.13621597674665076,4.243523936043016,4.108645115814848,1.52179116627957,9.474417915370404,0.15592122605323464,1.1338911534897115e-06,2.3222090823469292,1.0000000001909486
400.0,1.102398582221007,3.0,6.583480016205109,0.21639553029745542,5.322352398600765,5.3313568605985315,1.52179116627957,11.369301498444488,0.15592122605323464,1.1338911534897115e-06,2.3222090823469292,1.0000000003839609
400.0,1.102398582221007,3.5,7.95614646981952,0.29864277840458275,5.994578730016666,1.5172260948706295,1.52179116627957,13.264185081518571,0.15592122605323464,1.1338911534897115e-06,2.3222090823469292,1.0000000000338276
400.0,1.102398582221007,4.0,9.20287720002567,0.3618636356636026,6.76227360472379,1.5268820328903954,1.52179116627957,15.159068664592649,0.15592122605323464,1.1338911534897115e-06,2.3222090823469292,0.9999999993935667
400.0,1.102398582221007,4.5,10.537445660931386,0.4206753567585969,7.798855957978962,7.837877764478152,1.52179116627957,17.05395224766673,0.15592122605323464,1.1338911534897115e-06,2.3222090823469292,0.9999999997803459
400.0,1.102398582221007,5.0,11.866353978555027,0.47225730806199506,8.583736882351504,9.073338466502538,1.52179116627957,18.94883583074081,0.15592122605323464,1.1338911534897115e-06,2.3222090823469292,0.9999999996381601
400.0,1.102398582221007,5.5,13.195275417761403,0.5183584681137207,9.60883937401683,10.314941832148794,1.52179116627957,20.843719413814895,0.15592122605323464,1.1338911534897115e-06,2.3222090823469292,0.9999999998290762
400.0,1.102398582221007,6.0,14.603888254416663,0.5624085098412714,10.509734623514763,10.343380785194675,1.52179116627957,22.738602996888975,0.15592122605323464,1.1338911534897115e-06,2.3222090823469292,1.000000000511577
400.0,1.218475796513094,0.0,1.0005378984070126,-0.6018264478236822,1.0062533784511183,1.397950162381491,1.3768188329582653,0.0,0.14106750337687146,1.0258718339560941e-06,2.1009855159420807,1.00000000028744
400.0,1.218475796513094,0.5,1.1898738041634598,-0.5265590879704451,1.081699819317193,1.4047594913393517,1.3768188329582653,2.094405617371248,0.14106750337687146,1.0258718339560941e-06,2.1009855159420807,0.9999999975908699
400.0,1.218475796513094,1.0,2.307292370201926,-0.2389573613841639,1.6751897906439805,2.5437247928591105,1.3768188329582653,4.188811234742496,0.14106750337687146,1.0258718339560941e-06,2.1009855159420807,0.9999999983521073
400.0,1.218475796513094,1.5,3.394458572091549,-0.07128947866276641,3.378606684798556,3.675679080690133,1.3768188329582653,6.2832168521137435,0.14106750337687146,1.0258718339560941e-06,2.1009855159420807,1.000000000527985
400.0,1.218475796513094,2.0,4.8450226800128275,0.08323582303743196,4.561645108238982,3.707132702207953,1.3768188329582653,8.377622469484992,0.14106750337687146,1.0258718339560941e-06,2.1009855159420807,0.999999999589154
400.0,1.218475796513094,2.5,6.105600086163714,0.18366836348888935,5.992519743079034,4.827192028093041,1.3768188329582653,10.47202808685624,0.14106750337687146,1.0258718339560941e-06,2.1009855159420807,0.9999999995123674
400.0,1.218475796513094,3.0,7.532651033848277,0.27488785695095946,6.823974393881793,1.3765066494392548,1.3768188329582653,12.566433704227487,0.14106750337687146,1.0258718339560941e-06,2.1009855159420807,1.0000000001418368
400.0,1.218475796513094,3.5,9.048168475483209,0.35450068716011524,8.131724992206566,7.078674538932815,1.3768188329582653,14.660839321598736,0.14106750337687146,1.0258718339560941e-06,2.1009855159420807,0.9999999999361602
400.0,1.218475796513094,4.0,10.442727155590916,0.4167539397096695,9.289909054785284,8.20488400119986,1.3768188329582653,16.755244938969984,0.14106750337687146,1.0258718339560941e-06,2.1009855159420807,1.0000000000388591
400.0,1.218475796513094,4.5,11.933079093845507,0.4746925278602561,10.614942144394545,9.332231909905559,1.3768188329582653,18.849650556341228,0.14106750337687146,1.0258718339560941e-06,2.1009855159420807,1.0000000003721132
400.0,1.218475796513094,5.0,13.483778674621265,0.5277516239849622,11.78308041688479,9.372194143221899,1.3768188329582653,20.94405617371248,0.14106750337687146,1.0258718339560941e-06,2.1009855159420807,0.9999999997637624
400.0,1.218475796513094,5.5,14.935649679508074,0.5721641272150413,12.955418056629581,1.3803479278926047,1.3768188329582653,23.038461791083726,0.14106750337687146,1.0258718339560941e-06,2.1009855159420807,0.9999999996573701
400.0,1.218475796513094,6.0,16.458822921954095,0.6143387814207526,14.203394290423292,12.717438295762008,1.3768188329582653,25.132867408454974,0.14106750337687146,1.0258718339560941e-06,2.1009855159420807,0.9999999999906852
400.0,1.3467753774655815,0.0,0.9052223801397632,-0.6453047086932474,1.1122069699436647,1.264775452606556,1.245657183976787,0.0,0.1276288098336872,9.281428966664825e-07,1.900836652372956,1.00000000028744
400.0,1.3467753774655815,0.5,1.1690693948654032,-0.5342197000868893,1.2487925576889558,1.2763735498622213,1.245657183976787,2.3149363524274853,0.1276288098336872,9.281428966664825e-07,1.900836652372956,0.9999999958001263
400.0,1.3467753774655815,1.0,2.569603651557615,-0.19219385057098673,2.754319516558549,2.310191492937538,1.245657183976787,4.629872704854971,0.1276288098336872,9.281428966664825e-07,1.900836652372956,1.0000000016114379
400.0,1.3467753774655815,1.5,3.961642312444016,-0.004184729803455793,4.6238435325367835,3.337338587642826,1.245657183976787,6.944809057282457,0.1276288098336872,9.281428966664825e-07,1.900836652372956,0.9999999995536841
400.0,1.3467753774655815,2.0,5.353261864259229,0.12655849685673703,6.467311886106422,4.363146493366186,1.245657183976787,9.259745409709941,0.1276288098336872,9.281428966664825e-07,1.900836652372956,1.0000000007857115
400.0,1.3467753774655815,2.5,6.945757673663497,0.23965963607370505,7.653670544239818,1.2462646547974363,1.245657183976787,11.574681762137427,0.1276288098336872,9.281428966664825e-07,1.900836652372956,1.0000000007856278
400.0,1.3467753774655815,3.0,8.584618096386942,0.3316609881548798,9.477416758931167,6.414126916090298,1.245657183976787,13.889618114564914,0.1276288098336872,9.281428966664825e-07,1.900836652372956,0.9999999998191995
400.0,1.3467753774655815,3.5,10.25383301817571,0.40882624942656964,11.010357806275676,7.438582794950398,1.245657183976787,16.2045544669924,0.1276288098336872,9.281428966664825e-07,1.900836652372956,0.9999999999540857
400.0,1.3467753774655815,4.0,11.879454917513776,0.4727365224024904,12.785413122526036,8.463928478517293,1.245657183976787,18.519490819419882,0.1276288098336872,9.281428966664825e-07,1.900836652372956,1.0000000002026086
400.0,1.3467753774655815,4.5,13.505743608753617,0.5284585095455818,14.311728303923921,1.2488141140195712,1.245657183976787,20.83442717184737,0.1276288098336872,9.281428966664825e-07,1.900836652372956,1.0000000000605707
400.0,1.3467753774655815,5.0,15.178241629187363,0.5791614709447328,15.925858946995396,11.508415217485464,1.245657183976787,23.149363524274854,0.1276288098336872,9.281428966664825e-07,1.900836652372956,1.0000000000271942
400.0,1.3467753774655815,5.5,16.885563171627613,0.6254555585858135,17.57587354703414,12.53289767766254,1.245657183976787,25.46429987670234,0.1276288098336872,9.281428966664825e-07,1.900836652372956,1.000000000203819
400.0,1.3467753774655815,6.0,18.602279363018976,0.6675061708539918,19.033882261866648,1.2455639981226352,1.245657183976787,27.77923622912983,0.1276288098336872,9.281428966664825e-07,1.900836652372956,0.9999999999271679
400.0,1.4885842809008711,0.0,0.8189870256894154,-0.6887829695628127,1.2293169598052278,1.1442875351085533,1.1269905544936814,0.0,0.1154703436981231,8.397240358090555e-07,1.7197548253369457,1.00000000028744
400.0,1.4885842809008711,0.5,1.2279707848504617,-0.5128719568755526,1.4964351755214018,1.1700428331920898,1.1269905544936814,2.5586879023540954,0.1154703436981231,8.397240358090555e-07,1.7197548253369457,1.0000000016121182
400.0,1.4885842809008711,1.0,2.76576998080783,-0.16024393277078602,4.0982500295169295,3.0085726290556862,1.1269905544936814,5.117375804708191,0.1154703436981231,8.397240358090555e-07,1.7197548253369457,0.9999999997374283
400.0,1.4885842809008711,1.5,4.412958305871255,0.04266983287527313,6.432890123156331,3.9391237612341987,1.1269905544936814,7.676063707062287,0.1154703436981231,8.397240358090555e-07,1.7197548253369457,0.9999999993812403
400.0,1.4885842809008711,2.0,6.134115183602836,0.1856919353777567,8.305603365423938,1.1264868018533676,1.1269905544936814,10.234751609416382,0.1154703436981231,8.397240358090555e-07,1.7197548253369457,1.0000000000574762
400.0,1.4885842809008711,2.5,7.905823863448836,0.2958871429916183,10.668399358054469,5.808713902797247,1.1269905544936814,12.793439511770478,0.1154703436981231,8.397240358090555e-07,1.7197548253369457,0.9999999993675933
400.0,1.4885842809008711,3.0,9.7204193585513,0.38562501034482344,12.889951562663208,7.638287897461579,1.1269905544936814,15.352127414124574,0.1154703436981231,8.397240358090555e-07,1.7197548253369457,0.9999999998094382
400.0,1.4885842809008711,3.5,11.540748955004739,0.46017400262789987,14.924161350784122,1.127355399637012,1.1269905544936814,17.91081531647867,0.1154703436981231,8.397240358090555e-07,1.7197548253369457,0.9999999996402932
400.0,1.4885842809008711,4.0,13.401289375057361,0.5250865937184568,17.27973290969648,10.409262901155008,1.1269905544936814,20.469503218832763,0.1154703436981231,8.397240358090555e-07,1.7197548253369457,0.9999999999415334
400.0,1.4885842809008711,4.5,15.269867966667201,0.5817752905486443,19.416889691315095,11.338880770425344,1.1269905544936814,23.02819112118686,0.1154703436981231,8.397240358090555e-07,1.7197548253369457,0.9999999999744377
400.0,1.4885842809008711,5.0,17.143309983931395,0.632034686759369,21.4309878208807,1.127962957585289,1.1269905544936814,25.586879023540956,0.1154703436981231,8.397240358090555e-07,1.7197548253369457,0.9999999993253158
400.0,1.4885842809008711,5.5,19.030384573755963,0.6773875734473661,23.790996143416912,14.107518115147998,1.1269905544936814,28.145566925895046,0.1154703436981231,8.397240358090555e-07,1.7197548253369457,0.9999999995709662
400.0,1.4885842809008711,6.0,20.92686371497784,0.7186441546724666,26.010992106867658,15.039242738533133,1.1269905544936814,30.704254828249148,0.1154703436981231,8.397240358090555e-07,1.7197548253369457,1.0000000000202884
400.0,1.645324972836306,0.0,0.740966819826124,-0.732261230432378,1.3587580625765314,1.0352778118094395,1.0196286155257657,0.0,0.10447014503337763,7.597283336951837e-07,1.5559236274077362,1.00000000028744
400.0,1.645324972836306,0.5,1.4886185943705066,-0.4292765518554564,1.962052514337602,1.8821385678102545,1.0196286155257657,2.8281053061299146,0.10447014503337763,7.597283336951837e-07,1.5559236274077362,0.9999999981559209
400.0,1.645324972836306,1.0,3.218843635274863,-0.09436011125206849,5.624239351764701,2.7313175804331746,1.0196286155257657,5.656210612259829,0.10447014503337763,7.597283336951837e-07,1.5559236274077362,1.000000000057219
400.0,1.645324972836306,1.5,5.089882668881257,0.1046477798408713,8.709399972044535,4.3996949498306925,1.0196286155257657,8.484315918389745,0.10447014503337763,7.597283336951837e-07,1.5559236274077362,0.9999999987277681
400.0,1.645324972836306,2.0,6.99354287880003,0.24263725064258976,11.515565559430533,5.249102432888046,1.0196286155257657,11.312421224519658,0.10447014503337763,7.597283336951837e-07,1.5559236274077362,1.0000000003958007
400.0,1.645324972836306,2.5,8.948516615279297,0.34969105748604407,14.549967777323221,6.912651192034449,1.0196286155257657,14.140526530649572,0.10447014503337763,7.597283336951837e-07,1.5559236274077362,1.0000000002872682
400.0,1.645324972836306,3.0,10.990339343770701,0.43895111081817084,17.377061816423254,1.0219130134215142,1.0196286155257657,16.96863183677949,0.10447014503337763,7.597283336951837e-07,1.5559236274077362,0.999999999902738
400.0,1.645324972836306,3.5,13.08031373699456,0.5145581695266037,20.251035303036144,9.427818190134285,1.0196286155257657,19.796737142909404,0.10447014503337763,7.597283336951837e-07,1.5559236274077362,0.9999999998108008
400.0,1.645324972836306,4.0,15.149071835006122,0.5783260336368623,23.147360816099546,1.0191490543466613,1.0196286155257657,22.624842449039317,0.10447014503337763,7.597283336951837e-07,1.5559236274077362,1.0000000002255194
400.0,1.645324972836306,4.5,17.209002140588655,0.6336956972796622,26.28580686308612,12.763510006910035,1.0196286155257657,25.452947755169234,0.10447014503337763,7.597283336951837e-07,1.5559236274077362,1.0000000003028755
400.0,1.645324972836306,5.0,19.31953892731721,0.6839367661701812,29.245813759874896,13.611401010228896,1.0196286155257657,28.281053061299144,0.10447014503337763,7.597283336951837e-07,1.5559236274077362,1.000000000110579
400.0,1.645324972836306,5.5,21.44257276843416,0.7292169012645987,32.11383169540657,14.468294024836831,1.0196286155257657,31.10915836742906,0.10447014503337763,7.597283336951837e-07,1.5559236274077362,1.0000000000220035
400.0,1.645324972836306,6.0,23.526220644211087,0.7694921744713341,35.09124644013348,16.94716976626212,1.0196286155257657,33.93726367355898,0.10447014503337763,7.597283336951837e-07,1.5559236274077362,0.9999999997907331
400.0,1.8185696980492723,0.0,0.670379152369441,-0.7757394913019432,1.5018286845316469,0.9366528208517665,0.9224944339183623,0.0,0.09451787232770106,6.873533642075085e-07,1.4076996898969774,1.00000000028744
400.0,1.8185696980492723,0.5,1.75537778347464,-0.3576893938184009,3.144648249212625,0.8894532562055811,0.9224944339183623,3.125891053458114,0.09451787232770106,6.873533642075085e-07,1.4076996898969774,0.9999999984308007
400.0,1.8185696980492723,1.0,3.5935600659638864,-0.04653508288971086,7.807495518398745,3.2240968611263425,0.9224944339183623,6.251782106916228,0.09451787232770106,6.873533642075085e-07,1.4076996898969774,1.0000000013168482
400.0,1.8185696980492723,1.5,5.72726280805444,0.15588712080040265,11.439238206701125,0.9270559948734511,0.9224944339183623,9.377673160374343,0.09451787232770106,6.873533642075085e-07,1.4076996898969774,0.9999999998833001
400.0,1.8185696980492723,2.0,7.917126913028082,0.2965076154894815,15.651542783534458,6.25184582961492,0.9224944339183623,12.503564213832457,0.09451787232770106,6.873533642075085e-07,1.4076996898969774,1.0000000000092004
400.0,1.8185696980492723,2.5,10.169633024760188,0.40524529018896394,19.632389721245865,0.925890770725522,0.9224944339183623,15.62945526729057,0.09451787232770106,6.873533642075085e-07,1.4076996898969774,0.999999999754732
400.0,1.8185696980492723,3.0,12.433051252933986,0.4925177326229461,23.58978078375399,9.280702717783216,0.9224944339183623,18.755346320748686,0.09451787232770106,6.873533642075085e-07,1.4076996898969774,0.9999999999772067
400.0,1.8185696980492723,3.5,14.753725016413886,0.5668416933815624,27.57533114752958,0.9263273201443436,0.9224944339183623,21.8812373742068,0.09451787232770106,6.873533642075085e-07,1.4076996898969774,0.9999999995820089
400.0,1.8185696980492723,4.0,17.038687105127057,0.629376136370005,31.613044278229204,12.309318730889663,0.9224944339183623,25.007128427664913,0.09451787232770106,6.873533642075085e-07,1.4076996898969774,0.9999999999925101
400.0,1.8185696980492723,4.5,19.390067216026488,0.6855193232432032,35.478152769791436,13.089608145184801,0.9224944339183623,28.13301948112303,0.09451787232770106,6.873533642075085e-07,1.4076996898969774,0.9999999999865875
400.0,1.8185696980492723,5.0,21.678855392879345,0.7339763571251421,39.54135763891187,15.336493438051917,0.9224944339183623,31.25891053458114,0.09451787232770106,6.873533642075085e-07,1.4076996898969774,0.9999999999666532
400.0,1.8185696980492723,5.5,24.028930226442974,0.7786744450150752,43.45375754341297,16.851276115686627,0.9224944339183623,34.38480158803926,0.09451787232770106,6.873533642075085e-07,1.4076996898969774,1.0000000000143694
400.0,1.8185696980492723,6.0,26.320555020132996,0.8182350516549762,47.414105725656405,18.364299072580184,0.9224944339183623,37.51069264149737,0.09451787232770106,6.873533642075085e-07,1.4076996898969774,0.9999999997092485
400.0,2.0100562510528768,0.0,0.6065159679309645,-0.8192177521715084,1.659963947816514,0.8474232682300128,0.8346136697738211,0.0,0.08551369567354725,6.218731437715956e-07,1.2735961984442277,1.00000000028744
400.0,2.0100562510528768,0.5,1.8955281065747478,-0.32432976287159204,4.818792715262756,1.5566634493953753,0.8346136697738211,3.4550321930765544,0.08551369567354725,6.218731437715956e-07,1.2735961984442277,0.9999999990762738
400.0,2.0100562510528768,1.0,4.144033782284177,0.015363295804919585,10.605876086772788,3.6011207100973377,0.8346136697738211,6.910064386153109,0.08551369567354725,6.218731437715956e-07,1.2735961984442277,1.000000000078214
400.0,2.0100562510528768,1.5,6.486972416310741,0.20998205991357846,15.611700644352089,4.9758751052207835,0.8346136697738211,10.365096579229663,0.08551369567354725,6.218731437715956e-07,1.2735961984442277,1.000000000393831
400.0,2.0100562510528768,2.0,8.943639394750639,0.3494542889251286,21.09921015289307,0.8362729641643103,0.8346136697738211,13.820128772306218,0.08551369567354725,6.218731437715956e-07,1.2735961984442277,1.0000000002944252
400.0,2.0100562510528768,2.5,11.462744348329876,0.45722861519092317,26.585692542173128,8.399070683652543,0.8346136697738211,17.275160965382774,0.08551369567354725,6.218731437715956e-07,1.2735961984442277,1.0000000004902647
400.0,2.0100562510528768,3.0,14.01043990415422,0.5443917802852513,31.969854775858423,10.446950293143361,0.8346136697738211,20.730193158459326,0.08551369567354725,6.218731437715956e-07,1.2735961984442277,1.0000000000734646
400.0,2.0100562510528768,3.5,16.583363696880838,0.6176126342125552,37.061084802432966,0.834878927119749,0.8346136697738211,24.185225351535884,0.08551369567354725,6.218731437715956e-07,1.2735961984442277,1.0000000001931155
400.0,2.0100562510528768,4.0,19.160846850863408,0.6803547083273721,42.62177759219403,13.198339903421866,0.8346136697738211,27.640257544612435,0.08551369567354725,6.218731437715956e-07,1.2735961984442277,0.999999999954368
400.0,2.0100562510528768,4.5,21.73038916453883,0.7350075127421415,48.007372581725456,15.245834427299393,0.8346136697738211,31.09528973768899,0.08551369567354725,6.218731437715956e-07,1.2735961984442277,1.0000000000561298
400.0,2.0100562510528768,5.0,24.283432007540824,0.7832500747904398,53.269817985654086,16.62134744423457,0.8346136697738211,34.55032193076555,0.08551369567354725,6.218731437715956e-07,1.2735961984442277,0.9999999997148596
400.0,2.0100562510528768,5.5,26.80160484935808,0.826100808534893,58.58228251659279,18.673484061322554,0.8346136697738211,38.0053541238421,0.08551369567354725,6.218731437715956e-07,1.2735961984442277,0.9999999999979883
400.0,2.0100562510528768,6.0,29.283297888736602,0.8645599941125874,63.95511046772739,0.8361955665188757,0.8346136697738211,41.46038631691865,0.08551369567354725,6.218731437715956e-07,1.2735961984442277,0.999999999892286
400.0,2.2217054076787313,0.0,0.5487366635060706,-0.8626960130410736,1.8347500859659618,0.7666941043156117,0.7551048029791905,0.0,0.07736729538721214,5.626308491124471e-07,1.1522679789822916,1.00000000028744
400.0,2.2217054076787313,0.5,2.082036345856759,-0.2835716846610085,6.987636216046343,2.018470703069845,0.7551048029791905,3.818830295441498,0.07736729538721214,5.626308491124471e-07,1.1522679789822916,0.9999999994615917
400.0,2.2217054076787313,1.0,4.658546961756448,0.06619048654333069,13.88790632141616,0.7584666713147513,0.7551048029791905,7.637660590882996,0.07736729538721214,5.626308491124471e-07,1.1522679789822916,1.0000000001189138
400.0,2.2217054076787313,1.5,7.373726664769516,0.2656270434633635,21.4413299797376,5.138688945863455,0.7551048029791905,11.456490886324493,0.07736729538721214,5.626308491124471e-07,1.1522679789822916,1.000000000295161
400.0,2.2217054076787313,2.0,10.123022604117494,0.40325021527581806,28.657136240471786,7.596151397149966,0.7551048029791905,15.275321181765992,0.07736729538721214,5.626308491124471e-07,1.1522679789822916,0.9999999998191426
400.0,2.2217054076787313,2.5,12.928207146036698,0.5094783107705527,35.89582874144697,9.453773801248689,0.7551048029791905,19.094151477207493,0.07736729538721214,5.626308491124471e-07,1.1522679789822916,1.0000000002203568
400.0,2.2217054076787313,3.0,15.781906516991414,0.5960994752130426,43.10416239575502,6.3454562481709065,0.7551048029791905,22.912981772648987,0.07736729538721214,5.626308491124471e-07,1.1522679789822916,0.9999999999552183
400.0,2.2217054076787313,3.5,18.61158435400813,0.66772335369508,50.25468959659517,0.755139524584564,0.7551048029791905,26.731812068090488,0.07736729538721214,5.626308491124471e-07,1.1522679789822916,0.9999999999090544
400.0,2.2217054076787313,4.0,21.4258056890014,0.7288771706422313,57.63572591415914,15.030764787037489,0.7551048029791905,30.550642363531985,0.07736729538721214,5.626308491124471e-07,1.1522679789822916,0.9999999998482118
400.0,2.2217054076787313,4.5,24.23701888228675,0.7824192098679547,64.72193932732017,16.89444090210071,0.7551048029791905,34.36947265897348,0.07736729538721214,5.626308491124471e-07,1.1522679789822916,0.9999999999750647
400.0,2.2217054076787313,5.0,26.979459160949883,0.8289732480861542,72.05817585241067,18.75777653841343,0.7551048029791905,38.188302954414986,0.07736729538721214,5.626308491124471e-07,1.1522679789822916,1.0000000000948222
400.0,2.2217054076787313,5.5,29.63924528537262,0.8698071495255127,79.12118319612563,0.7560224970905678,0.7551048029791905,42.00713324985648,0.07736729538721214,5.626308491124471e-07,1.1522679789822916,0.9999999999872778
400.0,2.2217054076787313,6.0,32.21471729895271,0.905994333209173,86.48880959975462,23.08592730225951,0.7551048029791905,45.825963545297974,0.07736729538721214,5.626308491124471e-07,1.1522679789822916,0.9999999999934728
400.0,2.455640192120709,0.0,0.4964616626714237,-0.9061742739106389,2.027940355198728,0.6936555457346357,0.6831702907966518,0.0,0.06999695602424712,5.090322287486633e-07,1.0424980044772625,1.00000000028744
400.0,2.455640192120709,0.5,2.439612156479698,-0.21473920256667245,9.363298010681122,1.8425639447061575,0.6831702907966518,4.220934570336338,0.06999695602424712,5.090322287486633e-07,1.0424980044772625,1.0000000007534897
400.0,2.455640192120709,1.0,5.27800991008817,0.12041020999611528,18.982316755834212,4.072507511680132,0.6831702907966518,8.441869140672676,0.06999695602424712,5.090322287486633e-07,1.0424980044772625,0.9999999994367625
400.0,2.455640192120709,1.5,8.300841337302051,0.3170621214854603,28.977845430401214,6.31147530421709,0.6831702907966518,12.662803711009014,0.06999695602424712,5.090322287486633e-07,1.0424980044772625,0.9999999995260984
400.0,2.455640192120709,2.0,11.411329989640802,0.4552762730289591,38.87890527142154,8.001806244128808,0.6831702907966518,16.88373828134535,0.06999695602424712,5.090322287486633e-07,1.0424980044772625,1.000000000035443
400.0,2.455640192120709,2.5,14.554242547835148,0.5609296168765904,48.57395318929324,10.23876682775745,0.6831702907966518,21.10467285168169,0.06999695602424712,5.090322287486633e-07,1.0424980044772625,0.9999999999292166
400.0,2.455640192120709,3.0,17.696260494773117,0.6458215113012677,58.34324035090527,12.478408446167032,0.6831702907966518,25.325607422018027,0.06999695602424712,5.090322287486633e-07,1.0424980044772625,0.9999999997529272
400.0,2.455640192120709,3.5,20.797210424827092,0.7159450946756074,68.07241247814001,0.6846563173266051,0.6831702907966518,29.546541992354367,0.06999695602424712,5.090322287486633e-07,1.0424980044772625,1.000000000223237
400.0,2.455640192120709,4.0,23.840993130108124,0.7752643512646582,77.69005435758399,0.6842348411962796,0.6831702907966518,33.7674765626907,0.06999695602424712,5.090322287486633e-07,1.0424980044772625,1.0000000001331304
400.0,2.455640192120709,4.5,26.804187955599396,0.8261426632945726,87.41162550566204,0.6839807463378882,0.6831702907966518,37.98841113302704,0.06999695602424712,5.090322287486633e-07,1.0424980044772625,0.9999999999747318
400.0,2.455640192120709,5.0,29.66228046623234,0.8701445456485766,97.18108555567144,0.6836634425167083,0.6831702907966518,42.20934570336338,0.06999695602424712,5.090322287486633e-07,1.0424980044772625,1.000000000030242
400.0,2.455640192120709,5.5,32.40762647915921,0.9085872333250175,106.92689083608226,0.6828878783623729,0.6831702907966518,46.43028027369972,0.06999695602424712,5.090322287486633e-07,1.0424980044772625,1.0000000000483376
400.0,2.455640192120709,6.0,35.2236459943257,0.9447743163868648,116.74127116847716,25.40707309101741,0.6831702907966518,50.651214844036055,0.06999695602424712,5.090322287486633e-07,1.0424980044772625,0.9999999999854635
400.0,2.714207172704789,0.0,0.449166601931908,-0.949652534780204,2.241472621094532,0.6275749525398012,0.6180885678196963,0.0,0.06332874670283775,4.6053964213584237e-07,0.9431851870942052,1.00000000028744
400.0,2.714207172704789,0.5,2.7122317979287627,-0.1687331880431537,13.246357629673334,2.1662878777123877,0.6180885678196963,4.6653784716036055,0.06332874670283775,4.6053964213584237e-07,0.9431851870942052,1.0000000002930776
400.0,2.714207172704789,1.0,6.002268017463637,0.1762553926143734,26.093186784907246,4.2042928332363845,0.6180885678196963,9.330756943207211,0.06332874670283775,4.6053964213584237e-07,0.9431851870942052,1.0000000000646148
400.0,2.714207172704789,1.5,9.37635438869524,0.3699740222507226,38.96500754130605,0.6185521074161993,0.6180885678196963,13.996135414810816,0.06332874670283775,4.6053964213584237e-07,0.9431851870942052,1.000000000543811
400.0,2.714207172704789,2.0,12.844374571301064,0.5066529707702655,52.36291352709081,0.6197864757082008,0.6180885678196963,18.661513886414422,0.06332874670283775,4.6053964213584237e-07,0.9431851870942052,0.9999999998834579
400.0,2.714207172704789,2.5,16.301920959984955,0.6101787917978513,65.62599163761828,11.293432296570096,0.6180885678196963,23.326892358018025,0.06332874670283775,4.6053964213584237e-07,0.9431851870942052,1.0000000000872138
400.0,2.714207172704789,3.0,19.734225042281974,0.6931600851107484,78.69053938956715,13.827779926251086,0.6180885678196963,27.99227082962163,0.06332874670283775,4.6053964213584237e-07,0.9431851870942052,1.0000000000779472
400.0,2.714207172704789,3.5,23.07138850929022,0.7610137411981838,91.95075038760083,15.86028349855113,0.6180885678196963,32.657649301225234,0.06332874670283775,4.6053964213584237e-07,0.9431851870942052,0.9999999999835582
400.0,2.714207172704789,4.0,26.245848094702023,0.8170006195692341,105.15876313781202,18.895591312862905,0.6180885678196963,37.323027772828844,0.06332874670283775,4.6053964213584237e-07,0.9431851870942052,1.0000000000094602
400.0,2.714207172704789,4.5,29.307482416769943,0.8649185217721973,118.13696261494006,0.6177143433358423,0.6180885678196963,41.98840624443245,0.06332874670283775,4.6053964213584237e-07,0.9431851870942052,0.999999999932832
400.0,2.714207172704789,5.0,32.43243601804893,0.9089195786667464,131.27775246971925,0.619116444580649,0.6180885678196963,46.65378471603605,0.06332874670283775,4.6053964213584237e-07,0.9431851870942052,1.0000000000353817
400.0,2.714207172704789,5.5,35.68444756487853,0.9504189864531744,144.59031693140193,25.534367543018924,0.6180885678196963,51.31916318763966,0.06332874670283775,4.6053964213584237e-07,0.9431851870942052,0.9999999998702463
400.0,2.714207172704789,6.0,39.02210504285597,0.9892507023270934,157.7015191626381,28.067055140967607,0.6180885678196963,55.98454165924326,0.06332874670283775,4.6053964213584237e-07,0.9431851870942052,0.9999999999423649
400.0,3.0000000000000004,0.0,0.40637707090100705,-0.9931307956497694,2.477488797062795,0.5677894791977985,0.5592068080476834,0.0,0.05729577951308232,4.1666666666666667e-07,0.8533333333333333,1.00000000028744
400.0,3.0000000000000004,0.5,3.0918695554781808,-0.11183882837502904,16.938451329679783,0.5593152801567591,0.5592068080476834,5.156620156177411,0.05729577951308232,4.1666666666666667e-07,0.8533333333333333,0.9999999992678487
400.0,3.0000000000000004,1.0,6.758128572787284,0.2277664586029063,35.260772629393315,5.16591031645558,0.5592068080476834,10.313240312354822,0.05729577951308232,4.1666666666666667e-07,0.8533333333333333,0.9999999996036621
400.0,3.0000000000000004,1.5,10.563167858470731,0.42173418985621847,53.20089421978167,7.4646104573718635,0.5592068080476834,15.469860468532232,0.05729577951308232,4.1666666666666667e-07,0.8533333333333333,1.0000000000977396
400.0,3.0000000000000004,2.0,14.407538336045796,0.5565297925118271,70.8967450902724,0.5609711008598234,0.5592068080476834,20.626480624709643,0.05729577951308232,4.1666666666666667e-07,0.8533333333333333,1.000000000009467
400.0,3.0000000000000004,2.5,18.190030646727557,0.6577734394393944,88.59652100645636,12.514610112902616,0.5592068080476834,25.78310078088705,0.05729577951308232,4.1666666666666667e-07,0.8533333333333333,1.000000000073742
400.0,3.0000000000000004,3.0,21.838368986996453,0.7371602083458493,106.24827044875668,0.5596600228401188,0.5592068080476834,30.939720937064465,0.05729577951308232,4.1666666666666667e-07,0.8533333333333333,0.9999999998140419
400.0,3.0000000000000004,3.5,25.28866102044859,0.8008658436777643,124.1237776487665,18.027856588429927,0.5592068080476834,36.09634109324187,0.05729577951308232,4.1666666666666667e-07,0.8533333333333333,0.9999999999469491
400.0,3.0000000000000004,4.0,28.698157423145496,0.8557940222475247,141.9767193863276,20.78571971775471,0.5592068080476834,41.252961249419286,0.05729577951308232,4.1666666666666667e-07,0.8533333333333333,0.9999999999196532
400.0,3.0000000000000004,4.5,32.27078528912242,0.9067495424857026,159.74230273189502,23.10045804053743,0.5592068080476834,46.40958140559669,0.05729577951308232,4.1666666666666667e-07,0.8533333333333333,1.0000000000814608
400.0,3.0000000000000004,5.0,35.96908573224081,0.9538694076668335,177.45526120088996,26.296752500871907,0.5592068080476834,51.5662015617741,0.05729577951308232,4.1666666666666667e-07,0.8533333333333333,0.9999999999966852
400.0,3.0000000000000004,5.5,39.73117500160854,0.997071417653125,195.1324550452359,0.5603017004572116,0.5592068080476834,56.72282171795151,0.05729577951308232,4.1666666666666667e-07,0.8533333333333333,1.0000000000007456
400.0,3.0000000000000004,6.0,43.50993867425821,1.0365284798422534,212.9510579437888,31.347195268319584,0.5592068080476834,61.87944187412893,0.05729577951308232,4.1666666666666667e-07,0.8533333333333333,1.0000000000263634
