wavelength_nm,diameter_mm,myopia_d,d50_arcmin,log_mar,mtf50_cpd,first_dark_ring_arcmin,theory_airy_radius_arcmin,theory_geometric_diameter_arcmin,angular_pixel_arcmin,retinal_pixel_m,retinal_window_mm,psf_total
550.0,0.3,0.0,5.587684724888848,0.14517190251651219,0.1801810034227487,7.807105338969731,7.6890936106556484,0.0,0.787816968304882,5.729166666666668e-06,11.733333333333334,1.00000000028744
550.0,0.3,0.5,5.5895789540651135,0.14531910371176304,0.18020305299256723,7.807157414511007,7.6890936106556484,0.5156620156177409,0.787816968304882,5.729166666666668e-06,11.733333333333334,0.999999999941042
550.0,0.3,1.0,5.595265794056446,0.14576073048372856,0.18026932333274295,7.807314217964549,7.6890936106556484,1.0313240312354819,0.787816968304882,5.729166666666668e-06,11.733333333333334,0.9999999934510871
550.0,0.3,1.5,5.604758169604511,0.14649688735645108,0.18038003331870253,7.80757665319598,7.6890936106556484,1.5469860468532226,0.787816968304882,5.729166666666668e-06,11.733333333333334,0.9999999990635562
550.0,0.3,2.0,5.61807802300086,0.14752777499424324,0.18053564859070662,7.807946616676122,7.6890936106556484,2.0626480624709638,0.787816968304882,5.729166666666668e-06,11.733333333333334,1.0000000045442283
550.0,0.3,2.5,5.635255879247315,0.1488536494485093,0.18073674314057347,7.8084267659210544,7.6890936106556484,2.578310078088705,0.787816968304882,5.729166666666668e-06,11.733333333333334,1.0000000006267742
550.0,0.3,3.0,5.656331308952527,0.1504748481871695,0.18098413141748834,7.8090204241702965,7.6890936106556484,3.093972093706445,0.787816968304882,5.729166666666668e-06,11.733333333333334,1.0000000025129847
550.0,0.3,3.5,5.681353249440638,0.15239180191220528,0.18127876232239853,7.809732049288661,7.6890936106556484,3.609634109324187,0.787816968304882,5.729166666666668e-06,11.733333333333334,1.0000000023619664
550.0,0.3,4.0,5.7103796205486,0.15460498935733383,0.18162183583440844,7.810566629565285,7.6890936106556484,4.1252961249419275,0.787816968304882,5.729166666666668e-06,11.733333333333334,1.0000000004468745
550.0,0.3,4.5,5.7434781013733565,0.1571149782086278,0.18201471297558092,7.811530662451925,7.6890936106556484,4.640958140559668,0.787816968304882,5.729166666666668e-06,11.733333333333334,0.999999992258365
550.0,0.3,5.0,5.780726517546596,0.15992243234054898,0.1824589901028234,7.812631518427799,7.6890936106556484,5.15662015617741,0.787816968304882,5.729166666666668e-06,11.733333333333334,1.000000002229133
550.0,0.3,5.5,5.822212994806615,0.16302809791930764,0.18295647495926765,7.8138786174326365,7.6890936106556484,5.672282171795151,0.787816968304882,5.729166666666668e-06,11.733333333333334,1.0000000008630403
550.0,0.3,6.0,5.868036204803768,0.16643279337600062,0.18350926635824474,7.815281826439041,7.6890936106556484,6.18794418741289,0.787816968304882,5.729166666666668e-06,11.733333333333334,1.0000000007062044
550.0,0.3315885423378064,0.0,5.055377986368767,0.10169364164694708,0.19915318760637518,7.063367103031168,6.95659767654671,0.0,0.7127661553838842,5.183381753429286e-06,10.615565831023178,1.00000000028744
550.0,0.3315885423378064,0.5,5.057935926010706,0.10191333206788118,0.1991895761484645,7.063437507585,6.95659767654671,0.5699587203255395,0.7127661553838842,5.183381753429286e-06,10.615565831023178,0.9999999977631749
550.0,0.3315885423378064,1.0,5.065618584027339,0.10257249513559295,0.19929896679876294,7.0636494710426065,6.95659767654671,1.139917440651079,0.7127661553838842,5.183381753429286e-06,10.615565831023178,1.0000000044589652
550.0,0.3315885423378064,1.5,5.078451955520133,0.1036713568549117,0.1994819971176342,7.064005212729484,6.95659767654671,1.7098761609766187,0.7127661553838842,5.183381753429286e-06,10.615565831023178,1.0000000008478394
550.0,0.3315885423378064,2.0,5.096480282656294,0.10521035701793202,0.19973971819823608,7.064508300966716,6.95659767654671,2.279834881302158,0.7127661553838842,5.183381753429286e-06,10.615565831023178,1.0000000018585193
550.0,0.3315885423378064,2.5,5.119765471708386,0.10719007576588498,0.20007363762122346,7.065164307211463,6.95659767654671,2.8497936016276983,0.7127661553838842,5.183381753429286e-06,10.615565831023178,0.999999997377407
550.0,0.3315885423378064,3.0,5.148387722823579,0.10961125466314654,0.20048570997752305,7.0659801761840315,6.95659767654671,3.4197523219532373,0.7127661553838842,5.183381753429286e-06,10.615565831023178,1.0000000002636125
550.0,0.3315885423378064,3.5,5.182446615431647,0.11247484577795207,0.20097840671355047,7.066964913744005,6.95659767654671,3.9897110422787776,0.7127661553838842,5.183381753429286e-06,10.615565831023178,0.999999995480766
550.0,0.3315885423378064,4.0,5.222061079995376,0.11578195592721498,0.20155468489831457,7.06812999853438,6.95659767654671,4.559669762604316,0.7127661553838842,5.183381753429286e-06,10.615565831023178,0.999999997539017
550.0,0.3315885423378064,4.5,5.267370398782428,0.11953386746834663,0.20221805715216365,7.069489140781835,6.95659767654671,5.1296284829298555,0.7127661553838842,5.183381753429286e-06,10.615565831023178,1.0000000020405735
550.0,0.3315885423378064,5.0,5.318535863513132,0.12373210075794941,0.2029726526452892,7.071059421532008,6.95659767654671,5.699587203255397,0.7127661553838842,5.183381753429286e-06,10.615565831023178,1.0000000080478566
550.0,0.3315885423378064,5.5,5.375740469373707,0.12837830230418684,0.20382318675432545,7.072861350493546,6.95659767654671,6.269545923580935,0.7127661553838842,5.183381753429286e-06,10.615565831023178,0.9999999980085386
550.0,0.3315885423378064,6.0,5.439191682922568,0.13347437275815477,0.20477517465804856,7.0749190699134115,6.95659767654671,6.839504643906475,0.7127661553838842,5.183381753429286e-06,10.615565831023178,1.0000000004357736
550.0,0.3665032046990376,0.0,4.573781063778667,0.05821538077738186,0.22012305060108553,6.39048055149808,6.293882437101516,0.0,0.6448650038013849,4.6895906446749645e-06,9.604281640294326,1.00000000028744
550.0,0.3665032046990376,0.5,4.5772355313380295,0.05854326921570227,0.22018309087344085,6.390575695082899,6.293882437101516,0.6299726042182241,0.6448650038013849,4.6895906446749645e-06,9.604281640294326,1.0000000066941004
550.0,0.3665032046990376,1.0,4.587616746019639,0.05952713803179571,0.2203637805638577,6.390862457845348,6.293882437101516,1.2599452084364482,0.6448650038013849,4.6895906446749645e-06,9.604281640294326,1.000000003475458
550.0,0.3665032046990376,1.5,4.604977574599257,0.061167528275152615,0.22066662889641664,6.391345495512397,6.293882437101516,1.8899178126546725,0.6448650038013849,4.6895906446749645e-06,9.604281640294326,0.9999999997495121
550.0,0.3665032046990376,2.0,4.629406886579257,0.06346536202566103,0.22109431072176652,6.392032197820767,6.293882437101516,2.5198904168728964,0.6448650038013849,4.6895906446749645e-06,9.604281640294326,1.0000000029919853
550.0,0.3665032046990376,2.5,4.661030690857439,0.06642197125408647,0.2216505472305642,6.392933694166939,6.293882437101516,3.1498630210911203,0.6448650038013849,4.6895906446749645e-06,9.604281640294326,1.0000000043337125
550.0,0.3665032046990376,3.0,4.700012755201581,0.07003904522608392,0.22234029833763921,6.394064960795917,6.293882437101516,3.779835625309345,0.6448650038013849,4.6895906446749645e-06,9.604281640294326,1.000000001429734
550.0,0.3665032046990376,3.5,4.746556888549215,0.07431869902948453,0.22316979620301194,6.395445582687722,6.293882437101516,4.409808229527569,0.6448650038013849,4.6895906446749645e-06,9.604281640294326,0.9999999934353792
550.0,0.3665032046990376,4.0,4.800908201706025,0.07926341056420423,0.2241466111693145,6.397100503984055,6.293882437101516,5.039780833745793,0.6448650038013849,4.6895906446749645e-06,9.604281640294326,1.0000000037372134
550.0,0.3665032046990376,4.5,4.863357136830164,0.08487617148709299,0.22527989956620048,6.39906171588986,6.293882437101516,5.669753437964016,0.6448650038013849,4.6895906446749645e-06,9.604281640294326,1.0000000021144733
550.0,0.3665032046990376,5.0,4.934240692942923,0.09116033928732142,0.22658053665917893,6.401368984019284,6.293882437101516,6.2997260421822405,0.6448650038013849,4.6895906446749645e-06,9.604281640294326,0.9999999984298156
550.0,0.3665032046990376,5.5,5.01394763369029,0.09811980249086348,0.22806129145643794,6.404073508772239,6.293882437101516,6.929698646400464,0.6448650038013849,4.6895906446749645e-06,9.604281640294326,1.0000000025015792
550.0,0.3665032046990376,6.0,5.102921625851756,0.10575890686484317,0.22973710255497073,6.407239804331389,6.293882437101516,7.55967125061869,0.6448650038013849,4.6895906446749645e-06,9.604281640294326,0.9999999998939353
550.0,0.4050942113609619,0.0,4.1380631232297995,0.014737119907816626,0.2433009382792172,5.78169604996885,5.694300284980544,0.0,0.5834324062480067,4.242840188275355e-06,8.689336705587927,1.00000000028744
550.0,0.4050942113609619,0.5,4.142728766339762,0.015226508676094553,0.24340003893726306,5.781824524242699,5.694300284980544,0.6963056584849092,0.5834324062480067,4.242840188275355e-06,8.689336705587927,1.0000000022406776
550.0,0.4050942113609619,1.0,4.156761290949486,0.01669509379887427,0.2436986117353282,5.782213107871654,5.694300284980544,1.3926113169698184,0.5834324062480067,4.242840188275355e-06,8.689336705587927,1.000000000131463
550.0,0.4050942113609619,1.5,4.180267594324848,0.019144092126241203,0.2442005167134635,5.782870648321062,5.694300284980544,2.088916975454728,0.5834324062480067,4.242840188275355e-06,8.689336705587927,0.9999999978119384
550.0,0.4050942113609619,2.0,4.213428349658914,0.022575621712176343,0.24491231755111317,5.783812940231257,5.694300284980544,2.785222633939637,0.5834324062480067,4.242840188275355e-06,8.689336705587927,0.9999999958825657
550.0,0.4050942113609619,2.5,4.256499442336386,0.026992589501509234,0.24584343053741223,5.785063179969268,5.694300284980544,3.4815282924245463,0.5834324062480067,4.242840188275355e-06,8.689336705587927,1.000000001737161
550.0,0.4050942113609619,3.0,4.3098169817255325,0.03239883671807718,0.2470063692602648,5.786653508778577,5.694300284980544,4.177833950909456,0.5834324062480067,4.242840188275355e-06,8.689336705587927,1.0000000005518135
550.0,0.4050942113609619,3.5,4.373801972120376,0.03879912473939124,0.2484171837080909,5.788627955125336,5.694300284980544,4.874139609394366,0.5834324062480067,4.242840188275355e-06,8.689336705587927,0.9999999968618473
550.0,0.4050942113609619,4.0,4.448966857705967,0.04619917918316867,0.25009574144097896,5.791044506640321,5.694300284980544,5.570445267879274,0.5834324062480067,4.242840188275355e-06,8.689336705587927,1.0000000041108164
550.0,0.4050942113609619,4.5,4.535923784690776,0.054605757342092116,0.2520664872901104,5.7939811657376525,5.694300284980544,6.266750926364184,0.5834324062480067,4.242840188275355e-06,8.689336705587927,0.9999999992590962
550.0,0.4050942113609619,5.0,4.635394441579453,0.06402670432898702,0.25435907925750795,5.797541808480454,5.694300284980544,6.963056584849093,0.5834324062480067,4.242840188275355e-06,8.689336705587927,1.0000000000811178
550.0,0.4050942113609619,5.5,4.744066457261655,0.07409077288571883,0.2570093108136243,5.8018686434649345,5.694300284980544,7.6593622433340025,0.5834324062480067,4.242840188275355e-06,8.689336705587927,0.9999999982070837
550.0,0.4050942113609619,6.0,4.864041311301842,0.08493726350461102,0.2600602971551449,5.807157637145136,5.694300284980544,8.355667901818912,0.5834324062480067,4.242840188275355e-06,8.689336705587927,1.0000000012869061
550.0,0.4477486635155488,0.0,3.743853536725167,-0.02874114096174869,0.26891934491142083,5.230906963074798,5.15183689234304,0.0,0.5278521406089179,3.838649090552369e-06,7.861553337451251,1.00000000028744
550.0,0.4477486635155488,0.5,3.7501555963399618,-0.028010704072250706,0.26908291154467195,5.231080636859927,5.15183689234304,0.7696232610619252,0.5278521406089179,3.838649090552369e-06,7.861553337451251,1.0000000029280867
550.0,0.4477486635155488,1.0,3.7691334932483134,-0.025818471985433456,0.2695767607390041,5.2316078039970275,5.15183689234304,1.5392465221238505,0.5278521406089179,3.838649090552369e-06,7.861553337451251,1.000000000471962
550.0,0.4477486635155488,1.5,3.80100382321725,-0.022161684892098875,0.2704104552754647,5.232506779856064,5.15183689234304,2.308869783185776,0.5278521406089179,3.838649090552369e-06,7.861553337451251,0.9999999983489455
550.0,0.4477486635155488,2.0,3.846133108211387,-0.017035680962327097,0.2716003811826537,5.233810309296387,5.15183689234304,3.078493044247701,0.5278521406089179,3.838649090552369e-06,7.861553337451251,0.9999999997639746
550.0,0.4477486635155488,2.5,3.905045932997208,-0.010433844707497898,0.27317038180024283,5.235568233332579,5.15183689234304,3.848116305309626,0.5278521406089179,3.838649090552369e-06,7.861553337451251,0.9999999968458595
550.0,0.4477486635155488,3.0,3.9784371619341385,-0.0023474884107624774,0.2751527274522286,5.237852877699092,5.15183689234304,4.617739566371552,0.5278521406089179,3.838649090552369e-06,7.861553337451251,0.9999999989872432
550.0,0.4477486635155488,3.5,4.067187840403986,0.007234239145739073,0.2775895616682057,5.2407672345634,5.15183689234304,5.387362827433476,0.5278521406089179,3.838649090552369e-06,7.861553337451251,0.9999999990014455
550.0,0.4477486635155488,4.0,4.17238616125592,0.018324504960931288,0.2805345988921124,5.244457850851169,5.15183689234304,6.156986088495402,0.5278521406089179,3.838649090552369e-06,7.861553337451251,1.0000000008667103
550.0,0.4477486635155488,4.5,4.291623284510339,0.030561601593448853,0.28405574102572945,5.249136469162612,5.15183689234304,6.926609349557327,0.5278521406089179,3.838649090552369e-06,7.861553337451251,1.0000000032010234
550.0,0.4477486635155488,5.0,4.425806239875548,0.04393240543118457,0.28823817455683653,5.2551177323356315,5.15183689234304,7.696232610619252,0.5278521406089179,3.838649090552369e-06,7.861553337451251,0.9999999990229936
550.0,0.4477486635155488,5.5,4.578716394419723,0.05868375284332644,0.2931886232541347,5.262883589989741,5.15183689234304,8.465855871681176,0.5278521406089179,3.838649090552369e-06,7.861553337451251,0.9999999996004805
550.0,0.4477486635155488,6.0,4.7519403224902,0.07481098656774565,0.29904087817154584,5.273208640302836,5.15183689234304,9.235479132743103,0.5278521406089179,3.838649090552369e-06,7.861553337451251,0.99999999856119
550.0,0.4492873987401234,0.0,3.731031455961805,-0.030231080777337858,0.2698435144339735,5.21299196963602,5.134192700852825,0.0,0.5260443341037732,3.825502350654973e-06,7.834628814141384,1.00000000028744
550.0,0.4492873987401234,0.5,3.737398851199006,-0.029490543563517824,0.27000990717611817,5.213167473692713,5.134192700852825,0.7722681520866125,0.5260443341037732,3.825502350654973e-06,7.834628814141384,1.0000000022971773
550.0,0.4492873987401234,1.0,3.7565742803270483,-0.027268010579389962,0.27051235964409426,5.213700144923087,5.134192700852825,1.544536304173225,0.5260443341037732,3.825502350654973e-06,7.834628814141384,0.9999999960507798
550.0,0.4492873987401234,1.5,3.7887797144177937,-0.02356063587981228,0.27136072825089136,5.2146089761393855,5.134192700852825,2.3168044562598373,0.5260443341037732,3.825502350654973e-06,7.834628814141384,1.0000000059716971
550.0,0.4492873987401234,2.0,3.8343908802766604,-0.018363608269912356,0.2725719141649419,5.215927319579392,5.134192700852825,3.08907260834645,0.5260443341037732,3.825502350654973e-06,7.834628814141384,0.9999999998317264
550.0,0.4492873987401234,2.5,3.893945387201354,-0.011670135105278708,0.27417053918889395,5.217706431418728,5.134192700852825,3.861340760433062,0.5260443341037732,3.825502350654973e-06,7.834628814141384,1.0000000004746252
550.0,0.4492873987401234,3.0,3.9681556048817557,-0.0034712973477119607,0.27618997590181055,5.220020839019605,5.134192700852825,4.633608912519675,0.5260443341037732,3.825502350654973e-06,7.834628814141384,0.9999999970863368
550.0,0.4492873987401234,3.5,4.057925514691889,0.006244079744135416,0.27867375920350956,5.222976541347068,5.134192700852825,5.405877064606287,0.5260443341037732,3.825502350654973e-06,7.834628814141384,0.9999999963408319
550.0,0.4492873987401234,4.0,4.164372176514929,0.017489544828442113,0.28167754224973224,5.226725270750203,5.134192700852825,6.1781452166929,0.5260443341037732,3.825502350654973e-06,7.834628814141384,0.9999999970125691
550.0,0.4492873987401234,4.5,4.284695409451628,0.029859962890153205,0.2852717090212344,5.231486796113445,5.134192700852825,6.950413368779511,0.5260443341037732,3.825502350654973e-06,7.834628814141384,0.9999999995092315
550.0,0.4492873987401234,5.0,4.420525368133363,0.043413895876868835,0.28954466822827907,5.237588753699383,5.134192700852825,7.722681520866124,0.5260443341037732,3.825502350654973e-06,7.834628814141384,1.0000000029490355
550.0,0.4492873987401234,5.5,4.57537936318215,0.05836711767695082,0.2946073849262339,5.245536888377872,5.134192700852825,8.494949672952737,0.5260443341037732,3.825502350654973e-06,7.834628814141384,0.9999999942741447
550.0,0.4492873987401234,6.0,4.750889050885543,0.07471489698414734,0.30059917497154626,5.256147963026589,5.134192700852825,9.26721782503935,0.5260443341037732,3.825502350654973e-06,7.834628814141384,0.9999999988725109
550.0,0.47293410393697205,0.0,3.5444798831637137,-0.05250747548849022,0.2840458046673405,4.952342371154217,4.877483065810184,0.0,0.4997421173985844,3.6342272331222238e-06,7.442897373434314,1.00000000028744
550.0,0.47293410393697205,0.5,3.551908113311556,-0.051598269130724156,0.284260926569451,4.952547212033785,4.877483065810184,0.8129138443016973,0.4997421173985844,3.6342272331222238e-06,7.442897373434314,0.9999999998273064
550.0,0.47293410393697205,1.0,3.574297836156601,-0.0488692531163542,0.2849114628384443,4.953170559176591,4.877483065810184,1.6258276886033947,0.4997421173985844,3.6342272331222238e-06,7.442897373434314,0.9999999954468122
550.0,0.47293410393697205,1.5,3.611967850057412,-0.044316115302440846,0.28601315963310386,4.95423989862304,4.877483065810184,2.438741532905092,0.4997421173985844,3.6342272331222238e-06,7.442897373434314,0.9999999982627981
550.0,0.47293410393697205,2.0,3.6654591348263565,-0.037931609285979044,0.28759312153197286,4.955803922849686,4.877483065810184,3.2516553772067893,0.4997421173985844,3.6342272331222238e-06,7.442897373434314,0.9999999961257368
550.0,0.47293410393697205,2.5,3.7355502248141876,-0.029705411414546315,0.2896911376507125,4.957940034890515,4.877483065810184,4.064569221508487,0.4997421173985844,3.6342272331222238e-06,7.442897373434314,1.000000005683723
550.0,0.47293410393697205,3.0,3.823279800469255,-0.019623909015642198,0.29236191123987004,4.960762437927186,4.877483065810184,4.877483065810184,0.4997421173985844,3.6342272331222238e-06,7.442897373434314,1.0000000056851732
550.0,0.47293410393697205,3.5,3.929977017161178,-0.007669980736063599,0.29567778000700723,4.96444156939668,4.877483065810184,5.690396910111882,0.4997421173985844,3.6342272331222238e-06,7.442897373434314,1.000000001354798
550.0,0.47293410393697205,4.0,4.054263613296493,0.005851992318109327,0.2997328828249161,4.969232146753745,4.877483065810184,6.503310754413579,0.4997421173985844,3.6342272331222238e-06,7.442897373434314,0.9999999969588121
550.0,0.47293410393697205,4.5,4.195687885091467,0.02074318246807947,0.30464867881750823,4.975527732290631,4.877483065810184,7.316224598715276,0.4997421173985844,3.6342272331222238e-06,7.442897373434314,1.0000000019519713
550.0,0.47293410393697205,5.0,4.359257338056096,0.03735251595513294,0.310581375981899,4.983963080155101,4.877483065810184,8.129138443016974,0.4997421173985844,3.6342272331222238e-06,7.442897373434314,1.0000000015237747
550.0,0.47293410393697205,5.5,4.5470906987049995,0.05567362563374312,0.31773202687501695,4.995618254008572,4.877483065810184,8.94205228731867,0.4997421173985844,3.6342272331222238e-06,7.442897373434314,0.9999999986995854
550.0,0.47293410393697205,6.0,4.761695763796251,0.0757016525075125,0.32636014188888574,5.012496936999903,4.877483065810184,9.754966131620368,0.4997421173985844,3.6342272331222238e-06,7.442897373434314,1.00000000225397
550.0,0.4948944222294061,0.0,3.3871980409785474,-0.07221940183131387,0.2972352452853862,4.7325883996430145,4.66105088193421,0.0,0.47756668872276736,3.4729629650246515e-06,7.112628152370486,1.00000000028744
550.0,0.4948944222294061,0.5,3.395711745396012,-0.07112917450786936,0.2975052711257046,4.732823259062436,4.66105088193421,0.8506608509493097,0.47756668872276736,3.4729629650246515e-06,7.112628152370486,1.0000000000306606
550.0,0.4948944222294061,1.0,3.421397670565143,-0.06785643596932105,0.29832316926623287,4.733540120006588,4.66105088193421,1.7013217018986193,0.47756668872276736,3.4729629650246515e-06,7.112628152370486,0.9999999986043108
550.0,0.4948944222294061,1.5,3.464694798840917,-0.062395007219114174,0.2997127170781793,4.73477695648747,4.66105088193421,2.551982552847929,0.47756668872276736,3.4729629650246515e-06,7.112628152370486,0.9999999968725256
550.0,0.4948944222294061,2.0,3.5263513111128857,-0.05473441482310387,0.30171514875988137,4.736602899938733,4.66105088193421,3.4026434037972386,0.47756668872276736,3.4729629650246515e-06,7.112628152370486,0.9999999967699853
550.0,0.4948944222294061,2.5,3.6074497913592194,-0.044859696049576236,0.30439169043202374,4.739128863299846,4.66105088193421,4.253304254746548,0.47756668872276736,3.4729629650246515e-06,7.112628152370486,1.0000000002264813
550.0,0.4948944222294061,3.0,3.7094451879946826,-0.03275103314439067,0.30782735446381715,4.7425256433289,4.66105088193421,5.103965105695858,0.47756668872276736,3.4729629650246515e-06,7.112628152370486,1.000000001683349
550.0,0.4948944222294061,3.5,3.8335336904684456,-0.01846070698333018,0.3121365760083866,4.747057861930302,4.66105088193421,5.954625956645168,0.47756668872276736,3.4729629650246515e-06,7.112628152370486,0.9999999999477877
550.0,0.4948944222294061,4.0,3.975240517332635,-0.002696581054888003,0.3174710649837316,4.753144242810347,4.66105088193421,6.805286807594477,0.47756668872276736,3.4729629650246515e-06,7.112628152370486,1.000000000153035
550.0,0.4948944222294061,4.5,4.141806383023892,0.01512980174475435,0.3240308360474287,4.761479401939808,4.66105088193421,7.655947658543787,0.47756668872276736,3.4729629650246515e-06,7.112628152370486,0.9999999999104753
550.0,0.4948944222294061,5.0,4.3358049092826905,0.03500974144403725,0.33207936126999704,4.773292828346879,4.66105088193421,8.506608509493097,0.47756668872276736,3.4729629650246515e-06,7.112628152370486,1.0000000000094214
550.0,0.4948944222294061,5.5,4.5603347658086735,0.05693673326783483,0.34196506148068956,4.790974093105749,4.66105088193421,9.357269360442405,0.47756668872276736,3.4729629650246515e-06,7.112628152370486,0.9999999963211109
550.0,0.4948944222294061,6.0,4.854142186249471,0.08405250209340605,0.3545806812020665,4.819832577741046,4.66105088193421,10.207930211391716,0.47756668872276736,3.4729629650246515e-06,7.112628152370486,1.0000000006493128
550.0,0.4965808091338207,0.0,3.3756951268225848,-0.07369677455842825,0.2982480949007075,4.716516543956398,4.64522196743827,0.0,0.47594487371293753,3.461168793449737e-06,7.0884736889850615,1.00000000028744
550.0,0.4965808091338207,0.5,3.3842963984468186,-0.07259159955764707,0.29852277293037566,4.716753880721525,4.64522196743827,0.8535595365167823,0.47594487371293753,3.461168793449737e-06,7.0884736889850615,0.9999999965582097
550.0,0.4965808091338207,1.0,3.4102481931138837,-0.06927400383770868,0.2993548308709984,4.717478238518238,4.64522196743827,1.7071190730335646,0.47594487371293753,3.461168793449737e-06,7.0884736889850615,0.9999999989817706
550.0,0.4965808091338207,1.5,3.454000551465488,-0.06373758875709007,0.3007688121822604,4.718728729776059,4.64522196743827,2.560678609550347,0.47594487371293753,3.461168793449737e-06,7.0884736889850615,1.0000000020726878
550.0,0.4965808091338207,2.0,3.516319837550454,-0.05597162055595708,0.3028073003270419,4.720576345411454,4.64522196743827,3.414238146067129,0.47594487371293753,3.461168793449737e-06,7.0884736889850615,1.0000000077829772
550.0,0.4965808091338207,2.5,3.5983159385533887,-0.04596069881467125,0.3055334860492876,4.723134887135519,4.64522196743827,4.267797682583912,0.47594487371293753,3.461168793449737e-06,7.0884736889850615,0.9999999985252753
550.0,0.4965808091338207,3.0,3.7014810678030714,-0.03368445891723421,0.30903529150962544,4.726580696865446,4.64522196743827,5.121357219100694,0.47594487371293753,3.461168793449737e-06,7.0884736889850615,1.0000000051665603
550.0,0.4965808091338207,3.5,3.8267331507155555,-0.019231812670840964,0.3134312000101695,4.731187207091208,4.64522196743827,5.9749167556174765,0.47594487371293753,3.461168793449737e-06,7.0884736889850615,0.9999999986718434
550.0,0.4965808091338207,4.0,3.9701458827322798,-0.0032535261513428632,0.31887853300597246,4.737389943191865,4.64522196743827,6.828476292134258,0.47594487371293753,3.461168793449737e-06,7.0884736889850615,1.0000000024344822
550.0,0.4965808091338207,4.5,4.138802734756115,0.014814736051655845,0.3255850246449066,4.745916040538565,4.64522196743827,7.68203582865104,0.47594487371293753,3.461168793449737e-06,7.0884736889850615,0.9999999969146532
550.0,0.4965808091338207,5.0,4.335350685495119,0.03496424188345029,0.333824938390895,4.758062060479776,4.64522196743827,8.535595365167824,0.47594487371293753,3.461168793449737e-06,7.0884736889850615,0.9999999960327765
550.0,0.4965808091338207,5.5,4.562978791347432,0.05718845885557188,0.34396171683245613,4.776378332692634,4.64522196743827,9.389154901684604,0.47594487371293753,3.461168793449737e-06,7.0884736889850615,1.0000000001932812
550.0,0.4965808091338207,6.0,4.878587811647289,0.08623413510790823,0.35709076912552806,4.806635549195805,4.64522196743827,10.242714438201387,0.47594487371293753,3.461168793449737e-06,7.0884736889850615,1.0000000019995974
550.0,0.5470044002605323,0.0,3.0645190727318616,-0.11569766270087903,0.32853267238533856,4.281741793256851,4.217019245362605,0.0,0.43207164399207026,3.1421136634026673e-06,6.435048782648662,1.00000000028744
550.0,0.5470044002605323,0.5,3.076023262797929,-0.11407037578160802,0.3289786831949643,4.2820596458390865,4.217019245362605,0.9402313053003988,0.43207164399207026,3.1421136634026673e-06,6.435048782648662,1.0000000027641482
550.0,0.5470044002605323,1.0,3.1108283739976206,-0.10918393980840964,0.3303358936615323,4.283037880267781,4.217019245362605,1.8804626106007976,0.43207164399207026,3.1421136634026673e-06,6.435048782648662,1.0000000006445806
550.0,0.5470044002605323,1.5,3.169826453948521,-0.10102450581548184,0.33266376914083146,4.284755839801538,4.217019245362605,2.8206939159011966,0.43207164399207026,3.1421136634026673e-06,6.435048782648662,0.999999995853581
550.0,0.5470044002605323,2.0,3.2545543744594982,-0.08956845954886236,0.3360673636353411,4.287364158347418,4.217019245362605,3.760925221201595,0.43207164399207026,3.1421136634026673e-06,6.435048782648662,0.9999999973642288
550.0,0.5470044002605323,2.5,3.367272828839117,-0.07478168537675124,0.3407070516607165,4.291121862102163,4.217019245362605,4.701156526501994,0.43207164399207026,3.1421136634026673e-06,6.435048782648662,0.9999999995112628
550.0,0.5470044002605323,3.0,3.508290879788322,-0.056964396870623796,0.3468142693820254,4.2964705805838035,4.217019245362605,5.641387831802393,0.43207164399207026,3.1421136634026673e-06,6.435048782648662,1.0000000021255002
550.0,0.5470044002605323,3.5,3.676768456919628,-0.036593710126045606,0.354715385365739,4.304192599122216,4.217019245362605,6.581619137102791,0.43207164399207026,3.1421136634026673e-06,6.435048782648662,0.9999999995027574
550.0,0.5470044002605323,4.0,3.8806769441986684,-0.013152500917645004,0.3648676279324172,4.315784484161389,4.217019245362605,7.52185044240319,0.43207164399207026,3.1421136634026673e-06,6.435048782648662,1.0000000009488788
550.0,0.5470044002605323,4.5,4.1248289400445435,0.013345951391884742,0.377913030789256,4.334467966315276,4.217019245362605,8.46208174770359,0.43207164399207026,3.1421136634026673e-06,6.435048782648662,0.9999999957677163
550.0,0.5470044002605323,5.0,4.490690903108397,0.050253172019284156,0.3957654150469967,4.368629179870767,4.217019245362605,9.402313053003988,0.43207164399207026,3.1421136634026673e-06,6.435048782648662,0.9999999994264418
550.0,0.5470044002605323,5.5,5.088541175937554,0.10453330180473949,0.42111736476817657,4.448971021125017,4.217019245362605,10.342544358304387,0.43207164399207026,3.1421136634026673e-06,6.435048782648662,0.9999999997866088
550.0,0.5470044002605323,6.0,5.819168392566654,0.16280093347231397,0.45438145533484026,7.782081143154505,4.217019245362605,11.282775663604786,0.43207164399207026,3.1421136634026673e-06,6.435048782648662,1.000000003875101
550.0,0.5502624373878341,0.0,3.046374427126609,-0.11827671030517854,0.33048946038129123,4.256390119611502,4.192050786070419,0.0,0.4295134002121331,3.1235095896407637e-06,6.396947639584284,1.00000000028744
550.0,0.5502624373878341,0.5,3.058086046462328,-0.11661029018036222,0.3309489246426062,4.256713743659597,4.192050786070419,0.9458314586071384,0.4295134002121331,3.1235095896407637e-06,6.396947639584284,0.9999999997069787
550.0,0.5502624373878341,1.0,3.0935256827104545,-0.11160626540765295,0.33234766022236595,4.257710399892837,4.192050786070419,1.8916629172142767,0.4295134002121331,3.1235095896407637e-06,6.396947639584284,1.0000000059716971
550.0,0.5502624373878341,1.5,3.1536241137086383,-0.10325006361298959,0.3347483938436208,4.259462821560598,4.192050786070419,2.8374943758214153,0.4295134002121331,3.1235095896407637e-06,6.396947639584284,1.000000001056297
550.0,0.5502624373878341,2.0,3.239985483975145,-0.0915169268755527,0.33826225651550906,4.262129167430986,4.192050786070419,3.7833258344285534,0.4295134002121331,3.1235095896407637e-06,6.396947639584284,0.9999999970863368
550.0,0.5502624373878341,2.5,3.3549725523837037,-0.07637101984741052,0.3430591897719717,4.265982306009616,4.192050786070419,4.7291572930356915,0.4295134002121331,3.1235095896407637e-06,6.396947639584284,0.9999999985203438
550.0,0.5502624373878341,3.0,3.4984391521339773,-0.05818566663768746,0.34938506257687063,4.271491082195171,4.192050786070419,5.674988751642831,0.4295134002121331,3.1235095896407637e-06,6.396947639584284,0.9999999995092315
550.0,0.5502624373878341,3.5,3.6705426283485174,-0.03732971915287713,0.3575879555000211,4.279495586787366,4.192050786070419,6.620820210249968,0.4295134002121331,3.1235095896407637e-06,6.396947639584284,0.9999999986151384
550.0,0.5502624373878341,4.0,3.879084666415014,-0.013330732543693408,0.3681572978909442,4.29162684066144,4.192050786070419,7.566651668857107,0.4295134002121331,3.1235095896407637e-06,6.396947639584284,0.9999999988725109
550.0,0.5502624373878341,4.5,4.1291241568380554,0.01379795035492379,0.38178341877174776,4.3114777465502465,4.192050786070419,8.512483127464245,0.4295134002121331,3.1235095896407637e-06,6.396947639584284,0.9999999991876095
550.0,0.5502624373878341,5.0,4.531531660903632,0.05418502734011534,0.4008312723923196,4.348760646240747,4.192050786070419,9.458314586071383,0.4295134002121331,3.1235095896407637e-06,6.396947639584284,1.0000000014960317
550.0,0.5502624373878341,5.5,5.141677830980259,0.1090448696582101,0.4275069179882491,4.441826405663819,4.192050786070419,10.404146044678523,0.4295134002121331,3.1235095896407637e-06,6.396947639584284,0.9999999993708591
550.0,0.5502624373878341,6.0,5.891135194024483,0.16813899802577123,0.46340665269268133,7.736678893868966,4.192050786070419,11.349977503285661,0.4295134002121331,3.1235095896407637e-06,6.396947639584284,1.000000001072438
550.0,0.5792236183029833,0.0,2.894055705770278,-0.14055310501633084,0.3478836425066224,4.043570613630926,3.982448246766898,0.0,0.4080377302015264,2.9673341101587253e-06,6.0771002576050694,1.00000000028744
550.0,0.5792236183029833,0.5,2.90772227842246,-0.13850706737632093,0.34847793989774034,4.043948631473465,3.982448246766898,0.9956120616917247,0.4080377302015264,2.9673341101587253e-06,6.0771002576050694,0.9999999991905593
550.0,0.5792236183029833,1.0,2.9491593999927463,-0.13236174483028146,0.3502931504111479,4.045119938321436,3.982448246766898,1.9912241233834493,0.4080377302015264,2.9673341101587253e-06,6.0771002576050694,0.9999999982627981
550.0,0.5792236183029833,1.5,3.0197073816856563,-0.12209513071397562,0.35342991904095905,4.047205650182428,3.982448246766898,2.986836185075174,0.4080377302015264,2.9673341101587253e-06,6.0771002576050694,0.9999999980101957
550.0,0.5792236183029833,2.0,3.1216948850131856,-0.1076695385434828,0.35806875138127386,4.050445569362238,3.982448246766898,3.9824482467668987,0.4080377302015264,2.9673341101587253e-06,6.0771002576050694,1.0000000056851732
550.0,0.5792236183029833,2.5,3.2585911193427197,-0.08903012173534924,0.3644914702453782,4.055275279959619,3.982448246766898,4.978060308458623,0.4080377302015264,2.9673341101587253e-06,6.0771002576050694,1.000000004529754
550.0,0.5792236183029833,3.0,3.425764812817065,-0.06730244705976116,0.3731169069579667,4.062501381726382,3.982448246766898,5.973672370150348,0.4080377302015264,2.9673341101587253e-06,6.0771002576050694,1.0000000019519713
550.0,0.5792236183029833,3.5,3.633404912278279,-0.041746192317660566,0.38455740470275074,4.073740666381724,3.982448246766898,6.969284431842073,0.4080377302015264,2.9673341101587253e-06,6.0771002576050694,0.9999999997698662
550.0,0.5792236183029833,4.0,3.887908310557676,-0.012343977020328087,0.39970791000504413,4.0926866109711195,3.982448246766898,7.964896493533797,0.4080377302015264,2.9673341101587253e-06,6.0771002576050694,1.00000000225397
550.0,0.5792236183029833,4.5,4.289844030386941,0.03038151111931127,0.4212507600073626,4.129934489412655,3.982448246766898,8.960508555225521,0.4080377302015264,2.9673341101587253e-06,6.0771002576050694,0.999999998503826
550.0,0.5792236183029833,5.0,4.94001743660478,0.09166849051225835,0.4526075660955031,4.23287890445969,3.982448246766898,9.956120616917246,0.4080377302015264,2.9673341101587253e-06,6.0771002576050694,1.000000001022848
550.0,0.5792236183029833,5.5,5.732754760765197,0.15630337233325078,0.4970172476065032,7.3507229489922965,3.982448246766898,10.951732678608973,0.4080377302015264,2.9673341101587253e-06,6.0771002576050694,1.0000000016235995
550.0,0.5792236183029833,6.0,6.541792466705127,0.21363677102376097,0.5638749198421678,7.356588448187217,3.982448246766898,11.947344740300696,0.4080377302015264,2.9673341101587253e-06,6.0771002576050694,1.00000000065351
550.0,0.6046013057825199,0.0,2.7725798826998154,-0.15917592357044436,0.36312556648866184,3.873844762309202,3.8152879610657733,0.0,0.3909106517485423,2.84278248088708e-06,5.82201852085674,1.00000000028744
550.0,0.6046013057825199,0.5,2.788130323948162,-0.15674692145409258,0.3638625933388337,3.8742752798128195,3.8152879610657733,1.0392330932831078,0.3909106517485423,2.84278248088708e-06,5.82201852085674,1.000000002365113
550.0,0.6046013057825199,1.0,2.83537343114066,-0.14944972584032742,0.3661213730399282,3.8756175897399405,3.8152879610657733,2.0784661865662155,0.3909106517485423,2.84278248088708e-06,5.82201852085674,1.0000000019762243
550.0,0.6046013057825199,1.5,2.9161294615817956,-0.1372531907483726,0.37005152692631454,3.878039427425238,3.8152879610657733,3.1176992798493233,0.3909106517485423,2.84278248088708e-06,5.82201852085674,1.0000000012415937
550.0,0.6046013057825199,2.0,3.033585337278443,-0.12010377481109363,0.3759249617397632,3.8818832667153838,3.8152879610657733,4.156932373132431,0.3909106517485423,2.84278248088708e-06,5.82201852085674,1.0000000014075576
550.0,0.6046013057825199,2.5,3.1891605062955994,-0.09838361405918666,0.3841752558012068,3.8878069626140928,3.8152879610657733,5.19616546641554,0.3909106517485423,2.84278248088708e-06,5.82201852085674,0.9999999999464069
550.0,0.6046013057825199,3.0,3.3836574511785074,-0.07267360108420727,0.39546393970998556,3.8971345661608843,3.8152879610657733,6.2353985596986465,0.3909106517485423,2.84278248088708e-06,5.82201852085674,0.999999999557915
550.0,0.6046013057825199,3.5,3.6280402671014653,-0.04238789274064315,0.4107905093537093,3.912870100561966,3.8152879610657733,7.274631652981755,0.3909106517485423,2.84278248088708e-06,5.82201852085674,1.0000000005639864
550.0,0.6046013057825199,4.0,3.94887754945439,-0.00558632439840166,0.4320387750935737,3.9434326078301503,3.8152879610657733,8.313864746264862,0.3909106517485423,2.84278248088708e-06,5.82201852085674,0.9999999979248111
550.0,0.6046013057825199,4.5,4.6009791529357305,0.06079027415037704,0.46530277052437186,4.024548444038112,3.8152879610657733,9.35309783954797,0.3909106517485423,2.84278248088708e-06,5.82201852085674,0.9999999981354012
550.0,0.6046013057825199,5.0,5.411240246483925,0.1312368246977731,0.5128203730340359,7.041661269381068,3.8152879610657733,10.39233093283108,0.3909106517485423,2.84278248088708e-06,5.82201852085674,0.9999999992639519
550.0,0.6046013057825199,5.5,6.255829408827674,0.19422490604241366,0.5871968663148087,7.047706838761859,3.8152879610657733,11.431564026114188,0.3909106517485423,2.84278248088708e-06,5.82201852085674,1.0000000000474554
550.0,0.6046013057825199,6.0,7.010957163301491,0.24371732226822027,0.7027433240264198,7.055566487479512,3.8152879610657733,12.470797119397293,0.3909106517485423,2.84278248088708e-06,5.82201852085674,1.000000000546003
550.0,0.6081847992181325,0.0,2.756243529305026,-0.16174240408626903,0.3652778246319536,3.8510196320294523,3.7928078540637116,0.0,0.3886073620966917,2.8260324858654522e-06,5.787714531052446,1.00000000028744
550.0,0.6081847992181325,0.5,2.772073299286001,-0.1592552816022759,0.3660370507348472,3.851457941392929,3.7928078540637116,1.045392664776311,0.3886073620966917,2.8260324858654522e-06,5.787714531052446,0.9999999999564586
550.0,0.6081847992181325,1.0,2.8201796407940503,-0.15178321828493085,0.36836506019476367,3.852825874187582,3.7928078540637116,2.090785329552622,0.3886073620966917,2.8260324858654522e-06,5.787714531052446,1.0000000020726878
550.0,0.6081847992181325,1.5,2.9024612779605747,-0.1392935568468004,0.3724198997023232,3.855298852594971,3.7928078540637116,3.1361779943289325,0.3886073620966917,2.8260324858654522e-06,5.787714531052446,1.0000000054500038
550.0,0.6081847992181325,2.0,3.0222466362299154,-0.12173008844507495,0.3784893883554186,3.859236978469624,3.7928078540637116,4.181570659105244,0.3886073620966917,2.8260324858654522e-06,5.787714531052446,1.0000000051665603
550.0,0.6081847992181325,2.5,3.180605672283202,-0.0995501621976452,0.3870338545350149,3.8653377407132106,3.7928078540637116,5.226963323881555,0.3886073620966917,2.8260324858654522e-06,5.787714531052446,1.0000000005797343
550.0,0.6081847992181325,3.0,3.379318282062689,-0.0732308934761849,0.3987585891357535,3.875024220469788,3.7928078540637116,6.272355988657865,0.3886073620966917,2.8260324858654522e-06,5.787714531052446,0.9999999969146532
550.0,0.6081847992181325,3.5,3.6293735127640043,-0.042228325914680356,0.4147344058704329,3.891589615189425,3.7928078540637116,7.317748653434177,0.3886073620966917,2.8260324858654522e-06,5.787714531052446,1.0000000008587555
550.0,0.6081847992181325,4.0,3.9833502679656876,-0.001811494419932535,0.43734508810776856,3.924601491684036,3.7928078540637116,8.363141318210488,0.3886073620966917,2.8260324858654522e-06,5.787714531052446,1.0000000019995974
550.0,0.6081847992181325,4.5,4.64875776775831,0.06527692571623842,0.4723215990644564,4.017988534627466,3.7928078540637116,9.408533982986798,0.3886073620966917,2.8260324858654522e-06,5.787714531052446,1.00000000115665
550.0,0.6081847992181325,5.0,5.4803649799669145,0.13674949115409926,0.5233314143044875,7.000814123994201,3.7928078540637116,10.45392664776311,0.3886073620966917,2.8260324858654522e-06,5.787714531052446,1.0000000011682904
550.0,0.6081847992181325,5.5,6.325216340936476,0.19901539291801537,0.6040779656222875,7.007083320911011,3.7928078540637116,11.499319312539422,0.3886073620966917,2.8260324858654522e-06,5.787714531052446,1.000000000546213
550.0,0.6081847992181325,6.0,7.054531394524515,0.2464081792030379,0.725546632116439,3.683344159265719,3.7928078540637116,12.54471197731573,0.3886073620966917,2.8260324858654522e-06,5.787714531052446,0.9999999995456461
550.0,0.6353883327016112,0.0,2.638237643330909,-0.18074607860932856,0.3816163578309454,3.6861419720006454,3.6304224746915073,0.0,0.37196951584953974,2.7050386535932084e-06,5.539919162558891,1.00000000028744
550.0,0.6353883327016112,0.5,2.65629914765023,-0.17778300841138062,0.38256224779822645,3.6866427275483997,3.6304224746915073,1.0921520944696954,0.37196951584953974,2.7050386535932084e-06,5.539919162558891,0.9999999960507798
550.0,0.6353883327016112,1.0,2.7113237931634813,-0.16887860610190306,0.3854748977340561,3.6882175778507595,3.6304224746915073,2.184304188939391,0.37196951584953974,2.7050386535932084e-06,5.539919162558891,0.9999999998317264
550.0,0.6353883327016112,1.5,2.8059097370152952,-0.15398629517970264,0.39059160971183887,3.6911121332058534,3.6304224746915073,3.276456283409086,0.37196951584953974,2.7050386535932084e-06,5.539919162558891,0.9999999970863368
550.0,0.6353883327016112,2.0,2.9446558053982876,-0.13302545300354862,0.39835220046549197,3.695852882346561,3.6304224746915073,4.368608377878782,0.37196951584953974,2.7050386535932084e-06,5.539919162558891,0.9999999970125691
550.0,0.6353883327016112,2.5,3.12578346421426,-0.10710110195512183,0.4094779967212505,3.703534524807231,3.6304224746915073,5.460760472348476,0.37196951584953974,2.7050386535932084e-06,5.539919162558891,1.0000000029490355
550.0,0.6353883327016112,3.0,3.3593858645460872,-0.07580010084784336,0.42511143008292385,3.7166578675759587,3.6304224746915073,6.552912566818172,0.37196951584953974,2.7050386535932084e-06,5.539919162558891,0.9999999988725109
550.0,0.6353883327016112,3.5,3.657005061613272,-0.03893442988814271,0.4470580014619276,3.7421985570853895,3.6304224746915073,7.6450646612878685,0.37196951584953974,2.7050386535932084e-06,5.539919162558891,0.9999999998676542
550.0,0.6353883327016112,4.0,4.26986632955641,0.028354288089399916,0.4824482306979288,3.809214544148738,3.6304224746915073,8.737216755757563,0.37196951584953974,2.7050386535932084e-06,5.539919162558891,0.9999999990459424
550.0,0.6353883327016112,4.5,5.10187273515377,0.10566962972162124,0.5350959113527659,6.7001604630134155,3.6304224746915073,9.829368850227258,0.37196951584953974,2.7050386535932084e-06,5.539919162558891,1.000000001072438
550.0,0.6353883327016112,5.0,5.98749687357251,0.175185308323791,0.6217996727584317,6.706507965078745,3.6304224746915073,10.921520944696953,0.37196951584953974,2.7050386535932084e-06,5.539919162558891,1.0000000024816942
550.0,0.6353883327016112,5.5,6.755769722769149,0.2276148464574672,0.7588465344228942,3.5252353742980875,3.6304224746915073,12.01367303916665,0.37196951584953974,2.7050386535932084e-06,5.539919162558891,1.0000000006526777
550.0,0.6353883327016112,6.0,7.304184679249546,0.261511754053296,0.903163956016493,6.727211387984503,3.6304224746915073,13.105825133636344,0.37196951584953974,2.7050386535932084e-06,5.539919162558891,0.9999999971954336
550.0,0.6682628855998672,0.0,2.508452068173614,-0.20265418444000957,0.4013609242585521,3.5048057466015052,3.4518273166196503,0.0,0.3536708316208658,2.5719668666877425e-06,5.267388142976497,1.00000000028744
550.0,0.6682628855998672,0.5,2.5294826344823678,-0.19902828911109752,0.4025799416707655,3.5053898780223247,3.4518273166196503,1.1486592885031846,0.3536708316208658,2.5719668666877425e-06,5.267388142976497,0.9999999987574041
550.0,0.6682628855998672,1.0,2.593774430644517,-0.18812778665236893,0.4063558079251364,3.507246783662718,3.4518273166196503,2.297318577006369,0.3536708316208658,2.5719668666877425e-06,5.267388142976497,0.9999999988628413
550.0,0.6682628855998672,1.5,2.705063628586152,-0.16988250627766396,0.41306893190830135,3.510741688902449,3.4518273166196503,3.445977865509554,0.3536708316208658,2.5719668666877425e-06,5.267388142976497,1.0000000044594928
550.0,0.6682628855998672,2.0,2.867974135559605,-0.144484760941123,0.42344158239807633,3.5167064416527216,3.4518273166196503,4.594637154012738,0.3536708316208658,2.5719668666877425e-06,5.267388142976497,1.0000000064348733
550.0,0.6682628855998672,2.5,3.0829754058927707,-0.11308993112550879,0.4387006112986517,3.5270666946775084,3.4518273166196503,5.7432964425159225,0.3536708316208658,2.5719668666877425e-06,5.267388142976497,0.9999999979817128
550.0,0.6682628855998672,3.0,3.366593586726907,-0.07486929955974951,0.4608801176029789,3.547083722848247,3.4518273166196503,6.891955731019108,0.3536708316208658,2.5719668666877425e-06,5.267388142976497,1.0000000026811735
550.0,0.6682628855998672,3.5,3.8878508928126063,-0.01235039085316301,0.49635918563918513,3.597399621589875,3.4518273166196503,8.040615019522292,0.3536708316208658,2.5719668666877425e-06,5.267388142976497,0.9999999973376663
550.0,0.6682628855998672,4.0,4.726559298245994,0.0724851194872419,0.5521858861001124,6.369768532638834,3.4518273166196503,9.189274308025476,0.3536708316208658,2.5719668666877425e-06,5.267388142976497,1.0000000007298508
550.0,0.6682628855998672,4.5,5.656314017469093,0.15047352054087232,0.6484822047693085,6.3762821762565745,3.4518273166196503,10.33793359652866,0.3536708316208658,2.5719668666877425e-06,5.267388142976497,1.0000000019430968
550.0,0.6682628855998672,5.0,6.457793972254817,0.20802419395829697,0.8079990909343348,3.3472413505040475,3.4518273166196503,11.486592885031845,0.3536708316208658,2.5719668666877425e-06,5.267388142976497,0.9999999997820679
550.0,0.6682628855998672,5.5,7.025944627546396,0.24464473140589635,0.9709259057169419,6.398744498451646,3.4518273166196503,12.635252173535031,0.3536708316208658,2.5719668666877425e-06,5.267388142976497,1.0000000001051053
550.0,0.6682628855998672,6.0,7.598139567161188,0.2786472753441829,1.1037374017883201,6.4217339092423815,3.4518273166196503,13.783911462038215,0.3536708316208658,2.5719668666877425e-06,5.267388142976497,0.9999999984300838
550.0,0.6688298238964329,0.0,2.5063257611643635,-0.20302247332048085,0.401701429295732,3.501834873400613,3.4489013509569326,0.0,0.3533710400570627,2.569786720913548e-06,5.262923204430946,1.00000000028744
550.0,0.6688298238964329,0.5,2.527410237926736,-0.1993842509483448,0.40292565482168613,3.502420490767331,3.4489013509569326,1.149633783652311,0.3533710400570627,2.569786720913548e-06,5.262923204430946,0.9999999954468122
550.0,0.6688298238964329,1.0,2.591871010397892,-0.18844660711796968,0.40671809291572986,3.5042825600779066,3.4489013509569326,2.299267567304622,0.3533710400570627,2.569786720913548e-06,5.262923204430946,0.9999999961257368
550.0,0.6688298238964329,1.5,2.7034670732853607,-0.1701389068476328,0.41346217999674334,3.507788759713822,3.4489013509569326,3.4489013509569326,0.3533710400570627,2.569786720913548e-06,5.262923204430946,1.0000000056851732
550.0,0.6688298238964329,2.0,2.8667972936798245,-0.14466300551388134,0.4238863079801822,3.513777748259758,3.4489013509569326,4.598535134609244,0.3533710400570627,2.569786720913548e-06,5.262923204430946,0.9999999969588121
550.0,0.6688298238964329,2.5,3.0824604246766834,-0.11316248187685772,0.43922839413409914,3.524194091161064,3.4489013509569326,5.7481689182615545,0.3533710400570627,2.569786720913548e-06,5.262923204430946,1.0000000015237747
550.0,0.6688298238964329,3.0,3.3670273645275857,-0.0748133453244781,0.4615429388772699,3.5443705748294296,3.4489013509569326,6.897802701913865,0.3533710400570627,2.569786720913548e-06,5.262923204430946,1.00000000225397
550.0,0.6688298238964329,3.5,3.8931811496216087,-0.01175537942826297,0.49732201224198996,3.5953958848077607,3.4489013509569326,8.047436485566177,0.3533710400570627,2.569786720913548e-06,5.262923204430946,1.0000000028232914
550.0,0.6688298238964329,4.0,4.7349330108126,0.07325384771560946,0.5535801736586401,6.3644458689343875,3.4489013509569326,9.197070269218488,0.3533710400570627,2.569786720913548e-06,5.262923204430946,1.0000000000188285
550.0,0.6688298238964329,4.5,5.665358462452306,0.15116740271961096,0.6511066735203085,6.370992481317271,3.4489013509569326,10.346704052870798,0.3533710400570627,2.569786720913548e-06,5.262923204430946,1.00000000065351
550.0,0.6688298238964329,5.0,6.462726257224168,0.2083557695003603,0.8117017318830997,3.3429156615127917,3.4489013509569326,11.496337836523109,0.3533710400570627,2.569786720913548e-06,5.262923204430946,1.0000000019467234
550.0,0.6688298238964329,5.5,7.029865862966234,0.2448870469878271,0.9743138694373951,6.393638730176128,3.4489013509569326,12.64597162017542,0.3533710400570627,2.569786720913548e-06,5.262923204430946,1.0000000003259841
550.0,0.6688298238964329,6.0,7.603115875255348,0.27893161807244404,1.1072886073449384,6.416931660171533,3.4489013509569326,13.79560540382773,0.3533710400570627,2.569786720913548e-06,5.262923204430946,1.0000000026264786
550.0,0.7022713150912545,0.0,2.386976915394632,-0.22421177239041892,0.42178650076051855,3.3350808318101075,3.284667953292317,0.0,0.33654384767339307,2.4474159246795697e-06,5.0123078137437584,1.00000000028744
550.0,0.7022713150912545,0.5,2.4114096228799977,-0.21978900166969934,0.42335166177967004,3.3357608525562146,3.284667953292317,1.2071154728349265,0.33654384767339307,2.4474159246795697e-06,5.0123078137437584,0.9999999989817706
550.0,0.7022713150912545,1.0,2.4864136019527048,-0.20648661838794777,0.4282341909080857,3.337951544949249,3.284667953292317,2.414230945669853,0.33654384767339307,2.4474159246795697e-06,5.0123078137437584,1.0000000077829772
550.0,0.7022713150912545,1.5,2.6173423634771744,-0.18419945674922486,0.4370419005048353,3.3421972625789937,3.284667953292317,3.6213464185047797,0.33654384767339307,2.4474159246795697e-06,5.0123078137437584,1.0000000051665603
550.0,0.7022713150912545,2.0,2.8073170759798463,-0.15376852398333354,0.4509623461266829,3.3498405539559206,3.284667953292317,4.828461891339706,0.33654384767339307,2.4474159246795697e-06,5.0123078137437584,1.0000000024344822
550.0,0.7022713150912545,2.5,3.0655558685353457,-0.11555075594854038,0.47209975533076665,3.3644579482716854,3.284667953292317,6.035577364174633,0.33654384767339307,2.4474159246795697e-06,5.0123078137437584,0.9999999960327765
550.0,0.7022713150912545,3.0,3.449682524229837,-0.06428086272408244,0.5050026086955615,3.398804591528678,3.284667953292317,7.242692837009559,0.33654384767339307,2.4474159246795697e-06,5.0123078137437584,1.0000000019995974
550.0,0.7022713150912545,3.5,4.263694605896828,0.02772609875160991,0.5620841274824417,6.059904140930427,3.284667953292317,8.449808309844485,0.33654384767339307,2.4474159246795697e-06,5.0123078137437584,0.9999999999264315
550.0,0.7022713150912545,4.0,5.243214497772716,0.11753763355981672,0.6597024851182086,6.066349838658541,3.284667953292317,9.656923782679412,0.33654384767339307,2.4474159246795697e-06,5.0123078137437584,1.000000002925019
550.0,0.7022713150912545,4.5,6.109403399453094,0.18393881089888803,0.8377890867241046,3.1898696128051487,3.284667953292317,10.864039255514337,0.33654384767339307,2.4474159246795697e-06,5.0123078137437584,0.9999999995456461
550.0,0.7022713150912545,5.0,6.7076942696741115,0.22451326832770732,1.0266304956848935,6.089589799538261,3.284667953292317,12.071154728349265,0.33654384767339307,2.4474159246795697e-06,5.0123078137437584,1.0000000002650609
550.0,0.7022713150912545,5.5,7.309045163371424,0.2618006541163327,1.1815939016559687,6.115407498332191,3.284667953292317,13.278270201184192,0.33654384767339307,2.4474159246795697e-06,5.0123078137437584,1.000000001001905
550.0,0.7022713150912545,6.0,7.863298366281667,0.29354476359193177,1.3469154388621503,6.179376017275281,3.284667953292317,14.485385674019119,0.33654384767339307,2.4474159246795697e-06,5.0123078137437584,1.0000000007941885
550.0,0.7386277204483878,0.0,2.2694861986076624,-0.2461324453095747,0.4436222794208267,3.170922965454257,3.122991487235794,0.0,0.319978635987274,2.326950305840978e-06,4.765594226362323,1.00000000028744
550.0,0.7386277204483878,0.5,2.297949947714389,-0.2407194263613271,0.4456411479123384,3.171717286641887,3.122991487235794,1.269607530391843,0.319978635987274,2.326950305840978e-06,4.765594226362323,0.9999999984916208
550.0,0.7386277204483878,1.0,2.385782115403764,-0.22442921268040758,0.4519949943761637,3.1743190434285222,3.122991487235794,2.539215060783686,0.319978635987274,2.326950305840978e-06,4.765594226362323,0.9999999967917991
550.0,0.7386277204483878,1.5,2.540722395349785,-0.19710277561011436,0.4636675559340545,3.1795573084938633,3.122991487235794,3.8088225911755296,0.319978635987274,2.326950305840978e-06,4.765594226362323,1.000000004388645
550.0,0.7386277204483878,2.0,2.7643393950686326,-0.16046862832888562,0.482650899514744,3.189699524560082,3.122991487235794,5.078430121567372,0.319978635987274,2.326950305840978e-06,4.765594226362323,0.999999999865731
550.0,0.7386277204483878,2.5,3.0779634560805214,-0.11379653207577459,0.5126641145393782,3.212138765579188,3.122991487235794,6.348037651959215,0.319978635987274,2.326950305840978e-06,4.765594226362323,1.000000001688662
550.0,0.7386277204483878,3.0,3.7404374178619113,-0.029137598470915297,0.5663257695252015,3.2890470100773808,3.122991487235794,7.617645182351059,0.319978635987274,2.326950305840978e-06,4.765594226362323,0.9999999999083696
550.0,0.7386277204483878,3.5,4.7487856947949485,0.07452257967160662,0.6624479785365043,5.765998101260788,3.122991487235794,8.887252712742901,0.319978635987274,2.326950305840978e-06,4.765594226362323,0.9999999996561125
550.0,0.7386277204483878,4.0,5.704635817934188,0.15416793309498336,0.8491257992961944,5.77486886409145,3.122991487235794,10.156860243134744,0.319978635987274,2.326950305840978e-06,4.765594226362323,0.9999999999181604
550.0,0.7386277204483878,4.5,6.354271233797977,0.20100575753705172,1.0724149412266195,5.789097396163456,3.122991487235794,11.42646777352659,0.319978635987274,2.326950305840978e-06,4.765594226362323,0.9999999991396581
550.0,0.7386277204483878,5.0,6.98392669163226,0.24203968072311902,1.2534577561226057,5.816625472905053,3.122991487235794,12.69607530391843,0.319978635987274,2.326950305840978e-06,4.765594226362323,1.0000000011142807
550.0,0.7386277204483878,5.5,7.564878589750373,0.2767419710081662,1.4464685577369312,5.895718909633214,3.122991487235794,13.965682834310273,0.319978635987274,2.326950305840978e-06,4.765594226362323,0.999999999464099
550.0,0.7386277204483878,6.0,8.223971351975152,0.31302159747051694,1.6232193366732708,8.3436649126862,3.122991487235794,15.235290364702118,0.319978635987274,2.326950305840978e-06,4.765594226362323,0.9999999997342248
550.0,0.7781886018183509,0.0,2.154112015454509,-0.2687917081371692,0.4673826770925878,3.0097223169527125,2.96422753790879,0.0,0.3037118379004908,2.2086548119361944e-06,4.523325054845326,1.00000000028744
550.0,0.7781886018183509,0.5,2.187452988019306,-0.26212126323964363,0.4700105685094352,3.010655896092712,2.96422753790879,1.3376076764813416,0.3037118379004908,2.2086548119361944e-06,4.523325054845326,1.0000000059716971
550.0,0.7781886018183509,1.0,2.2910157066648034,-0.24203192470754328,0.4783750708031598,3.013780436583424,2.96422753790879,2.675215352962683,0.3037118379004908,2.2086548119361944e-06,4.523325054845326,0.9999999970863368
550.0,0.7781886018183509,1.5,2.473770048042451,-0.20870066446967808,0.49410509398678293,3.0204003099980694,2.96422753790879,4.012823029444025,0.3037118379004908,2.2086548119361944e-06,4.523325054845326,0.9999999995092315
550.0,0.7781886018183509,2.0,2.742927072418813,-0.163845730375684,0.520653043764005,3.034638441353903,2.96422753790879,5.350430705925366,0.3037118379004908,2.2086548119361944e-06,4.523325054845326,0.9999999988725109
550.0,0.7781886018183509,2.5,3.204276766586496,-0.09632997049187529,0.5668610216404827,3.0750381427140248,2.96422753790879,6.688038382406708,0.3037118379004908,2.2086548119361944e-06,4.523325054845326,1.0000000014960317
550.0,0.7781886018183509,3.0,4.165661644581439,0.017624000193780597,0.6553559731319083,5.470658109717583,2.96422753790879,8.02564605888805,0.3037118379004908,2.2086548119361944e-06,4.523325054845326,1.000000001072438
550.0,0.7781886018183509,3.5,5.222878702075425,0.11584994842229522,0.8389931947855584,5.479034668681671,2.96422753790879,9.363253735369392,0.3037118379004908,2.2086548119361944e-06,4.523325054845326,0.9999999991728602
550.0,0.7781886018183509,4.0,5.963841817071933,0.1734661245254554,1.1061454231569383,5.492745097467409,2.96422753790879,10.700861411850733,0.3037118379004908,2.2086548119361944e-06,4.523325054845326,0.9999999971954336
550.0,0.7781886018183509,4.5,6.622980369466452,0.21899347647069517,1.3185735809553298,5.520536122211714,2.96422753790879,12.038469088332073,0.3037118379004908,2.2086548119361944e-06,4.523325054845326,1.000000001133577
550.0,0.7781886018183509,5.0,7.235799941186879,0.2574265594469206,1.5442040269363038,5.612149158333579,2.96422753790879,13.376076764813416,0.3037118379004908,2.2086548119361944e-06,4.523325054845326,1.0000000000737992
550.0,0.7781886018183509,5.5,7.963068027713916,0.29902043454956384,1.7444338054147706,7.921401513803111,2.96422753790879,14.713684441294756,0.3037118379004908,2.2086548119361944e-06,4.523325054845326,1.0000000009548375
550.0,0.7781886018183509,6.0,9.024783017608652,0.35337677765548847,1.8960822846027419,7.934831923822673,2.96422753790879,16.0512921177761,0.3037118379004908,2.2086548119361944e-06,4.523325054845326,0.9999999994196668
550.0,0.8164016305125923,0.0,2.053285239538481,-0.28961070617914,0.49033354993909006,2.8688472856434277,2.825481964983796,0.0,0.2894961029696512,2.1052750702137284e-06,4.3116033437977155,1.00000000028744
550.0,0.8164016305125923,0.5,2.091853606509322,-0.28152870315462397,0.4936835970743835,2.869931338769757,2.825481964983796,1.4032910344791119,0.2894961029696512,2.1052750702137284e-06,4.3116033437977155,0.9999999978691686
550.0,0.8164016305125923,1.0,2.212545945546724,-0.257167693341047,0.5044837006220905,2.8736506094769685,2.825481964983796,2.8065820689582237,0.2894961029696512,2.1052750702137284e-06,4.3116033437977155,0.9999999927761677
550.0,0.8164016305125923,1.5,2.425240398211092,-0.21730519748578628,0.5253417517922349,2.8820284076152394,2.825481964983796,4.209873103437335,0.2894961029696512,2.1052750702137284e-06,4.3116033437977155,0.9999999927484834
550.0,0.8164016305125923,2.0,2.747817350699358,-0.16307212983261854,0.5620761919317486,2.9027544160485093,2.825481964983796,5.613164137916447,0.2894961029696512,2.1052750702137284e-06,4.3116033437977155,1.000000001357554
550.0,0.8164016305125923,2.5,3.468246170896667,-0.061950075860652744,0.6345550777197145,2.9945138642674194,2.825481964983796,7.01645517239556,0.2894961029696512,2.1052750702137284e-06,4.3116033437977155,0.9999999984933078
550.0,0.8164016305125923,3.0,4.597627527366144,0.06047379305595017,0.7848348525538948,5.219009191299338,2.825481964983796,8.41974620687467,0.2894961029696512,2.1052750702137284e-06,4.3116033437977155,0.9999999996271085
550.0,0.8164016305125923,3.5,5.502706952968902,0.13851639371700555,1.0822873866258216,5.230964384779995,2.825481964983796,9.823037241353783,0.2894961029696512,2.1052750702137284e-06,4.3116033437977155,0.9999999982502411
550.0,0.8164016305125923,4.0,6.1918173154829965,0.18975814303161753,1.3389711030404523,5.254986012673373,2.825481964983796,11.226328275832895,0.2894961029696512,2.1052750702137284e-06,4.3116033437977155,0.9999999987467569
550.0,0.8164016305125923,4.5,6.841625281229983,0.23309929267620763,1.5977236675379136,5.333383406631849,2.825481964983796,12.629619310312005,0.2894961029696512,2.1052750702137284e-06,4.3116033437977155,1.00000000033947
550.0,0.8164016305125923,5.0,7.596335539688462,0.2785441484938272,1.831246254049347,7.550689188841765,2.825481964983796,14.03291034479112,0.2894961029696512,2.1052750702137284e-06,4.3116033437977155,1.0000000005920435
550.0,0.8164016305125923,5.5,8.715438563892988,0.33822925451695396,2.003909659192472,7.565248821809651,2.825481964983796,15.43620137927023,0.2894961029696512,2.1052750702137284e-06,4.3116033437977155,1.0000000005159428
550.0,0.8164016305125923,6.0,9.73738737186758,0.3863824560859783,2.171920346881724,7.594646424163542,2.825481964983796,16.83949241374934,0.2894961029696512,2.1052750702137284e-06,4.3116033437977155,0.9999999987716666
550.0,0.8191458966508958,0.0,2.0464064146817837,-0.29106810284832135,0.4919817653606186,2.859236201105077,2.816016161013351,0.0,0.2885262460054663,2.0982220713393847e-06,4.29715880210306,1.00000000028744
550.0,0.8191458966508958,0.5,2.085370610534921,-0.282876742662272,0.49538932411784375,2.8603317390999967,2.816016161013351,1.4080080805066755,0.2885262460054663,2.0982220713393847e-06,4.29715880210306,0.9999999982627981
550.0,0.8191458966508958,1.0,2.2073716219881834,-0.2581845363754734,0.5063856844653973,2.864097528923045,2.816016161013351,2.816016161013351,0.2885262460054663,2.0982220713393847e-06,4.29715880210306,1.0000000056851732
550.0,0.8191458966508958,1.5,2.4223815298932108,-0.21781744489175164,0.5276669901706567,2.8726222755984443,2.816016161013351,4.224024241520026,0.2885262460054663,2.0982220713393847e-06,4.29715880210306,1.0000000019519713
550.0,0.8191458966508958,2.0,2.7491663310268666,-0.16285897485231862,0.5652723473169379,2.893966455889069,2.816016161013351,5.632032322026702,0.2885262460054663,2.0982220713393847e-06,4.29715880210306,1.00000000225397
550.0,0.8191458966508958,2.5,3.4931198286030263,-0.05884650731973216,0.6400837584049375,2.9930973772849314,2.816016161013351,7.040040402533377,0.2885262460054663,2.0982220713393847e-06,4.29715880210306,1.000000001022848
550.0,0.8191458966508958,3.0,4.625745814322268,0.06312177319177041,0.7974395591228355,5.201893578111802,2.816016161013351,8.448048483040052,0.2885262460054663,2.0982220713393847e-06,4.29715880210306,1.00000000065351
550.0,0.8191458966508958,3.5,5.516849094330032,0.1396311132757645,1.099942910533779,5.214197169785409,2.816016161013351,9.856056563546728,0.2885262460054663,2.0982220713393847e-06,4.29715880210306,1.0000000007477603
550.0,0.8191458966508958,4.0,6.207918116543308,0.19088598854460345,1.3561460429960481,5.239402760576935,2.816016161013351,11.264064644053404,0.2885262460054663,2.0982220713393847e-06,4.29715880210306,1.0000000026264786
550.0,0.8191458966508958,4.5,6.857752244323918,0.23412179961914367,1.6189420464333353,5.326482780580914,2.816016161013351,12.672072724560078,0.2885262460054663,2.0982220713393847e-06,4.29715880210306,1.0000000004507135
550.0,0.8191458966508958,5.0,7.642143081176702,0.2811551732445003,1.8510255223594858,7.526144986370969,2.816016161013351,14.080080805066753,0.2885262460054663,2.0982220713393847e-06,4.29715880210306,1.0000000001549096
550.0,0.8191458966508958,5.5,8.776068428165155,0.3412400095033546,2.021907522826825,7.54136905809945,2.816016161013351,15.48808888557343,0.2885262460054663,2.0982220713393847e-06,4.29715880210306,0.9999999988884348
550.0,0.8191458966508958,6.0,9.772426012072472,0.3879423997056862,2.19522108027148,7.572984564005642,2.816016161013351,16.896096966080105,0.2885262460054663,2.0982220713393847e-06,4.29715880210306,1.0000000004032377
550.0,0.8601031914834406,0.0,1.9489584901731267,-0.31225740191825957,0.5165808536286497,2.723082096290549,2.681920153346048,0.0,0.27478690095758684,1.9983067346089376e-06,4.092532192479104,1.00000000028744
550.0,0.8601031914834406,0.5,1.9941681481697149,-0.3022982161169214,0.5209468640318162,2.7243593023690273,2.681920153346048,1.4784084845320091,0.27478690095758684,1.9983067346089376e-06,4.092532192479104,1.0000000020726878
550.0,0.8601031914834406,1.0,2.137051090896406,-0.27224508627706556,0.5352648262265304,2.7288926376817533,2.681920153346048,2.9568169690640183,0.27478690095758684,1.9983067346089376e-06,4.092532192479104,1.0000000051665603
550.0,0.8601031914834406,1.5,2.3895388730342013,-0.22374589130817552,0.5639298048685433,2.7400559035563026,2.681920153346048,4.435225453596027,0.27478690095758684,1.9983067346089376e-06,4.092532192479104,0.9999999969146532
550.0,0.8601031914834406,2.0,2.816653986319789,-0.1523264922519231,0.6184993550392625,2.7751123282246217,2.681920153346048,5.9136339381280365,0.27478690095758684,1.9983067346089376e-06,4.092532192479104,1.0000000019995974
550.0,0.8601031914834406,2.5,3.875203240711883,-0.013765506677891335,0.7401023837252992,4.950323140902859,2.681920153346048,7.3920424226600465,0.27478690095758684,1.9983067346089376e-06,4.092532192479104,1.0000000011682904
550.0,0.8601031914834406,3.0,4.9883069871616765,0.09589318137104731,1.0260778872731904,2.6045176324606527,2.681920153346048,8.870450907192055,0.27478690095758684,1.9983067346089376e-06,4.092532192479104,0.9999999995456461
550.0,0.8601031914834406,3.5,5.725443788774363,0.1557491638841442,1.3525436429811133,4.980844147408524,2.681920153346048,10.348859391724066,0.27478690095758684,1.9983067346089376e-06,4.092532192479104,0.9999999975141373
550.0,0.8601031914834406,4.0,6.420356230883553,0.20549913406409104,1.6496277759445699,5.045439390372056,2.681920153346048,11.827267876256073,0.27478690095758684,1.9983067346089376e-06,4.092532192479104,1.0000000007941885
550.0,0.8601031914834406,4.5,7.199611003848496,0.2552490407358206,1.9269750638365406,7.166929955005882,2.681920153346048,13.305676360788082,0.27478690095758684,1.9983067346089376e-06,4.092532192479104,0.9999999991312195
550.0,0.8601031914834406,5.0,8.386960252225247,0.3215445934708073,2.127024355468026,7.182746586293122,2.681920153346048,14.784084845320093,0.27478690095758684,1.9983067346089376e-06,4.092532192479104,0.9999999993508084
550.0,0.8601031914834406,5.5,9.405859827972888,0.37133851100135246,2.3325034554590123,7.218812091274993,2.681920153346048,16.262493329852102,0.27478690095758684,1.9983067346089376e-06,4.092532192479104,1.0000000006331458
550.0,0.8601031914834406,6.0,10.211708238961899,0.40703840665511226,2.6026658629095447,9.369952166821154,2.681920153346048,17.74090181438411,0.27478690095758684,1.9983067346089376e-06,4.092532192479104,1.0000000010232022
550.0,0.9023647554129298,0.0,1.8576805082547385,-0.3330889670487052,0.5419632902787497,2.595548626696019,2.5563144719023474,0.0,0.2619174663834372,1.9047175653635601e-06,3.900861573864571,1.00000000028744
550.0,0.9023647554129298,0.5,1.9100306293169296,-0.32101965966313034,0.5475386368442311,2.5970361303894216,2.5563144719023474,1.5510507619954705,0.2619174663834372,1.9047175653635601e-06,3.900861573864571,1.000000003627497
550.0,0.9023647554129298,1.0,2.0773408768337767,-0.2845522243157218,0.5661802308584551,2.6025293174116673,2.5563144719023474,3.102101523990941,0.2619174663834372,1.9047175653635601e-06,3.900861573864571,0.9999999966608493
550.0,0.9023647554129298,1.5,2.3749422061075296,-0.22640694573506961,0.6050720695514595,2.617669949025351,2.5563144719023474,4.653152285986412,0.2619174663834372,1.9047175653635601e-06,3.900861573864571,1.0000000005623397
550.0,0.9023647554129298,2.0,3.040937541938552,-0.11905249110161999,0.6893229339791905,2.688266886501971,2.5563144719023474,6.204203047981882,0.2619174663834372,1.9047175653635601e-06,3.900861573864571,1.0000000019560837
550.0,0.9023647554129298,2.5,4.266877543511942,0.028050187753478655,0.8973419292377984,4.722736678732282,2.5563144719023474,7.755253809977353,0.2619174663834372,1.9047175653635601e-06,3.900861573864571,0.9999999989509712
550.0,0.9023647554129298,3.0,5.17959593813171,0.11223589029289535,1.299898848390221,4.737967948906296,2.5563144719023474,9.306304571972824,0.2619174663834372,1.9047175653635601e-06,3.900861573864571,1.0000000003594913
550.0,0.9023647554129298,3.5,5.930452929929084,0.1710278719278967,1.6353312718525321,4.780205806141128,2.5563144719023474,10.857355333968295,0.2619174663834372,1.9047175653635601e-06,3.900861573864571,1.000000000005349
550.0,0.9023647554129298,4.0,6.697669811800459,0.22386374213451493,1.9712941677395786,6.829233066978019,2.5563144719023474,12.408406095963764,0.2619174663834372,1.9047175653635601e-06,3.900861573864571,0.9999999995360149
550.0,0.9023647554129298,4.5,7.879730119823158,0.2944513518622619,2.2140904269670156,6.844464804903406,2.5563144719023474,13.959456857959236,0.2619174663834372,1.9047175653635601e-06,3.900861573864571,1.000000000070439
550.0,0.9023647554129298,5.0,8.970806816758978,0.35077151306606186,2.4488580239695046,6.881117667266586,2.5563144719023474,15.510507619954707,0.2619174663834372,1.9047175653635601e-06,3.900861573864571,1.0000000006748035
550.0,0.9023647554129298,5.5,9.815648946930137,0.3898590262865224,2.761942531303048,8.932216937520892,2.5563144719023474,17.061558381950178,0.2619174663834372,1.9047175653635601e-06,3.900861573864571,1.0000000006019745
550.0,0.9023647554129298,6.0,10.7385762430897,0.4288867136149008,3.080036951621097,8.947946662392784,2.5563144719023474,18.612609143945647,0.2619174663834372,1.9047175653635601e-06,3.900861573864571,0.9999999998590422
550.0,0.9973793796812823,0.0,1.6807099200329632,-0.3765672279182704,0.5990293914137736,2.3482855665608,2.312789025108802,0.0,0.2369660886381969,1.7232660259621923e-06,3.5292488211705697,1.00000000028744
550.0,0.9973793796812823,0.5,1.751950124959787,-0.35853825294513814,0.6083493625057409,2.350344001448899,2.312789025108802,1.7143688708734073,0.2369660886381969,1.7232660259621923e-06,3.5292488211705697,0.999999997302439
550.0,0.9973793796812823,1.0,1.9819839239260777,-0.3049598637712941,0.6412970703476566,2.3589253062651805,2.312789025108802,3.4287377417468146,0.2369660886381969,1.7232660259621923e-06,3.5292488211705697,1.0000000001382003
550.0,0.9973793796812823,1.5,2.454792574940988,-0.2120451903330771,0.7205613114222568,2.3952550993727986,2.312789025108802,5.143106612620222,0.2369660886381969,1.7232660259621923e-06,3.5292488211705697,1.0000000006865701
550.0,0.9973793796812823,2.0,3.7368386800835482,-0.02955564163507422,0.9499296648275105,4.271781654205962,2.312789025108802,6.857475483493629,0.2369660886381969,1.7232660259621923e-06,3.5292488211705697,0.999999999480354
550.0,0.9973793796812823,2.5,4.758351567772178,0.07539653512966484,1.4770966346605916,4.288900842892792,2.312789025108802,8.571844354367036,0.2369660886381969,1.7232660259621923e-06,3.5292488211705697,0.9999999999740109
550.0,0.9973793796812823,3.0,5.576434362771652,0.14429660339036263,1.9374415038070152,4.35971193824265,2.312789025108802,10.286213225240443,0.2369660886381969,1.7232660259621923e-06,3.5292488211705697,1.0000000028114497
550.0,0.9973793796812823,3.5,6.608562638712783,0.21804701945019558,2.3414615467693762,6.185113979197061,2.312789025108802,12.00058209611385,0.2369660886381969,1.7232660259621923e-06,3.5292488211705697,1.0000000002739664
550.0,0.9973793796812823,4.0,7.92873874069367,0.29714411635259086,2.6391999602877845,6.214432719685823,2.312789025108802,13.714950966987258,0.2369660886381969,1.7232660259621923e-06,3.5292488211705697,0.9999999997898075
550.0,0.9973793796812823,4.5,8.876841782810775,0.34619848793449215,3.051014118593128,8.081244678156652,2.312789025108802,15.429319837860664,0.2369660886381969,1.7232660259621923e-06,3.5292488211705697,0.9999999993945506
550.0,0.9973793796812823,5.0,9.908228890285333,0.3939360393512472,3.4725843823783693,8.100154308795036,2.312789025108802,17.14368870873407,0.2369660886381969,1.7232660259621923e-06,3.5292488211705697,1.00000000005726
550.0,0.9973793796812823,5.5,11.283143012646102,0.4503701014856782,3.787738953837447,9.977177354992335,2.312789025108802,18.85805757960748,0.2369660886381969,1.7232660259621923e-06,3.5292488211705697,0.9999999998761744
550.0,0.9973793796812823,6.0,12.321349712006624,0.4885982928291821,3.991528678972339,2.3092791395757732,2.312789025108802,20.572426450480886,0.2369660886381969,1.7232660259621923e-06,3.5292488211705697,0.9999999998422426
550.0,1.1005248747756682,0.0,1.5231872135633044,-0.41930670596915975,0.6609789207625825,2.128195059805751,2.0960253930352093,0.0,0.21475670010606654,1.5617547948203818e-06,3.198473819792142,1.00000000028744
550.0,1.1005248747756682,0.5,1.6199927419875726,-0.3925469225395339,0.6765245130310181,2.131064583715493,2.0960253930352093,1.8916629172142767,0.21475670010606654,1.5617547948203818e-06,3.198473819792142,0.9999999970863368
550.0,1.1005248747756682,1.0,1.939542333207507,-0.3143607282076746,0.7363145957818884,2.14581342033072,2.0960253930352093,3.7833258344285534,0.21475670010606654,1.5617547948203818e-06,3.198473819792142,0.9999999988725109
550.0,1.1005248747756682,1.5,2.9455675970122415,-0.13289099763820997,0.9268133053853627,3.868339446934483,2.0960253930352093,5.674988751642831,0.21475670010606654,1.5617547948203818e-06,3.198473819792142,1.000000001072438
550.0,1.1005248747756682,2.0,4.217072990775465,0.02295112669346476,1.5643258593854685,3.883957305748369,2.0960253930352093,7.566651668857107,0.21475670010606654,1.5617547948203818e-06,3.198473819792142,0.9999999971954336
550.0,1.1005248747756682,2.5,5.116483205722464,0.10691156161493003,2.1838342779644693,3.968388726888049,2.0960253930352093,9.458314586071383,0.21475670010606654,1.5617547948203818e-06,3.198473819792142,1.0000000000737992
550.0,1.1005248747756682,3.0,6.3814852704882705,0.20286177982349782,2.68146528226056,5.6107734609105115,2.0960253930352093,11.349977503285661,0.21475670010606654,1.5617547948203818e-06,3.198473819792142,0.9999999994196668
550.0,1.1005248747756682,3.5,7.6420793456230225,0.28115155120884927,3.138868802150051,5.673158986881312,2.0960253930352093,13.241640420499936,0.21475670010606654,1.5617547948203818e-06,3.198473819792142,0.9999999988726374
550.0,1.1005248747756682,4.0,8.724576515188929,0.3386843644659887,3.7204158125945215,7.335064445251395,2.0960253930352093,15.133303337714214,0.21475670010606654,1.5617547948203818e-06,3.198473819792142,0.9999999996746876
550.0,1.1005248747756682,4.5,10.176388214845845,0.4055336750138551,4.1678795411285225,9.041682572027264,2.0960253930352093,17.02496625492849,0.21475670010606654,1.5617547948203818e-06,3.198473819792142,1.000000000954772
550.0,1.1005248747756682,5.0,11.335409108616137,0.4523772076302263,4.4459469570179175,2.0944771839402816,2.0960253930352093,18.916629172142766,0.21475670010606654,1.5617547948203818e-06,3.198473819792142,1.0000000003850713
550.0,1.1005248747756682,5.5,12.6186452796282,0.4989527408255606,4.889472752870609,2.102629438347234,2.0960253930352093,20.808292089357046,0.21475670010606654,1.5617547948203818e-06,3.198473819792142,0.9999999993197178
550.0,1.1005248747756682,6.0,14.032666636788969,0.5450802168064512,5.451521736871002,10.781227169610332,2.0960253930352093,22.699955006571322,0.21475670010606654,1.5617547948203818e-06,3.198473819792142,1.0000000001481095
550.0,1.102398582221007,0.0,1.5205983067298536,-0.42004548878783565,0.6621042757213219,2.1245778427728177,2.0924628536344088,0.0,0.21439168582319762,1.5591003360483533e-06,3.1930374882270276,1.00000000028744
550.0,1.102398582221007,0.5,1.6179224832107642,-0.3931022811717812,0.6777891079721949,2.1274643357724217,2.0924628536344088,1.8948835830740811,0.21439168582319762,1.5591003360483533e-06,3.1930374882270276,1.0000000014651527
550.0,1.102398582221007,1.0,1.9393609833250527,-0.3144013372390807,0.7382238519473427,2.142373400438337,2.0924628536344088,3.7897671661481622,0.21439168582319762,1.5591003360483533e-06,3.1930374882270276,1.000000001773046
550.0,1.102398582221007,1.5,2.9558913523820016,-0.13137152436841243,0.9321305143602184,3.8618636612770754,2.0924628536344088,5.684650749222244,0.21439168582319762,1.5591003360483533e-06,3.1930374882270276,1.0000000001934146
550.0,1.102398582221007,2.0,4.22197442335901,0.02345560670390902,1.5755134075581987,3.8777104846439205,2.0924628536344088,7.5795343322963245,0.21439168582319762,1.5591003360483533e-06,3.1930374882270276,0.999999999186926
550.0,1.102398582221007,2.5,5.122675293485398,0.10743683717833476,2.19832523362227,5.585814842459226,2.0924628536344088,9.474417915370404,0.21439168582319762,1.5591003360483533e-06,3.1930374882270276,1.0000000010654633
550.0,1.102398582221007,3.0,6.402137242867152,0.2042649885677824,2.69364592153658,5.60174338791755,2.0924628536344088,11.369301498444488,0.21439168582319762,1.5591003360483533e-06,3.1930374882270276,0.999999999792778
550.0,1.102398582221007,3.5,7.652952685667845,0.2817690369868697,3.1577598620016327,7.306864644764739,2.0924628536344088,13.264185081518571,0.21439168582319762,1.5591003360483533e-06,3.1930374882270276,0.9999999984496682
550.0,1.102398582221007,4.0,8.742075227054965,0.3395545480201683,3.74133598473537,7.323274174214452,2.0924628536344088,15.159068664592649,0.21439168582319762,1.5591003360483533e-06,3.1930374882270276,0.9999999988801851
550.0,1.102398582221007,4.5,10.202574800570126,0.4066497961757401,4.185238216137898,9.02666295169782,2.0924628536344088,17.05395224766673,0.21439168582319762,1.5591003360483533e-06,3.1930374882270276,1.0000000004677736
550.0,1.102398582221007,5.0,11.35588692440064,0.4531610680847393,4.464203095769454,2.0912553718002393,2.0924628536344088,18.94883583074081,0.21439168582319762,1.5591003360483533e-06,3.1930374882270276,0.9999999994683892
550.0,1.102398582221007,5.5,12.653956150035297,0.5001663338298841,4.918017167071847,2.0994627952242935,2.0924628536344088,20.843719413814895,0.21439168582319762,1.5591003360483533e-06,3.1930374882270276,0.9999999993935667
550.0,1.102398582221007,6.0,14.06014367042544,0.545929767119299,5.482440049881822,10.76401507069989,2.0924628536344088,22.738602996888975,0.21439168582319762,1.5591003360483533e-06,3.1930374882270276,1.0000000005225351
550.0,1.1584472366059666,0.0,1.447027852885139,-0.44158310068031204,0.6957672850132448,2.021785306815463,1.991224123383449,0.0,0.2040188651007632,1.4836670550793627e-06,3.0385501288025347,1.00000000028744
550.0,1.1584472366059666,0.5,1.5608474425065928,-0.408699534207464,0.7161375027625477,2.025222784681119,1.991224123383449,1.9912241233834493,0.2040188651007632,1.4836670550793627e-06,3.0385501288025347,1.0000000056851732
550.0,1.1584472366059666,1.0,1.943954155278838,-0.3133739726843093,0.7994158200100883,2.0463433054855598,1.991224123383449,3.9824482467668987,0.2040188651007632,1.4836670550793627e-06,3.0385501288025347,1.00000000225397
550.0,1.1584472366059666,1.5,3.2708962333525635,-0.08739322464022023,1.1277498396843355,3.6782942240936083,1.991224123383449,5.973672370150348,0.2040188651007632,1.4836670550793627e-06,3.0385501288025347,1.00000000065351
550.0,1.1584472366059666,2.0,4.389660997258592,0.0403709907126128,1.9178801265636176,3.704817221371467,1.991224123383449,7.964896493533797,0.2040188651007632,1.4836670550793627e-06,3.0385501288025347,1.0000000026264786
550.0,1.1584472366059666,2.5,5.403811195497902,0.13064017541250966,2.6177453980195278,5.321788156056048,1.991224123383449,9.956120616917246,0.2040188651007632,1.4836670550793627e-06,3.0385501288025347,1.0000000001549096
550.0,1.1584472366059666,3.0,6.910148701780255,0.2374274018736956,3.1045114241272445,5.3549087390294385,1.991224123383449,11.947344740300696,0.2040188651007632,1.4836670550793627e-06,3.0385501288025347,1.0000000004032377
550.0,1.1584472366059666,3.5,8.020522806274183,0.3021426867417118,3.7721485592228685,6.963306892714188,1.991224123383449,13.938568863684146,0.2040188651007632,1.4836670550793627e-06,3.0385501288025347,0.9999999994531913
550.0,1.1584472366059666,4.0,9.480902133309087,0.37478967226300247,4.336664676069765,8.588204498137522,1.991224123383449,15.929792987067595,0.2040188651007632,1.4836670550793627e-06,3.0385501288025347,0.9999999997603551
550.0,1.1584472366059666,4.5,10.73785412442707,0.4288575083749973,4.671022579394233,1.9894805341310584,1.991224123383449,17.921017110451043,0.2040188651007632,1.4836670550793627e-06,3.0385501288025347,0.9999999992706962
550.0,1.1584472366059666,5.0,12.10340893625741,0.4808477156576273,5.19243292096921,1.9983634416721214,1.991224123383449,19.912241233834493,0.2040188651007632,1.4836670550793627e-06,3.0385501288025347,0.9999999998043795
550.0,1.1584472366059666,5.5,13.546196920927116,0.5297573933227433,5.841890951301343,10.247456339163682,1.991224123383449,21.903465357217947,0.2040188651007632,1.4836670550793627e-06,3.0385501288025347,1.0000000000504425
550.0,1.1584472366059666,6.0,14.843916634253436,0.5694885152902154,6.346925974038066,11.863400589985849,1.991224123383449,23.894689480601393,0.2040188651007632,1.4836670550793627e-06,3.0385501288025347,1.0000000006450185
550.0,1.216369598436265,0.0,1.378121764652513,-0.4627723997502502,0.7305556492639071,1.9255098160147261,1.8964039270318558,0.0,0.19430368104834586,1.4130162429327261e-06,2.893857265526223,1.00000000028744
550.0,1.216369598436265,0.5,1.5111233181149577,-0.42276008410905613,0.7569787767108372,1.929618489234812,1.8964039270318558,2.090785329552622,0.19430368104834586,1.4130162429327261e-06,2.893857265526223,1.0000000051665603
550.0,1.216369598436265,1.0,1.9916751339828438,-0.30284149008391376,0.8746901762155371,1.962300745842018,1.8964039270318558,4.181570659105244,0.19430368104834586,1.4130162429327261e-06,2.893857265526223,1.0000000019995974
550.0,1.216369598436265,1.5,3.5272656972622576,-0.05462181646094331,1.451093264232878,1.8416720796328594,1.8964039270318558,6.272355988657865,0.19430368104834586,1.4130162429327261e-06,2.893857265526223,0.9999999995456461
550.0,1.216369598436265,2.0,4.539877428491064,0.054984136232100446,2.332925973608176,3.5676644069978005,1.8964039270318558,8.363141318210488,0.19430368104834586,1.4130162429327261e-06,2.893857265526223,1.0000000007941885
550.0,1.216369598436265,2.5,5.930476467890509,0.17102959563881673,3.008066691000774,5.078968818712392,1.8964039270318558,10.45392664776311,0.19430368104834586,1.4130162429327261e-06,2.893857265526223,0.9999999993508084
550.0,1.216369598436265,3.0,7.220768143268495,0.25652340882312163,3.680725361652153,6.625556716552822,1.8964039270318558,12.54471197731573,0.19430368104834586,1.4130162429327261e-06,2.893857265526223,1.0000000010232022
550.0,1.216369598436265,3.5,8.581906800366404,0.33152380244986396,4.412332717644872,6.654066352104538,1.8964039270318558,14.635497306868354,0.19430368104834586,1.4130162429327261e-06,2.893857265526223,0.9999999997923436
550.0,1.216369598436265,4.0,10.02452114441519,0.3990036448964174,4.843261954449201,1.892489322281136,1.8964039270318558,16.726282636420976,0.19430368104834586,1.4130162429327261e-06,2.893857265526223,0.9999999999382081
550.0,1.216369598436265,4.5,11.409263290104342,0.4551976110769329,5.40086562363683,1.9023266158919514,1.8964039270318558,18.817067965973596,0.19430368104834586,1.4130162429327261e-06,2.893857265526223,1.0000000004372973
550.0,1.216369598436265,5.0,12.929285148515946,0.5095145223662599,6.149404054852444,9.760316783096991,1.8964039270318558,20.90785329552622,0.19430368104834586,1.4130162429327261e-06,2.893857265526223,0.9999999998545321
550.0,1.216369598436265,5.5,14.322319379622003,0.553953362691743,6.724528751673063,11.300526025470681,1.8964039270318558,22.998638625078843,0.19430368104834586,1.4130162429327261e-06,2.893857265526223,1.0000000005785337
550.0,1.216369598436265,6.0,15.88033598713906,0.5987996954165694,7.3858071740861355,12.848275478739343,1.8964039270318558,25.08942395463146,0.19430368104834586,1.4130162429327261e-06,2.893857265526223,0.9999999996083004
550.0,1.218475796513094,0.0,1.3757396103096422,-0.4635237496574008,0.7318206388735408,1.9221814732745501,1.8931258953176147,0.0,0.19396781714319825,1.4105737716896294e-06,2.888855084420361,1.00000000028744
550.0,1.218475796513094,0.5,1.5094824864151497,-0.4232319127879136,0.7584903374220578,1.9263168365250831,1.8931258953176147,2.094405617371248,0.19396781714319825,1.4105737716896294e-06,2.888855084420361,1.0000000015026373
550.0,1.218475796513094,1.0,1.9968111438656944,-0.3017229995947263,0.8778590629913834,1.9595948828034744,1.8931258953176147,4.188811234742496,0.19396781714319825,1.4105737716896294e-06,2.888855084420361,1.0000000003219698
550.0,1.218475796513094,1.5,3.532870657347252,-0.05393225364647879,1.46477408867388,1.836979264016792,1.8931258953176147,6.2832168521137435,0.19396781714319825,1.4105737716896294e-06,2.888855084420361,0.9999999998724254
550.0,1.218475796513094,2.0,4.545267748161297,0.05549947997568379,2.3492141103790103,3.564264689716279,1.8931258953176147,8.377622469484992,0.19396781714319825,1.4105737716896294e-06,2.888855084420361,1.000000000291247
550.0,1.218475796513094,2.5,5.951117298734508,0.17253851912689813,3.021993339762024,5.070730964926227,1.8931258953176147,10.47202808685624,0.19396781714319825,1.4105737716896294e-06,2.888855084420361,1.000000000519119
550.0,1.218475796513094,3.0,7.231858478606358,0.25718992744441843,3.7034561662930554,6.614414291312595,1.8931258953176147,12.566433704227487,0.19396781714319825,1.4105737716896294e-06,2.888855084420361,0.9999999996499572
550.0,1.218475796513094,3.5,8.610769564622084,0.3329819757741809,4.43425973607853,6.64396588251369,1.8931258953176147,14.660839321598736,0.19396781714319825,1.4105737716896294e-06,2.888855084420361,1.0000000010516923
550.0,1.218475796513094,4.0,10.039199530298248,0.3996390946450369,4.861596424155055,1.8896594982278827,1.8931258953176147,16.755244938969984,0.19396781714319825,1.4105737716896294e-06,2.888855084420361,0.9999999997762146
550.0,1.218475796513094,4.5,11.441748006346044,0.45643238728272784,5.432921345238521,1.8994093466708728,1.8931258953176147,18.849650556341228,0.19396781714319825,1.4105737716896294e-06,2.888855084420361,0.9999999995723837
550.0,1.218475796513094,5.0,12.94972155430904,0.5102004389636574,6.183346153493297,9.744771289467026,1.8931258953176147,20.94405617371248,0.19396781714319825,1.4105737716896294e-06,2.888855084420361,1.00000000030123
550.0,1.218475796513094,5.5,14.358749838937507,0.5550566378759509,6.756297494389298,11.281715501649806,1.8931258953176147,23.038461791083726,0.19396781714319825,1.4105737716896294e-06,2.888855084420361,1.0000000000388591
550.0,1.218475796513094,6.0,15.90794191246427,0.5995540051711518,7.431509199028841,12.82656479334056,1.8931258953176147,25.132867408454974,0.19396781714319825,1.4105737716896294e-06,2.888855084420361,0.9999999997238548
550.0,1.3467753774655815,0.0,1.244680772692174,-0.507002010526966,0.8088777963226653,1.7390662473340142,1.7127786279680821,0.0,0.17548961352131986,1.2761964829164133e-06,2.6136503970128144,1.00000000028744
550.0,1.3467753774655815,0.5,1.4287712914079211,-0.4470972760631546,0.8549549402850957,1.7452102492147288,1.7127786279680821,2.3149363524274853,0.17548961352131986,1.2761964829164133e-06,2.6136503970128144,0.9999999975382482
550.0,1.3467753774655815,1.0,2.401051096379871,-0.2216585890219966,1.1320502489855997,3.1609967283689073,1.7127786279680821,4.629872704854971,0.17548961352131986,1.2761964829164133e-06,2.6136503970128144,1.0000000013718044
550.0,1.3467753774655815,1.5,3.8214254121688422,-0.019834604025997803,2.276416600441307,3.1895022907615256,1.7127786279680821,6.944809057282457,0.17548961352131986,1.2761964829164133e-06,2.6136503970128144,0.9999999989570355
550.0,1.3467753774655815,2.0,5.202444607517069,0.11414747347540508,3.277057471835487,4.584682290537575,1.7127786279680821,9.259745409709941,0.17548961352131986,1.2761964829164133e-06,2.6136503970128144,1.0000000001777898
550.0,1.3467753774655815,2.5,6.654029752643336,0.221024747101435,4.189483333391757,5.985856420370995,1.7127786279680821,11.574681762137427,0.17548961352131986,1.2761964829164133e-06,2.6136503970128144,1.0000000004781477
550.0,1.3467753774655815,3.0,8.298771606171947,0.31695382103092,5.0944640143709945,7.3883273182767635,1.7127786279680821,13.889618114564914,0.17548961352131986,1.2761964829164133e-06,2.6136503970128144,0.9999999999487031
550.0,1.3467753774655815,3.5,9.744501460662475,0.38669963371400806,5.662580582264382,1.7147419537011364,1.7127786279680821,16.2045544669924,0.17548961352131986,1.2761964829164133e-06,2.6136503970128144,0.9999999997166684
550.0,1.3467753774655815,4.0,11.446909571593112,0.45662826066107265,6.658735798012789,8.809520442365724,1.7127786279680821,18.519490819419882,0.17548961352131986,1.2761964829164133e-06,2.6136503970128144,1.000000000237517
550.0,1.3467753774655815,4.5,12.98380503301341,0.5113419941006444,7.464821626184847,10.206885269712362,1.7127786279680821,20.83442717184737,0.17548961352131986,1.2761964829164133e-06,2.6136503970128144,0.9999999996907306
550.0,1.3467753774655815,5.0,14.657474700351994,0.5639991619121572,8.400625672085136,11.607234538675193,1.7127786279680821,23.149363524274854,0.17548961352131986,1.2761964829164133e-06,2.6136503970128144,1.0000000001116611
550.0,1.3467753774655815,5.5,16.334250511581438,0.6110392205687717,9.298482270928028,11.637901657961274,1.7127786279680821,25.46429987670234,0.17548961352131986,1.2761964829164133e-06,2.6136503970128144,1.0000000002026086
550.0,1.3467753774655815,6.0,17.913243356902182,0.6511142346372236,10.029588434072965,1.7147351718928592,1.7127786279680821,27.77923622912983,0.17548961352131986,1.2761964829164133e-06,2.6136503970128144,0.9999999998072393
550.0,1.4885842809008711,0.0,1.1261071603229458,-0.5504802713965313,0.8940486980401658,1.5733953607742606,1.5496120124288117,0.0,0.15877172258491923,1.1546205492374511e-06,2.3646628848383,1.00000000028744
550.0,1.4885842809008711,0.5,1.3798253464242114,-0.4622358729589669,0.9756849452663897,1.583156096000689,1.5496120124288117,2.5586879023540954,0.15877172258491923,1.1546205492374511e-06,2.3646628848383,0.9999999946874674
550.0,1.4885842809008711,1.0,2.8779261596386156,-0.1429803444907136,1.769715986406795,1.5054180232388406,1.5496120124288117,5.117375804708191,0.15877172258491923,1.1546205492374511e-06,2.3646628848383,1.000000002439821
550.0,1.4885842809008711,1.5,4.150899050589403,0.01608218018472159,3.329224784528827,4.140955037696382,1.5496120124288117,7.676063707062287,0.15877172258491923,1.1546205492374511e-06,2.3646628848383,0.9999999997868031
550.0,1.4885842809008711,2.0,5.891657000928796,0.16817746392681757,4.495505636375884,5.4138409793088496,1.5496120124288117,10.234751609416382,0.15877172258491923,1.1546205492374511e-06,2.3646628848383,0.9999999994886619
550.0,1.4885842809008711,2.5,7.670640859550137,0.2827716581672366,5.701652991876239,6.685894659577394,1.5496120124288117,12.793439511770478,0.15877172258491923,1.1546205492374511e-06,2.3646628848383,1.0000000001633105
550.0,1.4885842809008711,3.0,9.30369863662422,0.36659564304818504,6.5971460820677965,1.5543216593086642,1.5496120124288117,15.352127414124574,0.15877172258491923,1.1546205492374511e-06,2.3646628848383,1.0000000006364396
550.0,1.4885842809008711,3.5,11.083284532402148,0.4426084913489315,7.894871224862649,9.227639695029938,1.5496120124288117,17.91081531647867,0.15877172258491923,1.1546205492374511e-06,2.3646628848383,0.9999999994574189
550.0,1.4885842809008711,4.0,12.956079717387246,0.5104136201863797,9.020666147320664,10.498555303683737,1.5496120124288117,20.469503218832763,0.15877172258491923,1.1546205492374511e-06,2.3646628848383,1.0000000002302927
550.0,1.4885842809008711,4.5,14.769934854714867,0.567318588459258,10.273663147829089,10.528954024713832,1.5496120124288117,23.02819112118686,0.15877172258491923,1.1546205492374511e-06,2.3646628848383,0.9999999997345127
550.0,1.4885842809008711,5.0,16.55077328930902,0.6167582984716429,11.324897379473178,1.5524912528282124,1.5496120124288117,25.586879023540956,0.15877172258491923,1.1546205492374511e-06,2.3646628848383,0.9999999998406005
550.0,1.4885842809008711,5.5,18.426772890703866,0.6633892918847382,12.567078479779264,14.312736489088133,1.5496120124288117,28.145566925895046,0.15877172258491923,1.1546205492374511e-06,2.3646628848383,0.9999999999415334
550.0,1.4885842809008711,6.0,20.345543052670926,0.7064092949788553,13.630655224936985,14.337416727957674,1.5496120124288117,30.704254828249148,0.15877172258491923,1.1546205492374511e-06,2.3646628848383,1.0000000000039448
550.0,1.645324972836306,0.0,1.0188293772609203,-0.5939585322660966,0.9881876818738412,1.4235069912379787,1.4019893463479276,0.0,0.14364644942089422,1.0446264588308775e-06,2.139394987685637,1.00000000028744
550.0,1.645324972836306,0.5,1.3755476296727756,-0.46358435847362844,1.1388342181573825,1.4414232805320957,1.4019893463479276,2.8281053061299146,0.14364644942089422,1.0446264588308775e-06,2.139394987685637,0.999999998457125
550.0,1.645324972836306,1.0,3.114199613062976,-0.10871354492201234,2.759854336693229,2.609887961063187,1.4019893463479276,5.656210612259829,0.14364644942089422,1.0446264588308775e-06,2.139394987685637,1.0000000001187144
550.0,1.645324972836306,1.5,4.907327912371392,0.08878508759758995,4.451768748762886,3.772995980776176,1.4019893463479276,8.484315918389745,0.14364644942089422,1.0446264588308775e-06,2.139394987685637,0.9999999995902015
550.0,1.645324972836306,2.0,6.749723447570267,0.22722598777644687,6.200536645866803,6.047360193847019,1.4019893463479276,11.312421224519658,0.14364644942089422,1.0446264588308775e-06,2.139394987685637,1.0000000004802814
550.0,1.645324972836306,2.5,8.61839131126818,0.33336621767088515,7.453468390266056,1.4078900302001744,1.4019893463479276,14.140526530649572,0.14364644942089422,1.0446264588308775e-06,2.139394987685637,0.9999999996425107
550.0,1.645324972836306,3.0,10.56220040231016,0.42169441200552005,9.080361000545187,8.354046996917438,1.4019893463479276,16.96863183677949,0.14364644942089422,1.0446264588308775e-06,2.139394987685637,0.9999999996915309
550.0,1.645324972836306,3.5,12.546518104420658,0.4964632262942858,10.794546931648897,9.50837943308753,1.4019893463479276,19.796737142909404,0.14364644942089422,1.0446264588308775e-06,2.139394987685637,0.9999999992196907
550.0,1.645324972836306,4.0,14.58525218480722,0.5618539513189112,12.18505348788997,1.4033232836776544,1.4019893463479276,22.624842449039317,0.14364644942089422,1.0446264588308775e-06,2.139394987685637,0.9999999998970576
550.0,1.645324972836306,4.5,16.663539322023876,0.6197072593306125,13.885110579263023,12.949183804250072,1.4019893463479276,25.452947755169234,0.14364644942089422,1.0446264588308775e-06,2.139394987685637,0.9999999994611585
550.0,1.645324972836306,5.0,18.738836760394094,0.6706826366207129,15.384723878490256,14.103099995182959,1.4019893463479276,28.281053061299144,0.14364644942089422,1.0446264588308775e-06,2.139394987685637,0.9999999994872051
550.0,1.645324972836306,5.5,20.829973773133414,0.7166287318031437,16.834444229890583,1.401329949726659,1.4019893463479276,31.10915836742906,0.14364644942089422,1.0446264588308775e-06,2.139394987685637,1.0000000002255194
550.0,1.645324972836306,6.0,22.925696571033296,0.7582625487549971,18.55814136816741,16.412021728027636,1.4019893463479276,33.93726367355898,0.14364644942089422,1.0446264588308775e-06,2.139394987685637,1.0000000002424194
550.0,1.8185696980492723,0.0,0.9217713345079812,-0.6374367931356618,1.0922390432957434,1.2878976286711785,1.2684298466377482,0.0,0.12996207445058894,9.451108757853241e-07,1.9355870736083436,1.00000000028744
550.0,1.8185696980492723,0.5,1.5406797309045646,-0.41434762227642485,1.4051599095835692,1.3404112410626683,1.2684298466377482,3.125891053458114,0.12996207445058894,9.451108757853241e-07,1.9355870736083436,1.0000000001159182
550.0,1.8185696980492723,1.0,3.375311920500693,-0.07374607813344757,4.044253192039926,3.3893241320084857,1.2684298466377482,6.251782106916228,0.12996207445058894,9.451108757853241e-07,1.9355870736083436,1.0000000007784393
550.0,1.8185696980492723,1.5,5.418399906901652,0.1318110638083428,6.313669465267806,4.4420587166869065,1.2684298466377482,9.377673160374343,0.12996207445058894,9.451108757853241e-07,1.9355870736083436,1.0000000002530112
550.0,1.8185696980492723,2.0,7.565015828578794,0.2767498497235412,8.011209162695597,1.2719616342144828,1.2684298466377482,12.503564213832457,0.12996207445058894,9.451108757853241e-07,1.9355870736083436,1.0000000008597232
550.0,1.8185696980492723,2.5,9.766210341630455,0.3876660824216657,10.19688566910877,7.5608726013521155,1.2684298466377482,15.62945526729057,0.12996207445058894,9.451108757853241e-07,1.9355870736083436,0.9999999997680802
550.0,1.8185696980492723,3.0,12.013900671192106,0.4776240456281809,12.496811771877777,8.616100537892633,1.2684298466377482,18.755346320748686,0.12996207445058894,9.451108757853241e-07,1.9355870736083436,1.0000000006839005
550.0,1.8185696980492723,3.5,14.273840318407192,0.552480842663459,14.580374925054164,4.414218114214472,1.2684298466377482,21.8812373742068,0.12996207445058894,9.451108757853241e-07,1.9355870736083436,1.0000000002411156
550.0,1.8185696980492723,4.0,16.561833913279763,0.6170484337730504,16.555493102310002,11.733681130250107,1.2684298466377482,25.007128427664913,0.12996207445058894,9.451108757853241e-07,1.9355870736083436,1.0000000000372484
550.0,1.8185696980492723,4.5,18.837044926277052,0.6729527822418921,18.599632447961305,1.2677816163489048,1.2684298466377482,28.13301948112303,0.12996207445058894,9.451108757853241e-07,1.9355870736083436,1.0000000001595488
550.0,1.8185696980492723,5.0,21.128116669013274,0.722800795042468,20.884874561352742,14.855457053523432,1.2684298466377482,31.25891053458114,0.12996207445058894,9.451108757853241e-07,1.9355870736083436,0.9999999998412845
550.0,1.8185696980492723,5.5,23.428194769549698,0.7676788345362864,22.991304929621244,16.925313254973283,1.2684298466377482,34.38480158803926,0.12996207445058894,9.451108757853241e-07,1.9355870736083436,0.9999999999925101
550.0,1.8185696980492723,6.0,25.742367404896633,0.8085884931053814,24.909437994239124,1.2701062663166613,1.2684298466377482,37.51069264149737,0.12996207445058894,9.451108757853241e-07,1.9355870736083436,1.000000000102628
550.0,2.0100562510528768,0.0,0.8339594559050761,-0.680915054005227,1.2072465075029193,1.1652069938162675,1.147593795939004,0.0,0.11758133155112745,8.550755726859439e-07,1.751194772860813,1.00000000028744
550.0,2.0100562510528768,0.5,1.8947965513027631,-0.32449740572567576,1.9699690826011838,2.119976846606965,1.147593795939004,3.4550321930765544,0.11758133155112745,8.550755726859439e-07,1.751194772860813,0.9999999992376442
550.0,2.0100562510528768,1.0,3.9970202283875307,-0.00032364515571032794,5.407997308112941,3.0870501144433606,1.147593795939004,6.910064386153109,0.11758133155112745,8.550755726859439e-07,1.751194772860813,1.0000000017697628
550.0,2.0100562510528768,1.5,6.2112252168211155,0.19111728556681315,8.124717666074815,1.1467890974643817,1.147593795939004,10.365096579229663,0.11758133155112745,8.550755726859439e-07,1.751194772860813,0.9999999997229736
550.0,2.0100562510528768,2.0,8.592390360600227,0.3320540078938569,11.045964574626753,6.837585158186202,1.147593795939004,13.820128772306218,0.11758133155112745,8.550755726859439e-07,1.751194772860813,1.00000000084091
550.0,2.0100562510528768,2.5,11.109034067289635,0.4436163072633783,14.022041088515717,7.80420064352048,1.147593795939004,17.275160965382774,0.11758133155112745,8.550755726859439e-07,1.751194772860813,0.9999999995926031
550.0,2.0100562510528768,3.0,13.570044471790807,0.5305212796052972,16.89038548855127,9.67604478130539,1.147593795939004,20.730193158459326,0.11758133155112745,8.550755726859439e-07,1.751194772860813,0.9999999997720225
550.0,2.0100562510528768,3.5,16.08032852894327,0.6042349260228845,19.68547638321689,11.553280046429057,1.147593795939004,24.185225351535884,0.11758133155112745,8.550755726859439e-07,1.751194772860813,0.9999999997553364
550.0,2.0100562510528768,4.0,18.668467012500635,0.6690486653813573,22.549033332063647,13.432601867927463,1.147593795939004,27.640257544612435,0.11758133155112745,8.550755726859439e-07,1.751194772860813,0.9999999999887741
550.0,2.0100562510528768,4.5,21.186375983559174,0.7239966838847152,25.400429297041082,15.312830158270291,1.147593795939004,31.09528973768899,0.11758133155112745,8.550755726859439e-07,1.751194772860813,0.9999999999900451
550.0,2.0100562510528768,5.0,23.771093377481268,0.7739891667101048,28.111007215343005,1.1503524357516575,1.147593795939004,34.55032193076555,0.11758133155112745,8.550755726859439e-07,1.751194772860813,0.9999999999024224
550.0,2.0100562510528768,5.5,26.346164419937182,0.8186574064936535,30.997656430686572,18.147717367205065,1.147593795939004,38.0053541238421,0.11758133155112745,8.550755726859439e-07,1.751194772860813,0.999999999954368
550.0,2.0100562510528768,6.0,28.880586802790823,0.8585460217602554,33.750630357891865,1.149080765485032,1.147593795939004,41.46038631691865,0.11758133155112745,8.550755726859439e-07,1.751194772860813,1.0000000001070735
550.0,2.2217054076787313,0.0,0.7545129123208469,-0.7243933148747923,1.334363698884336,1.054204393433966,1.038269104096387,0.0,0.10638003115741668,7.736174175296147e-07,1.584368471100651,1.00000000028744
550.0,2.2217054076787313,0.5,2.121736996474665,-0.27536844213903533,3.252040962040705,1.9249410316686322,1.038269104096387,3.818830295441498,0.10638003115741668,7.736174175296147e-07,1.584368471100651,0.9999999987792876
550.0,2.2217054076787313,1.0,4.410834098505893,0.04246073195522904,7.670953743059488,3.6354269554817904,1.038269104096387,7.637660590882996,0.10638003115741668,7.736174175296147e-07,1.584368471100651,0.9999999991037323
550.0,2.2217054076787313,1.5,7.084373419845846,0.24824145361021588,11.242232222653966,5.34388274551141,1.038269104096387,11.456490886324493,0.10638003115741668,7.736174175296147e-07,1.584368471100651,0.9999999998330902
550.0,2.2217054076787313,2.0,9.772083101389239,0.387927160211395,15.19809869482903,7.050966304471501,1.038269104096387,15.275321181765992,0.10638003115741668,7.736174175296147e-07,1.584368471100651,0.9999999999230029
550.0,2.2217054076787313,2.5,12.509783649768465,0.49518980753218805,18.94839020703648,9.591123831330243,1.038269104096387,19.094151477207493,0.10638003115741668,7.736174175296147e-07,1.584368471100651,1.0000000001240983
550.0,2.2217054076787313,3.0,15.340213097004986,0.583771401284385,22.623170266056732,1.0371772942313677,1.038269104096387,22.912981772648987,0.10638003115741668,7.736174175296147e-07,1.584368471100651,1.0000000000981129
550.0,2.2217054076787313,3.5,18.14744632078677,0.6567555291285232,26.540976082725184,13.002631344439125,1.038269104096387,26.731812068090488,0.10638003115741668,7.736174175296147e-07,1.584368471100651,1.0000000000780667
550.0,2.2217054076787313,4.0,20.95988901470286,0.7193289873449035,30.257081988044053,1.039415819154377,1.038269104096387,30.550642363531985,0.10638003115741668,7.736174175296147e-07,1.584368471100651,0.9999999999492537
550.0,2.2217054076787313,4.5,23.825590383752626,0.7749836796709314,34.243784224166276,16.418674088901906,1.038269104096387,34.36947265897348,0.10638003115741668,7.736174175296147e-07,1.584368471100651,0.9999999998895271
550.0,2.2217054076787313,5.0,26.66275680405164,0.8238450600848142,38.06639923127,1.0409541483527813,1.038269104096387,38.188302954414986,0.10638003115741668,7.736174175296147e-07,1.584368471100651,1.0000000000112315
550.0,2.2217054076787313,5.5,29.46048282237692,0.8671798688085127,41.91689157393393,20.667301582176545,1.038269104096387,42.00713324985648,0.10638003115741668,7.736174175296147e-07,1.584368471100651,0.9999999998482118
550.0,2.2217054076787313,6.0,32.27360000245083,0.9067874207445757,45.74938076973549,22.371294866802838,1.038269104096387,45.825963545297974,0.10638003115741668,7.736174175296147e-07,1.584368471100651,1.000000000035954
550.0,2.455640192120709,0.0,0.6826347861732075,-0.7678715757443575,1.4748657128718026,0.953776375385124,0.9393591498453963,0.0,0.09624581453333977,6.999193145294119e-07,1.4334347561562355,1.00000000028744
550.0,2.455640192120709,0.5,2.284739196888489,-0.24322335883306476,4.8429276433560196,1.7759483138506713,0.9393591498453963,4.220934570336338,0.09624581453333977,6.999193145294119e-07,1.4334347561562355,0.999999999046541
550.0,2.455640192120709,1.0,5.057925297865292,0.1019124194921145,9.891685247726466,0.9384668833940292,0.9393591498453963,8.441869140672676,0.09624581453333977,6.999193145294119e-07,1.4334347561562355,0.9999999998606524
550.0,2.455640192120709,1.5,8.01743853197854,0.3019756476404774,15.267906180226275,6.365667420752148,0.9393591498453963,12.662803711009014,0.09624581453333977,6.999193145294119e-07,1.4334347561562355,0.9999999998658703
550.0,2.455640192120709,2.0,11.050922823238219,0.4413385545941565,20.540667177300715,7.918847021836001,0.9393591498453963,16.88373828134535,0.09624581453333977,6.999193145294119e-07,1.4334347561562355,1.000000000537947
550.0,2.455640192120709,2.5,14.135098575159436,0.548238850185126,25.42617018036285,0.9397105479017783,0.9393591498453963,21.10467285168169,0.09624581453333977,6.999193145294119e-07,1.4334347561562355,1.000000000133892
550.0,2.455640192120709,3.0,17.250151729564138,0.6347329280826433,30.867455234087593,12.53332926716333,0.9393591498453963,25.325607422018027,0.09624581453333977,6.999193145294119e-07,1.4334347561562355,1.0000000001013238
550.0,2.455640192120709,3.5,20.380290051706133,0.7071503692530954,35.92951373449,14.840957743695368,0.9393591498453963,29.546541992354367,0.09624581453333977,6.999193145294119e-07,1.4334347561562355,0.9999999998358979
550.0,2.455640192120709,4.0,23.520018713326433,0.7693776716157292,41.00646832123014,0.9403540781217493,0.9393591498453963,33.7674765626907,0.09624581453333977,6.999193145294119e-07,1.4334347561562355,1.0000000002182716
550.0,2.455640192120709,4.5,26.640805750775133,0.8234873645991116,46.309312769727605,18.69831407750338,0.9393591498453963,37.98841113302704,0.09624581453333977,6.999193145294119e-07,1.4334347561562355,0.9999999999023953
550.0,2.455640192120709,5.0,29.732777598695776,0.8711754910165463,51.40636579522036,21.012854585205357,0.9393591498453963,42.20934570336338,0.09624581453333977,6.999193145294119e-07,1.4334347561562355,1.0000000001536868
550.0,2.455640192120709,5.5,32.78136555389867,0.9135670494309396,56.50185771460655,0.9408229066448844,0.9393591498453963,46.43028027369972,0.09624581453333977,6.999193145294119e-07,1.4334347561562355,1.0000000001331304
550.0,2.455640192120709,6.0,35.758612848548196,0.9513206719305448,61.792238124999024,24.87488611650226,0.9393591498453963,50.651214844036055,0.09624581453333977,6.999193145294119e-07,1.4334347561562355,1.0000000000446918
550.0,2.714207172704789,0.0,0.6176040776563733,-0.8113498366139227,1.6301619062505694,0.8629155597422263,0.8498717807520825,0.0,0.08707702671640188,6.332420079367831e-07,1.2968796322545317,1.00000000028744
550.0,2.714207172704789,0.5,2.640918957580304,-0.18030491720006378,6.688865226971267,2.2758519185551256,0.8498717807520825,4.6653784716036055,0.08707702671640188,6.332420079367831e-07,1.2968796322545317,1.000000000395248
550.0,2.714207172704789,1.0,5.771018095746008,0.1591924447672739,13.658221555383639,4.373398666223123,0.8498717807520825,9.330756943207211,0.08707702671640188,6.332420079367831e-07,1.2968796322545317,1.0000000001482097
550.0,2.714207172704789,1.5,9.049369537942711,0.3545583319954472,20.58416080992007,0.8513539348937952,0.8498717807520825,13.996135414810816,0.08707702671640188,6.332420079367831e-07,1.2968796322545317,1.000000000395376
550.0,2.714207172704789,2.0,12.492486570771977,0.4945888999271254,27.523225841473955,0.8483147795209252,0.8498717807520825,18.661513886414422,0.08707702671640188,6.332420079367831e-07,1.2968796322545317,0.9999999997148222
550.0,2.714207172704789,2.5,15.910218799897986,0.5996161608475282,34.7480746252782,11.342723774302803,0.8498717807520825,23.326892358018025,0.08707702671640188,6.332420079367831e-07,1.2968796322545317,0.9999999997826703
550.0,2.714207172704789,3.0,19.40132431934402,0.6857713842184223,41.59101222049406,13.437599791802135,0.8498717807520825,27.99227082962163,0.08707702671640188,6.332420079367831e-07,1.2968796322545317,1.0000000000506204
550.0,2.714207172704789,3.5,22.843565388694785,0.7567038975537076,48.49736993938318,16.221265685280244,0.8498717807520825,32.657649301225234,0.08707702671640188,6.332420079367831e-07,1.2968796322545317,0.9999999999116617
550.0,2.714207172704789,4.0,26.29084363962687,0.8177445309577894,55.620595390396495,18.31050363647613,0.8498717807520825,37.323027772828844,0.08707702671640188,6.332420079367831e-07,1.2968796322545317,1.0000000002342433
550.0,2.714207172704789,4.5,29.64455002351626,0.8698848712198769,62.419657444051815,0.8511739155647563,0.8498717807520825,41.98840624443245,0.08707702671640188,6.332420079367831e-07,1.2968796322545317,0.9999999999333617
550.0,2.714207172704789,5.0,32.94989828523815,0.9157940869578179,69.4002069998942,0.8495560878191684,0.8498717807520825,46.65378471603605,0.08707702671640188,6.332420079367831e-07,1.2968796322545317,1.0000000000737925
550.0,2.714207172704789,5.5,36.088041130215274,0.9553033177355155,76.4791004638633,25.981438055186487,0.8498717807520825,51.31916318763966,0.08707702671640188,6.332420079367831e-07,1.2968796322545317,1.0000000000094602
550.0,2.714207172704789,6.0,39.16272926721803,0.9908129590245179,83.34980216451855,28.07704001495563,0.8498717807520825,55.98454165924326,0.08707702671640188,6.332420079367831e-07,1.2968796322545317,0.9999999999047656
550.0,3.0000000000000004,0.0,0.5587684724888847,-0.8548280974834879,1.8018100342274872,0.780710533896973,0.7689093610655647,0.0,0.07878169683048819,5.729166666666667e-07,1.1733333333333333,1.00000000028744
550.0,3.0000000000000004,0.5,2.965798188456349,-0.12991839575552647,9.239327717413348,2.6868921721417456,0.7689093610655647,5.156620156177411,0.07878169683048819,5.729166666666667e-07,1.1733333333333333,1.0000000000704834
550.0,3.0000000000000004,1.0,6.5293160061548505,0.2128076967906957,18.53699449178089,5.210259502490373,0.7689093610655647,10.313240312354822,0.07878169683048819,5.729166666666667e-07,1.1733333333333333,1.0000000003683076
550.0,3.0000000000000004,1.5,10.248650506177805,0.40860669198531124,27.966766743160846,7.734464526591926,0.7689093610655647,15.469860468532232,0.07878169683048819,5.729166666666667e-07,1.1733333333333333,1.000000000004209
550.0,3.0000000000000004,2.0,14.045885237804113,0.5454891243547535,37.50400034430855,10.258404969975514,0.7689093610655647,20.626480624709643,0.07878169683048819,5.729166666666667e-07,1.1733333333333333,0.9999999996406479
550.0,3.0000000000000004,2.5,17.87321688293419,0.6501427340246081,46.91751324522383,12.78117881988349,0.7689093610655647,25.78310078088705,0.07878169683048819,5.729166666666667e-07,1.1733333333333333,0.9999999999469948
550.0,3.0000000000000004,3.0,21.689428700582237,0.734188121522918,56.275917717200734,15.304281054024203,0.7689093610655647,30.939720937064465,0.07878169683048819,5.729166666666667e-07,1.1733333333333333,1.0000000001170741
550.0,3.0000000000000004,3.5,25.453929457829375,0.8036948448584278,65.70102731074606,17.834038366948658,0.7689093610655647,36.09634109324187,0.07878169683048819,5.729166666666667e-07,1.1733333333333333,0.9999999999421961
550.0,3.0000000000000004,4.0,29.124405288530937,0.8621970746358532,75.13016723443343,20.359093564442002,0.7689093610655647,41.252961249419286,0.07878169683048819,5.729166666666667e-07,1.1733333333333333,1.0000000000622637
550.0,3.0000000000000004,4.5,32.636912271677375,0.9116490727610816,84.49519165483339,23.50619746316982,0.7689093610655647,46.40958140559669,0.07878169683048819,5.729166666666667e-07,1.1733333333333333,1.0000000001374103
550.0,3.0000000000000004,5.0,36.026457549037495,0.9545615690865566,93.85556721240592,26.06386103120647,0.7689093610655647,51.5662015617741,0.07878169683048819,5.729166666666667e-07,1.1733333333333333,0.9999999999270831
550.0,3.0000000000000004,5.5,39.45996645682506,0.9940967204138061,103.25579591732915,28.580364611912728,0.7689093610655647,56.72282171795151,0.07878169683048819,5.729166666666667e-07,1.1733333333333333,0.9999999999196532
550.0,3.0000000000000004,6.0,43.00984296766255,1.0315078655855312,112.64396856911998,31.1275594619182,0.7689093610655647,61.87944187412893,0.07878169683048819,5.729166666666667e-07,1.1733333333333333,1.0000000000426328
