wavelength_nm,diameter_mm,myopia_d,d50_arcmin,log_mar,mtf50_cpd,first_dark_ring_arcmin,theory_airy_radius_arcmin,theory_geometric_diameter_arcmin,angular_pixel_arcmin,retinal_pixel_m,retinal_window_mm,psf_total
600.0,0.3,0.0,6.095656063515107,0.182960463405912,0.16516591980418627,8.51684218796698,8.388102120715255,0.0,0.8594366926962349,6.250000000000001e-06,12.800000000000002,1.00000000028744
600.0,0.3,0.5,6.097392364723758,0.18308415126680652,0.1651829112762753,8.516889918007484,8.388102120715255,0.5156620156177409,0.8594366926962349,6.250000000000001e-06,12.800000000000002,0.9999999934909758
600.0,0.3,1.0,6.102604539846009,0.1834552364481774,0.16523393553749846,8.51703356893737,8.388102120715255,1.0313240312354819,0.8594366926962349,6.250000000000001e-06,12.800000000000002,1.000000005626644
600.0,0.3,1.5,6.111302450454357,0.18407378630660495,0.16531915424545776,8.517274002236581,8.388102120715255,1.5469860468532226,0.8594366926962349,6.250000000000001e-06,12.800000000000002,1.000000003357351
600.0,0.3,2.0,6.123503012388094,0.18493994449708429,0.16543885737799977,8.517612241846352,8.388102120715255,2.0626480624709638,0.8594366926962349,6.250000000000001e-06,12.800000000000002,0.9999999911774058
600.0,0.3,2.5,6.139229708746063,0.1860538921540578,0.1655934276926357,8.518050697290528,8.388102120715255,2.578310078088705,0.8594366926962349,6.250000000000001e-06,12.800000000000002,0.9999999993278895
600.0,0.3,3.0,6.1585131156045305,0.1874158793372892,0.16578337715406816,8.518591813722281,8.388102120715255,3.093972093706445,0.8594366926962349,6.250000000000001e-06,12.800000000000002,0.9999999969463019
600.0,0.3,3.5,6.181390289936111,0.18902617426910254,0.1660093295906442,8.519238894090917,8.388102120715255,3.609634109324187,0.8594366926962349,6.250000000000001e-06,12.800000000000002,1.0000000005670988
600.0,0.3,4.0,6.207906040403564,0.19088514371935675,0.16627203976810953,8.519995924024496,8.388102120715255,4.1252961249419275,0.8594366926962349,6.250000000000001e-06,12.800000000000002,1.0000000056780456
600.0,0.3,4.5,6.238112196228086,0.19299319021284203,0.16657238119115725,8.520867483393785,8.388102120715255,4.640958140559668,0.8594366926962349,6.250000000000001e-06,12.800000000000002,0.999999999892755
600.0,0.3,5.0,6.272068069851706,0.1953507717094785,0.16691137625293223,8.521859317064699,8.388102120715255,5.15662015617741,0.8594366926962349,6.250000000000001e-06,12.800000000000002,0.9999999926063485
600.0,0.3,5.5,6.309840733187497,0.197958406019063,0.16729019214358515,8.522978001297,8.388102120715255,5.672282171795151,0.8594366926962349,6.250000000000001e-06,12.800000000000002,0.9999999998219458
600.0,0.3,6.0,6.35150508524358,0.2008166588087074,0.16771010204599532,8.524231219017421,8.388102120715255,6.18794418741289,0.8594366926962349,6.250000000000001e-06,12.800000000000002,1.0000000008630403
600.0,0.3315885423378064,0.0,5.514957803311383,0.13948220253634688,0.18255708863917722,7.705491385124911,7.589015647141866,0.0,0.777563078600601,5.654598276468313e-06,11.580617270207105,1.00000000028744
600.0,0.3315885423378064,0.5,5.517302548259311,0.13966680836964623,0.1825851163507887,7.7055559263302955,7.589015647141866,0.5699587203255395,0.777563078600601,5.654598276468313e-06,11.580617270207105,1.0000000045724142
600.0,0.3315885423378064,1.0,5.524343080237816,0.14022065056042068,0.18266933664923088,7.705750039947665,7.589015647141866,1.139917440651079,0.777563078600601,5.654598276468313e-06,11.580617270207105,1.0000000040186927
600.0,0.3315885423378064,1.5,5.536100353859822,0.14114396272415958,0.1828101838359281,7.706075545642545,7.589015647141866,1.7098761609766187,0.777563078600601,5.654598276468313e-06,11.580617270207105,0.9999999983041659
600.0,0.3315885423378064,2.0,5.552607445359929,0.14243697976025674,0.18300831078608154,7.70653521150766,7.589015647141866,2.279834881302158,0.777563078600601,5.654598276468313e-06,11.580617270207105,1.000000005407365
600.0,0.3315885423378064,2.5,5.573912426644767,0.14410014977632177,0.1832646973731257,7.70713303332381,7.589015647141866,2.8497936016276983,0.777563078600601,5.654598276468313e-06,11.580617270207105,0.9999999969944067
600.0,0.3315885423378064,3.0,5.600076677031027,0.1461339821395748,0.18358061810764212,7.707874641808118,7.589015647141866,3.4197523219532373,0.777563078600601,5.654598276468313e-06,11.580617270207105,0.9999999959582652
600.0,0.3315885423378064,3.5,5.631176510775411,0.14853914930630108,0.1839576291419965,7.708766605656915,7.589015647141866,3.9897110422787776,0.777563078600601,5.654598276468313e-06,11.580617270207105,1.000000004145661
600.0,0.3315885423378064,4.0,5.667302893621975,0.15131643315636037,0.18439763386187794,7.709817528453543,7.589015647141866,4.559669762604316,0.777563078600601,5.654598276468313e-06,11.580617270207105,0.9999999985355774
600.0,0.3315885423378064,4.5,5.708562124617131,0.1544667403885241,0.18490286300868192,7.711037511959586,7.589015647141866,5.1296284829298555,0.777563078600601,5.654598276468313e-06,11.580617270207105,0.9999999983732141
600.0,0.3315885423378064,5.0,5.755076452255748,0.157991105981421,0.18547592519510625,7.712439032080567,7.589015647141866,5.699587203255397,0.777563078600601,5.654598276468313e-06,11.580617270207105,0.9999999968679135
600.0,0.3315885423378064,5.5,5.806984969741364,0.16189071061945945,0.1861198094231507,7.714036944814578,7.589015647141866,6.269545923580935,0.777563078600601,5.654598276468313e-06,11.580617270207105,0.9999999972406368
600.0,0.3315885423378064,6.0,5.8644441484076815,0.1661668631935867,0.18683792119146497,7.715848745992959,7.589015647141866,6.839504643906475,0.777563078600601,5.654598276468313e-06,11.580617270207105,0.9999999980085386
600.0,0.3665032046990376,0.0,4.989579342304,0.09600394166678163,0.20177946305099503,6.971433328906997,6.866053567747109,0.0,0.7034890950560563,5.115917066918143e-06,10.477398153048357,1.00000000028744
600.0,0.3665032046990376,0.5,4.992745830218188,0.09627946630668316,0.20182571503859925,6.97152048462261,6.866053567747109,0.6299726042182241,0.7034890950560563,5.115917066918143e-06,10.477398153048357,0.9999999958388635
600.0,0.3665032046990376,1.0,5.002258579273487,0.09710614641618898,0.20196480021219365,6.971783150638766,6.866053567747109,1.2599452084364482,0.7034890950560563,5.115917066918143e-06,10.477398153048357,1.0000000006023293
600.0,0.3665032046990376,1.5,5.018158576113076,0.09848438977233467,0.20219773651381465,6.972224713404159,6.866053567747109,1.8899178126546725,0.7034890950560563,5.115917066918143e-06,10.477398153048357,1.000000003354385
600.0,0.3665032046990376,2.0,5.040514287174762,0.10041485874600362,0.2025261952870017,6.972850951376353,6.866053567747109,2.5198904168728964,0.7034890950560563,5.115917066918143e-06,10.477398153048357,0.999999996588323
600.0,0.3665032046990376,2.5,5.069422087713376,0.10289846141314272,0.2029526335710027,6.973670346222268,6.866053567747109,3.1498630210911203,0.7034890950560563,5.115917066918143e-06,10.477398153048357,1.0000000014738226
600.0,0.3665032046990376,3.0,5.105007480581734,0.10593639148536592,0.20348018622652403,6.974693856727216,6.866053567747109,3.779835625309345,0.7034890950560563,5.115917066918143e-06,10.477398153048357,0.9999999971861735
600.0,0.3665032046990376,3.5,5.147426102998246,0.10953012922865236,0.20411282816657342,6.975936716151985,6.866053567747109,4.409808229527569,0.7034890950560563,5.115917066918143e-06,10.477398153048357,0.9999999977790182
600.0,0.3665032046990376,4.0,5.196865102736271,0.11368145247245828,0.20485537876887724,6.977416626169939,6.866053567747109,5.039780833745793,0.7034890950560563,5.115917066918143e-06,10.477398153048357,1.0000000023999713
600.0,0.3665032046990376,4.5,5.253544278360472,0.11839240563801788,0.2057136276732831,6.979157088688912,6.866053567747109,5.669753437964016,0.7034890950560563,5.115917066918143e-06,10.477398153048357,0.9999999987406412
600.0,0.3665032046990376,5.0,5.317718633062172,0.12366536322809658,0.20669433656806777,6.981186477452152,6.866053567747109,6.2997260421822405,0.7034890950560563,5.115917066918143e-06,10.477398153048357,0.9999999953786715
600.0,0.3665032046990376,5.5,5.3896803282835295,0.12950301582916943,0.20780546775907452,6.983539955851855,6.866053567747109,6.929698646400464,0.7034890950560563,5.115917066918143e-06,10.477398153048357,1.0000000002729412
600.0,0.3665032046990376,6.0,5.469761054934862,0.13590836338026327,0.20905618383506813,6.986262009569716,6.866053567747109,7.55967125061869,0.7034890950560563,5.115917066918143e-06,10.477398153048357,1.0000000025015792
600.0,0.4050942113609619,0.0,4.514250679887053,0.05252568079721631,0.2230258600892824,6.3073047817841985,6.211963947251504,0.0,0.6364717159069163,4.628552932664024e-06,9.47927640609592,1.00000000028744
600.0,0.4050942113609619,0.5,4.518527134633863,0.05293690331935681,0.22310218070251603,6.307422573552801,6.211963947251504,0.6963056584849092,0.6364717159069163,4.628552932664024e-06,9.47927640609592,0.999999998848957
600.0,0.4050942113609619,1.0,4.531383687095048,0.054170845544065836,0.2233319467425616,6.307778225906494,6.211963947251504,1.3926113169698184,0.6364717159069163,4.628552932664024e-06,9.47927640609592,0.9999999996425102
600.0,0.4050942113609619,1.5,4.552902782444404,0.0562283856442497,0.22371769355813906,6.308378485232782,6.211963947251504,2.088916975454728,0.6364717159069163,4.628552932664024e-06,9.47927640609592,0.9999999996522363
600.0,0.4050942113609619,2.0,4.583223170889751,0.05911101353327482,0.22426362470636801,6.309235572694734,6.211963947251504,2.785222633939637,0.6364717159069163,4.628552932664024e-06,9.47927640609592,0.999999996778504
600.0,0.4050942113609619,2.5,4.622540720224738,0.06282075424494937,0.22497574891500688,6.310366919804642,6.211963947251504,3.4815282924245463,0.6364717159069163,4.628552932664024e-06,9.47927640609592,1.0000000027484794
600.0,0.4050942113609619,3.0,4.671112530754771,0.06736033857963632,0.22586209504212146,6.311796496787967,6.211963947251504,4.177833950909456,0.6364717159069163,4.628552932664024e-06,9.47927640609592,1.0000000096153747
600.0,0.4050942113609619,3.5,4.729258716934765,0.07273308167747122,0.22693278896104915,6.313556285167849,6.211963947251504,4.874139609394366,0.6364717159069163,4.628552932664024e-06,9.47927640609592,0.9999999982157719
600.0,0.4050942113609619,4.0,4.797367184730738,0.07894296878887556,0.22820034437640282,6.315688376983352,6.211963947251504,5.570445267879274,0.6364717159069163,4.628552932664024e-06,9.47927640609592,1.000000005089834
600.0,0.4050942113609619,4.5,4.875899270561025,0.08599473377847669,0.22967997329890769,6.318247012678178,6.211963947251504,6.266750926364184,0.6364717159069163,4.628552932664024e-06,9.47927640609592,1.0000000050489914
600.0,0.4050942113609619,5.0,4.965394978939939,0.09389380940904207,0.23138991829482736,6.32130311313546,6.211963947251504,6.963056584849093,0.6364717159069163,4.628552932664024e-06,9.47927640609592,0.9999999999055227
600.0,0.4050942113609619,5.5,5.0664805298288265,0.10264638669586731,0.23335192005686203,6.324949915604439,6.211963947251504,7.6593622433340025,0.6364717159069163,4.628552932664024e-06,9.47927640609592,1.000000003209904
600.0,0.4050942113609619,6.0,5.175345226103623,0.11187933377511854,0.2355918682458223,6.329311247416291,6.211963947251504,8.355667901818912,0.6364717159069163,4.628552932664024e-06,9.47927640609592,0.9999999982070837
600.0,0.4477486635155488,0.0,4.084203858245639,0.009047419927651287,0.24650939950213577,5.706443959717963,5.620185700737862,0.0,0.5758386988460925,4.187617189693494e-06,8.576240004492275,1.00000000028744
600.0,0.4477486635155488,0.5,4.089979855976292,0.009661177691632812,0.24663535712118015,5.706603133687384,5.620185700737862,0.7696232610619252,0.5758386988460925,4.187617189693494e-06,8.576240004492275,0.9999999963627481
600.0,0.4477486635155488,1.0,4.10736319586026,0.011503115953228197,0.24701526240502517,5.707085148681652,5.620185700737862,1.5392465221238505,0.5758386988460925,4.187617189693494e-06,8.576240004492275,0.9999999933493977
600.0,0.4477486635155488,1.5,4.136520063224112,0.014575143784455903,0.24765528035397197,5.707904312784966,5.620185700737862,2.308869783185776,0.5758386988460925,4.187617189693494e-06,8.576240004492275,1.0000000029262528
600.0,0.4477486635155488,2.0,4.1777320253479635,0.018880588010654526,0.24856594939382823,5.709085271879564,5.620185700737862,3.078493044247701,0.5758386988460925,4.187617189693494e-06,8.576240004492275,0.9999999979995836
600.0,0.4477486635155488,2.5,4.231399922178633,0.024424082404990763,0.2497624681860397,5.710665211013649,5.620185700737862,3.848116305309626,0.5758386988460925,4.187617189693494e-06,8.576240004492275,1.0000000005639331
600.0,0.4477486635155488,3.0,4.298052266898966,0.031211701141512508,0.25126531620307824,5.712697248129383,5.620185700737862,4.617739566371552,0.5758386988460925,4.187617189693494e-06,8.576240004492275,0.9999999974647511
600.0,0.4477486635155488,3.5,4.378355445559801,0.03925102441904458,0.25310087735449605,5.715254567219772,5.620185700737862,5.387362827433476,0.5758386988460925,4.187617189693494e-06,8.576240004492275,0.999999999542195
600.0,0.4477486635155488,4.0,4.47312673106987,0.04855121129912242,0.25530242077304444,5.718438719275452,5.620185700737862,6.156986088495402,0.5758386988460925,4.187617189693494e-06,8.576240004492275,1.0000000010442331
600.0,0.4477486635155488,4.5,4.5833509073411065,0.059123117343377024,0.25791139196881047,5.722390517670657,5.620185700737862,6.926609349557327,0.5758386988460925,4.187617189693494e-06,8.576240004492275,0.9999999991152331
600.0,0.4477486635155488,5.0,4.704814824969106,0.07048254353909597,0.26097894756202233,5.7273082857244395,5.620185700737862,7.696232610619252,0.5758386988460925,4.187617189693494e-06,8.576240004492275,0.9999999965038504
600.0,0.4477486635155488,5.5,4.8412507497545505,0.08289758592447552,0.2645680919445317,5.733478320651381,5.620185700737862,8.465855871681176,0.5758386988460925,4.187617189693494e-06,8.576240004492275,1.0000000000808773
600.0,0.4477486635155488,6.0,4.994963339366972,0.0964723137327264,0.2687562379829568,5.741327552716084,5.620185700737862,9.235479132743103,0.5758386988460925,4.187617189693494e-06,8.576240004492275,0.9999999996004805
600.0,0.4692653833386818,0.0,3.896935260904833,-0.01133680033263796,0.2583554955713248,5.444792535540688,5.36248938353588,0.0,0.5494353876573648,3.995606892330179e-06,8.183002915492207,1.00000000028744
600.0,0.4692653833386818,0.5,3.903585788329446,-0.010596263118817908,0.2585148044931881,5.4449758435494875,5.36248938353588,0.8066077781068551,0.5494353876573648,3.995606892330179e-06,8.183002915492207,1.0000000022971773
600.0,0.4692653833386818,1.0,3.923613870856771,-0.008373730134690022,0.2589958661063875,5.445532200504559,5.36248938353588,1.6132155562137103,0.5494353876573648,3.995606892330179e-06,8.183002915492207,0.9999999960507798
600.0,0.4692653833386818,1.5,3.957251349710087,-0.004666355435112368,0.25980811720790453,5.446481443751314,5.36248938353588,2.419823334320565,0.5494353876573648,3.995606892330179e-06,8.183002915492207,1.0000000059716971
600.0,0.4692653833386818,2.0,4.004890658738796,0.0005306721747875739,0.26096773943454915,5.447858408566,5.36248938353588,3.2264311124274205,0.5494353876573648,3.995606892330179e-06,8.183002915492207,0.9999999998317264
600.0,0.4692653833386818,2.5,4.0670933125410835,0.007224145339421188,0.26249830636761845,5.449716630278048,5.36248938353588,4.033038890534276,0.5494353876573648,3.995606892330179e-06,8.183002915492207,1.0000000004746252
600.0,0.4692653833386818,3.0,4.1446033569916825,0.015422983096987995,0.26443176981896316,5.452133950178568,5.36248938353588,4.83964666864113,0.5494353876573648,3.995606892330179e-06,8.183002915492207,0.9999999970863368
600.0,0.4692653833386818,3.5,4.238364969842297,0.025138360188835356,0.2668098112818023,5.455221080575773,5.36248938353588,5.646254446747986,0.5494353876573648,3.995606892330179e-06,8.183002915492207,0.9999999963408319
600.0,0.4692653833386818,4.0,4.349544882089078,0.03638382527314197,0.2696857145960748,5.459136500739633,5.36248938353588,6.452862224854841,0.5494353876573648,3.995606892330179e-06,8.183002915492207,0.9999999970125691
600.0,0.4692653833386818,4.5,4.475218400168871,0.04875424333485317,0.2731268672929081,5.464109751783674,5.36248938353588,7.259470002961696,0.5494353876573648,3.995606892330179e-06,8.183002915492207,0.9999999995092315
600.0,0.4692653833386818,5.0,4.617088165064126,0.062308176321568806,0.27721791426806963,5.470483038623481,5.36248938353588,8.066077781068552,0.5494353876573648,3.995606892330179e-06,8.183002915492207,1.0000000029490355
600.0,0.4692653833386818,5.5,4.778827887904933,0.07726139812165073,0.28206509647358224,5.478784594547791,5.36248938353588,8.872685559175407,0.5494353876573648,3.995606892330179e-06,8.183002915492207,0.9999999942741447
600.0,0.4692653833386818,6.0,4.962141778102472,0.09360917742884722,0.2878017986869489,5.489867500559908,5.36248938353588,9.67929333728226,0.5494353876573648,3.995606892330179e-06,8.183002915492207,0.9999999988725109
600.0,0.4939635614091387,0.0,3.7020884978595916,-0.03361319504379015,0.27195315323297353,5.172552908763654,5.094364914359086,0.0,0.5219636182744966,3.7958265477136697e-06,7.773852769717595,1.00000000028744
600.0,0.4939635614091387,0.5,3.709847031211807,-0.032703988686024095,0.2721591167735262,5.172766858084609,5.094364914359086,0.8490608190598474,0.5219636182744966,3.7958265477136697e-06,7.773852769717595,0.9999999998273064
600.0,0.4939635614091387,1.0,3.7332323340339855,-0.02997497267165414,0.27278195783203907,5.173417922941407,5.094364914359086,1.6981216381196949,0.5219636182744966,3.7958265477136697e-06,7.773852769717595,0.9999999954468122
600.0,0.4939635614091387,1.5,3.7725773803520157,-0.02542183485774081,0.2738367522077744,5.174534811566959,5.094364914359086,2.5471824571795425,0.5219636182744966,3.7958265477136697e-06,7.773852769717595,0.9999999982627981
600.0,0.4939635614091387,2.0,3.8284472051518352,-0.01903732884127902,0.27534945055897375,5.176168381594354,5.094364914359086,3.3962432762393897,0.5219636182744966,3.7958265477136697e-06,7.773852769717595,0.9999999961257368
600.0,0.4939635614091387,2.5,3.9016549610426043,-0.010811130969846294,0.27735814806356485,5.178399477855912,5.094364914359086,4.245304095299238,0.5219636182744966,3.7958265477136697e-06,7.773852769717595,1.000000005683723
600.0,0.4939635614091387,3.0,3.993285514370738,-0.0007296285709421214,0.2799152190965039,5.181347381684627,5.094364914359086,5.094364914359085,0.5219636182744966,3.7958265477136697e-06,7.773852769717595,1.0000000056851732
600.0,0.4939635614091387,3.5,4.104727122643101,0.01122429970863648,0.2830899217399237,5.185190109177601,5.094364914359086,5.943425733418932,0.5219636182744966,3.7958265477136697e-06,7.773852769717595,1.000000001354798
600.0,0.4939635614091387,4.0,4.234540238574789,0.02474627276280934,0.2869723871025288,5.1901937040395545,5.094364914359086,6.792486552478779,0.5219636182744966,3.7958265477136697e-06,7.773852769717595,0.9999999969588121
600.0,0.4939635614091387,4.5,4.382253072950653,0.03963746291277952,0.29167890344203634,5.196769228678334,5.094364914359086,7.641547371538628,0.5219636182744966,3.7958265477136697e-06,7.773852769717595,1.0000000019519713
600.0,0.4939635614091387,5.0,4.5530957946988835,0.056246796399832974,0.2973590285293334,5.205579662178841,5.094364914359086,8.490608190598476,0.5219636182744966,3.7958265477136697e-06,7.773852769717595,1.0000000015237747
600.0,0.4939635614091387,5.5,4.749281341491137,0.0745679060784431,0.30420525553250644,5.21775309424385,5.094364914359086,9.339669009658323,0.5219636182744966,3.7958265477136697e-06,7.773852769717595,0.9999999986995854
600.0,0.4939635614091387,6.0,4.973429021614968,0.09459593295221261,0.3124660467356239,5.235382303668351,5.094364914359086,10.18872982871817,0.5219636182744966,3.7958265477136697e-06,7.773852769717595,1.00000000225397
600.0,0.4948944222294061,0.0,3.6951251356129613,-0.03443084094191402,0.272465641511604,5.162823708701471,5.0847827802918655,0.0,0.520981842243019,3.788686870935984e-06,7.759230711676895,1.00000000028744
600.0,0.4948944222294061,0.5,3.702927657663991,-0.03351476380032178,0.27267355703972485,5.163038883929314,5.0847827802918655,0.8506608509493097,0.520981842243019,3.788686870935984e-06,7.759230711676895,0.9999999966230703
600.0,0.4948944222294061,1.0,3.7264464485556643,-0.030765106809293095,0.2733023363541073,5.163693758799732,5.0847827802918655,1.7013217018986193,0.520981842243019,3.788686870935984e-06,7.759230711676895,0.9999999915717759
600.0,0.4948944222294061,1.5,3.766018963777033,-0.026177488753268145,0.27436731960179456,5.164817213590244,5.0847827802918655,2.551982552847929,0.520981842243019,3.788686870935984e-06,7.759230711676895,1.0000000029410043
600.0,0.4948944222294061,2.0,3.8222178346912328,-0.019744556722917733,0.27589489192070427,5.16646141954041,5.0847827802918655,3.4026434037972386,0.520981842243019,3.788686870935984e-06,7.759230711676895,0.9999999975240841
600.0,0.4948944222294061,2.5,3.8958672685243076,-0.011455839201832737,0.27792387847671135,5.168707722697786,5.0847827802918655,4.253304254746548,0.520981842243019,3.788686870935984e-06,7.759230711676895,1.0000000041125106
600.0,0.4948944222294061,3.0,3.9880676324118207,-0.0012974765594095927,0.28050756795714976,5.171677808569059,5.0847827802918655,5.103965105695858,0.520981842243019,3.788686870935984e-06,7.759230711676895,1.0000000003017464
600.0,0.4948944222294061,3.5,4.100226771136253,0.010747885569727517,0.28371653540227637,5.175552543754834,5.0847827802918655,5.954625956645168,0.520981842243019,3.788686870935984e-06,7.759230711676895,0.9999999993950018
600.0,0.4948944222294061,4.0,4.230705710153198,0.024352825328869752,0.28764275062930805,5.1806038369402785,5.0847827802918655,6.805286807594477,0.520981842243019,3.788686870935984e-06,7.759230711676895,1.000000002669838
600.0,0.4948944222294061,4.5,4.379409891702422,0.039355603641205064,0.292404824846453,5.18725192455843,5.0847827802918655,7.655947658543787,0.520981842243019,3.788686870935984e-06,7.759230711676895,1.0000000017555422
600.0,0.4948944222294061,5.0,4.551444723783677,0.056089281367831076,0.2981555742395826,5.19617594577775,5.0847827802918655,8.506608509493097,0.520981842243019,3.788686870935984e-06,7.759230711676895,1.0000000000963236
600.0,0.4948944222294061,5.5,4.749057482316564,0.0745474349611116,0.30509182809387664,5.208541287204264,5.0847827802918655,9.357269360442405,0.520981842243019,3.788686870935984e-06,7.759230711676895,1.0000000055216736
600.0,0.4948944222294061,6.0,4.974910653609463,0.0947252941572347,0.31346797302396534,5.226517192479,5.0847827802918655,10.207930211391716,0.520981842243019,3.788686870935984e-06,7.759230711676895,0.9999999963211109
600.0,0.5186617394795957,0.0,3.525798569390086,-0.05480249411372835,0.28555081089462225,4.926240865489193,4.851776108913414,0.0,0.4971082078804728,3.6150729025844465e-06,7.403669304492946,1.00000000028744
600.0,0.5186617394795957,0.5,3.5347823046055953,-0.0536973191129472,0.28581379508613164,4.926488755655665,4.851776108913414,0.8915138600128399,0.4971082078804728,3.6150729025844465e-06,7.403669304492946,0.9999999965582097
600.0,0.5186617394795957,1.0,3.5618880701065128,-0.05037972339300883,0.2866104299137077,4.927245322699616,4.851776108913414,1.7830277200256799,0.4971082078804728,3.6150729025844465e-06,7.403669304492946,0.9999999989817706
600.0,0.5186617394795957,1.5,3.607585918012799,-0.044843308312390195,0.28796421395097094,4.928551418221343,4.851776108913414,2.67454158003852,0.4971082078804728,3.6150729025844465e-06,7.403669304492946,1.0000000020726878
600.0,0.5186617394795957,2.0,3.6726762894678195,-0.037077340111257184,0.2899159177596246,4.930481189814844,4.851776108913414,3.5660554400513598,0.4971082078804728,3.6150729025844465e-06,7.403669304492946,1.0000000077829772
600.0,0.5186617394795957,2.5,3.7583184238284044,-0.027066418369971375,0.2925260418708809,4.933153499490784,4.851776108913414,4.4575693000642,0.4971082078804728,3.6150729025844465e-06,7.403669304492946,0.9999999985252753
600.0,0.5186617394795957,3.0,3.866070887085313,-0.014790178472534303,0.29587876534469754,4.936752530374713,4.851776108913414,5.34908316007704,0.4971082078804728,3.6150729025844465e-06,7.403669304492946,1.0000000051665603
600.0,0.5186617394795957,3.5,3.996892421067156,-0.0003375322261411062,0.3000875273063349,4.941563873388134,4.851776108913414,6.240597020089879,0.4971082078804728,3.6150729025844465e-06,7.403669304492946,0.9999999986718434
600.0,0.5186617394795957,4.0,4.1466821344092,0.01564075429335702,0.30530295158149223,4.948042419953619,4.851776108913414,7.1321108801027195,0.4971082078804728,3.6150729025844465e-06,7.403669304492946,1.0000000024344822
600.0,0.5186617394795957,4.5,4.322838471176257,0.03370901649635568,0.31172392847454894,4.956947638197,4.851776108913414,8.02362474011556,0.4971082078804728,3.6150729025844465e-06,7.403669304492946,0.9999999969146532
600.0,0.5186617394795957,5.0,4.528126110461509,0.05385852232815016,0.31961304526053236,4.969633742280342,4.851776108913414,8.9151386001284,0.4971082078804728,3.6150729025844465e-06,7.403669304492946,0.9999999960327765
600.0,0.5186617394795957,5.5,4.765875913039945,0.07608273930027175,0.3293182717258031,4.988764464676308,4.851776108913414,9.806652460141239,0.4971082078804728,3.6150729025844465e-06,7.403669304492946,1.0000000001932812
600.0,0.5186617394795957,6.0,5.095518783753586,0.10512841555260811,0.34188838229034063,5.020367096624004,4.851776108913414,10.69816632015408,0.4971082078804728,3.6150729025844465e-06,7.403669304492946,1.0000000019995974
600.0,0.5470044002605323,0.0,3.343111715707485,-0.07790910181147927,0.3011549496865603,4.6709910471892915,4.60038463130466,0.0,0.47135088435498573,3.4277603600756373e-06,7.020053217434905,1.00000000028744
600.0,0.5470044002605323,0.5,3.3536537028225486,-0.07654177584795666,0.30149828460423905,4.671282084087017,4.60038463130466,0.9402313053003988,0.47135088435498573,3.4277603600756373e-06,7.020053217434905,0.9999999949720771
600.0,0.5470044002605323,1.0,3.3855045865147657,-0.07243658483335987,0.3025406938955016,4.6721742051280435,4.60038463130466,1.8804626106007976,0.47135088435498573,3.4277603600756373e-06,7.020053217434905,0.9999999967197417
600.0,0.5470044002605323,1.5,3.4393488481605377,-0.06558376341303594,0.3043204142171017,4.673727546657506,4.60038463130466,2.8206939159011966,0.47135088435498573,3.4277603600756373e-06,7.020053217434905,0.9999999944998722
600.0,0.5470044002605323,2.0,3.516359312271358,-0.05596674512993571,0.30690430144575787,4.676053834918069,4.60038463130466,3.760925221201595,0.47135088435498573,3.4277603600756373e-06,7.020053217434905,1.0000000027987181
600.0,0.5470044002605323,2.5,3.618247656087643,-0.04356170188562434,0.3103930870374916,4.679338676439367,4.60038463130466,4.701156526501994,0.47135088435498573,3.4277603600756373e-06,7.020053217434905,0.999999999714982
600.0,0.5470044002605323,3.0,3.7473395871889257,-0.028336940305247395,0.31492944695784636,4.683882901651795,4.60038463130466,5.641387831802393,0.47135088435498573,3.4277603600756373e-06,7.020053217434905,1.000000002656537
600.0,0.5470044002605323,3.5,3.899399531826813,-0.011062256119896047,0.32071013554874866,4.690185331951987,4.60038463130466,6.581619137102791,0.47135088435498573,3.4277603600756373e-06,7.020053217434905,1.0000000011650296
600.0,0.5470044002605323,4.0,4.080638839855877,0.008668167572108035,0.3280035576060286,4.699111709665595,4.60038463130466,7.52185044240319,0.47135088435498573,3.4277603600756373e-06,7.020053217434905,1.0000000014150825
600.0,0.5470044002605323,4.5,4.295705082448284,0.030974466311891515,0.33717530631680787,4.712288823513976,4.60038463130466,8.46208174770359,0.47135088435498573,3.4277603600756373e-06,7.020053217434905,0.9999999975028726
600.0,0.5470044002605323,5.0,4.54891189033981,0.05584753356314678,0.34872508443630507,4.733141140836749,4.60038463130466,9.402313053003988,0.47135088435498573,3.4277603600756373e-06,7.020053217434905,0.9999999982577508
600.0,0.5470044002605323,5.5,4.950436817041292,0.0925835306077654,0.36449845375920187,4.770298345155937,4.60038463130466,10.342544358304387,0.47135088435498573,3.4277603600756373e-06,7.020053217434905,1.000000000240298
600.0,0.5470044002605323,6.0,5.551135828295513,0.1423218626941393,0.3860242510374952,4.853422932136382,4.60038463130466,11.282775663604786,0.47135088435498573,3.4277603600756373e-06,7.020053217434905,0.9999999997866088
600.0,0.5747303715656585,0.0,3.181834316625492,-0.0993824298604786,0.31641956819681244,4.445654489129776,4.378454246918275,0.0,0.44861211546293805,3.2623993663188477e-06,6.681393902221,1.00000000028744
600.0,0.5747303715656585,0.5,3.194066704073937,-0.09771600973566223,0.31685947173564066,4.445992503423997,4.378454246918275,0.9878887394609356,0.44861211546293805,3.2623993663188477e-06,6.681393902221,0.9999999997069787
600.0,0.5747303715656585,1.0,3.2310821969099153,-0.09271198496295296,0.3181986590962859,4.447033476909253,4.378454246918275,1.9757774789218712,0.44861211546293805,3.2623993663188477e-06,6.681393902221,1.0000000059716971
600.0,0.5747303715656585,1.5,3.2938529608785903,-0.08435578316828954,0.3204971865437774,4.448863821646272,4.378454246918275,2.9636662183828073,0.44861211546293805,3.2623993663188477e-06,6.681393902221,1.000000001056297
600.0,0.5747303715656585,2.0,3.384054470285284,-0.07262264643085267,0.3238614539187763,4.451648729080778,4.378454246918275,3.9515549578437423,0.44861211546293805,3.2623993663188477e-06,6.681393902221,0.9999999970863368
600.0,0.5747303715656585,2.5,3.5041545462879595,-0.057476739402710544,0.3284541678526115,4.45567320107182,4.378454246918275,4.939443697304678,0.44861211546293805,3.2623993663188477e-06,6.681393902221,0.9999999985203438
600.0,0.5747303715656585,3.0,3.6540005226427312,-0.03929138619298748,0.33451072995624037,4.461426930145215,4.378454246918275,5.927332436765615,0.44861211546293805,3.2623993663188477e-06,6.681393902221,0.9999999995092315
600.0,0.5747303715656585,3.5,3.8337567409702578,-0.0184354387081771,0.3423644020028872,4.469787362524191,4.378454246918275,6.915221176226548,0.44861211546293805,3.2623993663188477e-06,6.681393902221,0.9999999986151384
600.0,0.5747303715656585,4.0,4.051571795899296,0.005563547901006641,0.35248377691911525,4.482458043953406,4.378454246918275,7.903109915687485,0.44861211546293805,3.2623993663188477e-06,6.681393902221,0.9999999988725109
600.0,0.5747303715656585,4.5,4.312729526234496,0.032692230799623724,0.36552979442396116,4.503191638947729,4.378454246918275,8.89099865514842,0.44861211546293805,3.2623993663188477e-06,6.681393902221,0.9999999991876095
600.0,0.5747303715656585,5.0,4.733030456514808,0.07307930778481536,0.3837667258248713,4.542132357659851,4.378454246918275,9.878887394609356,0.44861211546293805,3.2623993663188477e-06,6.681393902221,1.0000000014960317
600.0,0.5747303715656585,5.5,5.370307346978523,0.12793915010291007,0.4093067120353152,4.639336373160483,4.378454246918275,10.86677613407029,0.44861211546293805,3.2623993663188477e-06,6.681393902221,0.9999999993708591
600.0,0.5747303715656585,6.0,6.153090032963385,0.18703327847047124,0.4436780912025996,8.080697560359788,4.378454246918275,11.85466487353123,0.44861211546293805,3.2623993663188477e-06,6.681393902221,1.000000001072438
600.0,0.6046013057825199,0.0,3.0246325993088896,-0.12138736268104455,0.33286510261460667,4.226012467973676,4.1621323211626615,0.0,0.42644798372568254,3.1012172518768147e-06,6.351292931843716,1.00000000028744
600.0,0.6046013057825199,0.5,3.0388799837610336,-0.11934644275165826,0.3334323188795938,4.226406544619571,4.1621323211626615,1.0392330932831078,0.42644798372568254,3.1012172518768147e-06,6.351292931843716,0.9999999971249328
600.0,0.6046013057825199,1.0,3.0820771351745586,-0.11321648771730967,0.33516473620802034,4.227627441771823,4.1621323211626615,2.0784661865662155,0.42644798372568254,3.1012172518768147e-06,6.351292931843716,1.0000000000795117
600.0,0.6046013057825199,1.5,3.155617738094553,-0.10297560271294995,0.3381581497747493,4.229801340452446,4.1621323211626615,3.1176992798493233,0.42644798372568254,3.1012172518768147e-06,6.351292931843716,1.0000000014633121
600.0,0.6046013057825199,2.0,3.261922801641728,-0.08858631274073114,0.3425843504226551,4.2331770775969915,4.1621323211626615,4.156932373132431,0.42644798372568254,3.1012172518768147e-06,6.351292931843716,0.9999999974054652
600.0,0.6046013057825199,2.5,3.4045988424254183,-0.06999404417890939,0.34871150457997097,4.238206893235338,4.1621323211626615,5.19616546641554,0.42644798372568254,3.1012172518768147e-06,6.351292931843716,1.0000000020235693
600.0,0.6046013057825199,3.0,3.5788729698538617,-0.048313707710402734,0.356938002094024,4.245728233031948,4.1621323211626615,6.2353985596986465,0.42644798372568254,3.1012172518768147e-06,6.351292931843716,0.9999999967569764
600.0,0.6046013057825199,3.5,3.7952409752840226,-0.022820635098151177,0.3678459896766021,4.257414444525154,4.1621323211626615,7.274631652981755,0.42644798372568254,3.1012172518768147e-06,6.351292931843716,0.9999999937055919
600.0,0.6046013057825199,4.0,4.060400800323247,0.006508913376692755,0.3822859037462484,4.277082668152941,4.1621323211626615,8.313864746264862,0.42644798372568254,3.1012172518768147e-06,6.351292931843716,0.9999999991212793
600.0,0.6046013057825199,4.5,4.476311947908946,0.04886035295703117,0.4027751765573008,4.315631206042949,4.1621323211626615,9.35309783954797,0.42644798372568254,3.1012172518768147e-06,6.351292931843716,1.0000000001091511
600.0,0.6046013057825199,5.0,5.152577016354375,0.10996450063764918,0.43263534014241095,4.421374994208821,4.1621323211626615,10.39233093283108,0.42644798372568254,3.1012172518768147e-06,6.351292931843716,0.9999999994097817
600.0,0.6046013057825199,5.5,5.9789508848827735,0.17456499452035282,0.4748315348677623,7.6823049195239435,4.1621323211626615,11.431564026114188,0.42644798372568254,3.1012172518768147e-06,6.351292931843716,1.0000000001541853
600.0,0.6046013057825199,6.0,6.824541173266555,0.23201346693181354,0.538263794121908,7.6884074604674835,4.1621323211626615,12.470797119397293,0.42644798372568254,3.1012172518768147e-06,6.351292931843716,1.0000000000474554
600.0,0.6049793384901669,0.0,3.022742600794217,-0.12165882457163087,0.3330732296808553,4.223371764673287,4.159531534572361,0.0,0.42618150968979107,3.099279398002905e-06,6.347324207109949,1.00000000028744
600.0,0.6049793384901669,0.5,3.037016870387657,-0.11961278693162102,0.3336422261131805,4.223766591432918,4.159531534572361,1.03988288364309,0.42618150968979107,3.099279398002905e-06,6.347324207109949,0.9999999991905593
600.0,0.6049793384901669,1.0,3.0802965323426976,-0.11346746438558153,0.33538015786500114,4.224989981535916,4.159531534572361,2.07976576728618,0.42618150968979107,3.099279398002905e-06,6.347324207109949,0.9999999982627981
600.0,0.6049793384901669,1.5,3.1539814960557413,-0.10320085026927568,0.33838338518194205,4.227168436526479,4.159531534572361,3.1196486509292702,0.42618150968979107,3.099279398002905e-06,6.347324207109949,0.9999999980101957
600.0,0.6049793384901669,2.0,3.2605039691519226,-0.08877525809878285,0.3428247290128963,4.2305524217443224,4.159531534572361,4.15953153457236,0.42618150968979107,3.099279398002905e-06,6.347324207109949,1.0000000056851732
600.0,0.6049793384901669,2.5,3.4034874226394063,-0.07013584129064926,0.34897401415888774,4.235596889942741,4.159531534572361,5.199414418215451,0.42618150968979107,3.099279398002905e-06,6.347324207109949,1.000000004529754
600.0,0.6049793384901669,3.0,3.578094650824228,-0.04840816661506123,0.3572322410837566,4.243144307086275,4.159531534572361,6.2392973018585405,0.42618150968979107,3.099279398002905e-06,6.347324207109949,1.0000000019519713
600.0,0.6049793384901669,3.5,3.794967661603925,-0.022851911872960613,0.3681856837508382,4.254883357050799,4.159531534572361,7.279180185501631,0.42618150968979107,3.099279398002905e-06,6.347324207109949,0.9999999997698662
600.0,0.6049793384901669,4.0,4.060787791635346,0.006550303424371899,0.38269118822346,4.27467175079473,4.159531534572361,8.31906306914472,0.42618150968979107,3.099279398002905e-06,6.347324207109949,1.00000000225397
600.0,0.6049793384901669,4.5,4.480595959351813,0.049275791564011184,0.40331689679400834,4.313575891005281,4.159531534572361,9.358945952787812,0.42618150968979107,3.099279398002905e-06,6.347324207109949,0.999999998503826
600.0,0.6049793384901669,5.0,5.159679934466612,0.11056277095695831,0.43333875295545304,4.421097825795991,4.159531534572361,10.398828836430901,0.42618150968979107,3.099279398002905e-06,6.347324207109949,1.000000001022848
600.0,0.6049793384901669,5.5,5.987667065537239,0.1751976527779508,0.47585778588091,7.677579723242003,4.159531534572361,11.438711720073993,0.42618150968979107,3.099279398002905e-06,6.347324207109949,1.0000000016235995
600.0,0.6049793384901669,6.0,6.832679390116026,0.23253105146846087,0.5398691336408236,7.683706037347172,4.159531534572361,12.478594603717081,0.42618150968979107,3.099279398002905e-06,6.347324207109949,1.00000000065351
600.0,0.6352283054146753,0.0,2.878802476946873,-0.142848123641569,0.3497268911648981,4.022258823498368,3.9614586043546285,0.0,0.4058871520855153,2.951694664764671e-06,6.045070673438046,1.00000000028744
600.0,0.6352283054146753,0.5,2.895336132462509,-0.1403610011575759,0.3504537948167247,4.022716622697833,3.9614586043546285,1.0918770278252448,0.4058871520855153,2.951694664764671e-06,6.045070673438046,0.9999999999564586
600.0,0.6352283054146753,1.0,2.945581567460462,-0.13288893784023084,0.35268269418076187,4.024145381904222,3.9614586043546285,2.1837540556504895,0.4058871520855153,2.951694664764671e-06,6.045070673438046,1.0000000020726878
600.0,0.6352283054146753,1.5,3.0315219346173365,-0.12039927640210044,0.3565649074429008,4.026728323610545,3.9614586043546285,3.275631083475734,0.4058871520855153,2.951694664764671e-06,6.045070673438046,1.0000000054500038
600.0,0.6352283054146753,2.0,3.1566336609293786,-0.10283580800037495,0.3623760004095937,4.030841561937254,3.9614586043546285,4.367508111300979,0.4058871520855153,2.951694664764671e-06,6.045070673438046,1.0000000051665603
600.0,0.6352283054146753,2.5,3.3220342797027382,-0.08065588175294522,0.37055670395124646,4.037213600282693,3.9614586043546285,5.4593851391262245,0.4058871520855153,2.951694664764671e-06,6.045070673438046,1.0000000005797343
600.0,0.6352283054146753,3.0,3.5295828316182525,-0.05433661303148491,0.38178228268924236,4.047330798425617,3.9614586043546285,6.551262166951468,0.4058871520855153,2.951694664764671e-06,6.045070673438046,0.9999999969146532
600.0,0.6352283054146753,3.5,3.7907570021379304,-0.02333404546998032,0.39707796269957174,4.064632788922268,3.9614586043546285,7.6431391947767136,0.4058871520855153,2.951694664764671e-06,6.045070673438046,1.0000000008587555
600.0,0.6352283054146753,4.0,4.160473664987808,0.01708278602476747,0.41872604279846165,4.099112569395555,3.9614586043546285,8.735016222601958,0.4058871520855153,2.951694664764671e-06,6.045070673438046,1.0000000019995974
600.0,0.6352283054146753,4.5,4.855469131903255,0.08417120616093839,0.45221350252313103,4.196652154588913,3.9614586043546285,9.826893250427204,0.4058871520855153,2.951694664764671e-06,6.045070673438046,1.00000000115665
600.0,0.6352283054146753,5.0,5.7240545369660145,0.15564377159879933,0.5010516823955792,7.312111874918719,3.9614586043546285,10.918770278252449,0.4058871520855153,2.951694664764671e-06,6.045070673438046,1.0000000011682904
600.0,0.6352283054146753,5.5,6.6064730042573885,0.21790967336271538,0.5783606194850791,7.318659837542737,3.9614586043546285,12.010647306077693,0.4058871520855153,2.951694664764671e-06,6.045070673438046,1.000000000546213
600.0,0.6352283054146753,6.0,7.36821773414825,0.26530245964773796,0.6946580135295939,3.847127503938523,3.9614586043546285,13.102524333902936,0.4058871520855153,2.951694664764671e-06,6.045070673438046,0.9999999995456461
600.0,0.6636414694697732,0.0,2.7555493488307747,-0.16185179816462864,0.36536984575058973,3.850049724034716,3.791852607139089,0.0,0.38850948843638206,2.8253207285223763e-06,5.7862568520138264,1.00000000028744
600.0,0.6636414694697732,0.5,2.774413974840421,-0.15888872796668074,0.36627546644621944,3.850572746146475,3.791852607139089,1.1407156593143426,0.38850948843638206,2.8253207285223763e-06,5.7862568520138264,0.9999999960507798
600.0,0.6636414694697732,1.0,2.8318853427048607,-0.14998432565720318,0.36906411645018744,3.8522176236411707,3.791852607139089,2.281431318628685,0.38850948843638206,2.8253207285223763e-06,5.7862568520138264,0.9999999998317264
600.0,0.6636414694697732,1.5,2.930677139057347,-0.1350920147350027,0.37396299520029824,3.855240888108663,3.791852607139089,3.422146977943027,0.38850948843638206,2.8253207285223763e-06,5.7862568520138264,0.9999999970863368
600.0,0.6636414694697732,2.0,3.075592681200429,-0.1141311725588487,0.3813931951600489,3.8601924390959934,3.791852607139089,4.56286263725737,0.38850948843638206,2.8253207285223763e-06,5.7862568520138264,0.9999999970125691
600.0,0.6636414694697732,2.5,3.264774350852996,-0.08820682151042192,0.39204533409068615,3.868215652976652,3.791852607139089,5.703578296571712,0.38850948843638206,2.8253207285223763e-06,5.7862568520138264,1.0000000029490355
600.0,0.6636414694697732,3.0,3.5087641005053296,-0.0569058204031435,0.4070132069784544,3.881922537461552,3.791852607139089,6.844293955886054,0.38850948843638206,2.8253207285223763e-06,5.7862568520138264,0.9999999988725109
600.0,0.6636414694697732,3.5,3.8196172136625646,-0.020040149443442814,0.428025449339022,3.9085989176293157,3.791852607139089,7.985009615200397,0.38850948843638206,2.8253207285223763e-06,5.7862568520138264,0.9999999998676542
600.0,0.6636414694697732,4.0,4.459729931360035,0.04724856853409983,0.46190901415928043,3.9785948332665866,3.791852607139089,9.12572527451474,0.38850948843638206,2.8253207285223763e-06,5.7862568520138264,0.9999999990459424
600.0,0.6636414694697732,4.5,5.3287322803191195,0.1245639101663212,0.5123153307787205,6.998089367570511,3.791852607139089,10.266440933829083,0.38850948843638206,2.8253207285223763e-06,5.7862568520138264,1.000000001072438
600.0,0.6636414694697732,5.0,6.253736524761431,0.1940795887684909,0.5953278622929427,7.00471911725475,3.791852607139089,11.407156593143425,0.38850948843638206,2.8253207285223763e-06,5.7862568520138264,1.0000000024816942
600.0,0.6636414694697732,5.5,7.05617134509677,0.24650912690216717,0.726540242683432,3.6819882638995094,3.791852607139089,12.547872252457767,0.38850948843638206,2.8253207285223763e-06,5.7862568520138264,1.0000000006526777
600.0,0.6636414694697732,6.0,7.62897208578769,0.28040603449799595,0.8647136542386434,7.026343137232913,3.791852607139089,13.688587911772109,0.38850948843638206,2.8253207285223763e-06,5.7862568520138264,0.9999999971954336
600.0,0.6682628855998672,0.0,2.7364931652803066,-0.1648656235506097,0.3679141805703393,3.823424450838006,3.7656297999487105,0.0,0.38582272540458096,2.8057820363866286e-06,5.7462416105198155,1.00000000028744
600.0,0.6682628855998672,0.5,2.7557567121900064,-0.1618191174309845,0.36885195825033773,3.8239586831951913,3.7656297999487105,1.1486592885031846,0.38582272540458096,2.8057820363866286e-06,5.7462416105198155,0.9999999981074118
600.0,0.6682628855998672,1.0,2.814468980716187,-0.15266352482242512,0.37174170847587756,3.8256409882601363,3.7656297999487105,2.297318577006369,0.38582272540458096,2.8057820363866286e-06,5.7462416105198155,1.0000000037176968
600.0,0.6682628855998672,1.5,2.915482305667416,-0.1373495813364012,0.37682589185391907,3.828742123667627,3.7656297999487105,3.445977865509554,0.38582272540458096,2.8057820363866286e-06,5.7462416105198155,1.0000000014350814
600.0,0.6682628855998672,2.0,3.0638543454904315,-0.11579187607671466,0.38455508910774017,3.8338471085704398,3.7656297999487105,4.594637154012738,0.38582272540458096,2.8057820363866286e-06,5.7462416105198155,1.0000000012968258
600.0,0.6682628855998672,2.5,3.2572058387728373,-0.08921478670275675,0.395671543671185,3.842187440978512,3.7656297999487105,5.7432964425159225,0.38582272540458096,2.8057820363866286e-06,5.7462416105198155,0.9999999988195156
600.0,0.6682628855998672,3.0,3.5076667184309183,-0.05704166924014939,0.41135775040614764,3.8566373292672544,3.7656297999487105,6.891955731019108,0.38582272540458096,2.8057820363866286e-06,5.7462416105198155,0.9999999958150888
600.0,0.6682628855998672,3.5,3.8274609393688066,-0.019149224068218323,0.4334955745778613,3.8855132842086353,3.7656297999487105,8.040615019522292,0.38582272540458096,2.8057820363866286e-06,5.7462416105198155,1.000000001358563
600.0,0.6682628855998672,4.0,4.512870925257319,0.05239292090919206,0.4698324615059609,3.9663994782972862,3.7656297999487105,9.189274308025476,0.38582272540458096,2.8057820363866286e-06,5.7462416105198155,1.000000000489245
600.0,0.6682628855998672,4.5,5.4053467886129525,0.13076357070782907,0.5245424934136579,6.950431582011919,3.7656297999487105,10.33793359652866,0.38582272540458096,2.8057820363866286e-06,5.7462416105198155,0.999999999749558
600.0,0.6682628855998672,5.0,6.333622280575366,0.19959216837840518,0.6156062948393911,6.957350394691606,3.7656297999487105,11.486592885031845,0.38582272540458096,2.8057820363866286e-06,5.7462416105198155,1.0000000003015044
600.0,0.6682628855998672,5.5,7.100316332346089,0.24921770645195931,0.7542210629140722,3.6430188146394347,3.7656297999487105,12.635252173535031,0.38582272540458096,2.8057820363866286e-06,5.7462416105198155,0.9999999991034143
600.0,0.6682628855998672,6.0,7.664666866414252,0.28243329229529623,0.8900154135738634,6.980448543765433,3.7656297999487105,13.783911462038215,0.38582272540458096,2.8057820363866286e-06,5.7462416105198155,1.0000000001051053
600.0,0.6985699678629192,0.0,2.617771881389236,-0.18412819287578083,0.38459983763219974,3.65754723783298,3.602259976782134,0.0,0.369084014014563,2.6840546920962575e-06,5.496944009413135,1.00000000028744
600.0,0.6985699678629192,0.5,2.639793899140313,-0.18048997050364482,0.3857719443367555,3.6581588952238917,3.602259976782134,1.2007533255940448,0.369084014014563,2.6840546920962575e-06,5.496944009413135,0.9999999954468122
600.0,0.6985699678629192,1.0,2.7071209801775478,-0.1695523266732697,0.3894029273724807,3.660103763188764,3.602259976782134,2.4015066511880896,0.369084014014563,2.6840546920962575e-06,5.496944009413135,0.9999999961257368
600.0,0.6985699678629192,1.5,2.8236792664255588,-0.15124462640293282,0.39585989916091235,3.663765869272362,3.602259976782134,3.602259976782135,0.369084014014563,2.6840546920962575e-06,5.496944009413135,1.0000000056851732
600.0,0.6985699678629192,2.0,2.9942721179035336,-0.12576872506918135,0.40584024186697815,3.6700211637980935,3.602259976782134,4.803013302376179,0.369084014014563,2.6840546920962575e-06,5.496944009413135,0.9999999969588121
600.0,0.6985699678629192,2.5,3.219524911823532,-0.09426820143215776,0.4205291710402714,3.6809006791334347,3.602259976782134,6.003766627970225,0.369084014014563,2.6840546920962575e-06,5.496944009413135,1.0000000015237747
600.0,0.6985699678629192,3.0,3.5167453869339194,-0.055919064879778095,0.4418937210746248,3.7019743290279394,3.602259976782134,7.20451995356427,0.369084014014563,2.6840546920962575e-06,5.496944009413135,1.00000000225397
600.0,0.6985699678629192,3.5,4.066295092422232,0.007138901016436963,0.4761495758044106,3.755268527160584,3.602259976782134,8.405273279158314,0.369084014014563,2.6840546920962575e-06,5.496944009413135,1.0000000028232914
600.0,0.6985699678629192,4.0,4.945476237777076,0.09214812816030947,0.530012664577243,6.6474469099261375,3.602259976782134,9.606026604752358,0.369084014014563,2.6840546920962575e-06,5.496944009413135,1.0000000000188285
600.0,0.6985699678629192,4.5,5.917273927754844,0.17006168316431095,0.6233871792693991,6.654284623554514,3.602259976782134,10.806779930346403,0.369084014014563,2.6840546920962575e-06,5.496944009413135,1.00000000065351
600.0,0.6985699678629192,5.0,6.750097427645542,0.2272500499450603,0.7771452415176465,3.4915615344824276,3.602259976782134,12.00753325594045,0.369084014014563,2.6840546920962575e-06,5.496944009413135,1.0000000019467234
600.0,0.6985699678629192,5.5,7.342455426648847,0.2637813274325271,0.9328345100623314,6.6779378590597505,3.602259976782134,13.208286581534495,0.369084014014563,2.6840546920962575e-06,5.496944009413135,1.0000000003259841
600.0,0.6985699678629192,6.0,7.941195537144031,0.29782589851714397,1.0601481287818078,6.702266530983392,3.602259976782134,14.40903990712854,0.369084014014563,2.6840546920962575e-06,5.496944009413135,1.0000000026264786
600.0,0.7334984662560653,0.0,2.493116077513558,-0.20531749194571897,0.40382982951380975,3.483378321745695,3.430723787411556,0.0,0.35150858477577424,2.5562425639011974e-06,5.235184770869652,1.00000000028744
600.0,0.7334984662560653,0.5,2.51863520819978,-0.20089472122499946,0.4053283571015489,3.4840885802505968,3.430723787411556,1.2607909918737474,0.35150858477577424,2.5562425639011974e-06,5.235184770869652,0.9999999989817706
600.0,0.7334984662560653,1.0,2.5969743093857427,-0.18759233794324778,0.410003022843504,3.4863766838307932,3.430723787411556,2.521581983747495,0.35150858477577424,2.5562425639011974e-06,5.235184770869652,1.0000000077829772
600.0,0.7334984662560653,1.5,2.733724940805916,-0.16530517630452493,0.41843576276867783,3.4908111912678073,3.430723787411556,3.7823729756212416,0.35150858477577424,2.5562425639011974e-06,5.235184770869652,1.0000000051665603
600.0,0.7334984662560653,2.0,2.932147056665852,-0.13487424353863361,0.4317635747590827,3.4987943487478983,3.430723787411556,5.04316396749499,0.35150858477577424,2.5562425639011974e-06,5.235184770869652,1.0000000024344822
600.0,0.7334984662560653,2.5,3.2018686787751984,-0.09665647550384046,0.4520011033188107,3.5140617191799093,3.430723787411556,6.3039549593687365,0.35150858477577424,2.5562425639011974e-06,5.235184770869652,0.9999999960327765
600.0,0.7334984662560653,3.0,3.6030758856555893,-0.04538658227938251,0.48350318705279716,3.5499356180686528,3.430723787411556,7.564745951242483,0.35150858477577424,2.5562425639011974e-06,5.235184770869652,1.0000000019995974
600.0,0.7334984662560653,3.5,4.453283776232837,0.04662037919630989,0.538154580491259,6.329363449016373,3.430723787411556,8.825536943116228,0.35150858477577424,2.5562425639011974e-06,5.235184770869652,0.9999999999264315
600.0,0.7334984662560653,4.0,5.476358936671237,0.1364319140045167,0.6316170423063951,6.336095760725428,3.430723787411556,10.08632793498998,0.35150858477577424,2.5562425639011974e-06,5.235184770869652,1.000000002925019
600.0,0.7334984662560653,4.5,6.381063738387399,0.20283309134358796,0.8021219822120834,3.3317101500085786,3.430723787411556,11.347118926863727,0.35150858477577424,2.5562425639011974e-06,5.235184770869652,0.9999999995456461
600.0,0.7334984662560653,5.0,7.005958171994016,0.24340754877240725,0.9829238662180433,6.36036910821209,3.430723787411556,12.607909918737473,0.35150858477577424,2.5562425639011974e-06,5.235184770869652,1.0000000002650609
600.0,0.7334984662560653,5.5,7.63404869588417,0.28069493456103267,1.1312900318050012,6.387334815141396,3.430723787411556,13.868700910611219,0.35150858477577424,2.5562425639011974e-06,5.235184770869652,1.000000001001905
600.0,0.7334984662560653,6.0,8.212947286095487,0.31243904403663175,1.2895733530221472,6.454147754136821,3.430723787411556,15.129491902484967,0.35150858477577424,2.5562425639011974e-06,5.235184770869652,1.0000000007941885
600.0,0.7386277204483878,0.0,2.4758031257538136,-0.2083438844201749,0.4066537561357578,3.4591886895864623,3.40689980425723,0.0,0.349067602895208,2.5384912427356122e-06,5.198830065122534,1.00000000028744
600.0,0.7386277204483878,0.5,2.501865656246652,-0.20379600584154872,0.4082058544763068,3.4599143292224315,3.40689980425723,1.269607530391843,0.349067602895208,2.5384912427356122e-06,5.198830065122534,1.0000000015743913
600.0,0.7386277204483878,1.0,2.5819249472045325,-0.19011637752175267,0.41305299517289507,3.462256813048312,3.40689980425723,2.539215060783686,0.349067602895208,2.5384912427356122e-06,5.198830065122534,1.0000000019851836
600.0,0.7386277204483878,1.5,2.721863661996691,-0.16719362370290217,0.4218169335272353,3.4668182122826643,3.40689980425723,3.8088225911755296,0.349067602895208,2.5384912427356122e-06,5.198830065122534,1.0000000038951444
600.0,0.7386277204483878,2.0,2.9247181838301346,-0.13597596607348972,0.4357179288809141,3.475102178273291,3.40689980425723,5.078430121567372,0.349067602895208,2.5384912427356122e-06,5.198830065122534,0.9999999992660071
600.0,0.7386277204483878,2.5,3.201630175658825,-0.09668882675110706,0.45693246779017116,3.491210534594991,3.40689980425723,6.348037651959215,0.349067602895208,2.5384912427356122e-06,5.198830065122534,1.000000002054789
600.0,0.7386277204483878,3.0,3.6409595551557623,-0.040844136637422056,0.4906569666716431,3.5305009247817614,3.40689980425723,7.617645182351059,0.349067602895208,2.5384912427356122e-06,5.198830065122534,0.999999999497776
600.0,0.7386277204483878,3.5,4.520105940675096,0.05308862244612378,0.5487532622777075,6.285983310164655,3.40689980425723,8.887252712742901,0.349067602895208,2.5384912427356122e-06,5.198830065122534,0.9999999993796951
600.0,0.7386277204483878,4.0,5.5471816562034855,0.14201239683228675,0.6514372413843786,6.292988097242162,3.40689980425723,10.156860243134744,0.349067602895208,2.5384912427356122e-06,5.198830065122534,1.0000000005911203
600.0,0.7386277204483878,4.5,6.421222359277152,0.20555771794922467,0.8328294709371054,3.296417745053769,3.40689980425723,11.42646777352659,0.349067602895208,2.5384912427356122e-06,5.198830065122534,0.9999999988655808
600.0,0.7386277204483878,5.0,7.045067474754568,0.24582516563100343,1.011049381603766,6.318966803105558,3.40689980425723,12.69607530391843,0.349067602895208,2.5384912427356122e-06,5.198830065122534,1.0000000011799535
600.0,0.7386277204483878,5.5,7.6747083578460344,0.28300188976137025,1.163426678244904,6.349264630093426,3.40689980425723,13.965682834310273,0.349067602895208,2.5384912427356122e-06,5.198830065122534,1.0000000019004902
600.0,0.7386277204483878,6.0,8.252594825182225,0.314530531897566,1.3259295112588534,6.431693355963506,3.40689980425723,15.235290364702118,0.349067602895208,2.5384912427356122e-06,5.198830065122534,0.999999999464099
600.0,0.8127914861758826,0.0,2.249896621897949,-0.24989742769246936,0.44748484474417083,3.1435524360760803,3.09603468911095,0.0,0.3172166689662858,2.306864714862752e-06,4.724458936038916,1.00000000028744
600.0,0.8127914861758826,0.5,2.284720132006128,-0.24322698279494373,0.4500008592229007,3.1445275276861215,3.09603468911095,1.397085653461316,0.3172166689662858,2.306864714862752e-06,4.724458936038916,1.0000000059716971
600.0,0.8127914861758826,1.0,2.3928878638433733,-0.22313764426284344,0.45800926046180274,3.147791003793493,3.09603468911095,2.794171306922632,0.3172166689662858,2.306864714862752e-06,4.724458936038916,0.9999999970863368
600.0,0.8127914861758826,1.5,2.583768548019863,-0.18980638402497826,0.47306961106343925,3.154705236073962,3.09603468911095,4.1912569603839485,0.3172166689662858,2.306864714862752e-06,4.724458936038916,0.9999999995092315
600.0,0.8127914861758826,2.0,2.864893891344549,-0.1449514499309842,0.4984873378355054,3.169576479263639,3.09603468911095,5.588342613845264,0.3172166689662858,2.306864714862752e-06,4.724458936038916,0.9999999988725109
600.0,0.8127914861758826,2.5,3.34675793136408,-0.07743569004717542,0.5427281084490503,3.21177259114812,3.09603468911095,6.985428267306581,0.3172166689662858,2.306864714862752e-06,4.724458936038916,1.0000000014960317
600.0,0.8127914861758826,3.0,4.350891687559765,0.036518280638480526,0.6274555739065234,5.713916041647994,3.09603468911095,8.382513920767897,0.3172166689662858,2.306864714862752e-06,4.724458936038916,1.000000001072438
600.0,0.8127914861758826,3.5,5.455118890789365,0.13474422886699508,0.8032748279107872,5.722665072144653,3.09603468911095,9.779599574229213,0.3172166689662858,2.306864714862752e-06,4.724458936038916,0.9999999991728602
600.0,0.8127914861758826,4.0,6.22902962403871,0.19236040497015522,1.0590536132510584,5.736985147975664,3.09603468911095,11.176685227690529,0.3172166689662858,2.306864714862752e-06,4.724458936038916,0.9999999971954336
600.0,0.8127914861758826,4.5,6.917477388943929,0.23788775691539504,1.2624380899779792,5.766011926640239,3.09603468911095,12.573770881151844,0.3172166689662858,2.306864714862752e-06,4.724458936038916,1.000000001133577
600.0,0.8127914861758826,5.0,7.557546556357128,0.2763208398916205,1.4784627952953158,5.861698622138711,3.09603468911095,13.970856534613162,0.3172166689662858,2.306864714862752e-06,4.724458936038916,1.0000000000737992
600.0,0.8127914861758826,5.5,8.317153298881202,0.31791471499426366,1.6701682129906466,8.273634044440572,3.09603468911095,15.367942188074478,0.3172166689662858,2.306864714862752e-06,4.724458936038916,1.0000000009548375
600.0,0.8127914861758826,6.0,9.42607843928462,0.3722710581001883,1.815360577815233,8.287661650208948,3.09603468911095,16.765027841535794,0.3172166689662858,2.306864714862752e-06,4.724458936038916,0.9999999994196668
600.0,0.8164016305125923,0.0,2.239947534041979,-0.2518221452897402,0.44947242077749927,3.129651584338285,3.082343961800505,0.0,0.3158139305123468,2.296663712960431e-06,4.703567284142962,1.00000000028744
600.0,0.8164016305125923,0.5,2.275242607694375,-0.24503227931710395,0.4520454911993927,3.130640165077205,3.082343961800505,1.4032910344791119,0.3158139305123468,2.296663712960431e-06,4.703567284142962,1.0000000016866273
600.0,0.8164016305125923,1.0,2.3849438393631446,-0.22458183459411687,0.4602442962772632,3.133955808092684,3.082343961800505,2.8065820689582237,0.3158139305123468,2.296663712960431e-06,4.703567284142962,1.0000000010998826
600.0,0.8164016305125923,1.5,2.578476846096315,-0.1906967553943243,0.47569726934144524,3.1410158057552517,3.082343961800505,4.209873103437335,0.3158139305123468,2.296663712960431e-06,4.703567284142962,1.0000000062919456
600.0,0.8164016305125923,2.0,2.8642613548416684,-0.14504734787827844,0.501870691373962,3.1563658915415287,3.082343961800505,5.613164137916447,0.3158139305123468,2.296663712960431e-06,4.703567284142962,0.9999999979407013
600.0,0.8164016305125923,2.5,3.369810037409273,-0.074454571771226,0.547992807224496,3.2012012873470668,3.082343961800505,7.01645517239556,0.3158139305123468,2.296663712960431e-06,4.703567284142962,1.000000000981582
600.0,0.8164016305125923,3.0,4.390639892057955,0.04046782762443334,0.6369295686278449,5.6890315883025995,3.082343961800505,8.41974620687467,0.3158139305123468,2.296663712960431e-06,4.703567284142962,1.0000000013202817
600.0,0.8164016305125923,3.5,5.492166729195819,0.1376837215904721,0.8227415928564227,5.698039845647343,3.082343961800505,9.823037241353783,0.3158139305123468,2.296663712960431e-06,4.703567284142962,1.0000000007696512
600.0,0.8164016305125923,4.0,6.247760141842385,0.19366435683419977,1.0788157731853096,5.713002138749313,3.082343961800505,11.226328275832895,0.3158139305123468,2.296663712960431e-06,4.703567284142962,1.0000000011766677
600.0,0.8164016305125923,4.5,6.940859250075795,0.2393532463411905,1.2850732176342015,5.74421144276928,3.082343961800505,12.629619310312005,0.3158139305123468,2.296663712960431e-06,4.703567284142962,1.0000000011266812
600.0,0.8164016305125923,5.0,7.581764950706499,0.2777103250070493,1.5040612950316368,8.228715243116293,3.082343961800505,14.03291034479112,0.3158139305123468,2.296663712960431e-06,4.703567284142962,0.999999999874171
600.0,0.8164016305125923,5.5,8.3834429263241,0.3213624207184819,1.694004156561297,8.238138163515321,3.082343961800505,15.43620137927023,0.3158139305123468,2.296663712960431e-06,4.703567284142962,1.0000000004577174
600.0,0.8164016305125923,6.0,9.507751160610532,0.37601781540635376,1.8369171875930996,8.252998714701437,3.082343961800505,16.83949241374934,0.3158139305123468,2.296663712960431e-06,4.703567284142962,1.0000000005159428
600.0,0.8555699854482975,0.0,2.137401790803052,-0.2721738224036215,0.47103667867807447,2.986374814272277,2.9412329546554026,0.0,0.30135583551797157,2.191521479119615e-06,4.488235989236971,1.00000000028744
600.0,0.8555699854482975,0.5,2.178098566084929,-0.2639824622175721,0.4742991678035142,2.9875190663892726,2.9412329546554026,1.4706164773277015,0.30135583551797157,2.191521479119615e-06,4.488235989236971,0.9999999982627981
600.0,0.8555699854482975,1.0,2.305524466672978,-0.23929025593077347,0.48482738128691893,2.991452305580581,2.9412329546554026,2.941232954655403,0.30135583551797157,2.191521479119615e-06,4.488235989236971,1.0000000056851732
600.0,0.8555699854482975,1.5,2.530094991325124,-0.19892316444705177,0.5052026802575837,3.000356113093799,2.9412329546554026,4.411849431983104,0.30135583551797157,2.191521479119615e-06,4.488235989236971,1.0000000019519713
600.0,0.8555699854482975,2.0,2.871410584424898,-0.14396469440761875,0.541207068586292,3.022649382333525,2.9412329546554026,5.882465909310806,0.30135583551797157,2.191521479119615e-06,4.488235989236971,1.00000000225397
600.0,0.8555699854482975,2.5,3.6484446704135025,-0.039952226875032304,0.6128335415314458,3.1261882529094467,2.9412329546554026,7.3530823866385076,0.30135583551797157,2.191521479119615e-06,4.488235989236971,1.000000001022848
600.0,0.8555699854482975,3.0,4.831433930424606,0.08201605363647031,0.7634902507014657,5.433200643652201,2.9412329546554026,8.823698863966207,0.30135583551797157,2.191521479119615e-06,4.488235989236971,1.00000000065351
600.0,0.8555699854482975,3.5,5.762160951613719,0.15852539372046437,1.0531151595294446,5.4460513260424674,2.9412329546554026,10.29431534129391,0.30135583551797157,2.191521479119615e-06,4.488235989236971,1.0000000007477603
600.0,0.8555699854482975,4.0,6.483959004556618,0.20978026898930335,1.298410983640909,5.472377707014271,2.9412329546554026,11.764931818621612,0.30135583551797157,2.191521479119615e-06,4.488235989236971,1.0000000026264786
600.0,0.8555699854482975,4.5,7.162688614901002,0.2530160800638436,1.5500190011417951,5.563329821591479,2.9412329546554026,13.235548295949311,0.30135583551797157,2.191521479119615e-06,4.488235989236971,1.0000000004507135
600.0,0.8555699854482975,5.0,7.981958124295767,0.3000494536892002,1.7722220122558072,7.860802065661114,2.9412329546554026,14.706164773277015,0.30135583551797157,2.191521479119615e-06,4.488235989236971,1.0000000001549096
600.0,0.8555699854482975,5.5,9.166304522890774,0.36013428994805446,1.935829071730869,7.876703089984686,2.9412329546554026,16.176781250604716,0.30135583551797157,2.191521479119615e-06,4.488235989236971,0.9999999988884348
600.0,0.8555699854482975,6.0,10.206966079092386,0.40683668015038615,2.101764169770067,7.909724408944706,2.9412329546554026,17.647397727932415,0.30135583551797157,2.191521479119615e-06,4.488235989236971,1.0000000004032377
600.0,0.8983484847207125,0.0,2.0356207531457633,-0.29336312147355964,0.4945885126119782,2.8441664897831203,2.8011742425289543,0.0,0.28700555763616337,2.087163313447252e-06,4.274510465939972,1.00000000028744
600.0,0.8983484847207125,0.5,2.0828407008893923,-0.2834039356722215,0.4987686493247161,2.845500488025004,2.8011742425289543,1.5441473011940867,0.28700555763616337,2.087163313447252e-06,4.274510465939972,1.0000000020726878
600.0,0.8983484847207125,1.0,2.23207706736488,-0.25335080583236563,0.5124770544577657,2.8502354023344068,2.8011742425289543,3.0882946023881734,0.28700555763616337,2.087163313447252e-06,4.274510465939972,1.0000000051665603
600.0,0.8983484847207125,1.5,2.495791954996882,-0.20485161086347556,0.5399216820528855,2.861895053271917,2.8011742425289543,4.63244190358226,0.28700555763616337,2.087163313447252e-06,4.274510465939972,0.9999999969146532
600.0,0.8983484847207125,2.0,2.941899141460927,-0.13343221180722317,0.5921680486444015,2.8985102946666084,2.8011742425289543,6.176589204776347,0.28700555763616337,2.087163313447252e-06,4.274510465939972,1.0000000019995974
600.0,0.8983484847207125,2.5,4.047517778970292,0.005128773766808681,0.7085940846936847,5.170443891549705,2.8011742425289543,7.720736505970432,0.28700555763616337,2.087163313447252e-06,4.274510465939972,1.0000000011682904
600.0,0.8983484847207125,3.0,5.2101167250752045,0.11478746181574727,0.9823947839447046,2.7203299461242056,2.8011742425289543,9.26488380716452,0.28700555763616337,2.087163313447252e-06,4.274510465939972,0.9999999995456461
600.0,0.8983484847207125,3.5,5.980031004335706,0.1746434443288442,1.2949619482136283,5.202322043169194,2.8011742425289543,10.809031108358607,0.28700555763616337,2.087163313447252e-06,4.274510465939972,0.9999999975141373
600.0,0.8983484847207125,4.0,6.70584337843661,0.22439341450879102,1.57939835039713,5.269789574055076,2.8011742425289543,12.353178409552694,0.28700555763616337,2.087163313447252e-06,4.274510465939972,1.0000000007941885
600.0,0.8983484847207125,4.5,7.51974844405677,0.2741433211805206,1.844938162087604,7.4856142017965945,2.8011742425289543,13.897325710746781,0.28700555763616337,2.087163313447252e-06,4.274510465939972,0.9999999991312195
600.0,0.8983484847207125,5.0,8.759894287805876,0.34043887391550726,2.0364707767830414,7.502134134394185,2.8011742425289543,15.441473011940865,0.28700555763616337,2.087163313447252e-06,4.274510465939972,0.9999999993508084
600.0,0.8983484847207125,5.5,9.824100186608304,0.39023279144605244,2.2332020371917864,7.539803325802801,2.8011742425289543,16.98562031313495,0.28700555763616337,2.087163313447252e-06,4.274510465939972,1.0000000006331458
600.0,0.8983484847207125,6.0,10.665781401251849,0.42593268709981225,2.4918628495816386,9.78659585770343,2.8011742425289543,18.52976761432904,0.28700555763616337,2.087163313447252e-06,4.274510465939972,1.0000000010232022
600.0,0.9023647554129298,0.0,2.0265605544597154,-0.29530040615930525,0.49679968275552044,2.8315075927592943,2.7887066966207428,0.0,0.28572814514556794,2.0778737076693386e-06,4.255485353306805,1.00000000028744
600.0,0.9023647554129298,0.5,2.0744278165234813,-0.28516166396386283,0.5010758010742916,2.8328605152003683,2.7887066966207428,1.5510507619954705,0.28572814514556794,2.0778737076693386e-06,4.255485353306805,1.0000000006312326
600.0,0.9023647554129298,1.0,2.225853765217825,-0.2545633627960879,0.5151220113249536,2.8376787206764535,2.7887066966207428,3.102101523990941,0.28572814514556794,2.0778737076693386e-06,4.255485353306805,1.0000000006547494
600.0,0.9023647554129298,1.5,2.4935561280123686,-0.20524084303196982,0.5433407863535028,2.849650837563242,2.7887066966207428,4.653152285986412,0.28572814514556794,2.0778737076693386e-06,4.255485353306805,1.000000002177544
600.0,0.9023647554129298,2.0,2.961584858211109,-0.1305358103446373,0.5977394309955971,2.888280656477148,2.7887066966207428,6.204203047981882,0.28572814514556794,2.0778737076693386e-06,4.255485353306805,0.9999999999864606
600.0,0.9023647554129298,2.5,4.088816508297804,0.00953763005498631,0.7197656336576524,5.147800038292758,2.7887066966207428,7.755253809977353,0.28572814514556794,2.0778737076693386e-06,4.255485353306805,0.9999999976269766
600.0,0.9023647554129298,3.0,5.23127571954561,0.11654761922165996,1.006376488425789,2.702176254457859,2.7887066966207428,9.306304571972824,0.28572814514556794,2.0778737076693386e-06,4.255485353306805,0.9999999995135311
600.0,0.9023647554129298,3.5,6.00140168071033,0.17619270423964387,1.3178331474942582,5.181233366301306,2.7887066966207428,10.857355333968295,0.28572814514556794,2.0778737076693386e-06,4.255485353306805,0.9999999997935555
600.0,0.9023647554129298,4.0,6.726471703662977,0.22572732825409814,1.6078672791903554,5.257443006379779,2.7887066966207428,12.408406095963764,0.28572814514556794,2.0778737076693386e-06,4.255485353306805,1.0000000008607195
600.0,0.9023647554129298,4.5,7.580086127002798,0.2776141489042966,1.871470414102782,7.453286989183931,2.7887066966207428,13.959456857959236,0.28572814514556794,2.0778737076693386e-06,4.255485353306805,0.9999999983740019
600.0,0.9023647554129298,5.0,8.837913320562148,0.3442897464972989,2.0610749900564422,7.470850055665143,2.7887066966207428,15.510507619954707,0.28572814514556794,2.0778737076693386e-06,4.255485353306805,1.0000000006073837
600.0,0.9023647554129298,5.5,9.865483412116065,0.3920583793622003,2.266715585884633,7.512839859320314,2.7887066966207428,17.061558381950178,0.28572814514556794,2.0778737076693386e-06,4.255485353306805,1.000000000761613
600.0,0.9023647554129298,6.0,10.707980669378335,0.42764758717592233,2.5317806536944603,9.744236659113703,2.7887066966207428,18.612609143945647,0.28572814514556794,2.0778737076693386e-06,4.255485353306805,1.0000000006019745
600.0,0.9973793796812823,0.0,1.8335017309450508,-0.3387786670288706,0.5491102754626258,2.561766072611782,2.5230425728459656,0.0,0.25850846033257846,1.8799265737769373e-06,3.8500896230951676,1.00000000028744
600.0,0.9973793796812823,0.5,1.8985599629149255,-0.32363567315379166,0.5562430469732479,2.5636305431114925,2.5230425728459656,1.7143688708734073,0.25850846033257846,1.8799265737769373e-06,3.8500896230951676,1.0000000005785938
600.0,0.9973793796812823,1.0,2.1077505014884856,-0.27824079002449575,0.5807829036369234,2.5709468193242655,2.5230425728459656,3.4287377417468146,0.25850846033257846,1.8799265737769373e-06,3.8500896230951676,0.9999999998535606
600.0,0.9973793796812823,1.5,2.4908835616265144,-0.2057065647649613,0.6352303317917573,2.595469542219568,2.5230425728459656,5.143106612620222,0.25850846033257846,1.8799265737769373e-06,3.8500896230951676,0.9999999994197184
600.0,0.9973793796812823,2.0,3.566571275883783,-0.049809083758106984,0.7734636319038287,4.6565599561692075,2.5230425728459656,6.857475483493629,0.25850846033257846,1.8799265737769373e-06,3.8500896230951676,0.9999999989621644
600.0,0.9973793796812823,2.5,4.812611470424555,0.08032081049864644,1.15624205635634,2.430139902155134,2.5230425728459656,8.571844354367036,0.25850846033257846,1.8799265737769373e-06,3.8500896230951676,1.0000000003995253
600.0,0.9973793796812823,3.0,5.656387496525016,0.15047916226110758,1.5581740839593408,4.70015788435052,2.5230425728459656,10.286213225240443,0.25850846033257846,1.8799265737769373e-06,3.8500896230951676,0.9999999971955332
600.0,0.9973793796812823,3.5,6.477550694501895,0.20935082921161113,1.9476838573540305,6.7386741018597744,2.5230425728459656,12.00058209611385,0.25850846033257846,1.8799265737769373e-06,3.8500896230951676,0.9999999984183859
600.0,0.9973793796812823,4.0,7.724525177769417,0.28581180175112525,2.2347797173934856,6.754531193748113,2.5230425728459656,13.714950966987258,0.25850846033257846,1.8799265737769373e-06,3.8500896230951676,1.00000000196207
600.0,0.9973793796812823,4.5,8.9218188930946,0.3483934117820791,2.5040603663311694,6.796815890340288,2.5230425728459656,15.429319837860664,0.25850846033257846,1.8799265737769373e-06,3.8500896230951676,0.9999999999129691
600.0,0.9973793796812823,5.0,9.85512658725416,0.39160221575456006,2.8644607290497808,8.818344957745575,2.5230425728459656,17.14368870873407,0.25850846033257846,1.8799265737769373e-06,3.8500896230951676,0.9999999983700928
600.0,0.9973793796812823,5.5,10.921797508762328,0.436234129082296,3.211740613493894,8.83923629845815,2.5230425728459656,18.85805757960748,0.25850846033257846,1.8799265737769373e-06,3.8500896230951676,1.0000000002269767
600.0,0.9973793796812823,6.0,12.308883286523022,0.48815866237507805,3.4720940410176593,10.884193478173458,2.5230425728459656,20.572426450480886,0.25850846033257846,1.8799265737769373e-06,3.8500896230951676,0.9999999998761744
600.0,1.102398582221007,0.0,1.6588345164325675,-0.3822569278984359,0.6069289194112116,2.3177212830248917,2.282686749419355,0.0,0.23388183907985194,1.7008367302345673e-06,3.483313623520394,1.00000000028744
600.0,1.102398582221007,0.5,1.7475457277930224,-0.35963144263651015,0.6188936463753892,2.320318825312735,2.282686749419355,1.8948835830740811,0.23388183907985194,1.7008367302345673e-06,3.483313623520394,0.9999999999079274
600.0,1.102398582221007,1.0,2.036990344075823,-0.293071021004542,0.6630928493444687,2.3323433099375865,2.282686749419355,3.7897671661481622,0.23388183907985194,1.7008367302345673e-06,3.483313623520394,1.000000002756258
600.0,1.102398582221007,1.5,2.8140211124590224,-0.15273263988166724,0.7872017784338308,2.422097985779687,2.282686749419355,5.684650749222244,0.23388183907985194,1.7008367302345673e-06,3.483313623520394,1.0000000011650765
600.0,1.102398582221007,2.0,4.261667913122048,0.027519613337478356,1.2159926370865461,2.2147441346646346,2.282686749419355,7.5795343322963245,0.23388183907985194,1.7008367302345673e-06,3.483313623520394,1.0000000010867982
600.0,1.102398582221007,2.5,5.195575208811012,0.11357364452743987,1.7686976024902383,4.2584804658327835,2.282686749419355,9.474417915370404,0.23388183907985194,1.7008367302345673e-06,3.483313623520394,1.0000000013382249
600.0,1.102398582221007,3.0,6.161388687287527,0.18761861552088901,2.2738333956562373,6.100402914476152,2.282686749419355,11.369301498444488,0.23388183907985194,1.7008367302345673e-06,3.483313623520394,1.0000000000828724
600.0,1.102398582221007,3.5,7.656200194144357,0.2819532895112922,2.619378196127699,6.1262654817244,2.282686749419355,13.264185081518571,0.23388183907985194,1.7008367302345673e-06,3.483313623520394,1.0000000007856709
600.0,1.102398582221007,4.0,8.723671826509555,0.33863932827737536,3.0731830253729,7.9755545588886205,2.282686749419355,15.159068664592649,0.23388183907985194,1.7008367302345673e-06,3.483313623520394,0.9999999997243413
600.0,1.102398582221007,4.5,9.875220024307662,0.39248678935313663,3.54823493240051,7.997035290897797,2.282686749419355,17.05395224766673,0.23388183907985194,1.7008367302345673e-06,3.483313623520394,1.0000000003839609
600.0,1.102398582221007,5.0,11.365942016250024,0.45354544481794007,3.8843821204437727,9.849477708444233,2.282686749419355,18.94883583074081,0.23388183907985194,1.7008367302345673e-06,3.483313623520394,1.0000000001697864
600.0,1.102398582221007,5.5,12.494426880369685,0.49465634849413714,4.117327100830244,2.2822126304381727,2.282686749419355,20.843719413814895,0.23388183907985194,1.7008367302345673e-06,3.483313623520394,0.9999999993634731
600.0,1.102398582221007,6.0,13.804315800038506,0.5379548947192838,4.508182403149193,2.290323049335593,2.282686749419355,22.738602996888975,0.23388183907985194,1.7008367302345673e-06,3.483313623520394,0.9999999993935667
600.0,1.149460743131317,0.0,1.590917158312746,-0.4004124255244598,0.6328391363936249,2.222827244564888,2.1892271234591374,0.0,0.22430605773146903,1.6311996831594238e-06,3.3406969511105,1.00000000028744
600.0,1.149460743131317,0.5,1.692027235142642,-0.37365264209483384,0.6477229078375526,2.225824364540389,2.1892271234591374,1.9757774789218712,0.22430605773146903,1.6311996831594238e-06,3.3406969511105,0.9999999970863368
600.0,1.149460743131317,1.0,2.025785897949648,-0.29546644776297454,0.7049675538382305,2.241229021976703,2.1892271234591374,3.9515549578437423,0.22430605773146903,1.6311996831594238e-06,3.3406969511105,0.9999999988725109
600.0,1.149460743131317,1.5,3.0765450164816923,-0.11399671719350997,0.8873561824051992,4.040348780179894,2.1892271234591374,5.927332436765615,0.22430605773146903,1.6311996831594238e-06,3.3406969511105,1.000000001072438
600.0,1.149460743131317,2.0,4.404589087369664,0.041845407138164765,1.4977279831398769,4.056661101700103,2.1892271234591374,7.903109915687485,0.22430605773146903,1.6311996831594238e-06,3.3406969511105,0.9999999971954336
600.0,1.149460743131317,2.5,5.343992419133167,0.12580584205963002,2.090862136570672,4.144846844986127,2.1892271234591374,9.878887394609356,0.22430605773146903,1.6311996831594238e-06,3.3406969511105,1.0000000000737992
600.0,1.149460743131317,3.0,6.665243984414465,0.22175606026819783,2.5673075497437603,5.860261753042442,2.1892271234591374,11.85466487353123,0.22430605773146903,1.6311996831594238e-06,3.3406969511105,0.9999999994196668
600.0,1.149460743131317,3.5,7.981891554681056,0.30004583165354926,3.005238078869124,5.925421309801803,2.1892271234591374,13.830442352453096,0.22430605773146903,1.6311996831594238e-06,3.3406969511105,0.9999999988726374
600.0,1.149460743131317,4.0,9.11252297382132,0.35757864491068875,3.562026951103318,7.661224949480065,2.1892271234591374,15.80621983137497,0.22430605773146903,1.6311996831594238e-06,3.3406969511105,0.9999999996746876
600.0,1.149460743131317,4.5,10.628890839213323,0.42442795545855516,3.9904408545394934,9.44372944820395,2.1892271234591374,17.78199731029684,0.22430605773146903,1.6311996831594238e-06,3.3406969511105,1.000000000954772
600.0,1.149460743131317,5.0,11.839448681560583,0.4712714880749263,4.256670136295755,2.1876100717980917,2.1892271234591374,19.75777478921871,0.22430605773146903,1.6311996831594238e-06,3.3406969511105,1.0000000003850713
600.0,1.149460743131317,5.5,13.179745149684653,0.5178470212702606,4.681313756234328,2.1961248238255924,2.1892271234591374,21.73355226814058,0.22430605773146903,1.6311996831594238e-06,3.3406969511105,0.9999999993197178
600.0,1.149460743131317,6.0,14.656642289639702,0.5639744972511512,5.219434689403211,11.260624524069899,2.1892271234591374,23.70932974706246,0.22430605773146903,1.6311996831594238e-06,3.3406969511105,1.0000000001481095
600.0,1.2099586769803339,0.0,1.5113713003971085,-0.42268882023561205,0.6661464593617106,2.1116858823366433,2.0797657672861805,0.0,0.21309075484489554,1.5496396990014525e-06,3.1736621035549746,1.00000000028744
600.0,1.2099586769803339,0.5,1.6302519845759613,-0.38980525376276404,0.6856494580257926,2.1152762108721612,2.0797657672861805,2.07976576728618,0.21309075484489554,1.5496396990014525e-06,3.1736621035549746,1.0000000056851732
600.0,1.2099586769803339,1.0,2.030393895817673,-0.2944796922396093,0.76538237644692,2.137335875397365,2.0797657672861805,4.15953153457236,0.21309075484489554,1.5496396990014525e-06,3.1736621035549746,1.00000000225397
600.0,1.2099586769803339,1.5,3.416339695058013,-0.06849894419552031,1.0797382672816471,3.841853018673586,2.0797657672861805,6.2392973018585405,0.21309075484489554,1.5496396990014525e-06,3.1736621035549746,1.00000000065351
600.0,1.2099586769803339,2.0,4.584851381057561,0.059265271157312775,1.8362304225991641,3.869555385843881,2.0797657672861805,8.31906306914472,0.21309075484489554,1.5496396990014525e-06,3.1736621035549746,1.0000000026264786
600.0,1.2099586769803339,2.5,5.644096716836592,0.1495344558572096,2.5063004052683,5.558426446194195,2.0797657672861805,10.398828836430901,0.21309075484489554,1.5496396990014525e-06,3.1736621035549746,1.0000000001549096
600.0,1.2099586769803339,3.0,7.217414929867292,0.2563216823183955,2.9723433937986576,5.593019766881559,2.0797657672861805,12.478594603717081,0.21309075484489554,1.5496396990014525e-06,3.1736621035549746,1.0000000004032377
600.0,1.2099586769803339,3.5,8.377162857932554,0.3210369671864118,3.611557285083988,7.27293684950304,2.0797657672861805,14.558360371003262,0.21309075484489554,1.5496396990014525e-06,3.1736621035549746,0.9999999994531913
600.0,1.2099586769803339,4.0,9.902479318270927,0.3936839527077024,4.1520403181185515,8.970087047423762,2.0797657672861805,16.63812613828944,0.21309075484489554,1.5496396990014525e-06,3.1736621035549746,0.9999999997603551
600.0,1.2099586769803339,4.5,11.215322855846921,0.44775178881969724,4.47216363845397,2.0779446477061465,2.0797657672861805,18.717891905575623,0.21309075484489554,1.5496396990014525e-06,3.1736621035549746,0.9999999992706962
600.0,1.2099586769803339,5.0,12.641598340181618,0.4997419961023272,4.971376033742344,2.087222542043063,2.0797657672861805,20.797657672861803,0.21309075484489554,1.5496396990014525e-06,3.1736621035549746,0.9999999998043795
600.0,1.2099586769803339,5.5,14.148541242655707,0.5486516737674433,5.593184757332366,10.703119074179822,2.0797657672861805,22.877423440147986,0.21309075484489554,1.5496396990014525e-06,3.1736621035549746,1.0000000000504425
600.0,1.2099586769803339,6.0,15.503965277355782,0.5883827957349154,6.076718978466843,12.390917798209077,2.0797657672861805,24.957189207434162,0.21309075484489554,1.5496396990014525e-06,3.1736621035549746,1.0000000006450185
600.0,1.218475796513094,0.0,1.5008068476105185,-0.4257351887680011,0.670835585634079,2.096925243572236,2.0652282494373977,0.0,0.21160125506530714,1.5388077509341411e-06,3.151478273913121,1.00000000028744
600.0,1.218475796513094,0.5,1.6223657764368224,-0.3919112149551725,0.6910778203526871,2.1006072568850263,2.0652282494373977,2.094405617371248,0.21160125506530714,1.5388077509341411e-06,3.151478273913121,0.9999999967603952
600.0,1.218475796513094,1.0,2.0328174003638426,-0.2939616218271403,0.7746244079372299,2.1239303348651233,2.0652282494373977,4.188811234742496,0.21160125506530714,1.5388077509341411e-06,3.151478273913121,0.9999999949552468
600.0,1.218475796513094,1.5,3.460938555302888,-0.06286610232848275,1.1167931937626536,3.815587189288665,2.0652282494373977,6.2832168521137435,0.21160125506530714,1.5388077509341411e-06,3.151478273913121,0.9999999983521073
600.0,1.218475796513094,2.0,4.609597107138209,0.061602977056677416,1.8892045357459353,3.8459435692346013,2.0652282494373977,8.377622469484992,0.21160125506530714,1.5388077509341411e-06,3.151478273913121,0.9999999984156117
600.0,1.218475796513094,2.5,5.715248277646563,0.15497511011721526,2.561888175732491,5.520799048105043,2.0652282494373977,10.47202808685624,0.21160125506530714,1.5388077509341411e-06,3.151478273913121,1.0000000001546485
600.0,1.218475796513094,3.0,7.267534020019239,0.25932708209311306,3.041096738825989,5.560699053311928,2.0652282494373977,12.566433704227487,0.21160125506530714,1.5388077509341411e-06,3.151478273913121,0.999999999589154
600.0,1.218475796513094,3.5,8.44079956811268,0.3243235964791991,3.7024009095304433,7.224275540890469,2.0652282494373977,14.660839321598736,0.21160125506530714,1.5388077509341411e-06,3.151478273913121,0.9999999991299654
600.0,1.218475796513094,4.0,10.0121055827168,0.3984654294873196,4.226430187550908,8.908715758763282,2.0652282494373977,16.755244938969984,0.21160125506530714,1.5388077509341411e-06,3.151478273913121,0.9999999997346667
600.0,1.218475796513094,4.5,11.29897655077241,0.45097911600664053,4.549316262587862,2.0647599741588816,2.0652282494373977,18.849650556341228,0.21160125506530714,1.5388077509341411e-06,3.151478273913121,1.0000000001418368
600.0,1.218475796513094,5.0,12.783444880774113,0.5045879118770077,5.094467607990211,2.0749323290601307,2.0652282494373977,20.94405617371248,0.21160125506530714,1.5388077509341411e-06,3.151478273913121,0.9999999991940738
600.0,1.218475796513094,5.5,14.238814083701847,0.5514138281448008,5.71909519537332,10.634473155066226,2.0652282494373977,23.038461791083726,0.21160125506530714,1.5388077509341411e-06,3.151478273913121,1.00000000006619
600.0,1.218475796513094,6.0,15.664090733386368,0.5928451987653506,6.19327270319019,12.307326001799785,2.0652282494373977,25.132867408454974,0.21160125506530714,1.5388077509341411e-06,3.151478273913121,1.0000000000388591
600.0,1.2704566108293507,0.0,1.4394012384734365,-0.4438781193055502,0.6994537823297962,2.011129411749184,1.9807293021773142,0.0,0.20294357604275765,1.4758473323823355e-06,3.022535336719023,1.00000000028744
600.0,1.2704566108293507,0.5,1.5783168304646893,-0.40386580366435615,0.7247520008191874,2.015420780968627,1.9807293021773142,2.1837540556504895,0.20294357604275765,1.4758473323823355e-06,3.022535336719023,1.0000000051665603
600.0,1.2704566108293507,1.0,2.080236832493904,-0.2839472096392137,0.8374520855969233,2.0495562846977773,1.9807293021773142,4.367508111300979,0.20294357604275765,1.4758473323823355e-06,3.022535336719023,1.0000000019995974
600.0,1.2704566108293507,1.5,3.684108867074125,-0.03572753601624323,1.3893160270591878,1.9235637519692614,1.9807293021773142,6.551262166951468,0.20294357604275765,1.4758473323823355e-06,3.022535336719023,0.9999999995456461
600.0,1.2704566108293507,2.0,4.7417473264674355,0.0738784166768005,2.233606567521315,3.7263039432405125,1.9807293021773142,8.735016222601958,0.20294357604275765,1.4758473323823355e-06,3.022535336719023,1.0000000007941885
600.0,1.2704566108293507,2.5,6.194180653384838,0.18992387608351669,2.8800045919030492,5.304809919801198,1.9807293021773142,10.918770278252449,0.20294357604275765,1.4758473323823355e-06,3.022535336719023,0.9999999993508084
600.0,1.2704566108293507,3.0,7.5418463554785395,0.2754176892678217,3.5240262374520217,6.920168295714273,1.9807293021773142,13.102524333902936,0.20294357604275765,1.4758473323823355e-06,3.022535336719023,1.0000000010232022
600.0,1.2704566108293507,3.5,8.963509316628283,0.35041808289456405,4.224486952313391,6.949945638888236,1.9807293021773142,15.286278389553427,0.20294357604275765,1.4758473323823355e-06,3.022535336719023,0.9999999997923436
600.0,1.2704566108293507,4.0,10.470270857388758,0.41789792534111747,4.637070285154606,1.9766406308633249,1.9807293021773142,17.470032445203916,0.20294357604275765,1.4758473323823355e-06,3.022535336719023,0.9999999999382081
600.0,1.2704566108293507,4.5,11.916586858336544,0.47409189152163295,5.17093515341924,1.986915348939637,1.9807293021773142,19.65378650085441,0.20294357604275765,1.4758473323823355e-06,3.022535336719023,1.0000000004372973
600.0,1.2704566108293507,5.0,13.50419791101884,0.52840880281096,5.8876061386624725,10.194318401919492,1.9807293021773142,21.837540556504898,0.20294357604275765,1.4758473323823355e-06,3.022535336719023,0.9999999998545321
600.0,1.2704566108293507,5.5,14.959174712720781,0.572847643136443,6.438246113738677,11.803014489481772,1.9807293021773142,24.021294612155387,0.20294357604275765,1.4758473323823355e-06,3.022535336719023,1.0000000005785337
600.0,1.2704566108293507,6.0,16.58646998658049,0.6176939758612695,7.071372001131299,13.419586070472102,1.9807293021773142,26.205048667805872,0.20294357604275765,1.4758473323823355e-06,3.022535336719023,0.9999999996083004
600.0,1.3467753774655815,0.0,1.3578335702096447,-0.46921344963756617,0.7414713132957765,1.897163178909834,1.8684857759651803,0.0,0.1914432147505308,1.3922143449997237e-06,2.851254978559434,1.00000000028744
600.0,1.3467753774655815,0.5,1.5256490444654591,-0.4186053499643998,0.7761716642598648,1.9025343172460893,1.8684857759651803,2.3149363524274853,0.1914432147505308,1.3922143449997237e-06,2.851254978559434,1.0000000027702811
600.0,1.3467753774655815,1.0,2.2866553367708344,-0.24285928217327715,0.9579283722712116,1.978551748120915,1.8684857759651803,4.629872704854971,0.1914432147505308,1.3922143449997237e-06,2.851254978559434,1.0000000002963974
600.0,1.3467753774655815,1.5,3.8544054773364222,-0.016102591515305503,1.8362130110390327,3.465287239406307,1.8684857759651803,6.944809057282457,0.1914432147505308,1.3922143449997237e-06,2.851254978559434,1.0000000016114379
600.0,1.3467753774655815,2.0,5.008176559189805,0.097619639842906,2.762443026131112,4.9930983937154485,1.8684857759651803,9.259745409709941,0.1914432147505308,1.3922143449997237e-06,2.851254978559434,0.9999999996800931
600.0,1.3467753774655815,2.5,6.68898815531979,0.22330043558837112,3.4345792803549973,5.041160981095678,1.8684857759651803,11.574681762137427,0.1914432147505308,1.3922143449997237e-06,2.851254978559434,1.000000000230897
600.0,1.3467753774655815,3.0,8.029892796388843,0.3026497559124182,4.311541257404282,6.544719740049278,1.8684857759651803,13.889618114564914,0.1914432147505308,1.3922143449997237e-06,2.851254978559434,1.0000000007857115
600.0,1.3467753774655815,3.5,9.722770489226162,0.3857300428103085,4.868573503277025,1.861985763750424,1.8684857759651803,16.2045544669924,0.1914432147505308,1.3922143449997237e-06,2.851254978559434,1.0000000000926614
600.0,1.3467753774655815,4.0,11.22480591279145,0.44811884906166016,5.47422698707975,1.8742090310308404,1.8684857759651803,18.519490819419882,0.1914432147505308,1.3922143449997237e-06,2.851254978559434,0.9999999995999158
600.0,1.3467753774655815,4.5,12.876927144580412,0.507752247210561,6.318277839287445,9.621190374135447,1.8684857759651803,20.83442717184737,0.1914432147505308,1.3922143449997237e-06,2.851254978559434,0.9999999998191995
600.0,1.3467753774655815,5.0,14.48104245677074,0.5587398355143228,6.957593810718058,11.139072237386399,1.8684857759651803,23.149363524274854,0.1914432147505308,1.3922143449997237e-06,2.851254978559434,0.999999999746859
600.0,1.3467753774655815,5.5,16.122865131645362,0.6053822297823089,7.778865606543905,12.663926700701973,1.8684857759651803,25.46429987670234,0.1914432147505308,1.3922143449997237e-06,2.851254978559434,1.0000000001576306
600.0,1.3467753774655815,6.0,17.819182376270664,0.6488277814581717,8.523608748350693,12.695892717775939,1.8684857759651803,27.77923622912983,0.1914432147505308,1.3922143449997237e-06,2.851254978559434,1.0000000002026086
600.0,1.4885842809008711,0.0,1.2284805385341229,-0.5126917105071315,0.819544639870152,1.71643130266283,1.6904858317405218,0.0,0.17320551554718464,1.2595860537135832e-06,2.579632238005418,1.00000000028744
600.0,1.4885842809008711,0.5,1.4585059387386847,-0.4381517895080653,0.8802673734994078,1.7246739102718212,1.6904858317405218,2.5586879023540954,0.17320551554718464,1.2595860537135832e-06,2.579632238005418,0.999999999421094
600.0,1.4885842809008711,1.0,2.8130070664615507,-0.15288916818465859,1.3512933509419072,3.123060900005321,1.6904858317405218,5.117375804708191,0.17320551554718464,1.2595860537135832e-06,2.579632238005418,1.0000000005213279
600.0,1.4885842809008711,1.5,4.148654971211744,0.015847326284895137,2.73216668634462,4.512858943583529,1.6904858317405218,7.676063707062287,0.17320551554718464,1.2595860537135832e-06,2.579632238005418,0.9999999997374283
600.0,1.4885842809008711,2.0,5.9197320073744155,0.17024205486236602,3.6939067177312364,4.549569726649918,1.6904858317405218,10.234751609416382,0.17320551554718464,1.2595860537135832e-06,2.579632238005418,1.0000000001658254
600.0,1.4885842809008711,2.5,7.444937879691034,0.26980108703693484,4.856175175558473,5.925535117620812,1.6904858317405218,12.793439511770478,0.17320551554718464,1.2595860537135832e-06,2.579632238005418,1.000000000172009
600.0,1.4885842809008711,3.0,9.201172775404252,0.36178319443343787,5.537068910282626,1.6897302027800511,1.6904858317405218,15.352127414124574,0.17320551554718464,1.2595860537135832e-06,2.579632238005418,1.0000000000574762
600.0,1.4885842809008711,3.5,11.044688556157393,0.44109348259164244,6.58226818298174,8.690319616952477,1.6904858317405218,17.91081531647867,0.17320551554718464,1.2595860537135832e-06,2.579632238005418,0.9999999996663846
600.0,1.4885842809008711,4.0,12.742660929168988,0.5032001357441418,7.533590294846062,10.073193132355183,1.6904858317405218,20.469503218832763,0.17320551554718464,1.2595860537135832e-06,2.579632238005418,1.0000000003026495
600.0,1.4885842809008711,4.5,14.580629037826949,0.5617162694005047,8.593301041775472,11.457431846192367,1.6904858317405218,23.02819112118686,0.17320551554718464,1.2595860537135832e-06,2.579632238005418,0.9999999998094382
600.0,1.4885842809008711,5.0,16.46427260719202,0.614482556980767,9.559764763889367,11.501543563697373,1.6904858317405218,25.586879023540956,0.17320551554718464,1.2595860537135832e-06,2.579632238005418,0.9999999994074292
600.0,1.4885842809008711,5.5,18.230851420495696,0.658746960299502,10.48685227293731,1.694314080122906,1.6904858317405218,28.145566925895046,0.17320551554718464,1.2595860537135832e-06,2.579632238005418,1.0000000000843356
600.0,1.4885842809008711,6.0,20.10193406258604,0.701177852774138,11.519821939797657,15.613894351732512,1.6904858317405218,30.704254828249148,0.17320551554718464,1.2595860537135832e-06,2.579632238005418,0.9999999999415334
600.0,1.645324972836306,0.0,1.1114502297391857,-0.5561699713766969,0.9058387083843544,1.5529167177141587,1.5294429232886484,0.0,0.15670521755006642,1.1395925005427755e-06,2.333885441111604,1.00000000028744
600.0,1.645324972836306,0.5,1.4318372924074123,-0.44616632183684274,1.0156537971965742,1.5669042279483323,1.5294429232886484,2.8281053061299146,0.15670521755006642,1.1395925005427755e-06,2.333885441111604,1.0000000015752757
600.0,1.645324972836306,1.0,3.1402996547552275,-0.10508889987977359,2.2262351014506008,2.8360474249268828,1.5294429232886484,5.656210612259829,0.15670521755006642,1.1395925005427755e-06,2.333885441111604,1.0000000009846965
600.0,1.645324972836306,1.5,4.8282654529122935,0.08173114780361265,3.749492901176468,4.096976370649761,1.5294429232886484,8.484315918389745,0.15670521755006642,1.1395925005427755e-06,2.333885441111604,1.000000000057219
600.0,1.645324972836306,2.0,6.5365872124967,0.21329106867309675,5.2387337149153925,5.356211301468413,1.5294429232886484,11.312421224519658,0.15670521755006642,1.1395925005427755e-06,2.333885441111604,0.9999999992892833
600.0,1.645324972836306,2.5,8.480606466923751,0.32636691939816026,6.206735781081468,1.529896199793567,1.5294429232886484,14.140526530649572,0.15670521755006642,1.1395925005427755e-06,2.333885441111604,1.0000000001774711
600.0,1.645324972836306,3.0,10.490314318200042,0.4187285096982709,7.677043706287023,7.873653649332068,1.5294429232886484,16.96863183677949,0.15670521755006642,1.1395925005427755e-06,2.333885441111604,1.0000000003958007
600.0,1.645324972836306,3.5,12.522378159685287,0.4956268234529326,8.913111243679129,9.131008834172901,1.5294429232886484,19.796737142909404,0.15670521755006642,1.1395925005427755e-06,2.333885441111604,1.0000000003025586
600.0,1.645324972836306,4.0,14.494231351834898,0.5591351977657499,10.368164426813344,10.389329518063645,1.5294429232886484,22.624842449039317,0.15670521755006642,1.1395925005427755e-06,2.333885441111604,1.0000000003843768
600.0,1.645324972836306,4.5,16.48550901565605,0.615042369873852,11.584707877615504,1.5328695201322708,1.5294429232886484,25.452947755169234,0.15670521755006642,1.1395925005427755e-06,2.333885441111604,0.999999999902738
600.0,1.645324972836306,5.0,18.53570935960254,0.6659492197587461,12.91923422630144,14.129339978326454,1.5294429232886484,28.281053061299144,0.15670521755006642,1.1395925005427755e-06,2.333885441111604,1.0000000000767726
600.0,1.645324972836306,5.5,20.623057874561276,0.7122930692115728,14.23539227053314,15.386973659210161,1.5294429232886484,31.10915836742906,0.15670521755006642,1.1395925005427755e-06,2.333885441111604,0.9999999999080176
600.0,1.645324972836306,6.0,22.723607752509178,0.7544172926925434,15.431573877399698,1.5287235815199915,1.5294429232886484,33.93726367355898,0.15670521755006642,1.1395925005427755e-06,2.333885441111604,1.0000000002255194
600.0,1.8185696980492723,0.0,1.0055687285541617,-0.599648232246262,1.001219123021098,1.40497923127765,1.3837416508775435,0.0,0.1417768084915516,1.0310300463112627e-06,2.111549534845466,1.00000000028744
600.0,1.8185696980492723,0.5,1.4981269206337424,-0.4265113831741957,1.2151858419412165,1.4356857607515952,1.3837416508775435,3.125891053458114,0.1417768084915516,1.0310300463112627e-06,2.111549534845466,1.0000000004065246
600.0,1.8185696980492723,1.0,3.3813058143382535,-0.0729755400317568,3.3138312623613233,2.620978991045965,1.3837416508775435,6.251782106916228,0.1417768084915516,1.0310300463112627e-06,2.111549534845466,1.0000000004255316
600.0,1.8185696980492723,1.5,5.39034009894583,0.12955617616597043,5.20499701226583,4.8361452916895145,1.3837416508775435,9.377673160374343,0.1417768084915516,1.0310300463112627e-06,2.111549534845466,1.0000000013168482
600.0,1.8185696980492723,2.0,7.492793354801449,0.27258376394370376,6.74026733450516,1.3828010609301347,1.3837416508775435,12.503564213832457,0.1417768084915516,1.0310300463112627e-06,2.111549534845466,0.999999999853831
600.0,1.8185696980492723,2.5,9.654543628399248,0.38267175811295157,8.645907379638114,7.129882762921946,1.3837416508775435,15.62945526729057,0.1417768084915516,1.0310300463112627e-06,2.111549534845466,0.9999999993400561
600.0,1.8185696980492723,3.0,11.875690369542124,0.47259887454516275,10.434361855689637,9.377768744422381,1.3837416508775435,18.755346320748686,0.1417768084915516,1.0310300463112627e-06,2.111549534845466,1.0000000000092004
600.0,1.8185696980492723,3.5,14.102427762120818,0.5472338924573318,12.098674114515301,1.3838603675749888,1.3837416508775435,21.8812373742068,0.1417768084915516,1.0310300463112627e-06,2.111549534845466,1.0000000001362894
600.0,1.8185696980492723,4.0,16.369903857330677,0.611986137420975,14.013378429032938,11.66734893629499,1.3837416508775435,25.007128427664913,0.1417768084915516,1.0310300463112627e-06,2.111549534845466,0.9999999998815136
600.0,1.8185696980492723,4.5,18.649576879400982,0.6686089916786274,15.726520522502657,13.921054076674825,1.3837416508775435,28.13301948112303,0.1417768084915516,1.0310300463112627e-06,2.111549534845466,0.9999999999772067
600.0,1.8185696980492723,5.0,20.93932889314186,0.7189027670714117,17.360491533863758,1.384630697230307,1.3837416508775435,31.25891053458114,0.1417768084915516,1.0310300463112627e-06,2.111549534845466,1.000000000013162
600.0,1.8185696980492723,5.5,23.238832761218283,0.7641543192193901,19.29058529636455,17.320528439394607,1.3837416508775435,34.38480158803926,0.1417768084915516,1.0310300463112627e-06,2.111549534845466,0.9999999998317355
600.0,1.8185696980492723,6.0,25.558030657690587,0.8054673954256862,21.075362852152804,18.463978096334497,1.3837416508775435,37.51069264149737,0.1417768084915516,1.0310300463112627e-06,2.111549534845466,0.9999999999925101
600.0,2.0100562510528768,0.0,0.9097739518964467,-0.6431264931158273,1.106642631877676,1.2711349023450191,1.2519205046607316,0.0,0.12827054351032086,9.328097156573934e-07,1.9103942976663415,1.00000000028744
600.0,2.0100562510528768,0.5,1.8127801699464579,-0.34371484954227505,1.5880019863197543,2.310834654703669,1.2519205046607316,3.4550321930765544,0.12827054351032086,9.328097156573934e-07,1.9103942976663415,0.999999999085501
600.0,2.0100562510528768,1.0,3.9226107275153823,-0.008484779624705202,4.561483337427268,3.3530379230172302,1.2519205046607316,6.910064386153109,0.12827054351032086,9.328097156573934e-07,1.9103942976663415,1.0000000008378183
600.0,2.0100562510528768,1.5,6.216050673426265,0.19145455486060076,7.070584057848526,5.401681065146006,1.2519205046607316,10.365096579229663,0.12827054351032086,9.328097156573934e-07,1.9103942976663415,1.000000000078214
600.0,2.0100562510528768,2.0,8.545817557402284,0.329693625604044,9.32819528358725,6.443640921124824,1.2519205046607316,13.820128772306218,0.12827054351032086,9.328097156573934e-07,1.9103942976663415,1.0000000002448524
600.0,2.0100562510528768,2.5,10.933725763775504,0.4367081855284147,11.783125876630276,8.486744743804318,1.2519205046607316,17.275160965382774,0.12827054351032086,9.328097156573934e-07,1.9103942976663415,1.0000000003242628
600.0,2.0100562510528768,3.0,13.415459092125955,0.5255455479808098,14.066140101928712,1.2544094462464652,1.2519205046607316,20.730193158459326,0.12827054351032086,9.328097156573934e-07,1.9103942976663415,1.0000000002944252
600.0,2.0100562510528768,3.5,15.966212309324558,0.601141908638704,16.407184849177757,11.57423524644747,1.2519205046607316,24.185225351535884,0.12827054351032086,9.328097156573934e-07,1.9103942976663415,1.0000000000881233
600.0,2.0100562510528768,4.0,18.50530175011504,0.6652361798292651,18.769548693702973,1.2506738510261706,1.2519205046607316,27.640257544612435,0.12827054351032086,9.328097156573934e-07,1.9103942976663415,0.9999999995726855
600.0,2.0100562510528768,4.5,21.015659856231327,0.7204830393409325,21.313236517238952,15.670425439715041,1.2519205046607316,31.09528973768899,0.12827054351032086,9.328097156573934e-07,1.9103942976663415,1.0000000000734646
600.0,2.0100562510528768,5.0,23.582723120950558,0.7705339607508552,23.7115761041888,16.710474001565213,1.2519205046607316,34.55032193076555,0.12827054351032086,9.328097156573934e-07,1.9103942976663415,0.9999999997620015
600.0,2.0100562510528768,5.5,26.178706709007976,0.8158881962261556,26.011540093788827,10.5205615357826,1.2519205046607316,38.0053541238421,0.12827054351032086,9.328097156573934e-07,1.9103942976663415,0.9999999997495568
600.0,2.0100562510528768,6.0,28.74127027629511,0.8564459673830533,28.41451839479602,19.797509855132798,1.2519205046607316,41.46038631691865,0.12827054351032086,9.328097156573934e-07,1.9103942976663415,0.999999999954368
600.0,2.2217054076787313,0.0,0.823104995259106,-0.6866047539853923,1.2231667239773079,1.1500411564734176,1.1326572044687857,0.0,0.11605094308081822,8.439462736686707e-07,1.7284019684734375,1.00000000028744
600.0,2.2217054076787313,0.5,2.1452946997993987,-0.2705730315412418,2.5336899611943804,1.094075555937091,1.1326572044687857,3.818830295441498,0.11605094308081822,8.439462736686707e-07,1.7284019684734375,1.0000000014143609
600.0,2.2217054076787313,1.0,4.391304868569979,0.04053359793800085,6.317192219653912,3.9583030154141468,1.1326572044687857,7.637660590882996,0.11605094308081822,8.439462736686707e-07,1.7284019684734375,0.9999999998557503
600.0,2.2217054076787313,1.5,6.987820442634673,0.24228174559901197,9.258604214277442,1.137700006972127,1.1326572044687857,11.456490886324493,0.11605094308081822,8.439462736686707e-07,1.7284019684734375,1.0000000001189138
600.0,2.2217054076787313,2.0,9.671607368355872,0.3834386661259095,12.66926248615919,7.675617514823739,1.1326572044687857,15.275321181765992,0.11605094308081822,8.439462736686707e-07,1.7284019684734375,1.000000000186716
600.0,2.2217054076787313,2.5,12.405142078542182,0.4915417513692225,15.89247690061145,1.136210428606509,1.1326572044687857,19.094151477207493,0.11605094308081822,8.439462736686707e-07,1.7284019684734375,0.9999999997639156
600.0,2.2217054076787313,3.0,15.184533906176243,0.5793414743314993,19.10475749364786,11.39422709572495,1.1326572044687857,22.912981772648987,0.11605094308081822,8.439462736686707e-07,1.7284019684734375,0.9999999998191426
600.0,2.2217054076787313,3.5,18.00438593622753,0.6533183224351214,22.328277919122783,1.1362202535017616,1.1326572044687857,26.731812068090488,0.11605094308081822,8.439462736686707e-07,1.7284019684734375,0.999999999470047
600.0,2.2217054076787313,4.0,20.80962665239791,0.7162042972326351,25.611831380607995,15.11249095529259,1.1326572044687857,30.550642363531985,0.11605094308081822,8.439462736686707e-07,1.7284019684734375,0.9999999998986963
600.0,2.2217054076787313,4.5,23.672859775487122,0.7721907342687239,28.73610826383668,9.51818437225636,1.1326572044687857,34.36947265897348,0.11605094308081822,8.439462736686707e-07,1.7284019684734375,0.9999999999552183
600.0,2.2217054076787313,5.0,26.473795353435634,0.8207562160442554,32.034753408562615,18.82900768437129,1.1326572044687857,38.188302954414986,0.11605094308081822,8.439462736686707e-07,1.7284019684734375,0.9999999999776671
600.0,2.2217054076787313,5.5,29.352781762223604,0.8655892742807435,35.20671873095999,20.688628763478285,1.1326572044687857,42.00713324985648,0.11605094308081822,8.439462736686707e-07,1.7284019684734375,0.9999999999526078
600.0,2.2217054076787313,6.0,32.138708533502104,0.9049684296979127,38.42381727610609,22.546147180556236,1.1326572044687857,45.825963545297974,0.11605094308081822,8.439462736686707e-07,1.7284019684734375,0.9999999998482118
600.0,2.455640192120709,0.0,0.7446924940071356,-0.7300830148549576,1.3519602367991521,1.0404833186019535,1.0247554361949778,0.0,0.10499543403637067,7.635483431229949e-07,1.5637470067158936,1.00000000028744
600.0,2.455640192120709,0.5,2.317734267109193,-0.23699634958117402,3.895678283688561,1.9105055602168297,1.0247554361949778,4.220934570336338,0.10499543403637067,7.635483431229949e-07,1.5637470067158936,1.0000000006439833
600.0,2.455640192120709,1.0,5.060604602837045,0.10214241483791718,8.609422847927952,4.421249684088263,1.0247554361949778,8.441869140672676,0.10499543403637067,7.635483431229949e-07,1.5637470067158936,1.0000000004007086
600.0,2.455640192120709,1.5,7.917014865132254,0.2965014690517964,12.654877837222811,6.108761267520197,1.0247554361949778,12.662803711009014,0.10499543403637067,7.635483431229949e-07,1.5637470067158936,0.9999999994367625
600.0,2.455640192120709,2.0,10.917285105724359,0.4360546607591988,17.080415056246046,1.0265621375230813,1.0247554361949778,16.88373828134535,0.10499543403637067,7.635483431229949e-07,1.5637470067158936,0.9999999997818515
600.0,2.455640192120709,2.5,13.999675115604479,0.5440579659833192,21.538145577416298,10.311610911443246,1.0247554361949778,21.10467285168169,0.10499543403637067,7.635483431229949e-07,1.5637470067158936,1.0000000002940095
600.0,2.455640192120709,3.0,17.1169949844612,0.6313675320846404,25.919270180947695,12.00270936619321,1.0247554361949778,25.325607422018027,0.10499543403637067,7.635483431229949e-07,1.5637470067158936,1.000000000035443
600.0,2.455640192120709,3.5,20.26106704839436,0.7046023224024472,30.04649196960553,1.0246861257611237,1.0247554361949778,29.546541992354367,0.10499543403637067,7.635483431229949e-07,1.5637470067158936,0.9999999999680859
600.0,2.455640192120709,4.0,23.404420972461036,0.7672379097827665,34.51101809223988,16.20292963269286,1.0247554361949778,33.7674765626907,0.10499543403637067,7.635483431229949e-07,1.5637470067158936,0.9999999996814704
600.0,2.455640192120709,4.5,26.54439074215967,0.8219127703569489,38.89549356727018,18.71761266925055,1.0247554361949778,37.98841113302704,0.10499543403637067,7.635483431229949e-07,1.5637470067158936,0.9999999997529272
600.0,2.455640192120709,5.0,29.656529928842982,0.8700603421169357,43.19083070086014,20.405429870730696,1.0247554361949778,42.20934570336338,0.10499543403637067,7.635483431229949e-07,1.5637470067158936,1.0000000001262206
600.0,2.455640192120709,5.5,32.73456569487677,0.9129465919758846,47.48254611114787,22.925824035311443,1.0247554361949778,46.43028027369972,0.10499543403637067,7.635483431229949e-07,1.5637470067158936,0.9999999998486019
600.0,2.455640192120709,6.0,35.76148969516218,0.9513556103203393,51.793369571722664,1.0263522617944194,1.0247554361949778,50.651214844036055,0.10499543403637067,7.635483431229949e-07,1.5637470067158936,1.0000000001331304
600.0,2.714207172704789,0.0,0.673749902897862,-0.7735612757245228,1.494315080729688,0.9413624288097018,0.9271328517295446,0.0,0.09499312005425663,6.908094632037636e-07,1.4147777806413078,1.00000000028744
600.0,2.714207172704789,0.5,2.5385743957666227,-0.19747009591450773,5.660996287148404,2.478120026999625,0.9271328517295446,4.6653784716036055,0.09499312005425663,6.908094632037636e-07,1.4147777806413078,0.9999999997632089
600.0,2.714207172704789,1.0,5.683040574543292,0.15252076540959797,11.240283045610571,0.9308746910512457,0.9271328517295446,9.330756943207211,0.09499312005425663,6.908094632037636e-07,1.4147777806413078,0.9999999987588993
600.0,2.714207172704789,1.5,9.003402026195456,0.3523466516700547,17.395457856604832,6.306439249854577,0.9271328517295446,13.996135414810816,0.09499312005425663,6.908094632037636e-07,1.4147777806413078,1.0000000000646148
600.0,2.714207172704789,2.0,12.36341644368273,0.4900785067399889,23.205982998865217,9.326089115342072,0.9271328517295446,18.661513886414422,0.09499312005425663,6.908094632037636e-07,1.4147777806413078,0.9999999999036161
600.0,2.714207172704789,2.5,15.78535738329047,0.5961944275156666,29.107518443033776,11.606766527402103,0.9271328517295446,23.326892358018025,0.09499312005425663,6.908094632037636e-07,1.4147777806413078,0.9999999998828375
600.0,2.714207172704789,3.0,19.266561856951597,0.6827442298259467,34.908609018060545,0.9296797135623012,0.9271328517295446,27.99227082962163,0.09499312005425663,6.908094632037636e-07,1.4147777806413078,0.9999999998834579
600.0,2.714207172704789,3.5,22.734256100764664,0.7546207566735282,40.74570602094245,0.9265594546816133,0.9271328517295446,32.657649301225234,0.09499312005425663,6.908094632037636e-07,1.4147777806413078,1.0000000002680989
600.0,2.714207172704789,4.0,26.16481348015199,0.8156576518245616,46.69441969788852,18.45366153296398,0.9271328517295446,37.323027772828844,0.09499312005425663,6.908094632037636e-07,1.4147777806413078,1.000000000124829
600.0,2.714207172704789,4.5,29.601337563422963,0.8692513441664297,52.46035959304477,20.741669889376627,0.9271328517295446,41.98840624443245,0.09499312005425663,6.908094632037636e-07,1.4147777806413078,1.0000000000779472
600.0,2.714207172704789,5.0,32.9645085351873,0.9159866139437118,58.38951119775758,23.028623975108157,0.9271328517295446,46.65378471603605,0.09499312005425663,6.908094632037636e-07,1.4147777806413078,1.0000000000019778
600.0,2.714207172704789,5.5,36.22137053773268,0.9569048877178172,64.11263368543933,0.9279205578294886,0.9271328517295446,51.31916318763966,0.09499312005425663,6.908094632037636e-07,1.4147777806413078,0.9999999999683183
600.0,2.714207172704789,6.0,39.36877214205303,0.9930918786249153,70.10584209187466,28.343386969294357,0.9271328517295446,55.98454165924326,0.09499312005425663,6.908094632037636e-07,1.4147777806413078,1.0000000000094602
600.0,3.0000000000000004,0.0,0.6095656063515106,-0.8170395365940881,1.6516591980418631,0.8516842187966979,0.8388102120715252,0.0,0.08594366926962348,6.249999999999999e-07,1.2799999999999998,1.00000000028744
600.0,3.0000000000000004,0.5,2.9811318007061383,-0.12767881400246878,7.579479226084292,2.2609720218121727,0.8388102120715252,5.156620156177411,0.08594366926962348,6.249999999999999e-07,1.2799999999999998,1.0000000011322108
600.0,3.0000000000000004,1.0,6.4414655509698635,0.20692469719461065,15.388657796603281,4.999754947120076,0.8388102120715252,10.313240312354822,0.08594366926962348,6.249999999999999e-07,1.2799999999999998,0.9999999999785318
600.0,3.0000000000000004,1.5,10.137192859180926,0.4038577176585875,23.507181752928883,7.74886547468337,0.8388102120715252,15.469860468532232,0.08594366926962348,6.249999999999999e-07,1.2799999999999998,0.9999999996036621
600.0,3.0000000000000004,2.0,13.942163237221106,0.5422701718960342,31.516502811798258,9.823236080070764,0.8388102120715252,20.626480624709643,0.08594366926962348,6.249999999999999e-07,1.2799999999999998,1.0000000000277725
600.0,3.0000000000000004,2.5,17.779601029365868,0.6478620199356526,39.35499091203876,12.570094107820148,0.8388102120715252,25.78310078088705,0.08594366926962348,6.249999999999999e-07,1.2799999999999998,0.9999999999528862
600.0,3.0000000000000004,3.0,21.611307504068694,0.7326210515675083,47.26449672684827,0.8414566512897351,0.8388102120715252,30.939720937064465,0.08594366926962348,6.249999999999999e-07,1.2799999999999998,1.000000000009467
600.0,3.0000000000000004,3.5,25.396451317832792,0.8027130449473543,55.12791611988602,0.8402866904125992,0.8388102120715252,36.09634109324187,0.08594366926962348,6.249999999999999e-07,1.2799999999999998,0.9999999998699216
600.0,3.0000000000000004,4.0,29.120117987901672,0.8621331389761834,62.921148691217546,0.8398808480024545,0.8388102120715252,41.252961249419286,0.08594366926962348,6.249999999999999e-07,1.2799999999999998,1.0000000000935394
600.0,3.0000000000000004,4.5,32.75755348049468,0.9132514674015305,70.83218029917111,0.8394900342601782,0.8388102120715252,46.40958140559669,0.08594366926962348,6.249999999999999e-07,1.2799999999999998,0.9999999998140419
600.0,3.0000000000000004,5.0,36.2471803578087,0.9572142374363738,78.77406884207963,0.8386715701762459,0.8388102120715252,51.5662015617741,0.08594366926962348,6.249999999999999e-07,1.2799999999999998,1.0000000000268217
600.0,3.0000000000000004,5.5,39.5995433593013,0.9956301865753506,86.68752566769055,29.07709380070344,0.8388102120715252,56.72282171795151,0.08594366926962348,6.249999999999999e-07,1.2799999999999998,1.0000000001060838
600.0,3.0000000000000004,6.0,43.04723613471825,1.031885281303206,94.65114625755173,31.178579576632064,0.8388102120715252,61.87944187412893,0.08594366926962348,6.249999999999999e-07,1.2799999999999998,0.9999999999196532
