wavelength_nm,diameter_mm,myopia_d,d50_arcmin,log_mar,mtf50_cpd,first_dark_ring_arcmin,theory_airy_radius_arcmin,theory_geometric_diameter_arcmin,angular_pixel_arcmin,retinal_pixel_m,retinal_window_mm,psf_total
450.0,0.3,0.0,4.571742047636331,0.0580217267976121,0.22022122640558167,6.387631640975235,6.291076590536441,0.0,0.6445775195221762,4.687500000000001e-06,9.600000000000003,1.00000000028744
450.0,0.3,0.5,4.574057380017388,0.05824161705571374,0.22026150981060863,6.387695357928856,6.291076590536441,0.5156620156177409,0.6445775195221762,4.687500000000001e-06,9.600000000000003,0.9999999996243532
450.0,0.3,1.0,4.581011079412274,0.058901350813062234,0.22038257842426448,6.387887232514711,6.291076590536441,1.0313240312354819,0.6445775195221762,4.687500000000001e-06,9.600000000000003,1.0000000050307294
450.0,0.3,1.5,4.592627259291071,0.06000120788878437,0.2205851431706663,6.388209181384765,6.291076590536441,1.5469860468532226,0.6445775195221762,4.687500000000001e-06,9.600000000000003,0.9999999911774058
450.0,0.3,2.0,4.608945504145557,0.06154158175885114,0.22087037787948083,6.388664668285785,6.291076590536441,2.0626480624709638,0.6445775195221762,4.687500000000001e-06,9.600000000000003,1.0000000011497334
450.0,0.3,2.5,4.630022025491652,0.06352306567848608,0.22123995904024388,6.38925834990426,6.291076590536441,2.578310078088705,0.6445775195221762,4.687500000000001e-06,9.600000000000003,1.0000000003168772
450.0,0.3,3.0,4.655929530302673,0.0659464071110568,0.22169605302414602,6.389996943018373,6.291076590536441,3.093972093706445,0.6445775195221762,4.687500000000001e-06,9.600000000000003,1.0000000056780456
450.0,0.3,3.5,4.6867583204526415,0.06881256773951243,0.22224137726732096,6.390888303064392,6.291076590536441,3.609634109324187,0.6445775195221762,4.687500000000001e-06,9.600000000000003,1.000000002859935
450.0,0.3,4.0,4.722615933070662,0.07212263666873707,0.22287921662063592,6.391942911000337,6.291076590536441,4.1252961249419275,0.6445775195221762,4.687500000000001e-06,9.600000000000003,0.9999999985171125
450.0,0.3,4.5,4.7636288139326854,0.0758779222004075,0.22361346939466042,6.3931734142630665,6.291076590536441,4.640958140559668,0.6445775195221762,4.687500000000001e-06,9.600000000000003,1.0000000008630403
450.0,0.3,5.0,4.809942729154039,0.08007991403538098,0.22444869058688602,6.3945949151273185,6.291076590536441,5.15662015617741,0.6445775195221762,4.687500000000001e-06,9.600000000000003,0.9999999985999689
450.0,0.3,5.5,4.8617238601815576,0.08473029649791851,0.22539015357889708,6.396225956363211,6.291076590536441,5.672282171795151,0.6445775195221762,4.687500000000001e-06,9.600000000000003,1.0000000009658492
450.0,0.3,6.0,4.9191599257321,0.08983095071377133,0.22644389400096113,6.398089147116738,6.291076590536441,6.18794418741289,0.6445775195221762,4.687500000000001e-06,9.600000000000003,1.0000000060970788
450.0,0.3315885423378064,0.0,4.136218352483537,0.014543465928046943,0.24340945151890298,5.779118538843683,5.6917617353564,0.0,0.5831723089504508,4.240948707351234e-06,8.685462952655328,1.00000000028744
450.0,0.3315885423378064,0.5,4.139345195532544,0.0148716540299702,0.24347591084117456,5.779204639025105,5.6917617353564,0.5699587203255395,0.5831723089504508,4.240948707351234e-06,8.685462952655328,0.9999999983959182
450.0,0.3315885423378064,1.0,4.148741622671416,0.0158563971423285,0.24367588067475,5.779464297038529,5.6917617353564,1.139917440651079,0.5831723089504508,4.240948707351234e-06,8.685462952655328,0.9999999981481236
450.0,0.3315885423378064,1.5,4.164455584019946,0.017498243151956784,0.24401108104810873,5.779901408630746,5.6917617353564,1.7098761609766187,0.5831723089504508,4.240948707351234e-06,8.685462952655328,1.000000005407365
450.0,0.3315885423378064,2.0,4.18656780374615,0.019798137909016925,0.24448442876066245,5.780523005019479,5.6917617353564,2.279834881302158,0.5831723089504508,4.240948707351234e-06,8.685462952655328,0.9999999969976978
450.0,0.3315885423378064,2.5,4.21519220562157,0.02275739117673153,0.24510006951436075,5.781339088972687,5.6917617353564,2.8497936016276983,0.5831723089504508,4.240948707351234e-06,8.685462952655328,1.0000000042123076
450.0,0.3315885423378064,3.0,4.250477170216482,0.02637769654806049,0.2458635118158373,5.782363146340157,5.6917617353564,3.4197523219532373,0.5831723089504508,4.240948707351234e-06,8.685462952655328,0.9999999985355774
450.0,0.3315885423378064,3.5,4.292607307121889,0.030661169187206776,0.24678160555930212,5.783612818205469,5.6917617353564,3.9897110422787776,0.5831723089504508,4.240948707351234e-06,8.685462952655328,0.9999999982700728
450.0,0.3315885423378064,4.0,4.341805182525505,0.035610341366598755,0.24786281931049825,5.785111087089549,5.6917617353564,4.559669762604316,0.5831723089504508,4.240948707351234e-06,8.685462952655328,1.0000000013560466
450.0,0.3315885423378064,4.5,4.398333111305761,0.04122812658528674,0.24911722825528662,5.78688655949472,5.6917617353564,5.1296284829298555,0.5831723089504508,4.240948707351234e-06,8.685462952655328,0.9999999980085386
450.0,0.3315885423378064,5.0,4.462497194036966,0.047517964713375126,0.25055691320569423,5.788975447011132,5.6917617353564,5.699587203255397,0.5831723089504508,4.240948707351234e-06,8.685462952655328,0.9999999954202433
450.0,0.3315885423378064,5.5,4.534649133349534,0.05448369800747284,0.2521959998152086,5.791424031707392,5.6917617353564,6.269545923580935,0.5831723089504508,4.240948707351234e-06,8.685462952655328,1.000000003700942
450.0,0.3315885423378064,6.0,4.615191248448127,0.062129711092419465,0.25405107892694667,5.794290988969587,5.6917617353564,6.839504643906475,0.5831723089504508,4.240948707351234e-06,8.685462952655328,0.999999998745766
450.0,0.3665032046990376,0.0,3.7421845067279995,-0.028934794941518405,0.2690392840679934,5.228574996680247,5.1495401758103325,0.0,0.5276168212920421,3.8369378001886075e-06,7.858048614786268,1.00000000028744
450.0,0.3665032046990376,0.5,3.7464076079337145,-0.028444964619207907,0.2691489627384739,5.228691271554997,5.1495401758103325,0.6299726042182241,0.5276168212920421,3.8369378001886075e-06,7.858048614786268,1.0000000063794707
450.0,0.3665032046990376,1.0,3.759109000889921,-0.0269750724248219,0.2694794127527472,5.22904301563722,5.1495401758103325,1.2599452084364482,0.5276168212920421,3.8369378001886075e-06,7.858048614786268,0.999999997390308
450.0,0.3665032046990376,1.5,3.780385715381071,-0.02452387786229639,0.2700349270493356,5.229638213532264,5.1495401758103325,1.8899178126546725,0.5276168212920421,3.8369378001886075e-06,7.858048614786268,0.999999996588323
450.0,0.3665032046990376,2.0,3.8104011450971127,-0.021089292310759792,0.270822759152091,5.230491082152517,5.1495401758103325,2.5198904168728964,0.5276168212920421,3.8369378001886075e-06,7.858048614786268,0.9999999989017976
450.0,0.3665032046990376,2.5,3.849387415716794,-0.016668369128938133,0.27185331540101587,5.231622819365564,5.1495401758103325,3.1498630210911203,0.5276168212920421,3.8369378001886075e-06,7.858048614786268,1.0000000008186338
450.0,0.3665032046990376,3.0,3.8976488270522025,-0.011257284135841747,0.2731405050251697,5.233062469627453,5.1495401758103325,3.779835625309345,0.5276168212920421,3.8369378001886075e-06,7.858048614786268,1.0000000023999713
450.0,0.3665032046990376,3.5,3.9555669862663665,-0.004851247777920263,0.27470208215005076,5.234849925805989,5.1495401758103325,4.409808229527569,0.5276168212920421,3.8369378001886075e-06,7.858048614786268,0.9999999986714961
450.0,0.3665032046990376,4.0,4.023606103943107,0.0025554669880287354,0.27656007505965097,5.237037641683157,5.1495401758103325,5.039780833745793,0.5276168212920421,3.8369378001886075e-06,7.858048614786268,1.0000000011116132
450.0,0.3665032046990376,4.5,4.102320791201146,0.01096962677196326,0.2787415784467575,5.239696507177285,5.1495401758103325,5.669753437964016,0.5276168212920421,3.8369378001886075e-06,7.858048614786268,1.0000000025015792
450.0,0.3665032046990376,5.0,4.192364931826968,0.020399088225139608,0.281279409644253,5.242920768816007,5.1495401758103325,6.2997260421822405,0.5276168212920421,3.8369378001886075e-06,7.858048614786268,1.0000000038575965
450.0,0.3665032046990376,5.5,4.290716267131246,0.030469805494768076,0.2842132836653911,5.246838811301751,5.1495401758103325,6.929698646400464,0.5276168212920421,3.8369378001886075e-06,7.858048614786268,0.9999999937650438
450.0,0.3665032046990376,6.0,4.399323302580837,0.041325887759030955,0.28759092730297325,5.251628875587371,5.1495401758103325,7.55967125061869,0.5276168212920421,3.8369378001886075e-06,7.858048614786268,1.0000000007673153
450.0,0.4050942113609619,0.0,3.38568800991529,-0.07241305581108361,0.2973678134523766,4.730478586338148,4.658972960438628,0.0,0.4773537869301872,3.4714146994980177e-06,7.10945730457194,1.00000000028744
450.0,0.4050942113609619,0.5,3.3913923183727697,-0.0716819591879969,0.297548842013074,4.730635826965168,4.658972960438628,0.6963056584849092,0.4773537869301872,3.4714146994980177e-06,7.10945730457194,0.9999999960419964
450.0,0.4050942113609619,1.0,3.408569962071777,-0.06948777885826934,0.29809540885267205,4.731112949096501,4.658972960438628,1.3926113169698184,0.4773537869301872,3.4714146994980177e-06,7.10945730457194,0.9999999989367412
450.0,0.4050942113609619,1.5,3.4374173781673125,-0.06582772307502519,0.29901816627515737,4.73192667952105,4.658972960438628,2.088916975454728,0.4773537869301872,3.4714146994980177e-06,7.10945730457194,0.999999996778504
450.0,0.4050942113609619,2.0,3.4782664782034294,-0.06069714006149618,0.3003351857316774,4.733106652378686,4.658972960438628,2.785222633939637,0.4773537869301872,3.4714146994980177e-06,7.10945730457194,1.0000000048489333
450.0,0.4050942113609619,2.5,3.531592716985283,-0.05408937880207802,0.302072920162046,4.734697910868165,4.658972960438628,3.4815282924245463,0.4773537869301872,3.4714146994980177e-06,7.10945730457194,0.9999999969545058
450.0,0.4050942113609619,3.0,3.598025388548053,-0.045995767819424424,0.3042671258352038,4.736766282737514,4.658972960438628,4.177833950909456,0.4773537869301872,3.4714146994980177e-06,7.10945730457194,1.000000005089834
450.0,0.4050942113609619,3.5,3.6783629859594873,-0.036405407529559834,0.30696448654342906,4.739404800597232,4.658972960438628,4.874139609394366,0.4773537869301872,3.4714146994980177e-06,7.10945730457194,1.0000000020439104
450.0,0.4050942113609619,4.0,3.773591356709676,-0.025305122826799916,0.3102245360405225,4.742746355927308,4.658972960438628,5.570445267879274,0.4773537869301872,3.4714146994980177e-06,7.10945730457194,0.9999999977322969
450.0,0.4050942113609619,4.5,3.8815089195777173,-0.01305940283318142,0.3141224909944297,4.746983435562218,4.658972960438628,6.266750926364184,0.4773537869301872,3.4714146994980177e-06,7.10945730457194,0.9999999982070837
450.0,0.4050942113609619,5.0,4.002978082823915,0.0003232209268578618,0.3187527677235748,4.752400726425806,4.658972960438628,6.963056584849093,0.4773537869301872,3.4714146994980177e-06,7.10945730457194,0.9999999989417868
450.0,0.4050942113609619,5.5,4.14140401481747,0.015087608854923763,0.3242336720181512,4.759435371222403,4.658972960438628,7.6593622433340025,0.4773537869301872,3.4714146994980177e-06,7.10945730457194,1.0000000010750254
450.0,0.4050942113609619,6.0,4.298224192273641,0.031229072905178998,0.330713480599112,4.768791634806819,4.658972960438628,8.355667901818912,0.4773537869301872,3.4714146994980177e-06,7.10945730457194,1.0000000004190943
450.0,0.4063957430879413,0.0,3.3748449328469246,-0.07380616863678795,0.29832322982944715,4.7153286541141215,4.6440520336664255,0.0,0.47582500344942885,3.4602970722941285e-06,7.086688404058375,1.00000000028744
450.0,0.4063957430879413,0.5,3.3806044585452044,-0.0730656314229679,0.2985071839272913,4.715487403506459,4.6440520336664255,0.698542826730658,0.47582500344942885,3.4602970722941285e-06,7.086688404058375,1.0000000022971773
450.0,0.4063957430879413,1.0,3.397949286802959,-0.0708430984388401,0.29906266603104625,4.715969222763123,4.6440520336664255,1.397085653461316,0.47582500344942885,3.4602970722941285e-06,7.086688404058375,0.9999999960507798
450.0,0.4063957430879413,1.5,3.4270801980091927,-0.06713572373926237,0.3000005728152671,4.716791291529184,4.6440520336664255,2.0956284801919742,0.47582500344942885,3.4602970722941285e-06,7.086688404058375,1.0000000059716971
450.0,0.4063957430879413,2.0,3.468337049846791,-0.0619386961293625,0.3013395892246902,4.7179837780388185,4.6440520336664255,2.794171306922632,0.47582500344942885,3.4602970722941285e-06,7.086688404058375,0.9999999998317264
450.0,0.4063957430879413,2.5,3.5222061282223818,-0.055245222964728814,0.3031069356863308,4.719593045247316,4.6440520336664255,3.4927141336532905,0.47582500344942885,3.4602970722941285e-06,7.086688404058375,1.0000000004746252
450.0,0.4063957430879413,3.0,3.589331795765061,-0.04704638520716207,0.3053395069745351,4.72168650569024,4.6440520336664255,4.1912569603839485,0.47582500344942885,3.4602970722941285e-06,7.086688404058375,0.9999999970863368
450.0,0.4063957430879413,3.5,3.670531734393495,-0.03733100811531467,0.3080854327319637,4.724360039039015,4.6440520336664255,4.889799787114606,0.47582500344942885,3.4602970722941285e-06,7.086688404058375,0.9999999963408319
450.0,0.4063957430879413,4.0,3.766816362789732,-0.026085543031008063,0.31140623983728083,4.727750892367407,4.6440520336664255,5.588342613845264,0.47582500344942885,3.4602970722941285e-06,7.086688404058375,0.9999999970125691
450.0,0.4063957430879413,4.5,3.8756528220297954,-0.013715124969296904,0.3153797407089594,4.732057854110945,4.6440520336664255,6.286885440575922,0.47582500344942885,3.4602970722941285e-06,7.086688404058375,0.9999999995092315
450.0,0.4063957430879413,5.0,3.998515642458012,-0.00016119198258122326,0.32010367485371327,4.737577282419823,4.6440520336664255,6.985428267306581,0.47582500344942885,3.4602970722941285e-06,7.086688404058375,1.0000000029490355
450.0,0.4063957430879413,5.5,4.138586351239205,0.014792029817500647,0.325700718756041,4.7447666407412115,4.6440520336664255,7.683971094037239,0.47582500344942885,3.4602970722941285e-06,7.086688404058375,0.9999999942741447
450.0,0.4063957430879413,6.0,4.297340837016825,0.03113980912469716,0.3323248918903369,4.75436471889546,4.6440520336664255,8.382513920767897,0.47582500344942885,3.4602970722941285e-06,7.086688404058375,0.9999999988725109
450.0,0.42778499272414877,0.0,3.206102686204578,-0.09608256334794023,0.3140244524520497,4.479562221408416,4.411849431983104,0.0,0.4520337532769574,3.287282218679422e-06,6.7323539838554565,1.00000000028744
450.0,0.42778499272414877,0.5,3.2128217731837054,-0.09517335699017414,0.3142622786632124,4.479747506955484,4.411849431983104,0.7353082386638508,0.4520337532769574,3.287282218679422e-06,6.7323539838554565,0.9999999998273064
450.0,0.42778499272414877,1.0,3.233074039502904,-0.09244434097580422,0.31498147356880185,4.480311345660983,4.411849431983104,1.4706164773277015,0.4520337532769574,3.287282218679422e-06,6.7323539838554565,0.9999999954468122
450.0,0.42778499272414877,1.5,3.2671478491273938,-0.08789120316189085,0.31619944520234283,4.481278599583909,4.411849431983104,2.205924715991552,0.4520337532769574,3.287282218679422e-06,6.7323539838554565,0.9999999982627981
450.0,0.42778499272414877,2.0,3.315532536709023,-0.08150669714542907,0.31794615880287813,4.482693312726494,4.411849431983104,2.941232954655403,0.4520337532769574,3.287282218679422e-06,6.7323539838554565,0.9999999961257368
450.0,0.42778499272414877,2.5,3.378932313064479,-0.07328049927399635,0.3202656028928706,4.484625498767292,4.411849431983104,3.6765411933192538,0.4520337532769574,3.287282218679422e-06,6.7323539838554565,1.000000005683723
450.0,0.42778499272414877,3.0,3.4582867000094675,-0.0631989968750922,0.3232182541912793,4.487178458370872,4.411849431983104,4.411849431983104,0.4520337532769574,3.287282218679422e-06,6.7323539838554565,1.0000000056851732
450.0,0.42778499272414877,3.5,3.5547979638119274,-0.0512450685955136,0.3268840850428302,4.4905063579996085,4.411849431983104,5.147157670646955,0.4520337532769574,3.287282218679422e-06,6.7323539838554565,1.000000001354798
450.0,0.42778499272414877,4.0,3.667219419953184,-0.037723095541340755,0.33136716988726905,4.494839598260306,4.411849431983104,5.882465909310806,0.4520337532769574,3.287282218679422e-06,6.7323539838554565,0.9999999969588121
450.0,0.42778499272414877,4.5,3.7951424869876855,-0.02283190539137055,0.33680178683838924,4.500534169640699,4.411849431983104,6.6177741479746555,0.4520337532769574,3.287282218679422e-06,6.7323539838554565,1.0000000019519713
450.0,0.42778499272414877,5.0,3.943096624073329,-0.006222571904317107,0.34336063033475256,4.508164228870491,4.411849431983104,7.3530823866385076,0.4520337532769574,3.287282218679422e-06,6.7323539838554565,1.0000000015237747
450.0,0.42778499272414877,5.5,4.1129982914507615,0.012098537774293067,0.35126597234118306,4.518706730290034,4.411849431983104,8.088390625302358,0.4520337532769574,3.287282218679422e-06,6.7323539838554565,0.9999999986995854
450.0,0.42778499272414877,6.0,4.307115876637347,0.03212656464806253,0.36080471239086137,4.533974073500288,4.411849431983104,8.823698863966207,0.4520337532769574,3.287282218679422e-06,6.7323539838554565,1.00000000225397
450.0,0.4477486635155488,0.0,3.0631528936842285,-0.11589131668064873,0.32867919933618095,4.2798329697884725,4.215139275553397,0.0,0.43187902413456936,3.1407128922701205e-06,6.432180003369207,1.00000000028744
450.0,0.4477486635155488,0.5,3.0708590218113105,-0.1148001121870067,0.32897806810834795,4.280045597564885,4.215139275553397,0.7696232610619252,0.43187902413456936,3.1407128922701205e-06,6.432180003369207,1.000000000556441
450.0,0.4477486635155488,1.0,3.0941084747173013,-0.11152445599650167,0.3298832845730836,4.280694421654179,4.215139275553397,1.5392465221238505,0.43187902413456936,3.1407128922701205e-06,6.432180003369207,1.0000000036786048
450.0,0.4477486635155488,1.5,3.133299019010972,-0.10605814859764552,0.33142126585843756,4.281813953909673,4.215139275553397,2.308869783185776,0.43187902413456936,3.1407128922701205e-06,6.432180003369207,0.9999999979995836
450.0,0.4477486635155488,2.0,3.1891085942488684,-0.09839068341141521,0.3336376304014955,4.283466949202175,4.215139275553397,3.078493044247701,0.43187902413456936,3.1407128922701205e-06,6.432180003369207,0.9999999986080353
450.0,0.4477486635155488,2.5,3.262517873076441,-0.0885070917763496,0.33660020340670704,4.2857536801827365,4.215139275553397,3.848116305309626,0.43187902413456936,3.1407128922701205e-06,6.432180003369207,0.9999999981224009
450.0,0.4477486635155488,3.0,3.354845048302402,-0.07638752530917758,0.34040322769739256,4.288829039456589,4.215139275553397,4.617739566371552,0.43187902413456936,3.1407128922701205e-06,6.432180003369207,1.0000000010442331
450.0,0.4477486635155488,3.5,3.4671558777119964,-0.06208662405622708,0.3451734812858232,4.2929328076941955,4.215139275553397,5.387362827433476,0.43187902413456936,3.1407128922701205e-06,6.432180003369207,1.0000000016777746
450.0,0.4477486635155488,4.0,3.595434976582937,-0.046308552380353696,0.35107907271438354,4.298444799135954,4.215139275553397,6.156986088495402,0.43187902413456936,3.1407128922701205e-06,6.432180003369207,1.0000000000720608
450.0,0.4477486635155488,4.5,3.7462225045252286,-0.02846642287557361,0.3583416506439424,4.305995664537062,4.215139275553397,6.926609349557327,0.43187902413456936,3.1407128922701205e-06,6.432180003369207,0.9999999996004805
450.0,0.4477486635155488,5.0,3.921850858122867,-0.008568917224607,0.3672533149712221,4.316700967228805,4.215139275553397,7.696232610619252,0.43187902413456936,3.1407128922701205e-06,6.432180003369207,1.0000000023676816
450.0,0.4477486635155488,5.5,4.125127961835056,0.013377433620262376,0.3782003019041914,4.332730293745761,4.215139275553397,8.465855871681176,0.43187902413456936,3.1407128922701205e-06,6.432180003369207,1.0000000002814466
450.0,0.4477486635155488,6.0,4.39217564038905,0.04061970762922689,0.3921840521605237,4.358914347013637,4.215139275553397,9.235479132743103,0.43187902413456936,3.1407128922701205e-06,6.432180003369207,1.000000000829995
450.0,0.44917424236035625,0.0,3.0534311297186454,-0.11727186241787835,0.32972567507465217,4.26624973467468,4.201761363793432,0.0,0.4305083364542451,3.1307449701708777e-06,6.411765698909957,1.00000000028744
450.0,0.44917424236035625,0.5,3.0612112726361493,-0.11616668741709717,0.3300293430621733,4.266464413856194,4.201761363793432,0.7720736505970434,0.4305083364542451,3.1307449701708777e-06,6.411765698909957,0.9999999965582097
450.0,0.44917424236035625,1.0,3.0846855541489675,-0.11284909169715883,0.3309492177264671,4.2671196201359205,4.201761363793432,1.5441473011940867,0.4305083364542451,3.1307449701708777e-06,6.411765698909957,0.9999999989817706
450.0,0.44917424236035625,1.5,3.1242610513340887,-0.1073126766165402,0.3325124328831441,4.268250732037506,4.201761363793432,2.31622095179113,0.4305083364542451,3.1307449701708777e-06,6.411765698909957,1.0000000020726878
450.0,0.44917424236035625,2.0,3.1806309665559023,-0.09954670841540716,0.33476606632175343,4.2699219632609795,4.201761363793432,3.0882946023881734,0.4305083364542451,3.1307449701708777e-06,6.411765698909957,1.0000000077829772
450.0,0.44917424236035625,2.5,3.254799230546489,-0.08953578667412138,0.33777997803825766,4.272236251327122,4.201761363793432,3.860368252985216,0.4305083364542451,3.1307449701708777e-06,6.411765698909957,0.9999999985252753
450.0,0.44917424236035625,3.0,3.3481156010473208,-0.07725954677668431,0.3416513696385105,4.275353103501611,4.201761363793432,4.63244190358226,0.4305083364542451,3.1307449701708777e-06,6.411765698909957,1.0000000051665603
450.0,0.44917424236035625,3.5,3.4614103728376464,-0.06280690053029109,0.3465112293415233,4.279519848777553,4.201761363793432,5.404515554179303,0.4305083364542451,3.1307449701708777e-06,6.411765698909957,0.9999999986718434
450.0,0.44917424236035625,4.0,3.5911320698174456,-0.04682861401079297,0.3525334825599237,4.285130434682864,4.201761363793432,6.176589204776347,0.4305083364542451,3.1307449701708777e-06,6.411765698909957,1.0000000024344822
450.0,0.44917424236035625,4.5,3.7436879324953236,-0.02876035180779428,0.359947788035257,4.292842579907876,4.201761363793432,6.9486628553733905,0.4305083364542451,3.1307449701708777e-06,6.411765698909957,0.9999999969146532
450.0,0.44917424236035625,5.0,3.9214722431992874,-0.00861084597599985,0.36905735543536883,4.3038290683191045,4.201761363793432,7.720736505970432,0.4305083364542451,3.1307449701708777e-06,6.411765698909957,0.9999999960327765
450.0,0.44917424236035625,5.5,4.127369611976949,0.013613370996121787,0.3802639856599095,4.3203967599067585,4.201761363793432,8.492810156567476,0.4305083364542451,3.1307449701708777e-06,6.411765698909957,1.0000000001932812
450.0,0.44917424236035625,6.0,4.412848712191391,0.042659047248458114,0.3947786990962677,4.347765441999913,4.201761363793432,9.26488380716452,0.4305083364542451,3.1307449701708777e-06,6.411765698909957,1.0000000019995974
450.0,0.4948944222294061,0.0,2.771343851709721,-0.159369577550214,0.36328752201547204,3.872117781526103,3.8135870852188987,0.0,0.39073638168226427,2.8415151532019878e-06,5.819423033757671,1.00000000028744
450.0,0.4948944222294061,0.5,2.781756826532412,-0.1577408288318926,0.3637811294457213,3.872405471196054,3.8135870852188987,0.8506608509493097,0.39073638168226427,2.8415151532019878e-06,5.819423033757671,0.9999999943693343
450.0,0.4948944222294061,1.0,2.813260497511648,-0.1528500432388848,0.3652832966952264,3.8732909881559006,3.8135870852188987,1.7013217018986193,0.39073638168226427,2.8415151532019878e-06,5.819423033757671,1.0000000016699666
450.0,0.4948944222294061,1.5,2.866663376018425,-0.14468329333121766,0.36785985589427234,3.874846064655308,3.8135870852188987,2.551982552847929,0.39073638168226427,2.8415151532019878e-06,5.819423033757671,0.9999999975240841
450.0,0.4948944222294061,2.0,2.94335753924272,-0.13321697085635895,0.3716271757699896,3.8772073184839186,3.8135870852188987,3.4026434037972386,0.39073638168226427,2.8415151532019878e-06,5.819423033757671,1.0000000066572294
450.0,0.4948944222294061,2.5,3.04539147732413,-0.11841686332011875,0.37676296884038624,3.880609579072532,3.8135870852188987,4.253304254746548,0.39073638168226427,2.8415151532019878e-06,5.819423033757671,0.9999999952626661
450.0,0.4948944222294061,3.0,3.1730292826148982,-0.10058591127943023,0.3835236675057442,3.885452877705209,3.8135870852188987,5.103965105695858,0.39073638168226427,2.8415151532019878e-06,5.819423033757671,1.000000002669838
450.0,0.4948944222294061,3.5,3.3255446182754245,-0.08019721226234382,0.3922709179833271,3.892447178263855,3.8135870852188987,5.954625956645168,0.39073638168226427,2.8415151532019878e-06,5.819423033757671,1.000000000971482
450.0,0.4948944222294061,4.0,3.5101421547783165,-0.0567352863192153,0.40351159005552933,3.902949694456054,3.8135870852188987,6.805286807594477,0.39073638168226427,2.8415151532019878e-06,5.819423033757671,0.9999999986654986
450.0,0.4948944222294061,4.5,3.731182990207097,-0.03021344245106525,0.4179572973652872,3.91988789435925,3.8135870852188987,7.655947658543787,0.39073638168226427,2.8415151532019878e-06,5.819423033757671,0.9999999963211109
450.0,0.4948944222294061,5.0,4.0633517827046575,0.006824431459675213,0.4377422104727948,3.9508876099410597,3.8135870852188987,8.506608509493097,0.39073638168226427,2.8415151532019878e-06,5.819423033757671,0.9999999990039138
450.0,0.4948944222294061,5.5,4.60454087097155,0.061126340893422886,0.4658231860369775,4.023944462269072,3.8135870852188987,9.357269360442405,0.39073638168226427,2.8415151532019878e-06,5.819423033757671,0.9999999990578569
450.0,0.4948944222294061,6.0,5.2660772261483615,0.11942723234527149,0.5027045064417274,7.037610834077128,3.8135870852188987,10.207930211391716,0.39073638168226427,2.8415151532019878e-06,5.819423033757671,1.0000000017334396
450.0,0.49773110210232996,0.0,2.7555493488307743,-0.1618517981646287,0.3653698457505898,3.850049724034715,3.791852607139089,0.0,0.388509488436382,2.825320728522376e-06,5.786256852013826,1.00000000028744
450.0,0.49773110210232996,0.5,2.7661429071100616,-0.1601853780398123,0.3658778026037096,3.850342453000353,3.791852607139089,0.8555367444857569,0.388509488436382,2.825320728522376e-06,5.786256852013826,0.9999999997069787
450.0,0.49773110210232996,1.0,2.7981992642396194,-0.1551813532671031,0.3674241629700374,3.8512439624832506,3.791852607139089,1.7110734889715138,0.388509488436382,2.825320728522376e-06,5.786256852013826,1.0000000059716971
450.0,0.49773110210232996,1.5,2.852560340451449,-0.14682515147243969,0.37007827385113523,3.8528290875231925,3.791852607139089,2.5666102334572707,0.388509488436382,2.825320728522376e-06,5.786256852013826,1.000000001056297
450.0,0.49773110210232996,2.0,2.9306771390573467,-0.1350920147350028,0.37396299520029835,3.8552408881086624,3.791852607139089,3.4221469779430276,0.388509488436382,2.825320728522376e-06,5.786256852013826,0.9999999970863368
450.0,0.49773110210232996,2.5,3.0346868558721054,-0.11994610770686069,0.3792662044523196,3.8587261830897237,3.791852607139089,4.277683722428785,0.388509488436382,2.825320728522376e-06,5.786256852013826,0.9999999985203438
450.0,0.49773110210232996,3.0,3.16445727805022,-0.10176075449713765,0.38625971997410724,3.8637090586337774,3.791852607139089,5.133220466914541,0.388509488436382,2.825320728522376e-06,5.786256852013826,0.9999999995092315
450.0,0.49773110210232996,3.5,3.3201307296100797,-0.08090480701232725,0.3953283593146245,3.8709494054605926,3.791852607139089,5.988757211400299,0.388509488436382,2.825320728522376e-06,5.786256852013826,0.9999999986151384
450.0,0.49773110210232996,4.0,3.508764100505329,-0.056905820403143556,0.4070132069784545,3.8819225374615516,3.791852607139089,6.844293955886055,0.388509488436382,2.825320728522376e-06,5.786256852013826,0.9999999988725109
450.0,0.49773110210232996,4.5,3.7349333293702993,-0.029777137504526357,0.4220774504150053,3.8998783574384133,3.791852607139089,7.699830700371813,0.388509488436382,2.825320728522376e-06,5.786256852013826,0.9999999991876095
450.0,0.49773110210232996,5.0,4.098924612227281,0.010609939480665215,0.4431356449220217,3.9336020090847352,3.791852607139089,8.55536744485757,0.388509488436382,2.825320728522376e-06,5.786256852013826,1.0000000014960317
450.0,0.49773110210232996,5.5,4.650822588613611,0.06546978179875995,0.47262668074942,4.0177831558581385,3.791852607139089,9.410904189343327,0.388509488436382,2.825320728522376e-06,5.786256852013826,0.9999999993708591
450.0,0.49773110210232996,6.0,5.328732280319119,0.12456391016632114,0.5123153307787206,6.99808936757051,3.791852607139089,10.266440933829083,0.388509488436382,2.825320728522376e-06,5.786256852013826,1.000000001072438
450.0,0.5239274758971895,0.0,2.617771881389236,-0.18412819287578083,0.38459983763219974,3.65754723783298,3.602259976782134,0.0,0.369084014014563,2.6840546920962575e-06,5.496944009413135,1.00000000028744
450.0,0.5239274758971895,0.5,2.630133761477623,-0.18208215523577095,0.38525685811894145,3.657889167836915,3.602259976782134,0.9005649941955337,0.369084014014563,2.6840546920962575e-06,5.496944009413135,0.9999999991905593
450.0,0.5239274758971895,1.0,2.667615048197891,-0.17593683268973148,0.3872636488484352,3.65894865474485,3.602259976782134,1.8011299883910674,0.369084014014563,2.6840546920962575e-06,5.496944009413135,0.9999999982627981
450.0,0.5239274758971895,1.5,2.7314280986503214,-0.16567021857342562,0.3907314770481822,3.660835252107678,3.602259976782134,2.701694982586601,0.369084014014563,2.6840546920962575e-06,5.496944009413135,0.9999999980101957
450.0,0.5239274758971895,2.0,2.8236792664255588,-0.15124462640293282,0.39585989916091235,3.663765869272362,3.602259976782134,3.602259976782135,0.369084014014563,2.6840546920962575e-06,5.496944009413135,1.0000000056851732
450.0,0.5239274758971895,2.5,2.9475065694665505,-0.13260520959479918,0.4029604820296363,3.668134506880775,3.602259976782134,4.502824970977669,0.369084014014563,2.6840546920962575e-06,5.496944009413135,1.000000004529754
450.0,0.5239274758971895,3.0,3.098720864758992,-0.1108775349192112,0.41249626110584037,3.674670761860033,3.602259976782134,5.403389965173202,0.369084014014563,2.6840546920962575e-06,5.496944009413135,1.0000000019519713
450.0,0.5239274758971895,3.5,3.2865384014894263,-0.08532128017711058,0.42514420725062574,3.684837077345606,3.602259976782134,6.303954959368736,0.369084014014563,2.6840546920962575e-06,5.496944009413135,0.9999999997698662
450.0,0.5239274758971895,4.0,3.5167453869339194,-0.055919064879778095,0.4418937210746248,3.7019743290279394,3.602259976782134,7.20451995356427,0.369084014014563,2.6840546920962575e-06,5.496944009413135,1.00000000225397
450.0,0.5239274758971895,4.5,3.8803099248925785,-0.013193576740138765,0.46571023786549054,3.7356663027626684,3.602259976782134,8.105084947759803,0.369084014014563,2.6840546920962575e-06,5.496944009413135,0.999999998503826
450.0,0.5239274758971895,5.0,4.468413898644914,0.048093402652808356,0.5003764913382551,3.828783029755477,3.602259976782134,9.005649941955339,0.369084014014563,2.6840546920962575e-06,5.496944009413135,1.000000001022848
450.0,0.5239274758971895,5.5,5.185471788158672,0.11272828447380083,0.5494732415486454,6.648979079907874,3.602259976782134,9.906214936150871,0.369084014014563,2.6840546920962575e-06,5.496944009413135,1.0000000016235995
450.0,0.5239274758971895,6.0,5.917273927754844,0.17006168316431095,0.6233871792693991,6.654284623554514,3.602259976782134,10.806779930346403,0.369084014014563,2.6840546920962575e-06,5.496944009413135,1.00000000065351
450.0,0.5470044002605323,0.0,2.507333786780614,-0.20284783841977921,0.4015399329154138,3.503243285391968,3.4502884734784955,0.0,0.35351316326623927,2.570820270056728e-06,5.265039913076179,1.00000000028744
450.0,0.5470044002605323,0.5,2.521409117013611,-0.200416672487705,0.40235565244897326,3.5036329682877456,3.4502884734784955,0.9402313053003988,0.35351316326623927,2.570820270056728e-06,5.265039913076179,1.000000001651604
450.0,0.5470044002605323,1.0,2.564171342286129,-0.19311294921631308,0.40485569625308426,3.5048480109011155,3.4502884734784955,1.8804626106007976,0.35351316326623927,2.570820270056728e-06,5.265039913076179,1.0000000009748824
450.0,0.5470044002605323,1.5,2.637269484203518,-0.18090548173823576,0.4092057352610105,3.507040376188552,3.4502884734784955,2.8206939159011966,0.35351316326623927,2.570820270056728e-06,5.265039913076179,1.0000000027987181
450.0,0.5470044002605323,2.0,2.7435909734305675,-0.16374062599256425,0.4157071369203545,3.5105204399897803,3.4502884734784955,3.760925221201595,0.35351316326623927,2.570820270056728e-06,5.265039913076179,1.0000000008554213
450.0,0.5470044002605323,2.5,2.8844079311612965,-0.14200331027223,0.42484017277372765,3.5158845105431307,3.4502884734784955,4.701156526501994,0.35351316326623927,2.570820270056728e-06,5.265039913076179,0.9999999974016304
450.0,0.5470044002605323,3.0,3.0604791298919074,-0.11627056903619196,0.43733807680803805,3.5243337822491956,3.4502884734784955,5.641387831802393,0.35351316326623927,2.570820270056728e-06,5.265039913076179,1.0000000014150825
450.0,0.5470044002605323,3.5,3.281722606427161,-0.08595812259058021,0.45430873153706397,3.53859378306477,3.4502884734784955,6.581619137102791,0.35351316326623927,2.570820270056728e-06,5.265039913076179,0.9999999995848265
450.0,0.5470044002605323,4.0,3.5730549624663537,-0.049020294545545094,0.4778548973803446,3.5663184776282693,3.4502884734784955,7.52185044240319,0.35351316326623927,2.570820270056728e-06,5.265039913076179,1.0000000023526838
450.0,0.5470044002605323,4.5,4.163351871221635,0.01738312608583933,0.5146990013833269,3.6400671991022864,3.4502884734784955,8.46208174770359,0.35351316326623927,2.570820270056728e-06,5.265039913076179,0.9999999997866088
450.0,0.5470044002605323,5.0,4.896887260413368,0.08786011417198268,0.5673733023533837,6.368024065732629,3.4502884734784955,9.402313053003988,0.35351316326623927,2.570820270056728e-06,5.265039913076179,0.999999996292818
450.0,0.5470044002605323,5.5,5.661020719945854,0.15083475312414277,0.6498602036576784,6.373500093297081,3.4502884734784955,10.342544358304387,0.35351316326623927,2.570820270056728e-06,5.265039913076179,1.0000000020748954
450.0,0.5470044002605323,6.0,6.34358273293012,0.20027461697499274,0.7778459369409038,6.380621023896983,3.4502884734784955,11.282775663604786,0.35351316326623927,2.570820270056728e-06,5.265039913076179,0.9999999991418719
450.0,0.550123849692049,0.0,2.493116077513558,-0.20531749194571897,0.40382982951380975,3.483378321745695,3.430723787411557,0.0,0.35150858477577424,2.5562425639011974e-06,5.235184770869652,1.00000000028744
450.0,0.550123849692049,0.5,2.507434643207519,-0.2028303694617259,0.4046691855519237,3.4837747874822638,3.430723787411557,0.9455932439053104,0.35150858477577424,2.5562425639011974e-06,5.235184770869652,0.9999999999564586
450.0,0.550123849692049,1.0,2.550948466339946,-0.19535830614438082,0.40724289684757065,3.4850121292508875,3.430723787411557,1.8911864878106208,0.35150858477577424,2.5562425639011974e-06,5.235184770869652,1.0000000020726878
450.0,0.550123849692049,1.5,2.6253750075083615,-0.18286864470625042,0.4117256905914655,3.487249022385058,3.430723787411557,2.836779731715932,0.35150858477577424,2.5562425639011974e-06,5.235184770869652,1.0000000054500038
450.0,0.550123849692049,2.0,2.733724940805916,-0.16530517630452493,0.41843576276867783,3.4908111912678073,3.430723787411557,3.7823729756212416,0.35150858477577424,2.5562425639011974e-06,5.235184770869652,1.0000000051665603
450.0,0.550123849692049,2.5,2.8769660784653106,-0.1431252500570952,0.4278820255525453,3.4963295383488466,3.430723787411557,4.727966219526552,0.35150858477577424,2.5562425639011974e-06,5.235184770869652,1.0000000005797343
450.0,0.550123849692049,3.0,3.0567083969428195,-0.11680598133563488,0.4408442073649278,3.5050912889557395,3.430723787411557,5.673559463431864,0.35150858477577424,2.5562425639011974e-06,5.235184770869652,0.9999999969146532
450.0,0.550123849692049,3.5,3.2828918634251893,-0.0858034137741303,0.4585061373077319,3.5200752522618766,3.430723787411557,6.619152707337173,0.35150858477577424,2.5562425639011974e-06,5.235184770869652,1.0000000008587555
450.0,0.550123849692049,4.0,3.6030758856555893,-0.04538658227938251,0.48350318705279716,3.5499356180686528,3.430723787411557,7.564745951242483,0.35150858477577424,2.5562425639011974e-06,5.235184770869652,1.0000000019995974
450.0,0.550123849692049,4.5,4.204959615519394,0.021701837856788433,0.5221711748258265,3.6344073767206972,3.430723787411557,8.510339195147795,0.35150858477577424,2.5562425639011974e-06,5.235184770869652,1.00000000115665
450.0,0.550123849692049,5.0,4.957176641660141,0.09317440329464934,0.5785646474180051,6.332474638993472,3.430723787411557,9.455932439053104,0.35150858477577424,2.5562425639011974e-06,5.235184770869652,1.0000000011682904
450.0,0.550123849692049,5.5,5.721373451102998,0.1554403050585654,0.6678333186967784,6.338145340968903,3.430723787411557,10.401525682958415,0.35150858477577424,2.5562425639011974e-06,5.235184770869652,1.000000000546213
450.0,0.550123849692049,6.0,6.381063738387399,0.20283309134358796,0.8021219822120834,3.3317101500085786,3.430723787411557,11.347118926863727,0.35150858477577424,2.5562425639011974e-06,5.235184770869652,0.9999999995456461
450.0,0.5747303715656585,0.0,2.3863757374691192,-0.2243211664687785,0.42189275759575,3.3342408668473325,3.2838406851887068,0.0,0.3364590865972036,2.4467995247391358e-06,5.01104542666575,1.00000000028744
450.0,0.5747303715656585,0.5,2.402712982826366,-0.22135809627083056,0.422938478300561,3.334693817282857,3.2838406851887068,0.9878887394609356,0.3364590865972036,2.4467995247391358e-06,5.01104542666575,0.9999999960507798
450.0,0.5747303715656585,1.0,2.4524846473872115,-0.21245369396135297,0.4261585339614941,3.3361183229793765,3.2838406851887068,1.9757774789218712,0.3364590865972036,2.4467995247391358e-06,5.01104542666575,0.9999999998317264
450.0,0.5747303715656585,1.5,2.538040852713963,-0.1975613830391526,0.43181527189170177,3.338736546810584,3.2838406851887068,2.9636662183828073,0.3364590865972036,2.4467995247391358e-06,5.01104542666575,0.9999999970863368
450.0,0.5747303715656585,2.0,2.6635413936130665,-0.17660054086299853,0.44039492778549133,3.343024715753746,3.2838406851887068,3.9515549578437423,0.3364590865972036,2.4467995247391358e-06,5.01104542666575,0.9999999970125691
450.0,0.5747303715656585,2.5,2.8273775254625457,-0.1506761898145717,0.4526949583435888,3.3499730227943925,3.2838406851887068,4.939443697304678,0.3364590865972036,2.4467995247391358e-06,5.01104542666575,1.0000000029490355
450.0,0.5747303715656585,3.0,3.038678846924472,-0.11937518870729331,0.46997836922548697,3.3618435329650542,3.2838406851887068,5.927332436765615,0.3364590865972036,2.4467995247391358e-06,5.01104542666575,0.9999999988725109
450.0,0.5747303715656585,3.5,3.307885539764116,-0.08250951774759267,0.4942412167917897,3.3849459558713493,3.2838406851887068,6.915221176226548,0.3364590865972036,2.4467995247391358e-06,5.01104542666575,0.9999999998676542
450.0,0.5747303715656585,4.0,3.8622394145756225,-0.015220799770049968,0.5333665873319503,3.445564196974378,3.2838406851887068,7.903109915687485,0.3364590865972036,2.4467995247391358e-06,5.01104542666575,0.9999999990459424
450.0,0.5747303715656585,4.5,4.61481752472254,0.062094541862171386,0.5915707882701328,6.060523170269841,3.2838406851887068,8.89099865514842,0.3364590865972036,2.4467995247391358e-06,5.01104542666575,1.000000001072438
450.0,0.5747303715656585,5.0,5.415894699018012,0.1316102204643411,0.6874254031018298,6.066264701917124,3.2838406851887068,9.878887394609356,0.3364590865972036,2.4467995247391358e-06,5.01104542666575,1.0000000024816942
450.0,0.5747303715656585,5.5,6.1108236383096175,0.18403975859801733,0.8389364093807508,3.1886953729731378,3.2838406851887068,10.86677613407029,0.3364590865972036,2.4467995247391358e-06,5.01104542666575,1.0000000006526777
450.0,0.5747303715656585,6.0,6.606883631054497,0.2179366661938461,0.9984853220932511,6.084991652550155,3.2838406851887068,11.85466487353123,0.3364590865972036,2.4467995247391358e-06,5.01104542666575,0.9999999971954336
450.0,0.6046013057825199,0.0,2.2684744494816678,-0.2463260992893444,0.4438201368194755,3.1695093509802574,3.1215992408719964,0.0,0.319835987794262,2.3259129389076112e-06,4.763469698882788,1.00000000028744
450.0,0.6046013057825199,0.5,2.2875101177944077,-0.24269696767469504,0.44516933458728924,3.170038055455259,3.1215992408719964,1.0392330932831078,0.319835987794262,2.3259129389076112e-06,4.763469698882788,1.000000004371364
450.0,0.6046013057825199,1.0,2.3457043926039196,-0.23178671021081362,0.44934850075269545,3.171718941134364,3.1215992408719964,2.0784661865662155,0.319835987794262,2.3259129389076112e-06,4.763469698882788,0.9999999980903174
450.0,0.6046013057825199,1.5,2.4464421012312965,-0.213525049349031,0.4567791338968734,3.174882808197744,3.1215992408719964,3.1176992798493233,0.319835987794262,2.3259129389076112e-06,4.763469698882788,0.9999999974054652
450.0,0.6046013057825199,2.0,2.593899933414473,-0.18810677332090636,0.4682614966189624,3.180283901327103,3.1215992408719964,4.156932373132431,0.319835987794262,2.3259129389076112e-06,4.763469698882788,0.999999997316517
450.0,0.6046013057825199,2.5,2.788533099350724,-0.15668418747794752,0.4851550176051756,3.189668097677786,3.1215992408719964,5.19616546641554,0.319835987794262,2.3259129389076112e-06,4.763469698882788,1.000000000727256
450.0,0.6046013057825199,3.0,3.045300600242436,-0.11842982323160714,0.5097145383283312,3.207812001114706,3.1215992408719964,6.2353985596986465,0.319835987794262,2.3259129389076112e-06,4.763469698882788,0.9999999991212793
450.0,0.6046013057825199,3.5,3.517959471224725,-0.05576915948248606,0.5490250899202548,3.2534921221988027,3.1215992408719964,7.274631652981755,0.319835987794262,2.3259129389076112e-06,4.763469698882788,1.0000000021376303
450.0,0.6046013057825199,4.0,4.277325087057571,0.029112267614834413,0.6108687946548178,5.760406658085884,3.1215992408719964,8.313864746264862,0.319835987794262,2.3259129389076112e-06,4.763469698882788,0.9999999977028459
450.0,0.6046013057825199,4.5,5.118405879949917,0.10707473032351361,0.7176850588292106,5.766305595350614,3.1215992408719964,9.35309783954797,0.319835987794262,2.3259129389076112e-06,4.763469698882788,1.0000000000474554
450.0,0.6046013057825199,5.0,5.842469864433638,0.1645364896432027,0.8943518334496486,3.02666964262261,3.1215992408719964,10.39233093283108,0.319835987794262,2.3259129389076112e-06,4.763469698882788,0.9999999982602008
450.0,0.6046013057825199,5.5,6.356139847218049,0.2011334526206838,1.0743832904832298,5.7866673066435945,3.1215992408719964,11.431564026114188,0.319835987794262,2.3259129389076112e-06,4.763469698882788,1.0000000016809016
450.0,0.6046013057825199,6.0,6.873959448340619,0.23514697444038862,1.2212591939981068,5.807533241990891,3.1215992408719964,12.470797119397293,0.319835987794262,2.3259129389076112e-06,4.763469698882788,1.0000000028205178
450.0,0.6049793384901669,0.0,2.2670569505956624,-0.2465975611799309,0.44409763957447373,3.1675288235049646,3.1196486509292707,0.0,0.3196361322673433,2.3244595485021785e-06,4.760493155332461,1.00000000028744
450.0,0.6049793384901669,0.5,2.286128577410687,-0.24295933880779486,0.4454510718172621,3.1680585343439067,3.1196486509292707,1.03988288364309,0.3196361322673433,2.3244595485021785e-06,4.760493155332461,0.9999999954468122
450.0,0.6049793384901669,1.0,2.344435539951586,-0.2320216949774197,0.44964376988346016,3.1697428394084923,3.1196486509292707,2.07976576728618,0.3196361322673433,2.3244595485021785e-06,4.760493155332461,0.9999999961257368
450.0,0.6049793384901669,1.5,2.445377976863942,-0.21371399470708283,0.45709963868386166,3.1729143163082414,3.1196486509292707,3.1196486509292702,0.3196361322673433,2.3244595485021785e-06,4.760493155332461,1.0000000056851732
450.0,0.6049793384901669,2.0,2.593115719947894,-0.18823809337333136,0.4686239457797654,3.1783315602756788,3.1196486509292707,4.15953153457236,0.3196361322673433,2.3244595485021785e-06,4.760493155332461,0.9999999969588121
450.0,0.6049793384901669,2.5,2.7881903617560333,-0.15673756973630779,0.4855852602043818,3.187753496936947,3.1196486509292707,5.199414418215451,0.3196361322673433,2.3244595485021785e-06,4.760493155332461,1.0000000015237747
450.0,0.6049793384901669,3.0,3.045590843726509,-0.11838843318392815,0.5102549176312801,3.2060038130960473,3.1196486509292707,6.2392973018585405,0.3196361322673433,2.3244595485021785e-06,4.760493155332461,1.00000000225397
450.0,0.6049793384901669,3.5,3.5215148493216444,-0.05533046728771304,0.5498101715304051,3.2521579425532385,3.1196486509292707,7.279180185501631,0.3196361322673433,2.3244595485021785e-06,4.760493155332461,1.0000000028232914
450.0,0.6049793384901669,4.0,4.282908055727238,0.029678759856159437,0.6120059091351642,5.756857894304401,3.1196486509292707,8.31906306914472,0.3196361322673433,2.3244595485021785e-06,4.760493155332461,1.0000000000188285
450.0,0.6049793384901669,4.5,5.1245095425870195,0.10759231486016091,0.7198255115210982,5.762779528010379,3.1196486509292707,9.358945952787812,0.3196361322673433,2.3244595485021785e-06,4.760493155332461,1.00000000065351
450.0,0.6049793384901669,5.0,5.845755850361031,0.16478068164091028,0.8973700287792998,3.023780987738358,3.1196486509292707,10.398828836430901,0.3196361322673433,2.3244595485021785e-06,4.760493155332461,1.0000000019467234
450.0,0.6049793384901669,5.5,6.35875292563281,0.2013119591283771,1.0771445109877194,5.783263830839609,3.1196486509292707,11.438711720073993,0.3196361322673433,2.3244595485021785e-06,4.760493155332461,1.0000000003259841
450.0,0.6049793384901669,6.0,6.877277071586341,0.23535653021299396,1.2241536150661096,5.80433307876582,3.1196486509292707,12.478594603717081,0.3196361322673433,2.3244595485021785e-06,4.760493155332461,1.0000000026264786
450.0,0.6352283054146753,0.0,2.1591018577101546,-0.267786860249869,0.4663025215531975,3.016694117623776,2.9710939532659717,0.0,0.30441536406413644,2.213770998573503e-06,4.533803005078534,1.00000000028744
450.0,0.6352283054146753,0.5,2.181202073166918,-0.2633640895291494,0.46803287216553613,3.017309219532274,2.9710939532659717,1.0918770278252448,0.30441536406413644,2.213770998573503e-06,4.533803005078534,0.9999999989817706
450.0,0.6352283054146753,1.0,2.2490457249036013,-0.2500617062473978,0.4734307112145146,3.019290775359215,2.9710939532659717,2.1837540556504895,0.30441536406413644,2.213770998573503e-06,4.533803005078534,1.0000000077829772
450.0,0.6352283054146753,1.5,2.3674752456970336,-0.22777454460867497,0.4831680005461251,3.02313117145294,2.9710939532659717,3.275631083475734,0.30441536406413644,2.213770998573503e-06,4.533803005078534,1.0000000051665603
450.0,0.6352283054146753,2.0,2.539313838704398,-0.1973436118427836,0.49855763222686306,3.0300447886331106,2.9710939532659717,4.367508111300979,0.30441536406413644,2.213770998573503e-06,4.533803005078534,1.0000000024344822
450.0,0.6352283054146753,2.5,2.7728996154010384,-0.1591258438079904,0.5219259173502465,3.0432667192762195,2.9710939532659717,5.4593851391262245,0.30441536406413644,2.213770998573503e-06,4.533803005078534,0.9999999960327765
450.0,0.6352283054146753,3.0,3.1203552487408555,-0.10785595058353252,0.5583013903979489,3.0743344270466655,2.9710939532659717,6.551262166951468,0.30441536406413644,2.213770998573503e-06,4.533803005078534,1.0000000019995974
450.0,0.6352283054146753,3.5,3.8566568804787322,-0.01584898910784011,0.6214073838245171,5.4813895366328715,2.9710939532659717,7.6431391947767136,0.30441536406413644,2.213770998573503e-06,4.533803005078534,0.9999999999264315
450.0,0.6352283054146753,4.0,4.742665959399226,0.07396254570036669,0.729328538800705,5.487219889599108,2.9710939532659717,8.735016222601958,0.30441536406413644,2.213770998573503e-06,4.533803005078534,1.000000002925019
450.0,0.6352283054146753,4.5,5.526163300611187,0.14036372303943795,0.9262106847061252,2.885345627953892,2.9710939532659717,9.826893250427204,0.30441536406413644,2.213770998573503e-06,4.533803005078534,0.9999999995456461
450.0,0.6352283054146753,5.0,6.067337754798005,0.18093818046825724,1.13498271750779,5.5082412251574455,2.9710939532659717,10.918770278252449,0.30441536406413644,2.213770998573503e-06,4.533803005078534,1.0000000002650609
450.0,0.6352283054146753,5.5,6.611280104363154,0.21822556625688264,1.3063012087883157,5.53159421238923,2.9710939532659717,12.010647306077693,0.30441536406413644,2.213770998573503e-06,4.533803005078534,1.000000001001905
450.0,0.6352283054146753,6.0,7.112620989701152,0.24996967573248166,1.48907104501421,5.5894559148607685,2.9710939532659717,13.102524333902936,0.30441536406413644,2.213770998573503e-06,4.533803005078534,1.0000000007941885
450.0,0.6682628855998672,0.0,2.05236987396023,-0.28980436015890965,0.49055224076045245,2.8675683381285046,2.824222349961533,0.0,0.2893670440534357,2.1043365272899715e-06,4.309681207889861,1.00000000028744
450.0,0.6682628855998672,0.5,2.0781336805969985,-0.2843865102443115,0.4927866926396914,2.8682873621001375,2.824222349961533,1.1486592885031846,0.2893670440534357,2.1043365272899715e-06,4.309681207889861,1.0000000024281948
450.0,0.6682628855998672,1.0,2.1576365224704186,-0.26808170648661156,0.49981935389662335,2.870642571490126,2.824222349961533,2.297318577006369,0.2893670440534357,2.1043365272899715e-06,4.309681207889861,0.9999999978664459
450.0,0.6682628855998672,1.5,2.2978907591178235,-0.24073061268501464,0.5127401188103202,2.8753853314278297,2.824222349961533,3.445977865509554,0.2893670440534357,2.1043365272899715e-06,4.309681207889861,1.0000000012968258
450.0,0.6682628855998672,2.0,2.500308908276664,-0.20406632310704448,0.5337563749304759,2.884571229916362,2.824222349961533,4.594637154012738,0.2893670440534357,2.1043365272899715e-06,4.309681207889861,0.999999996490265
450.0,0.6682628855998672,2.5,2.784241929707915,-0.1573530218218439,0.566990310450566,2.904912604586783,2.824222349961533,5.7432964425159225,0.2893670440534357,2.1043365272899715e-06,4.309681207889861,1.0000000007888772
450.0,0.6682628855998672,3.0,3.3846531939429894,-0.0725458156991079,0.626443282007948,2.974799608722965,2.824222349961533,6.891955731019108,0.2893670440534357,2.1043365272899715e-06,4.309681207889861,1.000000000489245
450.0,0.6682628855998672,3.5,4.297433272289312,0.031149150645082755,0.7329705833661567,5.214399300289626,2.824222349961533,8.040615019522292,0.2893670440534357,2.1043365272899715e-06,4.309681207889861,1.0000000030741922
450.0,0.6682628855998672,4.0,5.161639386630651,0.11072766833996621,0.9398730635207637,5.222436134026112,2.824222349961533,9.189274308025476,0.2893670440534357,2.1043365272899715e-06,4.309681207889861,0.9999999998444866
450.0,0.6682628855998672,4.5,5.748500149810689,0.1574945556869963,1.1866872180984844,5.235336407824074,2.824222349961533,10.33793359652866,0.2893670440534357,2.1043365272899715e-06,4.309681207889861,1.0000000001051053
450.0,0.6682628855998672,5.0,6.318273606690057,0.1985384373482977,1.3869935966597864,5.26032734117764,2.824222349961533,11.486592885031845,0.2893670440534357,2.1043365272899715e-06,4.309681207889861,1.0000000004706506
450.0,0.6682628855998672,5.5,6.843756066419807,0.23323453015831092,1.6005389667361531,5.33237593076309,2.824222349961533,12.635252173535031,0.2893670440534357,2.1043365272899715e-06,4.309681207889861,0.9999999997776181
450.0,0.6682628855998672,6.0,7.440564762545315,0.2695459098023612,1.7958776002489993,7.5454910341391255,2.824222349961533,13.783911462038215,0.2893670440534357,2.1043365272899715e-06,4.309681207889861,1.000000000094381
450.0,0.7038980750080227,0.0,1.948467630452416,-0.31236679599661926,0.5167109911426497,2.7223962677703435,2.68124469176794,0.0,0.27471769382868233,1.997803446165089e-06,4.091501457746102,1.00000000028744
450.0,0.7038980750080227,0.5,1.9786256748550433,-0.3056963510990936,0.5196162344158092,2.7232407218756567,2.68124469176794,1.2099116671602825,0.27471769382868233,1.997803446165089e-06,4.091501457746102,1.0000000059716971
450.0,0.7038980750080227,1.0,2.072301678495841,-0.2856070125669933,0.5288635396379264,2.7260669750892834,2.68124469176794,2.419823334320565,0.27471769382868233,1.997803446165089e-06,4.091501457746102,0.9999999970863368
450.0,0.7038980750080227,1.5,2.237609200084435,-0.25227575232912813,0.5462537345858163,2.7320548758918366,2.68124469176794,3.629735001480848,0.27471769382868233,1.997803446165089e-06,4.091501457746102,0.9999999995092315
450.0,0.7038980750080227,2.0,2.4810708890512356,-0.20742081823513406,0.5756035973738978,2.744933750279953,2.68124469176794,4.83964666864113,0.27471769382868233,1.997803446165089e-06,4.091501457746102,0.9999999988725109
450.0,0.7038980750080227,2.5,2.8983773888783504,-0.1399050583513253,0.6266884390196712,2.781476655112844,2.68124469176794,6.049558335801413,0.27471769382868233,1.997803446165089e-06,4.091501457746102,1.0000000014960317
450.0,0.7038980750080227,3.0,3.767982730541304,-0.025951087665669417,0.7245232889989249,4.948396447158586,2.68124469176794,7.259470002961696,0.27471769382868233,1.997803446165089e-06,4.091501457746102,1.000000001072438
450.0,0.7038980750080227,3.5,4.72427154008798,0.0722748605628452,0.9275418762550864,4.955973329827178,2.68124469176794,8.46938167012198,0.27471769382868233,1.997803446165089e-06,4.091501457746102,0.9999999991728602
450.0,0.7038980750080227,4.0,5.394497895343355,0.12989103666600535,1.2228897773934884,4.968374879280954,2.68124469176794,9.67929333728226,0.27471769382868233,1.997803446165089e-06,4.091501457746102,0.9999999971954336
450.0,0.7038980750080227,4.5,5.990711148929892,0.17541838861124512,1.457737942168046,4.993512806994502,2.68124469176794,10.889205004442543,0.27471769382868233,1.997803446165089e-06,4.091501457746102,1.000000001133577
450.0,0.7038980750080227,5.0,6.545027308088877,0.21385147158747062,1.7071817857011942,5.076379916100366,2.68124469176794,12.099116671602825,0.27471769382868233,1.997803446165089e-06,4.091501457746102,1.0000000000737992
450.0,0.7038980750080227,5.5,7.202866044000671,0.2554453466901138,1.9285441347242118,7.165177264101326,2.68124469176794,13.309028338763108,0.27471769382868233,1.997803446165089e-06,4.091501457746102,1.0000000009548375
450.0,0.7038980750080227,6.0,8.163223386485255,0.3098016897960384,2.0961978365557186,7.177325527051012,2.68124469176794,14.518940005923392,0.27471769382868233,1.997803446165089e-06,4.091501457746102,0.9999999994196668
450.0,0.7386277204483878,0.0,1.8568523443153602,-0.3332826210284749,0.5422050081810105,2.594391517189847,2.555174853192922,0.0,0.261800702171406,1.9038684320517092e-06,3.8991225488419,1.00000000028744
450.0,0.7386277204483878,0.5,1.8917624319829038,-0.3251933946517071,0.5459128336132767,2.5953727401377384,2.555174853192922,1.269607530391843,0.261800702171406,1.9038684320517092e-06,3.8991225488419,0.9999999999928978
450.0,0.7386277204483878,1.0,2.0010109724832197,-0.30081052124454966,0.5578670450473766,2.5987396920851533,2.555174853192922,2.539215060783686,0.261800702171406,1.9038684320517092e-06,3.8991225488419,1.0000000016662853
450.0,0.7386277204483878,1.5,2.193538637872601,-0.2609147026817896,0.5809572385078855,2.606326633704968,2.555174853192922,3.8088225911755296,0.261800702171406,1.9038684320517092e-06,3.8991225488419,0.9999999992660071
450.0,0.7386277204483878,2.0,2.485571453849046,-0.20663373881319325,0.6216318817411144,2.6251100105050464,2.555174853192922,5.078430121567372,0.261800702171406,1.9038684320517092e-06,3.8991225488419,0.9999999994935057
450.0,0.7386277204483878,2.5,3.1383815906319414,-0.10535424371808505,0.7019290391177602,2.708527946250373,2.555174853192922,6.348037651959215,0.261800702171406,1.9038684320517092e-06,3.8991225488419,0.9999999992381424
450.0,0.7386277204483878,3.0,4.160386242152613,0.017073660223986716,0.8685829885125049,4.719741072931622,2.555174853192922,7.617645182351059,0.261800702171406,1.9038684320517092e-06,3.8991225488419,1.0000000005911203
450.0,0.7386277204483878,3.5,4.97824366798188,0.095016158692714,1.1978074827378025,4.730575286710237,2.555174853192922,8.887252712742901,0.261800702171406,1.9038684320517092e-06,3.8991225488419,1.0000000012427166
450.0,0.7386277204483878,4.0,5.601678810967594,0.14625821229857278,1.4815465493292588,4.752372143911668,2.555174853192922,10.156860243134744,0.261800702171406,1.9038684320517092e-06,3.8991225488419,0.9999999988517249
450.0,0.7386277204483878,4.5,6.189446118886669,0.18959179528926606,1.7679060150118042,4.823770016972629,2.555174853192922,11.42646777352659,0.261800702171406,1.9038684320517092e-06,3.8991225488419,0.999999999464099
450.0,0.7386277204483878,5.0,6.87389212321972,0.23514272084071194,2.0259750372247707,6.828377540015536,2.555174853192922,12.69607530391843,0.261800702171406,1.9038684320517092e-06,3.8991225488419,0.9999999998319705
450.0,0.7386277204483878,5.5,7.887087743990787,0.29485668105873847,2.216721350966573,6.841585442424472,2.555174853192922,13.965682834310273,0.261800702171406,1.9038684320517092e-06,3.8991225488419,1.000000000749264
450.0,0.7386277204483878,6.0,8.809926499094592,0.342912293795687,2.402839130180086,6.868303173063418,2.555174853192922,15.235290364702118,0.261800702171406,1.9038684320517092e-06,3.8991225488419,0.9999999993888321
450.0,0.7409453421137081,0.0,1.8510442489297954,-0.33464319070777143,0.5439063064659471,2.5862764543818266,2.547182457179543,0.0,0.2609818091372482,1.8979132738568346e-06,3.886926384858797,1.00000000028744
450.0,0.7409453421137081,0.5,1.8862886901760076,-0.32645183052172205,0.5476735044155489,2.587267405783479,2.547182457179543,1.2735912285897713,0.2609818091372482,1.8979132738568346e-06,3.886926384858797,0.9999999982627981
450.0,0.7409453421137081,1.0,1.9966427571853687,-0.3017596242349234,0.559830438193008,2.590673690842313,2.547182457179543,2.5471824571795425,0.2609818091372482,1.8979132738568346e-06,3.886926384858797,1.0000000056851732
450.0,0.7409453421137081,1.5,2.191126536475326,-0.2613925327512018,0.5833578068840729,2.598384614339166,2.547182457179543,3.820773685769314,0.2609818091372482,1.8979132738568346e-06,3.886926384858797,1.0000000019519713
450.0,0.7409453421137081,2.0,2.486714510807483,-0.20643406271176873,0.6249320934712479,2.6176911518341752,2.547182457179543,5.094364914359085,0.2609818091372482,1.8979132738568346e-06,3.886926384858797,1.00000000225397
450.0,0.7409453421137081,2.5,3.159645768880037,-0.10242159517918227,0.7076392203432239,2.7073584440320726,2.547182457179543,6.367956142948856,0.2609818091372482,1.8979132738568346e-06,3.886926384858797,1.000000001022848
450.0,0.7409453421137081,3.0,4.184144520453807,0.019546685332320325,0.881602603532292,4.7052897812607695,2.547182457179543,7.641547371538628,0.2609818091372482,1.8979132738568346e-06,3.886926384858797,1.00000000065351
450.0,0.7409453421137081,3.5,4.990177764792197,0.09605602541631442,1.216032641684001,4.716418798666705,2.547182457179543,8.9151386001284,0.2609818091372482,1.8979132738568346e-06,3.886926384858797,1.0000000007477603
450.0,0.7409453421137081,4.0,5.615273215042892,0.1473109006851534,1.4992758618476907,4.739218113377994,2.547182457179543,10.18872982871817,0.2609818091372482,1.8979132738568346e-06,3.886926384858797,1.0000000026264786
450.0,0.7409453421137081,4.5,6.203070299901842,0.19054671175969362,1.7898077751165007,4.81798495512977,2.547182457179543,11.462321057307939,0.2609818091372482,1.8979132738568346e-06,3.886926384858797,1.0000000004507135
450.0,0.7409453421137081,5.0,6.9125785075837225,0.23758008538505024,2.046385711679341,6.807654282983717,2.547182457179543,12.735912285897712,0.2609818091372482,1.8979132738568346e-06,3.886926384858797,1.0000000001549096
450.0,0.7409453421137081,5.5,7.938252575647609,0.29766492164390446,2.2353028713378413,6.821424973994124,2.547182457179543,14.009503514487484,0.2609818091372482,1.8979132738568346e-06,3.886926384858797,0.9999999988884348
450.0,0.7409453421137081,6.0,8.839491920060052,0.3443673118462362,2.426908218379717,6.85002227507997,2.547182457179543,15.283094743077257,0.2609818091372482,1.8979132738568346e-06,3.886926384858797,1.0000000004032377
450.0,0.7779926092193935,0.0,1.7628992846950435,-0.3558324897777094,0.5711016217892444,2.463120432744597,2.4258880544567076,0.0,0.24855410394023644,1.8075364512922237e-06,3.701834652246474,1.00000000028744
450.0,0.7779926092193935,0.5,1.8037929590064,-0.3458733039763713,0.5759284279019415,2.4642757091106717,2.4258880544567076,1.3372707900192597,0.24855410394023644,1.8075364512922237e-06,3.701834652246474,1.0000000020726878
450.0,0.7779926092193935,1.0,1.9330354435426569,-0.3158201741365154,0.5917575306893951,2.4683762651873575,2.4258880544567076,2.6745415800385195,0.24855410394023644,1.8075364512922237e-06,3.701834652246474,1.0000000051665603
450.0,0.7779926092193935,1.5,2.161419235588129,-0.2673209791676254,0.6234478569490978,2.4784738190985007,2.4258880544567076,4.01181237005778,0.24855410394023644,1.8075364512922237e-06,3.701834652246474,0.9999999969146532
450.0,0.7779926092193935,2.0,2.5477593918767933,-0.195901580111373,0.6837767645806812,2.510183548312003,2.4258880544567076,5.349083160077039,0.24855410394023644,1.8075364512922237e-06,3.701834652246474,1.0000000019995974
450.0,0.7779926092193935,2.5,3.505253218857442,-0.057340594537341194,0.8182139710881505,4.477735758924119,2.4258880544567076,6.686353950096299,0.24855410394023644,1.8075364512922237e-06,3.701834652246474,1.0000000011682904
450.0,0.7779926092193935,3.0,4.5120934405973125,0.05231809351159743,1.1343717859219185,2.355874840019116,2.4258880544567076,8.02362474011556,0.24855410394023644,1.8075364512922237e-06,3.701834652246474,0.9999999995456461
450.0,0.7779926092193935,3.5,5.178858765173294,0.11217407602469434,1.4952932587829204,4.505343048052289,2.4258880544567076,9.360895530134819,0.24855410394023644,1.8075364512922237e-06,3.701834652246474,0.9999999975141373
450.0,0.7779926092193935,4.0,5.8074307195257715,0.1619240462046412,1.8237321255188674,4.563771643730074,2.4258880544567076,10.698166320154078,0.24855410394023644,1.8075364512922237e-06,3.701834652246474,1.0000000007941885
450.0,0.7779926092193935,4.5,6.51229318262167,0.21167395287637072,2.1303510890389825,6.482732061685427,2.4258880544567076,12.035437110173339,0.24855410394023644,1.8075364512922237e-06,3.701834652246474,0.9999999991312195
450.0,0.7779926092193935,5.0,7.586290987706085,0.27796950561135747,2.3515139023449896,6.497038742983746,2.4258880544567076,13.372707900192598,0.24855410394023644,1.8075364512922237e-06,3.701834652246474,0.9999999993508084
450.0,0.7779926092193935,5.5,8.507920330926238,0.3277634231419026,2.578679594654996,6.529661219683626,2.4258880544567076,14.709978690211855,0.24855410394023644,1.8075364512922237e-06,3.701834652246474,1.0000000006331458
450.0,0.7779926092193935,6.0,9.236837644695692,0.36346331879566246,2.8773553739791735,8.475440629342732,2.4258880544567076,16.04724948023112,0.24855410394023644,1.8075364512922237e-06,3.701834652246474,1.0000000010232022
450.0,0.8164016305125923,0.0,1.6799606505314844,-0.37676088189804013,0.5992965610366656,2.347238688253714,2.311757971350379,0.0,0.2368604478842601,1.7224977847203232e-06,3.527675463107222,1.00000000028744
450.0,0.8164016305125923,0.5,1.7273455025655187,-0.3646807777615179,0.6054673450174197,2.3485851659357966,2.311757971350379,1.4032910344791119,0.2368604478842601,1.7224977847203232e-06,3.527675463107222,0.999999996489699
450.0,0.8164016305125923,1.0,1.8787953317200643,-0.3281805189155029,0.6261019223147632,2.3535586071543584,2.311757971350379,2.8065820689582237,0.2368604478842601,1.7224977847203232e-06,3.527675463107222,0.999999997709287
450.0,0.8164016305125923,1.5,2.1481960161312514,-0.2699860844865784,0.6691609218319493,2.3672744186561467,2.311757971350379,4.209873103437335,0.2368604478842601,1.7224977847203232e-06,3.527675463107222,0.9999999979407013
450.0,0.8164016305125923,2.0,2.751681218484376,-0.16246187174714471,0.762493030330827,2.4313942095272068,2.311757971350379,5.613164137916447,0.2368604478842601,1.7224977847203232e-06,3.527675463107222,1.0000000008477263
450.0,0.8164016305125923,2.5,3.8610992855960835,-0.015349021967027433,0.9931193280103124,4.270944967082803,2.311757971350379,7.01645517239556,0.2368604478842601,1.7224977847203232e-06,3.527675463107222,1.000000002200048
450.0,0.8164016305125923,3.0,4.685820106381789,0.06872562022589986,1.438421030913746,4.284751604061985,2.311757971350379,8.41974620687467,0.2368604478842601,1.7224977847203232e-06,3.527675463107222,1.0000000011766677
450.0,0.8164016305125923,3.5,5.365086391587971,0.1275167282802252,1.8095671100134127,4.323123930513114,2.311757971350379,9.823037241353783,0.2368604478842601,1.7224977847203232e-06,3.527675463107222,1.000000001264586
450.0,0.8164016305125923,4.0,6.059644737279158,0.18038717192050382,2.180995045442012,6.175931941309818,2.311757971350379,11.226328275832895,0.2368604478842601,1.7224977847203232e-06,3.527675463107222,1.0000000007153906
450.0,0.8164016305125923,4.5,7.1308133704579,0.25107907879805386,2.4492229167907995,6.189749036026079,2.311757971350379,12.629619310312005,0.2368604478842601,1.7224977847203232e-06,3.527675463107222,1.0000000005159428
450.0,0.8164016305125923,5.0,8.11612746326385,0.30728886765402696,2.709304129822626,6.223076365414394,2.311757971350379,14.03291034479112,0.2368604478842601,1.7224977847203232e-06,3.527675463107222,0.9999999997913166
450.0,0.8164016305125923,5.5,8.88033538587558,0.3463693768700665,3.0558731832190014,8.077744391521373,2.311757971350379,15.43620137927023,0.2368604478842601,1.7224977847203232e-06,3.527675463107222,1.0000000004890024
450.0,0.8164016305125923,6.0,9.715971914863042,0.3854262594286759,3.4075945818731257,8.092023087050714,2.311757971350379,16.83949241374934,0.2368604478842601,1.7224977847203232e-06,3.527675463107222,1.0000000000042282
450.0,0.9023647554129298,0.0,1.5199204158447865,-0.4202391427676052,0.6623995770073605,2.1236306945694707,2.091530022465557,0.0,0.21429610885917597,1.558405280752004e-06,3.191614014980104,1.00000000028744
450.0,0.9023647554129298,0.5,1.5844040645459756,-0.40219404347829707,0.6727150862187159,2.125493968357178,2.091530022465557,1.5510507619954705,0.21429610885917597,1.558405280752004e-06,3.191614014980104,1.0000000021027131
450.0,0.9023647554129298,1.0,1.7926272830759937,-0.34856998940094724,0.7091876234503097,2.1332644104059364,2.091530022465557,3.102101523990941,0.21429610885917597,1.558405280752004e-06,3.191614014980104,1.000000001774699
450.0,0.9023647554129298,1.5,2.221188643658332,-0.2554745469529372,0.7969859079941295,2.1662104923578616,2.091530022465557,4.653152285986412,0.21429610885917597,1.558405280752004e-06,3.191614014980104,0.9999999999864606
450.0,0.9023647554129298,2.0,3.3814804129445912,-0.07295311518828283,1.051287540797079,3.8631281488756786,2.091530022465557,6.204203047981882,0.21429610885917597,1.558405280752004e-06,3.191614014980104,0.9999999985890283
450.0,0.9023647554129298,2.5,4.304919935160407,0.031905087332471264,1.6344628184266337,3.878647322183701,2.091530022465557,7.755253809977353,0.21429610885917597,1.558405280752004e-06,3.191614014980104,1.0000000006050638
450.0,0.9023647554129298,3.0,5.044853777747233,0.10078859164579819,2.1438230389204738,3.943082254784834,2.091530022465557,9.306304571972824,0.21429610885917597,1.558405280752004e-06,3.191614014980104,1.0000000008607195
450.0,0.9023647554129298,3.5,5.980039660028462,0.17464407294044798,2.5902928808442067,5.593446571389214,2.091530022465557,10.857355333968295,0.21429610885917597,1.558405280752004e-06,3.191614014980104,0.9999999986235537
450.0,0.9023647554129298,4.0,7.173581487091486,0.25367604463776955,2.9197768739438383,5.620080348796894,2.091530022465557,12.408406095963764,0.21429610885917597,1.558405280752004e-06,3.191614014980104,0.9999999994485284
450.0,0.9023647554129298,4.5,8.030985502033753,0.3027088505676224,3.37570753825928,7.308177494335277,2.091530022465557,13.959456857959236,0.21429610885917597,1.558405280752004e-06,3.191614014980104,1.0000000006019745
450.0,0.9023647554129298,5.0,8.964739045197165,0.35047766086579285,3.841800471038194,7.325347078134547,2.091530022465557,15.510507619954707,0.21429610885917597,1.558405280752004e-06,3.191614014980104,1.000000000037668
450.0,0.9023647554129298,5.5,10.209395015734618,0.40694001627191057,4.189765589246187,9.022731214110765,2.091530022465557,17.061558381950178,0.21429610885917597,1.558405280752004e-06,3.191614014980104,1.000000000595595
450.0,0.9023647554129298,6.0,11.147660097701378,0.4451237268813026,4.414991939179549,2.0884117597866947,2.091530022465557,18.612609143945647,0.21429610885917597,1.558405280752004e-06,3.191614014980104,1.0000000000815108
450.0,0.9954622042046599,0.0,1.3777746744153871,-0.4628817938286099,0.7307396915011796,1.9250248620173576,1.8959263035695444,0.0,0.194254744218191,1.412660364261188e-06,2.893128426006913,1.00000000028744
450.0,0.9954622042046599,0.5,1.4653385695286734,-0.43612201039898396,0.7479259904005967,1.9276204440543312,1.8959263035695444,1.7110734889715138,0.194254744218191,1.412660364261188e-06,2.893128426006913,0.9999999970863368
450.0,0.9954622042046599,1.0,1.7543820502526646,-0.35793581606712477,0.814026413956909,1.9409612687307758,1.8959263035695444,3.4221469779430276,0.194254744218191,1.412660364261188e-06,2.893128426006913,0.9999999988725109
450.0,0.9954622042046599,1.5,2.6643661401595593,-0.17646608549766005,1.0246306615574412,3.499044683785255,1.8959263035695444,5.133220466914541,0.194254744218191,1.412660364261188e-06,2.893128426006913,1.000000001072438
450.0,0.9954622042046599,2.0,3.8144860428938445,-0.02062396116598531,1.7294273084772869,3.513171568616456,1.8959263035695444,6.844293955886055,0.194254744218191,1.412660364261188e-06,2.893128426006913,0.9999999971954336
450.0,0.9954622042046599,2.5,4.628033192600779,0.06333647375547995,2.414319634774948,3.5895426625537654,1.8959263035695444,8.55536744485757,0.194254744218191,1.412660364261188e-06,2.893128426006913,1.0000000000737992
450.0,0.9954622042046599,3.0,5.772270612924336,0.15928669196404774,2.9644714098742377,5.075135550961082,1.8959263035695444,10.266440933829083,0.194254744218191,1.412660364261188e-06,2.893128426006913,0.9999999994196668
450.0,0.9954622042046599,3.5,6.9125208566062595,0.23757646334939914,3.470150027628006,5.131565382414022,1.8959263035695444,11.977514422800597,0.194254744218191,1.412660364261188e-06,2.893128426006913,0.9999999988726374
450.0,0.9954622042046599,4.0,7.891676387898579,0.2951092766065386,4.113074438160407,6.634815430356887,1.8959263035695444,13.68858791177211,0.194254744218191,1.412660364261188e-06,2.893128426006913,0.9999999996746876
450.0,0.9954622042046599,4.5,9.204889480810435,0.361958587154405,4.6077642031073145,8.178509608611817,1.8959263035695444,15.399661400743627,0.194254744218191,1.412660364261188e-06,2.893128426006913,1.000000000954772
450.0,0.9954622042046599,5.0,10.25326332503364,0.40880211977077613,4.915179298083592,1.8945258957518463,1.8959263035695444,17.11073488971514,0.194254744218191,1.412660364261188e-06,2.893128426006913,1.0000000003850713
450.0,0.9954622042046599,5.5,11.413994115031644,0.45537765296611044,5.405515514645975,1.9018998873145874,1.8959263035695444,18.821808378686654,0.194254744218191,1.412660364261188e-06,2.893128426006913,0.9999999993197178
450.0,0.9954622042046599,6.0,12.693024557009297,0.501505128947001,6.026884045889231,9.751986900322583,1.8959263035695444,20.532881867658165,0.194254744218191,1.412660364261188e-06,2.893128426006913,1.0000000001481095
450.0,0.9973793796812823,0.0,1.3751262982087882,-0.46371740363717057,0.7321470339501678,1.9213245544588364,1.8922819296344744,0.0,0.19388134524943385,1.409944930332703e-06,2.887567217321376,1.00000000028744
450.0,0.9973793796812823,0.5,1.4632210284613791,-0.43675005741679435,0.7495075719230452,1.9239374700592304,1.8922819296344744,1.7143688708734073,0.19388134524943385,1.409944930332703e-06,2.887567217321376,1.0000000031990408
450.0,0.9973793796812823,1.0,1.754197930712912,-0.3579813969577599,0.8164147329302055,1.9374423817159363,1.8922819296344744,3.4287377417468146,0.19388134524943385,1.409944930332703e-06,2.887567217321376,1.0000000011819163
450.0,0.9973793796812823,1.5,2.6749284569128373,-0.17474782036640693,1.0312848425384382,3.4924199671269056,1.8922819296344744,5.143106612620222,0.19388134524943385,1.409944930332703e-06,2.887567217321376,0.9999999989621644
450.0,0.9973793796812823,2.0,3.819497771480662,-0.020053730357098863,1.7434185845529775,3.506781765679705,1.8922819296344744,6.857475483493629,0.19388134524943385,1.409944930332703e-06,2.887567217321376,0.9999999992553879
450.0,0.9973793796812823,2.5,4.634371281966892,0.06393083295771448,2.4324419576067426,5.051454125509852,1.8922819296344744,8.571844354367036,0.19388134524943385,1.409944930332703e-06,2.887567217321376,0.9999999988929205
450.0,0.9973793796812823,3.0,5.793393883327062,0.16087306514282526,2.9797062898579805,5.065898395311084,1.8922819296344744,10.286213225240443,0.19388134524943385,1.409944930332703e-06,2.887567217321376,1.00000000196207
450.0,0.9973793796812823,3.5,6.923639728296268,0.23827446994303544,3.4937895725537165,6.607864962584157,1.8922819296344744,12.00058209611385,0.19388134524943385,1.409944930332703e-06,2.887567217321376,0.9999999998969575
450.0,0.9973793796812823,4.0,7.909584145727728,0.29609365930456405,4.139237498754741,6.622754893247951,1.8922819296344744,13.714950966987258,0.19388134524943385,1.409944930332703e-06,2.887567217321376,1.000000000433631
450.0,0.9973793796812823,4.5,9.231662464892267,0.36321992576677814,4.629458721356879,8.163145108630093,1.8922819296344744,15.429319837860664,0.19388134524943385,1.409944930332703e-06,2.887567217321376,0.9999999998761744
450.0,0.9973793796812823,5.0,10.274212688411486,0.4096885605652605,4.938037625468222,1.891229103387301,1.8922819296344744,17.14368870873407,0.19388134524943385,1.409944930332703e-06,2.887567217321376,1.000000000127171
450.0,0.9973793796812823,5.5,11.450120032385957,0.4567500481103577,5.441227162386915,1.8986624963822722,1.8922819296344744,18.85805757960748,0.19388134524943385,1.409944930332703e-06,2.887567217321376,0.9999999998966036
450.0,0.9973793796812823,6.0,12.721117494597715,0.5024652725331766,6.065585410516177,9.73438468314061,1.8922819296344744,20.572426450480886,0.19388134524943385,1.409944930332703e-06,2.887567217321376,1.0000000003037002
450.0,1.047854951794379,0.0,1.308885940694618,-0.48515818853976206,0.7691996752643995,1.82877361891649,1.801129988391067,0.0,0.1845420070072815,1.3420273460481287e-06,2.7484720047065676,1.00000000028744
450.0,1.047854951794379,0.5,1.4118396332127794,-0.45227462206691404,0.7917197983218247,1.831882934636181,1.801129988391067,1.8011299883910674,0.1845420070072815,1.3420273460481287e-06,2.7484720047065676,1.0000000056851732
450.0,1.047854951794379,1.0,1.7583726934669597,-0.3569490605437593,0.8837874421492496,1.8509871645139697,1.801129988391067,3.602259976782135,0.1845420070072815,1.3420273460481287e-06,2.7484720047065676,1.00000000225397
450.0,1.047854951794379,1.5,2.958636963877422,-0.13096831249967025,1.2467743585387983,3.327142311777257,1.801129988391067,5.403389965173202,0.1845420070072815,1.3420273460481287e-06,2.7484720047065676,1.00000000065351
450.0,1.047854951794379,2.0,3.9705977685720155,-0.003204097146837202,2.1202962575636155,3.351133265491696,1.801129988391067,7.20451995356427,0.1845420070072815,1.3420273460481287e-06,2.7484720047065676,1.0000000026264786
450.0,1.047854951794379,2.5,4.8879311381968344,0.08706508755305964,2.8940264273034426,4.81373850747143,1.801129988391067,9.005649941955339,0.1845420070072815,1.3420273460481287e-06,2.7484720047065676,1.0000000001549096
450.0,1.047854951794379,3.0,6.250464678918158,0.1938523140142456,3.4321665170673215,4.843697201987949,1.801129988391067,10.806779930346403,0.1845420070072815,1.3420273460481287e-06,2.7484720047065676,1.0000000004032377
450.0,1.047854951794379,3.5,7.254835846609042,0.25856759888226183,4.17026714147399,6.298548071789593,1.801129988391067,12.607909918737471,0.1845420070072815,1.3420273460481287e-06,2.7484720047065676,0.9999999994531913
450.0,1.047854951794379,4.0,8.575798650072633,0.33121458440355245,4.794363190703851,7.768323257226727,1.801129988391067,14.40903990712854,0.1845420070072815,1.3420273460481287e-06,2.7484720047065676,0.9999999997603551
450.0,1.047854951794379,4.5,9.712754504807673,0.3852824205155473,5.164009761042913,1.7995528525714286,1.801129988391067,16.210169895519606,0.1845420070072815,1.3420273460481287e-06,2.7484720047065676,0.9999999992706962
450.0,1.047854951794379,5.0,10.947945307036475,0.43727262779817727,5.740450582647994,1.8075877447608262,1.801129988391067,18.011299883910677,0.1845420070072815,1.3420273460481287e-06,2.7484720047065676,0.9999999998043795
450.0,1.047854951794379,5.5,12.252996142631691,0.48618230546329333,6.4584534505463065,9.269173017969509,1.801129988391067,19.812429872301742,0.1845420070072815,1.3420273460481287e-06,2.7484720047065676,1.0000000000504425
450.0,1.047854951794379,6.0,13.426827789581957,0.5259134274307653,7.016790676015079,10.730849589453804,1.801129988391067,21.613559860692806,0.1845420070072815,1.3420273460481287e-06,2.7484720047065676,1.0000000006450185
450.0,1.100247699384098,0.0,1.246558038756779,-0.5063474876097002,0.8076596590276195,1.7416891608728475,1.7153618937057784,0.0,0.17575429238788712,1.2781212819505987e-06,2.617592385434826,1.00000000028744
450.0,1.100247699384098,0.5,1.366862470402958,-0.4663351719685061,0.8368715255373557,1.7454055956339036,1.7153618937057784,1.8911864878106208,0.17575429238788712,1.2781212819505987e-06,2.617592385434826,1.0000000051665603
450.0,1.100247699384098,1.0,1.8015379428277947,-0.3464165779433637,0.9670063741055943,1.7749678090343264,1.7153618937057784,3.7823729756212416,0.17575429238788712,1.2781212819505987e-06,2.617592385434826,1.0000000019995974
450.0,1.100247699384098,1.5,3.1905318691936997,-0.09819690432039326,1.6042439644241668,1.6658550750042893,1.7153618937057784,5.673559463431864,0.17575429238788712,1.2781212819505987e-06,2.617592385434826,0.9999999995456461
450.0,1.100247699384098,2.0,4.106473643047743,0.011409048372650542,2.5791467060442943,3.2270738770684106,1.7153618937057784,7.564745951242483,0.17575429238788712,1.2781212819505987e-06,2.617592385434826,1.0000000007941885
450.0,1.100247699384098,2.5,5.364317801461363,0.12745450777936676,3.325542852805167,4.594100152795529,1.7153618937057784,9.455932439053104,0.17575429238788712,1.2781212819505987e-06,2.617592385434826,0.9999999993508084
450.0,1.100247699384098,3.0,6.5314305352835,0.21294832096367172,4.069194993648457,5.993041542552223,1.7153618937057784,11.347118926863727,0.17575429238788712,1.2781212819505987e-06,2.617592385434826,1.0000000010232022
450.0,1.100247699384098,3.5,7.762626775258586,0.28794871459041405,4.878017358212396,6.018829478198083,1.7153618937057784,13.238305414674347,0.17575429238788712,1.2781212819505987e-06,2.617592385434826,0.9999999997923436
450.0,1.100247699384098,4.0,9.06752054700254,0.35542855703696746,5.354427554770454,1.7118210004801384,1.7153618937057784,15.129491902484967,0.17575429238788712,1.2781212819505987e-06,2.617592385434826,0.9999999999382081
450.0,1.100247699384098,4.5,10.32006694572324,0.411622523217483,5.970881605577393,1.7207191673509479,1.7153618937057784,17.02067839029559,0.17575429238788712,1.2781212819505987e-06,2.617592385434826,1.0000000004372973
450.0,1.100247699384098,5.0,11.694978448675064,0.46593943450681,6.798421978078542,8.828538710329461,1.7153618937057784,18.911864878106208,0.17575429238788712,1.2781212819505987e-06,2.617592385434826,0.9999999998545321
450.0,1.100247699384098,5.5,12.955025320865978,0.510378274832293,7.434246253752175,10.221710389127031,1.7153618937057784,20.80305136591683,0.17575429238788712,1.2781212819505987e-06,2.617592385434826,1.0000000005785337
450.0,1.100247699384098,6.0,14.364304367486842,0.5552246075571196,8.165317056786275,11.621702445300631,1.7153618937057784,22.694237853727454,0.17575429238788712,1.2781212819505987e-06,2.617592385434826,0.9999999996083004
450.0,1.102398582221007,0.0,1.2441258873244256,-0.5071956645067358,0.8092385592149488,1.7382909622686689,1.7120150620645165,0.0,0.17541137930988895,1.2756275476759255e-06,2.6124852176402955,1.00000000028744
450.0,1.102398582221007,0.5,1.3651875604055883,-0.46686766899635646,0.8387583463705387,1.7420346409365732,1.7120150620645165,1.8948835830740811,0.17541137930988895,1.2756275476759255e-06,2.6124852176402955,0.9999999988248003
450.0,1.102398582221007,1.0,1.8067850741370621,-0.3451534971332518,0.9709634208426261,1.7722068500475443,1.7120150620645165,3.7897671661481622,0.17541137930988895,1.2756275476759255e-06,2.6124852176402955,1.0000000019881108
450.0,1.102398582221007,1.5,3.1962509348415358,-0.09741912327082165,1.621323516115395,1.6610581009984762,1.7120150620645165,5.684650749222244,0.17541137930988895,1.2756275476759255e-06,2.6124852176402955,1.0000000010867982
450.0,1.102398582221007,2.0,4.111979795096573,0.011990980685612962,2.59947661046572,3.2236145921120394,1.7120150620645165,7.5795343322963245,0.17541137930988895,1.2756275476759255e-06,2.6124852176402955,1.0000000010973893
450.0,1.102398582221007,2.5,5.385381435137072,0.12915647755183068,3.3429304488672673,4.585690474528876,1.7120150620645165,9.474417915370404,0.17541137930988895,1.2756275476759255e-06,2.6124852176402955,0.9999999999424377
450.0,1.102398582221007,3.0,6.542753869882166,0.21370059166907537,4.097577367163867,5.981665919166465,1.7120150620645165,11.369301498444488,0.17541137930988895,1.2756275476759255e-06,2.6124852176402955,0.9999999997243413
450.0,1.102398582221007,3.5,7.792086595067027,0.2895937789736539,4.905373828736236,6.008521467838371,1.7120150620645165,13.264185081518571,0.17541137930988895,1.2756275476759255e-06,2.6124852176402955,0.9999999998479414
450.0,1.102398582221007,4.0,9.082503301814148,0.3561455730883648,5.377328772033581,1.7089298259549277,1.7120150620645165,15.159068664592649,0.17541137930988895,1.2756275476759255e-06,2.6124852176402955,0.9999999990295468
450.0,1.102398582221007,4.5,10.353236850028878,0.41301615811098386,6.01090987086559,1.7177422870016947,1.7120150620645165,17.05395224766673,0.17541137930988895,1.2756275476759255e-06,2.6124852176402955,0.9999999993935667
450.0,1.102398582221007,5.0,11.715837090215068,0.4667133328191422,6.840766369185011,8.812671003040158,1.7120150620645165,18.94883583074081,0.17541137930988895,1.2756275476759255e-06,2.6124852176402955,1.0000000002865441
450.0,1.102398582221007,5.5,12.992099675742741,0.5116193525010185,7.473919941980514,10.202506859961156,1.7120150620645165,20.843719413814895,0.17541137930988895,1.2756275476759255e-06,2.6124852176402955,0.9999999998797787
450.0,1.102398582221007,6.0,14.392665124711046,0.5560812294178965,8.222373073704947,11.5995366974254,1.7120150620645165,22.738602996888975,0.17541137930988895,1.2756275476759255e-06,2.6124852176402955,0.9999999997798138
450.0,1.218475796513094,0.0,1.1256051357078891,-0.550673925376301,0.8944474475121053,1.5726939326791773,1.5489211870780484,0.0,0.15870094129898038,1.1541058132006059e-06,2.363608705434841,1.00000000028744
450.0,1.218475796513094,0.5,1.2922371940747965,-0.490717754276362,0.9454509085467621,1.5782566248291994,1.5489211870780484,2.094405617371248,0.15870094129898038,1.1541058132006059e-06,2.363608705434841,1.00000000062078
450.0,1.218475796513094,1.0,2.172831054202669,-0.2650340317262281,1.252461471427847,2.858601238206187,1.5489211870780484,4.188811234742496,0.15870094129898038,1.1541058132006059e-06,2.363608705434841,1.000000001072274
450.0,1.218475796513094,1.5,3.4571978303536577,-0.06333575955162246,2.51893938099458,2.8844576769259516,1.5489211870780484,6.2832168521137435,0.15870094129898038,1.1541058132006059e-06,2.363608705434841,0.9999999984156117
450.0,1.218475796513094,2.0,4.707793522884926,0.07075741572403633,3.6250772158260727,4.146124598073458,1.5489211870780484,8.377622469484992,0.15870094129898038,1.1541058132006059e-06,2.363608705434841,1.0000000000655402
450.0,1.218475796513094,2.5,6.019974517683084,0.17753466158218023,4.635387396508599,5.4132416819871025,1.5489211870780484,10.47202808685624,0.15870094129898038,1.1541058132006059e-06,2.363608705434841,1.0000000006998064
450.0,1.218475796513094,3.0,7.509079187037601,0.27352669287901976,5.635240250067876,6.6815368190724636,1.5489211870780484,12.566433704227487,0.15870094129898038,1.1541058132006059e-06,2.363608705434841,0.9999999997346667
450.0,1.218475796513094,3.5,8.8166714775473,0.3432446672995732,6.2644594481756375,1.550721673652357,1.5489211870780484,14.660839321598736,0.15870094129898038,1.1541058132006059e-06,2.363608705434841,0.9999999996831063
450.0,1.218475796513094,4.0,10.356802590405616,0.4131657069700551,7.3670087694782085,7.966838167764829,1.5489211870780484,16.755244938969984,0.15870094129898038,1.1541058132006059e-06,2.363608705434841,1.0000000003937053
450.0,1.218475796513094,4.5,11.748068050039778,0.46790646215705073,8.25769693758692,9.23049450134984,1.5489211870780484,18.849650556341228,0.15870094129898038,1.1541058132006059e-06,2.363608705434841,1.0000000000388591
450.0,1.218475796513094,5.0,13.261209612741904,0.5205231484406099,9.294393686885838,10.496861798391864,1.5489211870780484,20.94405617371248,0.15870094129898038,1.1541058132006059e-06,2.363608705434841,1.000000000115978
450.0,1.218475796513094,5.5,14.779832270613305,0.5676095141543609,10.28605114217289,10.524803973578864,1.5489211870780484,23.038461791083726,0.15870094129898038,1.1541058132006059e-06,2.363608705434841,1.0000000000518936
450.0,1.218475796513094,6.0,16.207952163659673,0.6076681549083011,11.096182176480703,1.5507167158109036,1.5489211870780484,25.132867408454974,0.15870094129898038,1.1541058132006059e-06,2.363608705434841,0.9999999998510896
450.0,1.3467753774655815,0.0,1.0183751776572332,-0.5941521862458663,0.9886284177277019,1.4228723841823752,1.4013643319738855,0.0,0.14358241106289807,1.0441607587497928e-06,2.1384412339195755,1.00000000028744
450.0,1.3467753774655815,0.5,1.2480405228130036,-0.505831304580623,1.0789991612141694,1.4317112772667375,1.4013643319738855,2.3149363524274853,0.14358241106289807,1.0441607587497928e-06,2.1384412339195755,0.9999999983201985
450.0,1.3467753774655815,1.0,2.6037209158038856,-0.18646555952009253,1.9588704507727754,1.361261598080185,1.4013643319738855,4.629872704854971,0.14358241106289807,1.0441607587497928e-06,2.1384412339195755,0.9999999978648961
450.0,1.3467753774655815,1.5,3.756132419392353,-0.02731909676539408,3.6832573681748157,3.7448237952865853,1.4013643319738855,6.944809057282457,0.14358241106289807,1.0441607587497928e-06,2.1384412339195755,0.9999999996800931
450.0,1.3467753774655815,2.0,5.330261196472574,0.1246884997637795,4.973907124901611,4.895941042242315,1.4013643319738855,9.259745409709941,0.14358241106289807,1.0441607587497928e-06,2.1384412339195755,1.0000000009815269
450.0,1.3467753774655815,2.5,6.940155571629304,0.23930921445007408,6.306676839094752,6.046305242845759,1.4013643319738855,11.574681762137427,0.14358241106289807,1.0441607587497928e-06,2.1384412339195755,1.0000000014890642
450.0,1.3467753774655815,3.0,8.418604434593584,0.32318011245336004,7.298969316106334,1.4056567732731298,1.4013643319738855,13.889618114564914,0.14358241106289807,1.0441607587497928e-06,2.1384412339195755,0.9999999995999158
450.0,1.3467753774655815,3.5,10.027783863421565,0.39914497337435756,8.733633704886355,8.34489573207506,1.4013643319738855,16.2045544669924,0.14358241106289807,1.0441607587497928e-06,2.1384412339195755,0.9999999987748259
450.0,1.3467753774655815,4.0,11.72185264351795,0.4669362661962867,9.980657430140473,9.494230397525326,1.4013643319738855,18.519490819419882,0.14358241106289807,1.0441607587497928e-06,2.1384412339195755,0.9999999998960388
450.0,1.3467753774655815,4.5,13.364386782202994,0.5238890448498715,11.36481166446759,9.521919538331952,1.4013643319738855,20.83442717184737,0.14358241106289807,1.0441607587497928e-06,2.1384412339195755,1.0000000002026086
450.0,1.3467753774655815,5.0,14.975161135474783,0.5733115128466444,12.529686110597156,1.4039962483900517,1.4013643319738855,23.149363524274854,0.14358241106289807,1.0441607587497928e-06,2.1384412339195755,1.0000000001652392
450.0,1.3467753774655815,5.5,16.67175029507611,0.6199212055960098,13.901740620913035,12.94353044079973,1.4013643319738855,25.46429987670234,0.14358241106289807,1.0441607587497928e-06,2.1384412339195755,1.0000000001876461
450.0,1.3467753774655815,6.0,18.40723845584442,0.6629286470756727,15.08049940608524,12.966013696729647,1.4013643319738855,27.77923622912983,0.14358241106289807,1.0441607587497928e-06,2.1384412339195755,0.9999999998552537
450.0,1.4885842809008711,0.0,0.9213604039005922,-0.6376304471154315,1.092726186493536,1.2873234769971222,1.2678643738053916,0.0,0.12990413666038847,9.446895402851873e-07,1.9347241785040636,1.00000000028744
450.0,1.4885842809008711,0.5,1.2442779633246601,-0.507142581669883,1.259509996815353,1.3035557778401994,1.2678643738053916,2.5586879023540954,0.12990413666038847,9.446895402851873e-07,1.9347241785040636,1.0000000027156064
450.0,1.4885842809008711,1.0,2.81738089311017,-0.1522144263466073,3.0538979500729604,2.3602741471266264,1.2678643738053916,5.117375804708191,0.12990413666038847,9.446895402851873e-07,1.9347241785040636,0.9999999993451236
450.0,1.4885842809008711,1.5,4.439799005530811,0.04530331825406603,4.925208956974982,3.4121772949874383,1.2678643738053916,7.676063707062287,0.12990413666038847,9.446895402851873e-07,1.9347241785040636,1.0000000001658254
450.0,1.4885842809008711,2.0,6.107476260287015,0.1838017962215007,6.858794908815082,5.468849982370115,1.2678643738053916,10.234751609416382,0.12990413666038847,9.446895402851873e-07,1.9347241785040636,0.9999999994969659
450.0,1.4885842809008711,2.5,7.798316131685381,0.28994084550805554,8.246556265583077,1.273247273589288,1.2678643738053916,12.793439511770478,0.12990413666038847,9.446895402851873e-07,1.9347241785040636,0.9999999993418787
450.0,1.4885842809008711,3.0,9.55699569687674,0.37826139913584184,10.04478705979475,7.554894849266386,1.2678643738053916,15.352127414124574,0.12990413666038847,9.446895402851873e-07,1.9347241785040636,1.0000000003026495
450.0,1.4885842809008711,3.5,11.351890818276926,0.4530082141263987,11.942283220291392,8.598823364725163,1.2678643738053916,17.91081531647867,0.12990413666038847,9.446895402851873e-07,1.9347241785040636,0.9999999995222489
450.0,1.4885842809008711,4.0,13.19603324418019,0.5183834096455125,13.480634455379413,1.269092314919884,1.2678643738053916,20.469503218832763,0.12990413666038847,9.446895402851873e-07,1.9347241785040636,0.9999999999870108
450.0,1.4885842809008711,4.5,15.076450546939528,0.576239116165838,15.359762586396876,11.710420763799382,1.2678643738053916,23.02819112118686,0.12990413666038847,9.446895402851873e-07,1.9347241785040636,0.9999999999415334
450.0,1.4885842809008711,5.0,16.954139782095396,0.6272157681434661,17.020938620644,12.753965220641957,1.2678643738053916,25.586879023540956,0.12990413666038847,9.446895402851873e-07,1.9347241785040636,0.9999999999855232
450.0,1.4885842809008711,5.5,18.845795852285104,0.6731544909701428,18.622754198905383,1.2673179256353837,1.2678643738053916,28.145566925895046,0.12990413666038847,9.446895402851873e-07,1.9347241785040636,0.9999999995446461
450.0,1.4885842809008711,6.0,20.742025634423747,0.7147911753294496,20.531221982310672,14.842068292781823,1.2678643738053916,30.704254828249148,0.12990413666038847,9.446895402851873e-07,1.9347241785040636,0.9999999998061565
450.0,1.645324972836306,0.0,0.8335876723043893,-0.6811087079849968,1.2077849445124724,1.164687538285619,1.1470821924664865,0.0,0.11752891316254982,8.546943754070817e-07,1.7504140808337032,1.00000000028744
450.0,1.645324972836306,0.5,1.394140324260292,-0.45775350236882534,1.5543397228365836,1.2123716574323766,1.1470821924664865,2.8281053061299146,0.11752891316254982,8.546943754070817e-07,1.7504140808337032,0.9999999996615725
450.0,1.645324972836306,1.0,3.053796828003353,-0.11721985166983379,4.474356533242641,3.065094664594408,1.1470821924664865,5.656210612259829,0.11752891316254982,8.546943754070817e-07,1.7504140808337032,0.9999999984508625
450.0,1.645324972836306,1.5,4.902440409372526,0.08835233206479684,6.984978286553856,4.01715847610131,1.1470821924664865,8.484315918389745,0.11752891316254982,8.546943754070817e-07,1.7504140808337032,0.9999999992892833
450.0,1.645324972836306,2.0,6.845343211497755,0.23333523632435255,8.863421744201865,1.150300988528695,1.1470821924664865,11.312421224519658,0.11752891316254982,8.546943754070817e-07,1.7504140808337032,1.000000000649878
450.0,1.645324972836306,2.5,8.836638552749564,0.3442270999723243,11.280240888130765,6.837608827283256,1.1470821924664865,14.140526530649572,0.11752891316254982,8.546943754070817e-07,1.7504140808337032,0.9999999994928613
450.0,1.645324972836306,3.0,10.870673513876174,0.43419646115745,13.824219235751125,7.791997138547734,1.1470821924664865,16.96863183677949,0.11752891316254982,8.546943754070817e-07,1.7504140808337032,1.0000000003843768
450.0,1.645324972836306,3.5,12.914634247688067,0.5090221198038987,16.130802128761975,3.9919890819586845,1.1470821924664865,19.796737142909404,0.11752891316254982,8.546943754070817e-07,1.7504140808337032,1.000000000079478
450.0,1.645324972836306,4.0,14.985015496539503,0.5735972050733619,18.316102669879434,10.611313109325495,1.1470821924664865,22.624842449039317,0.11752891316254982,8.546943754070817e-07,1.7504140808337032,1.000000000092118
450.0,1.645324972836306,4.5,17.042705814381883,0.6294785560842435,20.57543183653293,1.1465426861399937,1.1470821924664865,25.452947755169234,0.11752891316254982,8.546943754070817e-07,1.7504140808337032,1.0000000002255194
450.0,1.645324972836306,5.0,19.11521252553033,0.6793191395989908,23.103881497005343,13.43445748100835,1.1470821924664865,28.281053061299144,0.11752891316254982,8.546943754070817e-07,1.7504140808337032,1.000000000202531
450.0,1.645324972836306,5.5,21.196836870846987,0.7242110662031471,25.435241655212927,15.306216033371998,1.1470821924664865,31.10915836742906,0.11752891316254982,8.546943754070817e-07,1.7504140808337032,0.9999999998834477
450.0,1.645324972836306,6.0,23.291674940424986,0.7651407291186378,27.558820977211735,1.148620564131583,1.1470821924664865,33.93726367355898,0.11752891316254982,8.546943754070817e-07,1.7504140808337032,0.999999999902526
450.0,1.8185696980492723,0.0,0.754176546415621,-0.724586968854562,1.3349588306947975,1.053734423458237,1.0378062381581576,0.0,0.10633260636866368,7.73272534733447e-07,1.5836621511340994,1.00000000028744
450.0,1.8185696980492723,0.5,1.71462372912738,-0.36789116158044566,2.180210047943326,1.9171729880448667,1.0378062381581576,3.125891053458114,0.10633260636866368,7.73272534733447e-07,1.5836621511340994,0.9999999984733414
450.0,1.8185696980492723,1.0,3.6162522483729127,-0.043801274653078766,5.983077850208787,2.7918228090748287,1.0378062381581576,6.251782106916228,0.10633260636866368,7.73272534733447e-07,1.5836621511340994,0.9999999991649352
450.0,1.8185696980492723,1.5,5.619595016101085,0.1476450273354037,8.987023112673546,1.0371007956976008,1.0378062381581576,9.377673160374343,0.10633260636866368,7.73272534733447e-07,1.5836621511340994,0.999999999853831
450.0,1.8185696980492723,2.0,7.774642482472626,0.2886204357652188,12.219123567484726,6.18349562399333,1.0378062381581576,12.503564213832457,0.10633260636866368,7.73272534733447e-07,1.5836621511340994,1.0000000001884537
450.0,1.8185696980492723,2.5,10.051277162199272,0.4001612574190942,15.511030406517213,7.057841652349353,1.0378062381581576,15.62945526729057,0.10633260636866368,7.73272534733447e-07,1.5836621511340994,0.9999999999020948
450.0,1.8185696980492723,3.0,12.277427892998004,0.4870474008126749,18.684504572043917,8.75051170222124,1.0378062381581576,18.755346320748686,0.10633260636866368,7.73272534733447e-07,1.5836621511340994,0.9999999998815136
450.0,1.8185696980492723,3.5,14.550033981531856,0.5608040162877463,21.77712750171959,10.44812474786239,1.0378062381581576,21.8812373742068,0.10633260636866368,7.73272534733447e-07,1.5836621511340994,1.0000000002397242
450.0,1.8185696980492723,4.0,16.890308476716346,0.6255775900673397,24.9465500100055,12.14764448566199,1.0378062381581576,25.007128427664913,0.10633260636866368,7.73272534733447e-07,1.5836621511340994,1.0000000001712095
450.0,1.8185696980492723,4.5,19.168522993267935,0.6805286588173862,28.100483802870407,13.847983572250868,1.0378062381581576,28.13301948112303,0.10633260636866368,7.73272534733447e-07,1.5836621511340994,0.9999999999925101
450.0,1.8185696980492723,5.0,21.507858999135788,0.7305371893459124,31.100764819812916,1.0403495218892322,1.0378062381581576,31.25891053458114,0.10633260636866368,7.73272534733447e-07,1.5836621511340994,1.0000000000051936
450.0,1.8185696980492723,5.5,23.83626539847988,0.775178220986695,34.29462761950313,16.411786694545263,1.0378062381581576,34.38480158803926,0.10633260636866368,7.73272534733447e-07,1.5836621511340994,1.0000000000223042
450.0,1.8185696980492723,6.0,26.129672815227977,0.8150739803805851,37.33965816608825,1.0391727058378315,1.0378062381581576,37.51069264149737,0.10633260636866368,7.73272534733447e-07,1.5836621511340994,1.0000000000106426
450.0,2.0100562510528768,0.0,0.6823304639223351,-0.7680652297241272,1.4755235091702348,0.9533511767587645,0.9389403784955489,0.0,0.09620290763274066,6.99607286743045e-07,1.4327957232497561,1.00000000028744
450.0,2.0100562510528768,0.5,1.9194615668670432,-0.3188805706102345,3.598540286101198,1.7408098448095848,0.9389403784955489,3.4550321930765544,0.09620290763274066,6.99607286743045e-07,1.4327957232497561,1.0000000010963643
450.0,2.0100562510528768,1.0,3.9908124438352295,-0.0009986735969176866,8.4866162674175,3.2876818253633795,0.9389403784955489,6.910064386153109,0.09620290763274066,6.99607286743045e-07,1.4327957232497561,1.0000000006126617
450.0,2.0100562510528768,1.5,6.409363168051714,0.20475488899574412,12.437593711449669,4.8327306908436185,0.9389403784955489,10.365096579229663,0.09620290763274066,6.99607286743045e-07,1.4327957232497561,1.0000000002448524
450.0,2.0100562510528768,2.0,8.842070997072412,0.34449400640689964,16.812753368693446,6.376549387268663,0.9389403784955489,13.820128772306218,0.09620290763274066,6.99607286743045e-07,1.4327957232497561,0.9999999998561782
450.0,2.0100562510528768,2.5,11.318373791160537,0.4517240411550541,20.960364134840685,8.673609793818786,0.9389403784955489,17.275160965382774,0.09620290763274066,6.99607286743045e-07,1.4327957232497561,0.9999999998688986
450.0,2.0100562510528768,3.0,13.878976312586282,0.5402974432209652,25.026064924937298,0.9380053882696281,0.9389403784955489,20.730193158459326,0.09620290763274066,6.99607286743045e-07,1.4327957232497561,0.9999999995726855
450.0,2.0100562510528768,3.5,16.41986493784855,0.61330958916628,29.36145607017705,11.758796978576548,0.9389403784955489,24.185225351535884,0.09620290763274066,6.99607286743045e-07,1.4327957232497561,1.0000000000624114
450.0,2.0100562510528768,4.0,18.963509142859387,0.6758587140562214,33.47477256940901,0.9399955066590789,0.9389403784955489,27.640257544612435,0.09620290763274066,6.99607286743045e-07,1.4327957232497561,0.9999999999636598
450.0,2.0100562510528768,4.5,21.555952707221337,0.7315072307747534,37.8860245263947,14.8481323913496,0.9389403784955489,31.09528973768899,0.09620290763274066,6.99607286743045e-07,1.4327957232497561,0.999999999954368
450.0,2.0100562510528768,5.0,24.124368627858512,0.7803959646764612,42.114035444890746,0.9414348682629903,0.9389403784955489,34.55032193076555,0.09620290763274066,6.99607286743045e-07,1.4327957232497561,0.9999999999875171
450.0,2.0100562510528768,5.5,26.65525874309237,0.8237229112580946,46.37235943450387,18.69024470967167,0.9389403784955489,38.0053541238421,0.09620290763274066,6.99607286743045e-07,1.4327957232497561,0.9999999998067388
450.0,2.0100562510528768,6.0,29.198646874069482,0.8633027344786302,50.61057750135961,20.231235820841945,0.9389403784955489,41.46038631691865,0.09620290763274066,6.99607286743045e-07,1.4327957232497561,1.000000000014295
450.0,2.2217054076787313,0.0,0.6173287464443293,-0.8115434905936925,1.6308889653030774,0.8625308673550631,0.8494929033515893,0.0,0.08703820731061365,6.32959705251503e-07,1.2963014763550782,1.00000000028744
450.0,2.2217054076787313,0.5,2.066948767153567,-0.28673027929586026,5.3587391675332725,1.6062777279159484,0.8494929033515893,3.818830295441498,0.08703820731061365,6.32959705251503e-07,1.2963014763550782,1.0000000012254886
450.0,2.2217054076787313,1.0,4.576153926647904,0.05844063292935947,10.941396639640223,0.8487053065357194,0.8494929033515893,7.637660590882996,0.08703820731061365,6.32959705251503e-07,1.2963014763550782,1.000000000218649
450.0,2.2217054076787313,1.5,7.253705526266903,0.2584999295176095,16.892349981545586,5.756713136117804,0.8494929033515893,11.456490886324493,0.08703820731061365,6.32959705251503e-07,1.2963014763550782,1.000000000186716
450.0,2.2217054076787313,2.0,9.998262397748135,0.39786453900806207,22.722981473857015,7.16138091453863,0.8494929033515893,15.275321181765992,0.08703820731061365,6.32959705251503e-07,1.2963014763550782,0.9999999997636462
450.0,2.2217054076787313,2.5,12.78867707056032,0.5047656297205604,28.128911046270442,0.8498306814228631,0.8494929033515893,19.094151477207493,0.08703820731061365,6.32959705251503e-07,1.2963014763550782,0.9999999998690675
450.0,2.2217054076787313,3.0,15.607219989298429,0.5912655606243351,34.14910850747732,11.334368216469441,0.8494929033515893,22.912981772648987,0.08703820731061365,6.32959705251503e-07,1.2963014763550782,0.9999999998986963
450.0,2.2217054076787313,3.5,18.438777485122692,0.663672132056373,39.7463954676274,13.42122587808356,0.8494929033515893,26.731812068090488,0.08703820731061365,6.32959705251503e-07,1.2963014763550782,1.0000000002949205
450.0,2.2217054076787313,4.0,21.279423294272764,0.7258998623933132,45.366193593540764,0.8504108862107712,0.8494929033515893,30.550642363531985,0.08703820731061365,6.32959705251503e-07,1.2963014763550782,0.9999999999330095
450.0,2.2217054076787313,4.5,24.104031400126573,0.7800296930896126,51.231756368141454,16.909610385417174,0.8494929033515893,34.36947265897348,0.08703820731061365,6.32959705251503e-07,1.2963014763550782,0.9999999998482118
450.0,2.2217054076787313,5.0,26.901461178574465,0.8277158784349546,56.86781122791338,19.00271546202203,0.8494929033515893,38.188302954414986,0.08703820731061365,6.32959705251503e-07,1.2963014763550782,0.9999999996472608
450.0,2.2217054076787313,5.5,29.65922769787673,0.8700998468371818,62.51070969562664,0.8508390364280897,0.8494929033515893,42.00713324985648,0.08703820731061365,6.32959705251503e-07,1.2963014763550782,0.9999999998252628
450.0,2.2217054076787313,6.0,32.352343957120254,0.9078457598519007,68.35741716908396,22.495390440419488,0.8494929033515893,45.825963545297974,0.08703820731061365,6.32959705251503e-07,1.2963014763550782,0.9999999999838252
450.0,2.455640192120709,0.0,0.5585193705053517,-0.8550217514632575,1.8026136490655362,0.7803624889514653,0.7685665771462333,0.0,0.07874657552727801,5.726612573422462e-07,1.1728102550369202,1.00000000028744
450.0,2.455640192120709,0.5,2.389894492645622,-0.2236812628790857,7.399213974853075,2.0581533655428212,0.7685665771462333,4.220934570336338,0.07874657552727801,5.726612573422462e-07,1.1728102550369202,0.99999999975682
450.0,2.455640192120709,1.0,5.22116149518332,0.11570713520630554,15.110647743605803,3.955069825260645,0.7685665771462333,8.441869140672676,0.07874657552727801,5.726612573422462e-07,1.1728102550369202,0.9999999994551912
450.0,2.455640192120709,1.5,8.18796382929327,0.3111159241508989,22.773886741661393,0.7699216031423111,0.7685665771462333,12.662803711009014,0.07874657552727801,5.726612573422462e-07,1.1728102550369202,0.9999999997818515
450.0,2.455640192120709,2.0,11.302511653392086,0.45111497215552226,30.446001629806986,0.7672230232242531,0.7685665771462333,16.88373828134535,0.07874657552727801,5.726612573422462e-07,1.1728102550369202,0.9999999994927523
450.0,2.455640192120709,2.5,14.395357930283948,0.5561624764422112,38.44062576178421,10.25768149180226,0.7685665771462333,21.10467285168169,0.07874657552727801,5.726612573422462e-07,1.1728102550369202,0.999999999985345
450.0,2.455640192120709,3.0,17.55331572934578,0.6422991731744666,46.014690789653166,12.152197224519647,0.7685665771462333,25.325607422018027,0.07874657552727801,5.726612573422462e-07,1.1728102550369202,0.9999999996814704
450.0,2.455640192120709,3.5,20.66799130376317,0.7132382788125253,53.64946381963753,14.669516221581652,0.7685665771462333,29.546541992354367,0.07874657552727801,5.726612573422462e-07,1.1728102550369202,0.9999999998306057
450.0,2.455640192120709,4.0,23.786239455753922,0.7742657952780588,61.53163068758379,16.55889242724685,0.7685665771462333,33.7674765626907,0.07874657552727801,5.726612573422462e-07,1.1728102550369202,0.9999999999448492
450.0,2.455640192120709,4.5,26.82111727137164,0.8264168737120394,69.05782609563022,0.7697641963458147,0.7685665771462333,37.98841113302704,0.07874657552727801,5.726612573422462e-07,1.1728102550369202,1.0000000001331304
450.0,2.455640192120709,5.0,29.810105945666592,0.8723035281980136,76.77244485773184,0.7683691468624421,0.7685665771462333,42.20934570336338,0.07874657552727801,5.726612573422462e-07,1.1728102550369202,0.9999999999876614
450.0,2.455640192120709,5.5,32.64886662328862,0.9118081183935423,84.60635644983677,23.49599763588594,0.7685665771462333,46.43028027369972,0.07874657552727801,5.726612573422462e-07,1.1728102550369202,1.0000000000875333
450.0,2.455640192120709,6.0,35.43204426953797,0.9473362185656976,92.2119946956049,25.39112054630971,0.7685665771462333,50.651214844036055,0.07874657552727801,5.726612573422462e-07,1.1728102550369202,1.0000000000768232
450.0,2.714207172704789,0.0,0.5053124271733964,-0.8985000123328227,1.9924201076395844,0.7060218216072763,0.6953496387971585,0.0,0.07124484004069247,5.181070974028226e-07,1.0610833354809805,1.00000000028744
450.0,2.714207172704789,0.5,2.683191921757732,-0.1734082535873151,10.222708205789134,2.429859503359354,0.6953496387971585,4.6653784716036055,0.07124484004069247,5.181070974028226e-07,1.0610833354809805,1.00000000042662
450.0,2.714207172704789,1.0,5.90735064419817,0.1693327588290802,20.509349965996805,4.711832799814225,0.6953496387971585,9.330756943207211,0.07124484004069247,5.181070974028226e-07,1.0610833354809805,1.0000000002458571
450.0,2.714207172704789,1.5,9.272562332762048,0.3651397701316889,30.94131066515363,6.994566836506553,0.6953496387971585,13.996135414810816,0.07124484004069247,5.181070974028226e-07,1.0610833354809805,0.9999999999036161
450.0,2.714207172704789,2.0,12.708071210331884,0.5020196484254748,41.49200011700314,9.277062902376116,0.6953496387971585,18.661513886414422,0.07124484004069247,5.181070974028226e-07,1.0610833354809805,0.9999999999637724
450.0,2.714207172704789,2.5,16.170476307713393,0.6066628210809153,51.90569114649644,11.558503496703155,0.6953496387971585,23.326892358018025,0.07124484004069247,5.181070974028226e-07,1.0610833354809805,1.0000000000332725
450.0,2.714207172704789,3.0,19.623610110113994,0.6907189152162617,62.25922626385137,13.840246149722985,0.6953496387971585,27.99227082962163,0.07124484004069247,5.181070974028226e-07,1.0610833354809805,1.000000000124829
450.0,2.714207172704789,3.5,23.02942141975942,0.7602230357651336,72.68375864498539,16.1280065712709,0.6953496387971585,32.657649301225234,0.07124484004069247,5.181070974028226e-07,1.0610833354809805,0.9999999998662188
450.0,2.714207172704789,4.0,26.349859406372534,0.8187183109834306,83.11412059120127,18.411553254006602,0.6953496387971585,37.323027772828844,0.07124484004069247,5.181070974028226e-07,1.0610833354809805,1.000000000054924
450.0,2.714207172704789,4.5,29.526579106539774,0.8681531420166154,93.47445612249957,21.257540226970768,0.6953496387971585,41.98840624443245,0.07124484004069247,5.181070974028226e-07,1.0610833354809805,1.0000000000094602
450.0,2.714207172704789,5.0,32.59222536477781,0.911054023345463,103.82758333164037,23.57225841157876,0.6953496387971585,46.65378471603605,0.07124484004069247,5.181070974028226e-07,1.0610833354809805,0.999999999983377
450.0,2.714207172704789,5.5,35.699756752643246,0.9506052656429234,114.22599192523852,25.8471732729297,0.6953496387971585,51.31916318763966,0.07124484004069247,5.181070974028226e-07,1.0610833354809805,1.0000000000499034
450.0,2.714207172704789,6.0,38.91294214377689,0.9880340770111566,124.6110237194113,28.151388280221806,0.6953496387971585,55.98454165924326,0.07124484004069247,5.181070974028226e-07,1.0610833354809805,0.9999999999106243
450.0,3.0000000000000004,0.0,0.457174204763633,-0.9419782732023879,2.202212264055818,0.6387631640975234,0.6291076590536439,0.0,0.06445775195221762,4.6874999999999996e-07,0.9599999999999999,1.00000000028744
450.0,3.0000000000000004,0.5,3.089230208439014,-0.11220971833583994,13.976190419213829,2.714084404654822,0.6291076590536439,5.156620156177411,0.06445775195221762,4.6874999999999996e-07,0.9599999999999999,1.0000000003605771
450.0,3.0000000000000004,1.0,6.6626335523644515,0.2215859362186524,27.6530462118782,0.6300864031295279,0.6291076590536439,10.313240312354822,0.06445775195221762,4.6874999999999996e-07,0.9599999999999999,1.000000000126608
450.0,3.0000000000000004,1.5,10.456622427915832,0.4173314352877343,42.02200374906434,7.367427060053075,0.6291076590536439,15.469860468532232,0.06445775195221762,4.6874999999999996e-07,0.9599999999999999,1.0000000000277725
450.0,3.0000000000000004,2.0,14.293973266472332,0.5530929741918797,55.889777120875735,9.945912080013882,0.6291076590536439,20.626480624709643,0.06445775195221762,4.6874999999999996e-07,0.9599999999999999,1.0000000000070646
450.0,3.0000000000000004,2.5,18.105212604805768,0.6557436376622316,70.03754493578194,12.525690795654095,0.6291076590536439,25.78310078088705,0.06445775195221762,4.6874999999999996e-07,0.9599999999999999,0.9999999999505692
450.0,3.0000000000000004,3.0,21.840088490926256,0.7371944023678835,83.8948649216234,0.629910636001841,0.6291076590536439,30.939720937064465,0.06445775195221762,4.6874999999999996e-07,0.9599999999999999,1.0000000000935394
450.0,3.0000000000000004,3.5,25.455871667470383,0.803727981539835,98.10478523607958,18.202758225871182,0.6291076590536439,36.09634109324187,0.06445775195221762,4.6874999999999996e-07,0.9599999999999999,1.0000000000919431
450.0,3.0000000000000004,4.0,28.858018839615553,0.8582065212730202,112.04693409942253,20.782564024048174,0.6291076590536439,41.252961249419286,0.06445775195221762,4.6874999999999996e-07,0.9599999999999999,0.9999999998934117
450.0,3.0000000000000004,4.5,32.28542710103869,0.9069465446949061,126.20152834340232,23.383934682474052,0.6291076590536439,46.40958140559669,0.06445775195221762,4.6874999999999996e-07,0.9599999999999999,0.9999999999196532
450.0,3.0000000000000004,5.0,35.83912426072692,0.9522973976816406,140.1227392978374,0.6301811166485626,0.6291076590536439,51.5662015617741,0.06445775195221762,4.6874999999999996e-07,0.9599999999999999,0.9999999999773516
450.0,3.0000000000000004,5.5,39.530774527026935,0.9948753322363233,154.28072824668442,28.559820659748592,0.6291076590536439,56.72282171795151,0.06445775195221762,4.6874999999999996e-07,0.9599999999999999,0.9999999999359901
450.0,3.0000000000000004,6.0,43.29245625957245,1.034352235504283,168.2307640179938,31.159151964647904,0.6291076590536439,61.87944187412893,0.06445775195221762,4.6874999999999996e-07,0.9599999999999999,0.9999999999847342
